desc: I1 cache:         131072 B, 64 B, 8-way associative
desc: D1 cache:         65536 B, 64 B, 8-way associative
desc: LL cache:         8388608 B, 64 B, 16-way associative
cmd: python3 test_rrt_star_2d.py
events: Ir I1mr ILmr Dr D1mr DLmr Dw D1mw DLmw 
fl=./csu/../csu/libc-start.c
fn=__libc_start_main@@GLIBC_2.34
128 3 1 1 2 0 0 0 0 0
134 2 0 0 1 0 0 0 0 0
135 7 1 1 2 1 0 0 0 0
138 1 0 0 1 0 0 0 0 0
139 1 0 0 0 0 0 0 0 0
142 3 0 0 2 0 0 0 0 0
143 3 0 0 2 0 0 0 0 0
144 9 0 0 0 0 0 0 0 0
145 5 1 1 1 0 0 0 0 0
242 11 1 1 0 0 0 11 0 0
311 2 0 0 0 0 0 0 0 0
312 3 0 0 0 0 0 0 0 0
337 5 1 1 2 0 0 0 0 0
340 1 0 0 0 0 0 0 0 0
343 3 0 0 2 0 0 0 0 0
350 2 0 0 1 0 0 0 0 0
352 1 0 0 0 0 0 0 0 0
360 4 0 0 0 0 0 0 0 0
fl=./csu/../sysdeps/aarch64/crti.S
fn=call_weak_fn
63 1 1 1 0 0 0 0 0 0
64 1 0 0 1 1 0 0 0 0
65 1 0 0 0 0 0 0 0 0
68 1 0 0 0 0 0 0 0 0
fl=./csu/../sysdeps/nptl/libc_start_call_main.h
fn=(below main)
29 11 1 1 2 0 0 6 0 0
44 2 1 1 0 0 0 0 0 0
46 1 0 0 0 0 0 0 0 0
48 1 0 0 0 0 0 0 0 0
51 3 0 0 1 1 0 1 0 0
52 1 0 0 0 0 0 0 0 0
55 3 0 0 0 0 0 1 0 0
58 7 1 1 5 0 0 0 0 0
74 1 1 0 0 0 0 0 0 0
fl=./csu/./csu/errno-loc.c
fn=__errno_location
25 1938 26 1 0 0 0 1938 0 0
26 2907 0 0 969 15 0 0 0 0
27 2907 0 0 1938 0 0 0 0 0
fl=./csu/./csu/init-first.c
fn=_init_first
46 5 1 1 0 0 0 4 0 0
51 3 0 0 1 0 0 0 0 0
55 8 1 1 4 2 0 0 0 0
61 3 0 0 0 0 0 1 0 0
62 1 0 0 0 0 0 1 0 0
63 3 0 0 1 0 0 1 1 0
71 3 0 0 0 0 0 0 0 0
72 2 0 0 4 0 0 0 0 0
fl=./ctype/../include/ctype.h
fn=__ctype_b_loc
40 262 3 1 0 0 0 262 25 14
41 393 0 0 131 0 0 0 0 0
42 393 0 0 262 0 0 0 0 0
fn=__ctype_tolower_loc
52 210 3 0 0 0 0 210 0 0
53 315 0 0 105 0 0 0 0 0
54 315 0 0 210 0 0 0 0 0
fl=./ctype/./ctype/ctype-info.c
fn=__ctype_init
29 2 0 0 0 0 0 2 0 0
31 9 2 2 4 2 0 1 0 0
33 5 1 1 3 2 0 1 0 0
35 5 0 0 2 1 0 1 0 0
36 2 0 0 2 0 0 0 0 0
fl=./debug/./debug/memcpy_chk.c
fn=__memcpy_chk
26 60 2 1 0 0 0 0 0 0
29 30 0 0 0 0 0 0 0 0
fl=./debug/./debug/memset_chk.c
fn=__memset_chk
24 2 1 1 0 0 0 0 0 0
27 1 0 0 0 0 0 0 0 0
fl=./debug/./debug/realpath_chk.c
fn=__realpath_chk
29 2 1 1 0 0 0 0 0 0
32 1 0 0 0 0 0 0 0 0
fl=./debug/./debug/sprintf_chk.c
fn=__sprintf_chk
25 20 2 2 2 0 0 15 0 0
28 1 0 0 0 0 0 0 0 0
36 1 0 0 0 0 0 0 0 0
39 8 0 0 0 0 0 5 0 0
40 8 1 1 2 0 0 2 0 0
44 10 0 0 5 0 0 0 0 0
fl=./debug/./debug/vsnprintf_chk.c
fn=__vsnprintf_chk
26 4 1 1 0 0 0 4 0 0
27 4 0 0 0 0 0 0 0 0
32 6 0 0 0 0 0 0 0 0
34 12 1 1 4 0 0 4 0 0
35 4 0 0 4 0 0 0 0 0
fl=./dirent/../sysdeps/unix/sysv/linux/closedir.c
fn=closedir
31 24 0 0 0 0 0 24 0 0
34 8 5 1 0 0 0 0 0 0
44 8 0 0 8 0 0 0 0 0
50 8 0 0 0 0 0 0 0 0
52 16 0 0 0 0 0 0 0 0
53 16 0 0 24 0 0 0 0 0
fl=./dirent/../sysdeps/unix/sysv/linux/getdents64.c
fn=__getdents
27 32 5 1 0 0 0 32 0 0
30 32 0 0 0 0 0 0 0 0
32 96 0 0 0 0 0 0 0 0
33 32 0 0 32 0 0 0 0 0
fl=./dirent/../sysdeps/unix/sysv/linux/opendir.c
fn=opendir
33 16 5 1 8 0 0 0 0 0
82 16 0 0 0 0 0 16 0 0
86 32 5 1 0 0 0 0 0 0
87 8 0 0 16 0 0 0 0 0
fn=opendir_tail
45 64 5 1 16 0 0 24 0 0
46 8 6 1 0 0 0 0 0 0
53 40 0 0 0 0 0 16 0 0
55 32 0 0 8 0 0 0 0 0
64 80 0 0 40 0 0 0 0 0
112 64 5 1 8 0 0 0 0 0
115 16 5 1 0 0 0 0 0 0
116 8 0 0 0 0 0 0 0 0
125 8 0 0 0 0 0 16 1 1
128 8 0 0 0 0 0 16 1 1
130 8 0 0 0 0 0 16 2 1
131 16 0 0 16 0 0 8 0 0
fl=./dirent/../sysdeps/unix/sysv/linux/readdir64.c
fn=readdir
32 3480 6 1 0 0 0 4640 0 0
34 2320 0 0 1160 0 0 0 0 0
37 3480 5 1 0 0 0 0 0 0
40 1740 0 0 1160 0 0 0 0 0
47 80 7 1 32 0 0 0 0 0
48 32 0 0 0 0 0 0 0 0
54 8 0 0 0 0 0 0 0 0
55 8 0 0 0 0 0 8 0 0
57 40 7 1 0 0 0 0 0 0
59 16 0 0 0 0 0 0 0 0
61 16 0 0 0 0 0 8 0 0
64 8 0 0 0 0 0 0 0 0
67 1128 0 0 0 0 0 0 0 0
68 1144 0 0 572 57 48 0 0 0
69 1144 7 1 572 85 71 1144 0 0
72 2860 0 0 0 0 0 0 0 0
76 3480 0 0 4640 0 0 0 0 0
fl=./elf/../include/list.h
fn=__tls_init_tp
43 4 0 0 1 0 0 0 0 0
44 3 0 0 0 0 0 2 0 0
45 1 0 0 0 0 0 1 0 0
46 1 0 0 0 0 0 0 0 0
47 1 0 0 0 0 0 1 0 0
fl=./elf/../include/rtld-malloc.h
fn=__minimal_calloc
56 56 1 1 14 0 0 0 0 0
fn=_dl_allocate_tls_storage
56 4 0 0 1 0 0 0 0 0
fn=_dl_check_map_versions
44 42 1 1 6 0 0 6 0 0
fn=_dl_find_object_init
56 5 0 0 1 0 0 0 0 0
fn=_dl_important_hwcaps
56 8 2 2 2 0 0 0 0 0
fn=_dl_init_paths
56 10 1 1 3 0 0 0 0 0
fn=_dl_map_object_deps
56 30 0 0 6 0 0 0 0 0
fn=_dl_new_object
44 30 1 1 6 0 0 0 0 0
56 25 0 0 5 0 0 0 0 0
fn=allocate_dtv
44 5 1 1 1 0 0 0 0 0
fn=fillin_rpath.isra.0
50 4 1 1 1 0 0 0 0 0
51 1 0 0 0 0 0 0 0 0
56 5 0 0 1 0 0 0 0 0
fn=init_tls
44 5 0 0 1 0 0 0 0 0
fl=./elf/../include/scratch_buffer.h
fn=_dl_map_object_deps
77 3 1 1 0 0 0 2 1 1
78 2 0 0 0 0 0 1 0 0
85 4 1 1 2 0 0 0 0 0
131 20 0 0 0 0 0 0 0 0
fl=./elf/../misc/sbrk.c
fn=sbrk
37 5 1 1 0 0 0 5 0 0
40 2 0 0 1 0 0 0 0 0
58 1 0 0 0 0 0 0 0 0
62 2 0 0 0 0 0 0 0 0
78 5 1 1 5 0 0 0 0 0
fl=./elf/../nptl/nptl-stack.h
fn=__libc_early_init
61 4 1 1 2 1 0 0 0 0
fl=./elf/../sysdeps/aarch64/dl-bti.c
fn=_dl_bti_check
81 3 1 1 1 0 0 0 0 0
94 1 1 1 0 0 0 0 0 0
fl=./elf/../sysdeps/aarch64/dl-irel.h
fn=_dl_fixup
37 10 0 0 0 0 0 5 0 0
38 104 3 1 5 0 0 0 0 0
39 10 0 0 5 3 0 10 0 0
40 15 0 0 0 0 0 0 0 0
fn=_dl_relocate_object
37 27 0 0 0 0 0 24 0 0
38 33 2 2 11 0 0 15 1 0
39 4 0 0 2 1 0 2 0 0
40 6 0 0 0 0 0 0 0 0
fl=./elf/../sysdeps/aarch64/dl-machine.h
fn=_dl_fixup
147 94 0 0 0 0 0 94 0 0
fn=_dl_relocate_object
67 35 0 0 7 0 0 0 0 0
72 12 1 1 8 4 0 0 0 0
73 8 0 0 4 4 4 0 0 0
77 4 1 1 0 0 0 4 0 0
87 4 0 0 0 0 0 0 0 0
103 34 1 1 8 1 0 4 0 0
175 153 0 0 0 0 0 0 0 0
177 306 0 0 0 0 0 0 0 0
179 153 0 0 0 0 0 0 0 0
188 1119 1 1 408 0 0 0 0 0
191 122 0 0 122 0 0 0 0 0
193 816 2 2 136 0 0 0 0 0
196 1149 3 3 0 0 0 0 0 0
208 396 2 2 132 15 15 132 9 9
211 19 0 0 19 0 0 0 0 0
214 20 0 0 10 0 0 0 0 0
215 30 1 1 10 0 0 0 0 0
224 20 0 0 0 0 0 0 0 0
226 10 0 0 5 0 0 0 0 0
227 5 0 0 0 0 0 0 0 0
254 42 0 0 0 0 0 14 0 0
273 14 0 0 0 0 0 0 0 0
275 56 0 0 14 0 0 0 0 0
276 14 0 0 0 0 0 14 3 3
277 56 0 0 28 3 3 0 0 0
282 6 1 1 4 1 1 0 0 0
283 6 1 1 2 0 0 0 0 0
285 2 0 0 0 0 0 2 0 0
303 5564 1 1 2782 526 523 1391 253 245
313 556 0 0 0 0 0 0 0 0
314 556 1 1 1112 208 208 0 0 0
316 1112 0 0 0 0 0 0 0 0
318 1112 0 0 556 2 0 0 0 0
341 1112 0 0 556 1 0 0 0 0
342 1668 0 0 556 69 69 556 0 0
fn=_dl_start
48 2 0 0 0 0 0 0 0 0
177 8 0 0 0 0 0 0 0 0
179 4 0 0 0 0 0 0 0 0
188 33 1 1 12 4 4 0 0 0
192 20 0 0 4 0 0 0 0 0
196 12 0 0 0 0 0 0 0 0
200 12 0 0 4 0 0 4 0 0
303 92 0 0 46 10 10 23 8 8
fn=_dl_sysdep_start
128 6 0 0 2 1 1 0 0 0
fl=./elf/../sysdeps/aarch64/dl-prop.h
fn=dl_main
30 4 0 0 1 0 0 1 0 0
fl=./elf/../sysdeps/aarch64/dl-start.S
fn=(below main)
22 1 1 1 0 0 0 0 0 0
25 1 0 0 0 0 0 0 0 0
26 1 0 0 0 0 0 0 0 0
28 1 0 0 0 0 0 0 0 0
30 1 0 0 0 0 0 0 0 0
32 1 0 0 0 0 0 0 0 0
37 1 0 0 1 1 0 0 0 0
39 1 0 0 0 0 0 0 0 0
41 1 0 0 0 0 0 0 0 0
42 1 0 0 0 0 0 0 0 0
43 1 0 0 0 0 0 0 0 0
44 1 0 0 0 0 0 0 0 0
45 1 0 0 1 0 0 0 0 0
46 1 0 0 0 0 0 0 0 0
48 1 0 0 0 0 0 0 0 0
49 1 0 0 0 0 0 0 0 0
51 1 1 1 0 0 0 0 0 0
52 1 0 0 0 0 0 0 0 0
fl=./elf/../sysdeps/aarch64/dl-trampoline.S
fn=_dl_runtime_resolve
38 94 13 1 0 0 0 0 0 0
50 94 0 0 0 0 0 188 4 2
55 94 0 0 0 0 0 188 1 0
59 94 0 0 0 0 0 188 3 2
63 94 0 0 0 0 0 188 0 0
67 94 0 0 0 0 0 188 1 0
71 94 0 0 0 0 0 188 2 1
75 94 0 0 0 0 0 188 1 0
79 94 0 0 0 0 0 188 1 0
83 94 0 0 0 0 0 188 0 0
88 94 0 0 94 0 0 0 0 0
91 94 0 0 94 0 0 0 0 0
93 94 0 0 0 0 0 0 0 0
94 94 4 1 0 0 0 0 0 0
95 94 0 0 0 0 0 0 0 0
96 94 0 0 0 0 0 0 0 0
97 94 0 0 0 0 0 0 0 0
100 94 0 0 0 0 0 0 0 0
103 94 0 0 0 0 0 0 0 0
106 94 0 0 188 0 0 0 0 0
107 94 0 0 188 0 0 0 0 0
108 94 0 0 188 0 0 0 0 0
109 94 0 0 188 0 0 0 0 0
110 94 0 0 188 0 0 0 0 0
111 94 0 0 188 0 0 0 0 0
112 94 0 0 188 0 0 0 0 0
113 94 0 0 188 0 0 0 0 0
114 94 0 0 188 0 0 0 0 0
117 94 0 0 188 0 0 0 0 0
121 94 9 1 0 0 0 0 0 0
fl=./elf/../sysdeps/generic/_itoa.h
fn=_dl_check_map_versions
76 35 1 1 0 0 0 5 0 0
fl=./elf/../sysdeps/generic/dl-cache.h
fn=_dl_load_cache_lookup
194 1 0 0 1 0 0 0 0 0
195 4 0 0 0 0 0 0 0 0
fn=search_cache
125 4 0 0 4 0 0 0 0 0
fl=./elf/../sysdeps/generic/dl-call_tls_init_tp.h
fn=dl_main
34 2 1 1 1 0 0 0 0 0
fn=init_tls
31 1 0 0 0 0 0 0 0 0
33 1 0 0 0 0 0 0 0 0
fl=./elf/../sysdeps/generic/dl-debug.h
fn=dl_main
29 3 0 0 2 0 0 0 0 0
30 1 0 0 0 0 0 1 0 0
fl=./elf/../sysdeps/generic/dl-hash.h
fn=__rtld_malloc_init_real
43 2 0 0 0 0 0 0 0 0
44 2 0 0 0 0 0 0 0 0
45 11 0 0 5 2 2 0 0 0
48 10 0 0 0 0 0 0 0 0
62 10 0 0 0 0 0 0 0 0
67 1 1 1 0 0 0 0 0 0
72 1 0 0 0 0 0 1 0 0
fl=./elf/../sysdeps/generic/dl-new-hash.h
fn=_dl_lookup_symbol_x
69 230 0 0 0 0 0 0 0 0
70 230 0 0 0 0 0 0 0 0
74 2964 0 0 1597 192 151 0 0 0
77 1597 0 0 0 0 0 0 0 0
80 2956 0 0 1478 22 17 0 0 0
81 1478 0 0 0 0 0 0 0 0
87 111 11 1 0 0 0 0 0 0
89 111 0 0 0 0 0 0 0 0
90 111 0 0 0 0 0 0 0 0
101 460 0 0 0 0 0 0 0 0
102 1367 0 0 0 0 0 0 0 0
104 1367 0 0 0 0 0 0 0 0
fl=./elf/../sysdeps/generic/dl-protected.h
fn=do_lookup_x
29 639 9 1 0 0 0 0 0 0
fl=./elf/../sysdeps/generic/dl-tunables-parse.h
fn=_dl_sysdep_start
31 20 0 0 1 0 0 1 0 0
fl=./elf/../sysdeps/generic/ldsodefs.h
fn=_dl_check_map_versions
79 74 1 1 39 0 0 56 0 0
fn=_dl_fixup
79 94 0 0 94 20 0 0 0 0
fn=_dl_map_object
79 23 0 0 23 0 0 0 0 0
fn=_dl_map_object_deps
79 5 0 0 5 0 0 0 0 0
fn=_dl_map_object_from_fd
79 9 1 1 9 0 0 0 0 0
fn=_dl_new_object
1322 1 0 0 0 0 0 0 0 0
1324 32 0 0 0 0 0 0 0 0
fn=_dl_relocate_object
79 183 0 0 155 0 0 0 0 0
140 417 1 1 139 0 0 0 0 0
fn=_dl_setup_hash
79 7 0 0 7 0 0 0 0 0
fn=_dl_start
79 9 0 0 3 0 0 0 0 0
fn=check_match
79 3 0 0 3 0 0 0 0 0
fn=dl_main
79 2 0 0 2 0 0 0 0 0
fn=do_lookup_x
79 1314 0 0 1314 0 0 0 0 0
139 426 7 1 213 0 0 0 0 0
140 213 0 0 0 0 0 0 0 0
fl=./elf/../sysdeps/nptl/dl-mutex.c
fn=__rtld_mutex_init
30 4 1 1 0 0 0 6 0 0
37 2 0 0 1 0 0 0 0 0
40 10 0 0 0 0 0 0 0 0
44 1 0 0 0 0 0 0 0 0
45 13 1 1 3 0 0 1 0 0
47 9 1 1 0 0 0 0 0 0
51 1 0 0 0 0 0 0 0 0
52 11 0 0 3 0 0 1 0 0
53 4 1 1 6 0 0 0 0 0
fl=./elf/../sysdeps/nptl/dl-tls_init_tp.c
fn=__tls_init_tp
68 3 1 1 0 0 0 4 0 0
69 1 0 0 0 0 0 0 0 0
72 2 0 0 0 0 0 0 0 0
75 5 1 1 0 0 0 1 0 0
76 2 1 1 0 0 0 1 0 0
77 2 0 0 0 0 0 1 0 0
82 3 0 0 1 0 0 1 0 0
87 1 0 0 0 0 0 0 0 0
89 1 0 0 0 0 0 2 0 0
90 2 0 0 0 0 0 1 0 0
93 4 0 0 0 0 0 0 0 0
105 5 0 0 1 0 0 0 0 0
121 4 0 0 1 0 0 1 0 0
128 3 0 0 1 0 0 1 0 0
129 3 0 0 4 0 0 0 0 0
fn=__tls_pre_init_tp
53 2 1 1 0 0 0 2 0 0
56 4 0 0 0 0 0 0 0 0
57 5 0 0 0 0 0 4 1 1
58 4 0 0 0 0 0 2 0 0
61 4 1 1 0 0 0 1 0 0
62 2 0 0 0 0 0 1 0 0
64 2 0 0 2 0 0 0 0 0
fn=rtld_mutex_dummy
42 28 0 0 0 0 0 28 0 0
44 42 0 0 28 0 0 0 0 0
fl=./elf/../sysdeps/nptl/pthread_early_init.h
fn=__libc_early_init
33 5 0 0 0 0 0 0 0 0
34 3 1 1 1 0 0 0 0 0
38 3 0 0 0 0 0 0 0 0
45 3 0 0 2 0 0 0 0 0
46 2 0 0 0 0 0 0 0 0
48 2 0 0 0 0 0 0 0 0
52 5 0 0 0 0 0 1 0 0
53 3 0 0 0 0 0 1 1 1
54 1 0 0 0 0 0 1 1 1
56 1 0 0 0 0 0 0 0 0
fl=./elf/../sysdeps/posix/dl-fileid.h
fn=_dl_map_object_from_fd
37 30 1 1 5 0 0 5 0 0
41 10 0 0 10 0 0 10 0 0
49 90 0 0 30 1 1 0 0 0
fl=./elf/../sysdeps/unix/sysv/linux/aarch64/cpu-features.c
fn=_dl_sysdep_start
58 34 1 1 1 0 0 0 0 0
59 8 0 0 8 0 0 0 0 0
71 6 1 1 1 0 0 0 0 0
74 1 0 0 0 0 0 0 0 0
79 3 1 1 0 0 0 0 0 0
81 4 0 0 1 0 0 0 0 0
87 2 0 0 0 0 0 1 0 0
91 1 0 0 0 0 0 0 0 0
93 1 0 0 0 0 0 0 0 0
97 4 1 1 1 0 0 1 0 0
101 1 0 0 0 0 0 1 0 0
104 5 0 0 1 0 0 0 0 0
105 4 0 0 1 0 0 1 0 0
108 6 1 1 0 0 0 2 0 0
110 2 0 0 1 0 0 0 0 0
112 1 0 0 0 0 0 0 0 0
116 1 0 0 0 0 0 0 0 0
117 1 0 0 0 0 0 0 0 0
120 1 0 0 0 0 0 0 0 0
127 4 1 1 1 0 0 1 0 0
130 3 0 0 1 0 0 1 0 0
fl=./elf/../sysdeps/unix/sysv/linux/brk.c
fn=brk
36 3 1 1 0 0 0 2 0 0
37 2 0 0 0 0 0 1 0 0
38 2 0 0 0 0 0 0 0 0
44 1 0 0 0 0 0 0 0 0
45 2 0 0 2 0 0 0 0 0
fl=./elf/../sysdeps/unix/sysv/linux/brk_call.h
fn=brk
24 2 1 1 0 0 0 0 0 0
fl=./elf/../sysdeps/unix/sysv/linux/dl-osinfo.h
fn=dl_main
39 1 0 0 0 0 0 0 0 0
fl=./elf/../sysdeps/unix/sysv/linux/dl-parse_auxv.h
fn=_dl_sysdep_parse_arguments
32 3 1 1 0 0 0 1 0 0
33 2 0 0 0 0 0 1 0 0
39 2 0 0 0 0 0 1 0 0
41 43 0 0 21 0 0 0 0 0
42 40 0 0 0 0 0 0 0 0
43 40 0 0 20 5 5 20 0 0
45 2 0 0 1 0 0 0 0 0
46 4 0 0 1 0 0 1 0 0
47 1 0 0 0 0 0 1 0 0
48 2 0 0 2 0 0 1 0 0
49 2 0 0 2 0 0 1 0 0
50 1 0 0 0 0 0 1 0 0
51 2 0 0 2 0 0 1 0 0
52 2 0 0 1 0 0 1 1 1
53 2 0 0 1 0 0 1 0 0
54 1 0 0 0 0 0 1 0 0
55 2 0 0 1 0 0 2 0 0
56 2 2 2 1 0 0 1 0 0
fl=./elf/../sysdeps/unix/sysv/linux/dl-sysdep.c
fn=_dl_sysdep_parse_arguments
78 5 1 1 0 0 0 6 1 1
79 3 1 1 1 0 0 1 1 1
80 2 0 0 0 0 0 1 0 0
81 5 0 0 0 0 0 1 1 1
83 31 0 0 15 2 2 0 0 0
86 4 0 0 0 0 0 1 1 1
90 6 1 1 0 0 0 0 0 0
93 2 0 0 1 0 0 1 0 0
94 2 0 0 1 0 0 1 0 0
95 2 0 0 1 0 0 1 0 0
96 4 0 0 6 0 0 0 0 0
fn=_dl_sysdep_start
102 7 2 2 0 0 0 10 2 2
103 3 0 0 0 0 0 1 0 0
106 2 0 0 0 0 0 0 0 0
110 3 0 0 1 0 0 0 0 0
113 1 0 0 0 0 0 0 0 0
115 2 0 0 0 0 0 0 0 0
122 2 0 0 1 0 0 0 0 0
123 2 0 0 0 0 0 1 0 0
125 6 1 1 0 0 0 0 0 0
137 2 0 0 1 0 0 0 0 0
140 6 0 0 3 0 0 0 0 0
143 7 1 1 11 3 0 0 0 0
fn=_dl_sysdep_start_cleanup
147 2 1 1 0 0 0 2 0 0
148 2 0 0 2 0 0 0 0 0
fl=./elf/../sysdeps/unix/sysv/linux/dl-vdso-setup.h
fn=dl_main
30 5 1 1 0 0 0 2 0 0
33 2 0 0 0 0 0 1 0 0
45 3 1 1 0 0 0 2 0 0
fl=./elf/../sysdeps/unix/sysv/linux/dl-vdso.h
fn=dl_main
40 2 1 1 1 0 0 0 0 0
41 1 0 0 0 0 0 0 0 0
55 2 0 0 0 0 0 0 0 0
fl=./elf/../sysdeps/unix/sysv/linux/rseq-internal.h
fn=__tls_init_tp
32 1 0 0 0 0 0 0 0 0
34 7 1 1 0 0 0 0 0 0
37 2 0 0 0 0 0 0 0 0
40 2 0 0 0 0 0 1 0 0
fl=./elf/./dl-find_object.h
fn=_dl_find_object_from_map
94 16 1 1 0 0 0 16 0 0
95 16 0 0 8 1 0 8 3 3
96 24 0 0 8 0 0 8 0 0
97 16 0 0 0 0 0 8 0 0
103 32 0 0 16 6 0 0 0 0
104 139 0 0 0 0 0 0 0 0
105 171 1 1 49 34 4 0 0 0
107 40 0 0 16 1 0 8 0 0
120 16 0 0 16 0 0 0 0 0
fl=./elf/./dl-hwcaps.h
fn=_dl_important_hwcaps
43 5 0 0 1 0 0 0 0 0
45 4 1 1 0 0 0 8 0 0
46 1 0 0 0 0 0 0 0 0
77 6 0 0 2 0 0 3 0 0
78 5 1 1 2 0 0 3 0 0
79 3 0 0 0 0 0 0 0 0
fn=copy_hwcaps
45 2 0 0 0 0 0 4 0 0
77 2 0 0 0 0 0 2 0 0
78 2 0 0 0 0 0 2 0 0
79 2 0 0 0 0 0 0 0 0
fl=./elf/./dl-load.h
fn=_dl_map_object_from_fd
91 20 0 0 10 0 0 0 0 0
92 16 1 1 8 0 0 0 0 0
93 20 0 0 8 0 0 0 0 0
94 12 0 0 4 0 0 0 0 0
96 16 1 1 0 0 0 4 0 0
fl=./elf/./dl-main.h
fn=dl_main
109 5 0 0 4 0 0 0 0 0
fl=./elf/./dl-map-segments.h
fn=_dl_map_object_from_fd
28 15 0 0 5 0 0 0 0 0
36 25 1 1 0 0 0 10 0 0
37 55 1 1 0 0 0 20 0 0
41 10 0 0 0 0 0 0 0 0
44 25 1 1 5 0 0 5 0 0
45 40 0 0 10 0 0 0 0 0
49 35 1 1 25 0 0 0 0 0
55 10 0 0 0 0 0 0 0 0
56 65 2 2 35 0 0 35 0 0
58 30 0 0 5 0 0 0 0 0
59 10 0 0 5 0 0 0 0 0
60 10 0 0 0 0 0 0 0 0
61 25 0 0 30 0 0 0 0 0
81 5 0 0 0 0 0 0 0 0
101 25 1 1 0 0 0 35 0 0
102 5 0 0 0 0 0 0 0 0
105 5 0 0 0 0 0 5 0 0
106 10 1 1 0 0 0 5 0 0
108 5 0 0 0 0 0 0 0 0
115 50 1 1 10 0 0 15 0 0
118 40 1 1 15 0 0 0 0 0
125 15 0 0 5 0 0 5 0 0
135 50 0 0 0 0 0 0 0 0
137 15 0 0 10 0 0 0 0 0
139 80 1 1 35 0 0 20 0 0
149 30 0 0 20 0 0 0 0 0
155 10 0 0 5 0 0 0 0 0
156 5 0 0 0 0 0 0 0 0
157 25 1 1 5 0 0 0 0 0
158 5 0 0 0 0 0 0 0 0
160 10 0 0 0 0 0 0 0 0
165 10 0 0 0 0 0 0 0 0
168 10 0 0 5 0 0 0 0 0
176 50 0 0 25 0 0 25 0 0
182 10 0 0 0 0 0 0 0 0
186 10 0 0 1 0 0 4 0 0
189 5 1 1 4 0 0 0 0 0
194 10 1 1 0 0 0 0 0 0
fl=./elf/./dl-sym-post.h
fn=lookup_malloc_symbol
41 8 0 0 0 0 0 0 0 0
53 12 0 0 4 0 0 0 0 0
fl=./elf/./dl-tunable-types.h
fn=do_tunable_update_val
81 2 0 0 0 0 0 0 0 0
fl=./elf/./elf/dl-audit.c
fn=_dl_audit_activity_map
29 5 1 1 0 0 0 6 0 0
30 3 1 1 1 0 0 0 0 0
31 2 0 0 1 0 0 0 0 0
37 4 2 2 6 0 0 0 0 0
fn=_dl_audit_activity_nsid
41 6 0 0 0 0 0 6 0 0
45 15 1 0 3 0 0 0 0 0
46 3 0 0 0 0 0 0 0 0
47 12 0 0 3 1 0 0 0 0
51 6 2 1 6 0 0 0 0 0
fn=_dl_audit_objclose
97 28 1 1 0 0 0 28 0 0
98 28 0 0 7 0 0 0 0 0
114 21 0 0 28 0 0 0 0 0
fn=_dl_audit_objopen
77 20 1 1 0 0 0 20 0 0
78 20 0 0 5 0 0 0 0 0
93 15 0 0 20 0 0 0 0 0
fn=_dl_audit_preinit
118 4 1 1 0 0 0 4 0 0
119 4 0 0 1 0 0 0 0 0
129 3 0 0 4 0 0 0 0 0
fl=./elf/./elf/dl-cache.c
fn=_dl_cache_libcmp
357 60 1 1 0 0 0 60 0 0
358 354 0 0 177 0 0 0 0 0
360 692 0 0 0 0 0 0 0 0
362 527 2 2 173 23 23 0 0 0
368 4 0 0 0 0 0 0 0 0
369 8 0 0 0 0 0 0 0 0
370 20 0 0 4 0 0 0 0 0
372 20 1 1 4 0 0 0 0 0
374 8 0 0 0 0 0 0 0 0
380 338 0 0 0 0 0 0 0 0
382 338 0 0 0 0 0 0 0 0
383 26 1 1 0 0 0 0 0 0
386 143 0 0 0 0 0 0 0 0
387 143 0 0 0 0 0 0 0 0
390 8 0 0 4 0 0 0 0 0
391 60 0 0 60 0 0 0 0 0
fn=_dl_load_cache_lookup
403 24 1 1 0 0 0 24 0 0
405 12 0 0 4 0 0 0 0 0
408 16 1 1 4 0 0 0 0 0
411 6 1 1 0 0 0 0 0 0
419 5 1 1 1 0 0 0 0 0
420 19 1 1 3 1 1 0 0 0
423 6 1 1 0 0 0 0 0 0
424 1 0 0 1 0 0 0 0 0
431 1 0 0 0 0 0 0 0 0
432 2 0 0 0 0 0 2 0 0
477 6 0 0 0 0 0 0 0 0
482 16 0 0 4 0 0 0 0 0
485 28 0 0 8 0 0 0 0 0
500 8 0 0 4 0 0 0 0 0
504 4 1 1 0 0 0 0 0 0
512 12 0 0 0 0 0 0 0 0
513 48 1 1 0 0 0 4 0 0
514 12 0 0 0 0 0 0 0 0
515 4 0 0 0 0 0 0 0 0
516 20 0 0 24 0 0 0 0 0
fn=_dl_unload_cache
525 3 1 1 0 0 0 4 0 0
526 6 0 0 1 1 0 0 0 0
528 2 0 0 1 0 0 0 0 0
529 1 0 0 0 0 0 1 0 0
533 1 1 1 0 0 0 1 0 0
535 3 0 0 4 0 0 0 0 0
fn=search_cache
203 56 1 1 0 0 0 52 0 0
208 28 1 1 4 0 0 4 0 0
210 32 1 1 0 0 0 12 0 0
211 16 0 0 4 0 0 0 0 0
213 8 0 0 0 0 0 0 0 0
220 52 0 0 0 0 0 0 0 0
222 94 1 1 0 0 0 0 0 0
223 82 0 0 26 18 18 0 0 0
227 52 0 0 0 0 0 0 0 0
231 78 0 0 0 0 0 0 0 0
232 52 0 0 0 0 0 0 0 0
240 16 1 1 0 0 0 0 0 0
242 8 0 0 4 0 0 0 0 0
245 8 0 0 0 0 0 0 0 0
247 20 0 0 0 0 0 0 0 0
249 4 0 0 0 0 0 0 0 0
259 8 0 0 0 0 0 0 0 0
269 12 1 1 4 0 0 0 0 0
270 12 0 0 4 1 1 0 0 0
277 12 0 0 4 0 0 0 0 0
295 20 0 0 0 0 0 0 0 0
298 12 1 1 4 0 0 0 0 0
309 12 1 1 0 0 0 0 0 0
330 4 0 0 0 0 0 0 0 0
346 22 0 0 0 0 0 0 0 0
347 10 0 0 0 0 0 0 0 0
349 12 0 0 0 0 0 0 0 0
353 36 2 2 48 0 0 0 0 0
fl=./elf/./elf/dl-call-libc-early-init.c
fn=_dl_call_libc_early_init
27 5 0 0 0 0 0 4 0 0
29 1 1 1 0 0 0 0 0 0
33 9 0 0 0 0 0 0 0 0
37 1 0 0 0 0 0 0 0 0
39 7 1 1 3 0 0 0 0 0
40 3 0 0 0 0 0 0 0 0
41 2 0 0 4 0 0 0 0 0
fl=./elf/./elf/dl-call_fini.c
fn=_dl_call_fini
24 28 1 1 0 0 0 28 0 0
28 21 0 0 7 0 0 0 0 0
32 21 1 1 7 0 0 7 0 0
34 7 0 0 7 6 0 0 0 0
35 7 0 0 0 0 0 0 0 0
38 15 0 0 10 4 0 0 0 0
39 20 0 0 10 1 0 5 0 0
42 35 1 1 5 0 0 0 0 0
43 10 0 0 5 5 0 0 0 0
47 7 0 0 7 5 0 0 0 0
48 7 0 0 0 0 0 0 0 0
49 25 0 0 10 3 0 0 0 0
50 16 0 0 28 0 0 0 0 0
fl=./elf/./elf/dl-catch.c
fn=_dl_catch_error
254 9 2 2 0 0 0 5 0 0
256 2 0 0 0 0 0 0 0 0
257 1 0 0 0 0 0 1 0 0
258 2 0 0 2 0 0 1 0 0
259 4 0 0 1 0 0 1 0 0
261 4 1 1 5 0 0 0 0 0
fn=_dl_catch_exception
58 39 0 0 13 1 1 0 0 0
59 39 2 2 13 0 0 13 0 0
69 39 0 0 13 0 0 0 0 0
70 78 0 0 13 0 0 26 0 0
204 65 1 1 0 0 0 78 3 3
207 13 0 0 0 0 0 0 0 0
214 13 0 0 0 0 0 0 0 0
228 13 1 1 13 0 0 0 0 0
229 26 0 0 0 0 0 26 1 1
235 52 0 0 0 0 0 0 0 0
237 26 0 0 26 0 0 0 0 0
239 39 0 0 13 0 0 39 0 0
248 39 0 0 39 0 0 0 0 0
fn=_dl_receive_error
58 3 0 0 1 0 0 0 0 0
59 1 0 0 1 0 0 0 0 0
69 2 0 0 1 0 0 0 0 0
70 2 0 0 0 0 0 2 0 0
186 6 2 2 0 0 0 6 0 0
188 3 0 0 1 0 0 0 0 0
192 2 0 0 0 0 0 1 0 0
194 1 0 0 0 0 0 0 0 0
197 2 1 1 0 0 0 1 0 0
198 4 0 0 6 0 0 0 0 0
fl=./elf/./elf/dl-debug.c
fn=_dl_debug_initialize
56 3 1 1 0 0 0 2 0 0
57 1 0 0 0 0 0 0 0 0
59 1 1 1 0 0 0 0 0 0
61 1 0 0 0 0 0 0 0 0
63 2 0 0 1 1 1 0 0 0
64 2 0 0 0 0 0 1 0 0
85 4 0 0 2 1 1 0 0 0
90 1 0 0 0 0 0 0 0 0
91 3 1 1 0 0 0 1 0 0
92 1 0 0 0 0 0 2 0 0
95 2 0 0 1 0 0 0 0 0
96 9 1 1 1 0 0 1 0 0
99 1 0 0 0 0 0 0 0 0
107 2 0 0 2 0 0 0 0 0
fn=_dl_debug_state
116 4 1 1 0 0 0 4 0 0
117 4 0 0 4 0 0 0 0 0
fn=_dl_debug_update
38 18 1 1 0 0 0 12 0 0
40 6 0 0 0 0 0 0 0 0
41 12 0 0 0 0 0 0 0 0
44 12 0 0 6 1 0 0 0 0
48 12 0 0 12 0 0 0 0 0
fl=./elf/./elf/dl-deps.c
fn=_dl_map_object_deps
128 2 0 0 0 0 0 2 1 1
130 7 0 0 0 0 0 4 0 0
136 7 1 1 2 0 0 2 0 0
143 11 2 2 0 0 0 14 3 3
144 15 1 1 0 0 0 1 1 1
160 7 1 1 0 0 0 0 0 0
161 1 0 0 1 0 0 0 0 0
164 2 0 0 1 0 0 1 0 0
182 3 0 0 1 0 0 1 0 0
183 2 0 0 0 0 0 0 0 0
184 2 0 0 0 0 0 1 0 0
186 1 0 0 0 0 0 1 0 0
188 17 0 0 13 0 0 2 0 0
190 7 0 0 0 0 0 0 0 0
193 21 0 0 7 0 0 7 0 0
197 14 0 0 7 0 0 0 0 0
198 40 1 1 13 1 1 0 0 0
201 5 0 0 0 0 0 0 0 0
205 10 0 0 5 0 0 0 0 0
208 22 0 0 11 0 0 0 0 0
210 15 2 2 10 0 0 0 0 0
215 5 0 0 0 0 0 5 0 0
216 5 0 0 0 0 0 5 1 1
217 10 0 0 5 0 0 5 0 0
218 10 0 0 5 0 0 5 0 0
219 10 0 0 5 0 0 5 0 0
221 279 0 0 142 1 0 0 0 0
222 269 0 0 0 0 0 0 0 0
228 94 1 1 12 0 0 0 0 0
230 12 0 0 0 0 0 12 0 0
232 63 1 1 12 0 0 1 0 0
233 24 0 0 12 0 0 0 0 0
242 12 1 1 12 0 0 0 0 0
244 36 0 0 12 0 0 0 0 0
249 15 0 0 0 0 0 5 0 0
253 5 0 0 0 0 0 5 0 0
254 5 0 0 0 0 0 10 0 0
255 10 0 0 5 0 0 5 0 0
256 5 0 0 0 0 0 5 0 0
257 15 1 1 5 0 0 5 0 0
259 20 0 0 5 0 0 5 0 0
263 12 0 0 0 0 0 0 0 0
264 14 0 0 0 0 0 7 0 0
266 600 1 1 0 0 0 0 0 0
417 7 1 1 0 0 0 0 0 0
419 10 0 0 0 0 0 5 0 0
422 10 0 0 0 0 0 0 0 0
423 5 0 0 0 0 0 0 0 0
429 5 0 0 0 0 0 5 4 4
430 20 0 0 0 0 0 0 0 0
431 25 0 0 0 0 0 0 0 0
433 5 0 0 0 0 0 0 0 0
434 5 0 0 0 0 0 5 0 0
435 15 0 0 5 0 0 5 0 0
439 21 1 1 14 0 0 0 0 0
441 21 0 0 14 0 0 7 0 0
442 19 0 0 6 0 0 0 0 0
448 6 0 0 2 0 0 0 0 0
449 4 1 1 1 0 0 1 0 0
452 3 1 1 1 0 0 1 0 0
463 3 0 0 1 0 0 0 0 0
465 1 0 0 0 0 0 0 0 0
470 4 1 1 1 0 0 1 0 0
471 1 0 0 0 0 0 1 0 0
472 1 0 0 0 0 0 0 0 0
474 16 0 0 7 0 0 0 0 0
478 21 0 0 14 0 0 0 0 0
484 14 0 0 0 0 0 0 0 0
485 14 0 0 0 0 0 7 2 2
490 21 1 1 7 0 0 7 0 0
495 2 0 0 1 0 0 0 0 0
532 2 1 1 0 0 0 0 0 0
533 1 0 0 0 0 0 0 0 0
536 1 0 0 1 0 0 0 0 0
547 5 0 0 0 0 0 0 0 0
552 7 0 0 1 0 0 0 0 0
553 7 2 2 2 0 0 0 0 0
557 1 0 0 0 0 0 1 0 0
558 1 0 0 0 0 0 0 0 0
559 1 0 0 0 0 0 1 0 0
560 3 0 0 1 0 0 1 0 0
561 1 0 0 0 0 0 0 0 0
568 2 1 1 1 0 0 0 0 0
571 1 0 0 0 0 0 0 0 0
574 9 0 0 12 0 0 0 0 0
fn=openaux
61 60 1 1 0 0 0 36 3 3
64 103 0 0 60 0 0 12 0 0
65 12 0 0 12 0 0 0 0 0
66 7 0 0 7 0 0 0 0 0
69 36 0 0 36 0 0 0 0 0
fl=./elf/./elf/dl-environ.c
fn=_dl_next_ld_env_entry
28 9 1 1 0 0 0 6 0 0
29 3 0 0 3 0 0 0 0 0
32 31 0 0 15 0 0 0 0 0
34 42 0 0 14 0 0 0 0 0
35 15 1 1 5 0 0 0 0 0
37 2 0 0 0 0 0 0 0 0
40 4 0 0 0 0 0 2 0 0
49 6 0 0 6 0 0 0 0 0
fl=./elf/./elf/dl-find_object.c
fn=_dl_find_object_init
561 4 1 1 0 0 0 6 0 0
564 2 0 0 1 1 0 0 0 0
566 2 0 0 1 0 0 0 0 0
573 4 0 0 0 0 0 1 1 0
579 2 0 0 0 0 0 0 0 0
580 3 1 1 1 0 0 1 0 0
582 1 0 0 0 0 0 0 0 0
585 1 0 0 0 0 0 0 0 0
590 1 0 0 0 0 0 1 0 0
591 1 0 0 0 0 0 0 0 0
594 2 0 0 1 0 0 0 0 0
596 2 1 1 0 0 0 0 0 0
599 5 1 1 3 0 0 1 0 0
601 1 0 0 0 0 0 0 0 0
604 4 0 0 6 1 0 0 0 0
fn=_dlfo_process_initial
474 4 1 1 0 0 0 4 0 0
475 4 0 0 2 0 0 0 0 0
477 2 0 0 0 0 0 0 0 0
478 6 0 0 2 0 0 0 0 0
481 8 2 2 0 0 0 0 0 0
485 2 0 0 2 0 0 0 0 0
486 6 0 0 2 0 0 0 0 0
487 64 0 0 0 0 0 0 0 0
488 60 1 1 20 1 0 0 0 0
490 8 0 0 2 0 0 0 0 0
493 12 0 0 4 0 0 4 2 2
495 8 0 0 4 0 0 2 0 0
497 8 0 0 2 0 0 2 0 0
499 4 0 0 0 0 0 0 0 0
504 22 1 1 4 1 0 0 0 0
505 18 0 0 2 0 0 0 0 0
506 14 0 0 14 0 0 0 0 0
508 64 0 0 12 0 0 0 0 0
511 48 1 1 12 0 0 0 0 0
513 24 0 0 12 0 0 0 0 0
515 18 0 0 0 0 0 0 0 0
517 24 0 0 0 0 0 0 0 0
521 4 0 0 0 0 0 0 0 0
529 4 0 0 0 0 0 2 0 0
531 6 0 0 4 0 0 0 0 0
fn=_dlfo_sort_mappings
536 2 0 0 0 0 0 2 0 0
537 2 1 1 0 0 0 0 0 0
540 25 1 1 0 0 0 0 0 0
544 14 0 0 7 0 0 0 0 0
545 112 1 1 0 0 0 0 0 0
546 56 0 0 28 0 0 0 0 0
548 84 0 0 0 0 0 0 0 0
553 21 0 0 14 0 0 14 0 0
554 14 0 0 14 0 0 14 0 0
555 7 0 0 0 0 0 14 0 0
557 2 0 0 2 0 0 0 0 0
fl=./elf/./elf/dl-fini.c
fn=_dl_fini
26 11 1 1 0 0 0 13 1 0
43 1 0 0 0 0 0 0 0 0
46 17 2 2 2 1 0 0 0 0
49 4 1 1 1 1 0 0 0 0
51 1 0 0 1 1 0 0 0 0
54 1 0 0 0 0 0 0 0 0
56 5 0 0 2 0 0 0 0 0
59 1 0 0 0 0 0 0 0 0
61 2 0 0 0 0 0 1 0 0
63 3 0 0 0 0 0 0 0 0
68 13 1 1 0 0 0 1 0 0
73 17 2 2 8 1 0 0 0 0
75 21 0 0 7 1 0 0 0 0
77 14 0 0 0 0 0 0 0 0
79 7 0 0 0 0 0 7 0 0
80 7 0 0 0 0 0 7 6 0
81 7 0 0 0 0 0 0 0 0
85 21 0 0 7 1 0 7 0 0
87 5 0 0 0 0 0 0 0 0
88 8 0 0 0 0 0 0 0 0
94 4 1 1 0 0 0 0 0 0
103 3 0 0 1 0 0 0 0 0
108 24 0 0 0 0 0 0 0 0
110 7 0 0 7 0 0 0 0 0
112 14 1 1 7 0 0 0 0 0
114 14 0 0 0 0 0 0 0 0
117 14 0 0 0 0 0 0 0 0
122 21 0 0 7 0 0 7 0 0
126 3 0 0 0 0 0 0 0 0
132 7 0 0 2 0 0 0 0 0
134 3 0 0 0 0 0 1 0 0
138 2 1 1 1 0 0 0 0 0
145 8 0 0 12 0 0 0 0 0
fl=./elf/./elf/dl-hwcaps-subdirs.c
fn=_dl_hwcaps_subdirs_active
27 2 1 1 0 0 0 2 0 0
29 3 0 0 2 0 0 0 0 0
fl=./elf/./elf/dl-hwcaps.c
fn=_dl_important_hwcaps
52 6 2 2 0 0 0 0 0 0
100 5 0 0 0 0 0 2 1 1
102 1 0 0 0 0 0 0 0 0
105 1 0 0 0 0 0 1 0 0
108 1 0 0 0 0 0 0 0 0
112 3 0 0 0 0 0 0 0 0
125 3 0 0 0 0 0 0 0 0
133 2 1 1 0 0 0 0 0 0
142 6 0 0 1 0 0 1 0 0
172 10 2 2 0 0 0 12 3 3
174 2 0 0 0 0 0 1 0 0
175 3 0 0 0 0 0 0 0 0
185 1 0 0 0 0 0 0 0 0
186 3 0 0 0 0 0 0 0 0
189 3 0 0 1 0 0 1 1 1
193 2 0 0 1 0 0 0 0 0
194 1 0 0 0 0 0 0 0 0
202 4 0 0 3 0 0 2 0 0
203 4 1 1 0 0 0 0 0 0
204 6 0 0 2 0 0 0 0 0
208 1 0 0 2 0 0 0 0 0
209 1 0 0 0 0 0 2 1 1
213 2 1 1 1 0 0 1 0 0
216 6 0 0 8 0 0 0 0 0
fn=copy_hwcaps
74 12 1 1 0 0 0 12 0 0
77 6 0 0 0 0 0 0 0 0
80 4 0 0 0 0 0 0 0 0
84 2 0 0 0 0 0 0 0 0
90 8 0 0 12 0 0 0 0 0
fl=./elf/./elf/dl-hwcaps_split.c
fn=_dl_hwcaps_split
25 24 0 0 0 0 0 24 0 0
26 12 0 0 6 0 0 0 0 0
27 6 0 0 0 0 0 0 0 0
30 9 1 1 3 0 0 3 0 0
34 9 0 0 3 0 0 0 0 0
36 3 0 0 0 0 0 0 0 0
47 18 1 1 24 0 0 0 0 0
fn=_dl_hwcaps_split_masked
51 20 1 1 0 0 0 15 2 2
54 20 0 0 0 0 0 0 0 0
62 20 1 1 15 0 0 0 0 0
fl=./elf/./elf/dl-init.c
fn=_dl_init
81 10 1 1 0 0 0 10 1 0
83 1 0 0 2 0 0 0 0 0
86 4 1 1 1 0 0 0 0 0
88 1 1 1 0 0 0 0 0 0
89 2 0 0 0 0 0 1 0 0
94 3 0 0 0 0 0 0 0 0
119 1 0 0 1 0 0 0 0 0
120 24 1 1 0 0 0 0 0 0
121 42 0 0 14 0 0 0 0 0
127 6 0 0 10 0 0 0 0 0
fn=call_init
27 32 1 1 0 0 0 32 0 0
29 24 1 1 8 0 0 0 0 0
35 64 0 0 8 0 0 16 0 0
37 8 0 0 0 0 0 0 0 0
43 21 1 1 7 0 0 7 0 0
46 21 0 0 14 5 0 0 0 0
47 2 0 0 0 0 0 0 0 0
51 18 0 0 6 0 0 0 0 0
59 12 0 0 6 3 0 0 0 0
60 28 1 1 8 3 0 0 0 0
63 6 0 0 6 2 0 0 0 0
64 6 0 0 0 0 0 0 0 0
70 18 0 0 12 1 0 0 0 0
72 24 0 0 12 4 0 6 0 0
73 56 0 0 0 0 0 0 0 0
74 40 1 1 8 2 0 0 0 0
76 38 1 1 54 0 0 0 0 0
fl=./elf/./elf/dl-load.c
fn=_dl_dst_count
238 42 1 1 0 0 0 56 2 2
241 28 0 0 0 0 0 0 0 0
244 14 0 0 0 0 0 0 0 0
245 14 0 0 0 0 0 0 0 0
264 56 0 0 56 0 0 0 0 0
fn=_dl_init_paths
706 9 1 1 0 0 0 14 0 0
720 9 1 1 0 0 0 1 0 0
725 1 0 0 0 0 0 1 0 0
727 1 0 0 0 0 0 0 0 0
734 4 0 0 0 0 0 0 0 0
735 4 0 0 1 0 0 0 0 0
739 2 1 1 0 0 0 1 0 0
741 3 0 0 2 0 0 0 0 0
747 1 0 0 0 0 0 1 1 1
748 4 0 0 0 0 0 1 0 0
756 4 0 0 0 0 0 4 0 0
758 2 0 0 0 0 0 0 0 0
759 4 0 0 0 0 0 8 4 4
761 3 0 0 0 0 0 1 0 0
762 8 0 0 3 1 1 7 1 1
763 7 0 0 0 0 0 0 0 0
766 15 0 0 3 1 1 0 0 0
767 5 0 0 1 0 0 0 0 0
768 18 0 0 4 0 0 1 0 0
770 18 2 2 0 0 0 4 0 0
776 3 0 0 0 0 0 1 0 0
777 1 0 0 0 0 0 1 0 0
782 2 0 0 1 0 0 0 0 0
785 4 1 1 0 0 0 0 0 0
787 4 0 0 1 0 0 0 0 0
789 2 0 0 1 0 0 0 0 0
806 2 0 0 0 0 0 1 0 0
808 2 1 1 1 0 0 0 0 0
822 2 1 1 0 0 0 1 0 0
825 4 2 2 2 0 0 0 0 0
827 18 1 1 2 0 0 1 0 0
831 2 0 0 0 0 0 0 0 0
832 31 0 0 15 0 0 0 0 0
833 28 1 1 0 0 0 0 0 0
834 28 0 0 0 0 0 0 0 0
836 3 0 0 0 0 0 1 0 0
837 2 0 0 0 0 0 0 0 0
838 1 0 0 0 0 0 0 0 0
844 7 1 1 1 0 0 0 0 0
847 3 0 0 2 0 0 0 0 0
853 3 0 0 0 0 0 1 0 0
857 8 0 0 12 0 0 0 0 0
fn=_dl_map_object
1967 104 1 1 0 0 0 156 4 4
1969 5 0 0 0 0 0 5 0 0
1975 26 0 0 0 0 0 0 0 0
1976 91 1 1 13 1 1 0 0 0
1979 190 0 0 56 0 0 0 0 0
1984 255 1 1 51 0 0 0 0 0
1986 204 0 0 0 0 0 0 0 0
1990 86 0 0 43 0 0 0 0 0
1991 86 0 0 43 0 0 0 0 0
1994 92 0 0 46 0 0 0 0 0
1995 69 1 1 23 0 0 0 0 0
1996 92 0 0 0 0 0 0 0 0
2009 5 1 1 0 0 0 0 0 0
2010 20 0 0 5 0 0 0 0 0
2011 10 0 0 0 0 0 5 1 1
2019 15 1 1 5 0 0 0 0 0
2034 5 0 0 0 0 0 5 2 2
2036 20 0 0 0 0 0 0 0 0
2040 16 1 1 0 0 0 4 0 0
2042 8 0 0 4 0 0 0 0 0
2049 12 1 1 4 0 0 0 0 0
2053 4 1 1 4 0 0 0 0 0
2054 44 1 1 0 0 0 16 0 0
2058 8 0 0 4 0 0 0 0 0
2059 32 0 0 0 0 0 0 0 0
2061 24 0 0 0 0 0 12 0 0
2073 32 2 2 20 0 0 0 0 0
2074 20 1 1 4 0 0 0 0 0
2075 40 1 1 8 0 0 8 0 0
2084 4 0 0 0 0 0 0 0 0
2099 24 0 0 4 0 0 4 0 0
2100 68 1 1 8 0 0 8 0 0
2106 12 0 0 4 0 0 0 0 0
2107 36 1 1 4 0 0 4 0 0
2115 4 0 0 0 0 0 4 0 0
2129 4 0 0 0 0 0 0 0 0
2131 12 1 1 4 0 0 0 0 0
2135 12 0 0 0 0 0 0 0 0
2137 4 0 0 0 0 0 0 0 0
2141 4 0 0 0 0 0 0 0 0
2149 8 0 0 4 0 0 0 0 0
2172 40 1 1 0 0 0 8 0 0
2176 12 0 0 4 0 0 0 0 0
2177 4 0 0 0 0 0 4 0 0
2194 12 0 0 8 0 0 0 0 0
2200 1 0 0 0 0 0 1 1 1
2201 4 0 0 0 0 0 0 0 0
2202 1 0 0 0 0 0 0 0 0
2203 1 1 1 0 0 0 0 0 0
2207 10 0 0 0 0 0 1 0 0
2210 3 0 0 1 0 0 0 0 0
2222 18 0 0 4 0 0 0 0 0
2267 15 0 0 5 0 0 5 0 0
2268 60 1 1 10 0 0 10 0 0
2270 117 0 0 156 0 0 0 0 0
fn=_dl_map_object_from_fd
944 85 2 2 5 0 0 65 2 2
959 15 0 0 0 0 0 5 0 0
989 70 0 0 25 0 0 0 0 0
990 40 1 1 20 0 0 0 0 0
1008 5 1 1 0 0 0 0 0 0
1036 15 0 0 0 0 0 5 0 0
1046 15 0 0 5 0 0 0 0 0
1053 35 1 1 0 0 0 0 0 0
1054 5 0 0 0 0 0 0 0 0
1065 10 1 1 0 0 0 5 3 3
1066 10 0 0 5 0 0 5 0 0
1067 10 0 0 5 0 0 5 0 0
1069 10 0 0 0 0 0 0 0 0
1070 25 0 0 15 0 0 0 0 0
1071 10 0 0 0 0 0 5 0 0
1086 5 0 0 0 0 0 0 0 0
1088 10 0 0 0 0 0 5 1 1
1090 75 1 1 5 0 0 5 4 4
1091 5 0 0 0 0 0 0 0 0
1092 5 0 0 0 0 0 0 0 0
1093 5 0 0 0 0 0 0 0 0
1094 5 0 0 0 0 0 0 0 0
1100 139 2 2 10 0 0 0 0 0
1101 326 1 1 38 8 8 0 0 0
1107 10 1 1 5 1 1 0 0 0
1114 11 0 0 6 0 0 5 0 0
1115 15 0 0 5 0 0 5 0 0
1116 35 1 1 10 0 0 5 0 0
1121 2 0 0 1 0 0 1 0 0
1122 1 0 0 0 0 0 0 0 0
1127 55 0 0 25 1 1 0 0 0
1135 20 0 0 0 0 0 0 0 0
1136 25 0 0 0 0 0 10 3 3
1137 30 0 0 0 0 0 0 0 0
1138 10 0 0 0 0 0 20 0 0
1139 50 0 0 20 2 2 10 0 0
1141 70 1 1 10 0 0 0 0 0
1143 40 1 1 0 0 0 10 3 3
1156 25 0 0 5 0 0 0 0 0
1157 10 0 0 0 0 0 0 0 0
1162 30 0 0 0 0 0 10 0 0
1163 60 1 1 10 0 0 5 0 0
1176 2 0 0 1 0 0 0 0 0
1180 1 0 0 0 0 0 1 1 1
1181 2 0 0 1 0 0 1 1 1
1185 5 0 0 0 0 0 1 0 0
1186 2 0 0 1 0 0 1 0 0
1189 1 0 0 0 0 0 1 0 0
1194 4 1 1 1 0 0 0 0 0
1209 5 1 1 5 0 0 0 0 0
1210 5 0 0 0 0 0 0 0 0
1213 10 0 0 5 1 1 5 2 2
1214 10 0 0 5 1 1 5 0 0
1218 15 0 0 5 0 0 0 0 0
1228 35 0 0 0 0 0 0 0 0
1229 20 0 0 0 0 0 10 0 0
1235 15 0 0 5 0 0 0 0 0
1245 15 1 1 5 0 0 0 0 0
1252 30 0 0 10 0 0 0 0 0
1268 20 1 1 10 0 0 0 0 0
1269 15 0 0 5 0 0 5 0 0
1275 4 0 0 2 1 1 0 0 0
1276 20 0 0 0 0 0 0 0 0
1278 20 1 1 5 0 0 0 0 0
1288 10 0 0 5 0 0 0 0 0
1307 15 0 0 5 0 0 5 0 0
1309 25 0 0 5 0 0 0 0 0
1361 10 0 0 5 4 4 0 0 0
1362 3 0 0 1 0 0 1 0 0
1368 106 1 1 10 0 0 0 0 0
1369 129 1 1 38 32 32 0 0 0
1380 15 0 0 0 0 0 0 0 0
1393 15 0 0 5 0 0 0 0 0
1395 20 1 1 10 0 0 5 0 0
1397 10 0 0 5 0 0 0 0 0
1413 10 0 0 0 0 0 0 0 0
1417 5 0 0 0 0 0 0 0 0
1418 10 0 0 5 0 0 0 0 0
1435 10 0 0 5 0 0 0 0 0
1436 2 0 0 0 0 0 1 0 0
1439 15 1 1 10 0 0 10 0 0
1444 10 0 0 5 0 0 0 0 0
1449 15 0 0 5 0 0 0 0 0
1461 35 0 0 5 0 0 0 0 0
1462 10 1 1 5 0 0 0 0 0
1463 36 0 0 8 0 0 0 0 0
1464 8 1 1 4 0 0 0 0 0
1465 6 0 0 0 0 0 1 0 0
1471 10 0 0 5 0 0 0 0 0
1472 4 0 0 1 0 0 0 0 0
1477 2 0 0 0 0 0 0 0 0
1484 15 1 1 0 0 0 0 0 0
1487 5 0 0 0 0 0 0 0 0
1491 15 0 0 0 0 0 0 0 0
1492 10 0 0 5 0 0 0 0 0
1510 10 0 0 0 0 0 0 0 0
1514 35 0 0 15 0 0 0 0 0
1515 20 0 0 0 0 0 0 0 0
1519 45 1 1 60 0 0 0 0 0
fn=cache_rpath
681 24 1 1 0 0 0 24 0 0
682 36 1 1 12 0 0 0 0 0
683 24 0 0 0 0 0 0 0 0
699 24 0 0 24 0 0 0 0 0
fn=expand_dynamic_string_token
385 12 1 1 0 0 0 12 0 0
395 4 0 0 0 0 0 0 0 0
398 2 0 0 0 0 0 0 0 0
399 4 0 0 0 0 0 0 0 0
410 6 0 0 12 0 0 0 0 0
fn=fillin_rpath.isra.0
468 11 1 1 0 0 0 17 0 0
472 1 0 0 0 0 0 0 0 0
474 10 0 0 2 0 0 0 0 0
481 2 1 1 1 0 0 0 0 0
483 5 0 0 1 0 0 0 0 0
487 1 0 0 0 0 0 0 0 0
492 2 0 0 0 0 0 0 0 0
493 1 0 0 0 0 0 0 0 0
500 6 1 1 1 0 0 0 0 0
505 4 1 1 0 0 0 1 0 0
509 13 2 2 5 0 0 0 0 0
510 12 0 0 4 0 0 0 0 0
528 3 1 1 1 0 0 1 0 0
532 7 1 1 2 0 0 0 0 0
534 1 0 0 0 0 0 0 0 0
538 1 0 0 0 0 0 1 0 0
539 3 0 0 1 0 0 0 0 0
540 4 0 0 0 0 0 1 0 0
541 1 0 0 0 0 0 1 0 0
543 4 1 1 1 0 0 0 0 0
549 5 0 0 1 0 0 0 0 0
550 7 0 0 1 0 0 0 0 0
551 1 0 0 0 0 0 1 0 0
553 2 1 1 1 0 0 1 0 0
554 2 0 0 1 0 0 0 0 0
555 1 0 0 0 0 0 1 0 0
561 2 0 0 1 0 0 1 0 0
562 1 0 0 0 0 0 1 0 0
565 3 0 0 0 0 0 1 0 0
571 1 0 0 0 0 0 1 0 0
574 7 0 0 12 0 0 0 0 0
fn=open_path
1536 8 0 0 0 0 0 0 0 0
1812 44 2 2 0 0 0 60 4 4
1813 8 0 0 4 0 0 4 1 1
1817 20 0 0 0 0 0 12 0 0
1819 4 0 0 0 0 0 0 0 0
1822 8 0 0 0 0 0 0 0 0
1824 92 2 2 8 0 0 8 1 1
1827 12 0 0 12 0 0 0 0 0
1831 4 0 0 0 0 0 0 0 0
1835 8 0 0 0 0 0 0 0 0
1842 24 1 1 12 0 0 0 0 0
1843 33 0 0 8 0 0 0 0 0
1846 12 0 0 4 0 0 0 0 0
1851 52 1 1 20 0 0 0 0 0
1854 4 0 0 0 0 0 0 0 0
1860 8 0 0 4 0 0 0 0 0
1863 32 1 1 12 0 0 0 0 0
1865 8 0 0 4 0 0 0 0 0
1867 2 0 0 0 0 0 0 0 0
1872 1 1 1 0 0 0 0 0 0
1873 8 0 0 3 0 0 0 0 0
1879 2 1 1 0 0 0 1 0 0
1881 4 0 0 0 0 0 0 0 0
1882 7 1 1 1 0 0 1 0 0
1884 1 0 0 0 0 0 0 0 0
1891 9 1 1 0 0 0 0 0 0
1893 18 0 0 4 0 0 4 0 0
1894 12 0 0 0 0 0 8 0 0
1937 36 2 2 4 0 0 0 0 0
1941 12 0 0 4 0 0 4 0 0
1943 16 0 0 8 0 0 4 0 0
1946 16 0 0 4 0 0 0 0 0
1960 36 1 1 48 0 0 0 0 0
fn=open_verify.constprop.0
1572 99 2 2 0 0 0 90 1 1
1604 27 0 0 9 0 0 0 0 0
1609 8 1 1 0 0 0 0 0 0
1623 36 0 0 0 0 0 0 0 0
1625 18 0 0 0 0 0 0 0 0
1633 15 0 0 0 0 0 5 0 0
1634 10 1 1 0 0 0 5 0 0
1639 30 0 0 0 0 0 0 0 0
1641 10 0 0 0 0 0 0 0 0
1643 15 0 0 5 0 0 5 0 0
1645 10 1 1 0 0 0 0 0 0
1651 10 0 0 0 0 0 0 0 0
1668 86 3 3 25 1 1 0 0 0
1749 15 0 0 5 0 0 0 0 0
1754 15 1 1 5 0 0 0 0 0
1760 25 0 0 5 0 0 0 0 0
1766 15 0 0 5 1 1 0 0 0
1772 10 0 0 5 0 0 0 0 0
1773 20 1 1 5 0 0 0 0 0
1799 72 0 0 90 0 0 0 0 0
fl=./elf/./elf/dl-lookup-direct.c
fn=_dl_lookup_direct
74 33 1 1 0 0 0 30 0 0
75 3 0 0 3 0 0 0 0 0
76 3 0 0 0 0 0 0 0 0
78 15 1 1 9 0 0 0 0 0
79 3 0 0 0 0 0 0 0 0
81 6 1 1 3 0 0 0 0 0
84 20 0 0 5 1 1 0 0 0
86 5 0 0 0 0 0 0 0 0
87 28 0 0 0 0 0 0 0 0
90 3 0 0 0 0 0 0 0 0
93 4 0 0 0 0 0 0 0 0
115 3 0 0 0 0 0 0 0 0
116 18 1 1 30 0 0 0 0 0
fn=check_match
31 30 2 2 0 0 0 21 0 0
32 9 0 0 6 0 0 0 0 0
33 6 0 0 0 0 0 0 0 0
36 12 0 0 6 4 4 0 0 0
40 6 0 0 0 0 0 0 0 0
48 9 1 1 0 0 0 0 0 0
51 9 0 0 6 0 0 0 0 0
53 12 0 0 3 0 0 0 0 0
57 6 0 0 6 1 0 0 0 0
58 24 1 1 6 0 0 0 0 0
59 9 0 0 3 0 0 0 0 0
64 18 0 0 21 0 0 0 0 0
fl=./elf/./elf/dl-lookup.c
fn=_dl_lookup_symbol_x
772 3450 14 2 0 0 0 2760 31 10
774 460 0 0 0 0 0 230 6 2
775 230 0 0 0 0 0 460 0 0
776 1150 5 1 460 0 0 230 0 0
778 1610 5 1 460 16 0 690 7 0
782 449 0 0 0 0 0 0 0 0
785 230 0 0 0 0 0 0 0 0
787 460 0 0 460 26 0 0 0 0
791 511 0 0 17 0 0 230 0 0
792 2760 6 1 460 0 0 920 9 2
797 460 0 0 230 0 0 0 0 0
799 85 1 1 17 0 0 0 0 0
816 230 0 0 0 0 0 230 0 0
817 51 1 1 0 0 0 0 0 0
820 460 0 0 230 0 0 0 0 0
821 1262 0 0 209 0 0 0 0 0
828 213 0 0 213 0 0 0 0 0
856 852 4 1 213 0 0 0 0 0
870 426 0 0 213 21 0 0 0 0
871 3 2 2 0 0 0 1 0 0
873 426 0 0 213 0 0 0 0 0
890 426 0 0 213 0 0 0 0 0
892 2070 5 1 2760 0 0 0 0 0
fn=check_match
70 2664 16 1 444 14 9 1554 28 4
73 1332 0 0 444 134 118 0 0 0
78 18 1 0 0 0 0 0 0 0
86 1110 14 1 0 0 0 0 0 0
89 1231 0 0 159 0 0 0 0 0
93 218 0 0 218 21 0 0 0 0
94 218 0 0 0 0 0 0 0 0
96 215 14 1 0 0 0 0 0 0
115 215 0 0 215 98 42 0 0 0
116 1935 0 0 645 30 0 0 0 0
117 840 15 1 420 2 0 0 0 0
118 15 0 0 5 0 0 0 0 0
119 5 0 0 0 0 0 0 0 0
144 3 0 0 0 0 0 0 0 0
146 12 0 0 3 2 1 0 0 0
147 9 0 0 0 0 0 0 0 0
161 213 0 0 0 0 0 0 0 0
162 1110 11 1 1554 0 0 0 0 0
fn=do_lookup_x
176 1917 7 1 1491 0 0 0 0 0
347 4140 25 2 920 0 0 3910 66 13
348 230 0 0 230 20 0 0 0 0
354 230 0 0 230 0 0 0 0 0
358 2638 11 1 2638 144 0 0 0 0
361 2638 0 0 0 0 0 0 0 0
365 1642 0 0 31 0 0 0 0 0
386 2628 11 1 1314 108 0 0 0 0
390 4008 0 0 1314 19 0 230 0 0
396 2628 0 0 1314 81 0 0 0 0
400 1314 12 1 0 0 0 1314 0 0
401 1314 0 0 0 0 0 1314 0 0
404 5256 0 0 2628 219 0 0 0 0
405 3942 0 0 2628 43 0 0 0 0
408 1314 0 0 1314 0 0 0 0 0
409 1314 0 0 0 0 0 0 0 0
411 1314 0 0 1314 386 84 0 0 0
412 230 0 0 0 0 0 0 0 0
413 2628 0 0 1314 0 0 0 0 0
415 230 0 0 0 0 0 0 0 0
416 2628 0 0 1314 0 0 0 0 0
419 5256 0 0 0 0 0 0 0 0
422 771 0 0 514 163 96 0 0 0
423 257 7 1 0 0 0 0 0 0
424 257 0 0 0 0 0 0 0 0
426 2844 9 1 237 0 0 1659 0 0
429 2096 0 0 524 196 146 0 0 0
431 444 0 0 222 0 0 0 0 0
432 2694 9 1 888 0 0 666 12 2
433 444 0 0 0 0 0 0 0 0
436 222 0 0 0 0 0 0 0 0
439 640 0 0 9 0 0 0 0 0
448 192 7 2 168 0 0 0 0 0
470 72 3 1 24 0 0 0 0 0
476 426 0 0 0 0 0 0 0 0
483 1512 0 0 213 0 0 0 0 0
487 144 11 1 48 11 0 0 0 0
499 213 0 0 213 0 0 0 0 0
500 213 0 0 0 0 0 426 0 0
501 213 0 0 0 0 0 0 0 0
518 3318 0 0 0 0 0 0 0 0
521 17 0 0 0 0 0 0 0 0
522 1840 2 2 2760 0 0 0 0 0
fl=./elf/./elf/dl-minimal-malloc.c
fn=__minimal_calloc
80 42 1 1 0 0 0 28 0 0
84 14 0 0 0 0 0 0 0 0
87 14 0 0 0 0 0 0 0 0
88 56 0 0 0 0 0 0 0 0
92 14 0 0 28 0 0 0 0 0
fn=__minimal_free
97 3 0 0 0 0 0 4 0 0
99 5 0 0 1 0 0 0 0 0
106 3 1 1 4 0 0 0 0 0
fn=__minimal_malloc
36 156 1 1 0 0 0 156 0 0
37 155 0 0 39 2 1 0 0 0
42 4 0 0 0 0 0 1 0 0
43 4 2 2 1 0 0 0 0 0
44 2 0 0 0 0 0 0 0 0
48 155 0 0 38 0 0 39 0 0
49 39 0 0 0 0 0 0 0 0
51 234 1 1 0 0 0 0 0 0
56 10 0 0 2 0 0 0 0 0
57 6 0 0 0 0 0 0 0 0
59 4 1 1 0 0 0 4 0 0
60 16 0 0 0 0 0 0 0 0
62 4 0 0 0 0 0 0 0 0
64 8 0 0 0 0 0 0 0 0
65 10 0 0 2 0 0 0 0 0
67 6 0 0 4 0 0 2 0 0
70 78 0 0 0 0 0 78 0 0
71 2 0 0 0 0 0 0 0 0
73 117 0 0 156 0 0 0 0 0
fl=./elf/./elf/dl-minimal.c
fn=__rtld_malloc_init_real
76 5 2 2 0 0 0 6 0 0
86 3 0 0 0 0 0 1 0 0
87 1 0 0 0 0 0 1 0 0
89 1 0 0 0 0 0 1 0 0
91 7 0 0 0 0 0 0 0 0
92 6 0 0 0 0 0 0 0 0
93 7 1 1 0 0 0 0 0 0
94 5 0 0 0 0 0 0 0 0
99 3 0 0 0 0 0 1 1 0
101 1 0 0 0 0 0 2 0 0
102 1 1 1 0 0 0 1 0 0
103 4 0 0 6 0 0 0 0 0
fn=__rtld_malloc_init_stubs
42 2 1 1 0 0 0 2 0 0
43 5 0 0 0 0 0 1 1 1
44 2 0 0 0 0 0 0 0 0
45 3 0 0 0 0 0 2 1 1
46 3 0 0 0 0 0 1 0 0
47 2 1 1 2 0 0 0 0 0
fn=lookup_malloc_symbol
61 20 1 1 0 0 0 24 0 0
63 4 0 0 0 0 0 4 0 0
64 36 1 1 4 0 0 0 0 0
68 20 0 0 8 0 0 0 0 0
69 44 1 1 12 0 0 0 0 0
71 4 0 0 0 0 0 4 0 0
72 20 1 1 28 0 0 0 0 0
fn=strsep
239 2 1 1 0 0 0 0 0 0
242 4 0 0 2 1 1 0 0 0
244 2 0 0 2 0 0 0 0 0
245 2 0 0 0 0 0 0 0 0
247 2 1 1 0 0 0 0 0 0
249 31 0 0 15 0 0 0 0 0
251 28 0 0 0 0 0 0 0 0
254 84 0 0 28 0 0 0 0 0
256 56 0 0 28 0 0 0 0 0
267 1 0 0 0 0 0 1 0 0
270 1 1 1 0 0 0 0 0 0
271 1 0 0 0 0 0 0 0 0
fl=./elf/./elf/dl-misc.c
fn=_dl_name_match_p
68 585 2 2 0 0 0 468 2 2
69 351 0 0 117 0 0 0 0 0
70 19 0 0 0 0 0 0 0 0
72 117 0 0 117 0 0 0 0 0
74 233 0 0 0 0 0 0 0 0
75 540 0 0 135 0 0 0 0 0
80 232 0 0 116 0 0 0 0 0
82 98 0 0 0 0 0 0 0 0
83 351 1 1 468 0 0 0 0 0
fn=_dl_sysdep_read_whole_file
36 6 1 1 0 0 0 5 0 0
39 2 0 0 0 0 0 0 0 0
40 1 0 0 0 0 0 0 0 0
42 4 1 1 0 0 0 0 0 0
44 2 0 0 1 0 0 1 0 0
47 1 0 0 0 0 0 0 0 0
49 8 0 0 0 0 0 0 0 0
60 2 0 0 0 0 0 0 0 0
63 5 0 0 5 0 0 0 0 0
fl=./elf/./elf/dl-object.c
fn=_dl_add_to_namespace_list
31 36 1 1 0 0 0 30 0 0
33 30 0 0 6 0 0 0 0 0
35 53 1 1 6 0 0 0 0 0
38 60 0 0 20 0 0 0 0 0
40 5 0 0 0 0 0 5 0 0
42 5 0 0 0 0 0 5 0 0
45 2 1 1 0 0 0 1 0 0
46 42 0 0 6 0 0 6 0 0
47 12 0 0 6 1 1 6 0 0
48 12 0 0 0 0 0 6 0 0
50 30 0 0 6 0 0 0 0 0
51 18 0 0 30 0 0 0 0 0
fn=_dl_new_object
59 78 1 1 0 0 0 72 4 4
62 18 0 0 0 0 0 0 0 0
64 1 1 1 0 0 0 0 0 0
66 1 1 1 0 0 0 0 0 0
67 2 0 0 0 0 0 0 0 0
71 4 1 1 0 0 0 0 0 0
77 4 0 0 0 0 0 1 0 0
80 10 0 0 5 0 0 0 0 0
83 25 0 0 0 0 0 5 0 0
87 5 0 0 0 0 0 0 0 0
92 10 0 0 0 0 0 0 0 0
95 6 0 0 0 0 0 0 0 0
98 6 0 0 0 0 0 6 5 5
99 6 0 0 0 0 0 6 6 6
100 12 1 1 0 0 0 0 0 0
102 12 0 0 0 0 0 12 2 2
103 6 0 0 0 0 0 0 0 0
104 30 0 0 6 0 0 6 2 2
106 18 0 0 6 0 0 6 0 0
119 17 1 1 6 0 0 0 0 0
123 5 0 0 0 0 0 0 0 0
125 1 0 0 0 0 0 0 0 0
127 18 0 0 6 6 6 6 0 0
130 24 0 0 6 0 0 6 0 0
131 18 1 1 0 0 0 6 6 6
132 6 0 0 0 0 0 6 1 1
136 6 0 0 0 0 0 6 0 0
139 75 1 1 0 0 0 0 0 0
141 16 0 0 0 0 0 16 4 4
149 12 0 0 0 0 0 6 1 1
150 12 1 1 0 0 0 6 6 6
153 1 1 1 0 0 0 0 0 0
155 36 0 0 6 1 1 0 0 0
157 20 0 0 0 0 0 5 3 3
160 8 0 0 0 0 0 0 0 0
164 15 0 0 5 0 0 0 0 0
168 30 0 0 5 0 0 0 0 0
176 1 0 0 0 0 0 1 1 1
179 12 0 0 0 0 0 6 0 0
189 12 1 1 6 0 0 0 0 0
191 20 0 0 0 0 0 0 0 0
195 10 0 0 0 0 0 0 0 0
200 5 0 0 0 0 0 0 0 0
245 20 1 1 0 0 0 0 0 0
250 79 0 0 0 0 0 0 0 0
251 237 0 0 79 0 0 0 0 0
255 10 0 0 0 0 0 0 0 0
256 5 0 0 0 0 0 5 0 0
259 5 0 0 0 0 0 5 0 0
263 48 0 0 72 0 0 0 0 0
fl=./elf/./elf/dl-reloc.c
fn=_dl_protect_relro
355 28 1 1 0 0 0 21 0 0
356 49 1 1 21 2 0 0 0 0
359 21 0 0 7 0 0 0 0 0
363 14 0 0 0 0 0 0 0 0
364 28 1 1 0 0 0 0 0 0
370 21 0 0 21 0 0 0 0 0
fn=_dl_relocate_object
170 459 0 0 153 97 91 0 0 0
171 278 1 1 0 0 0 0 0 0
174 1059 0 0 139 6 1 0 0 0
175 49 2 2 7 0 0 0 0 0
177 35 1 1 7 0 0 7 0 0
178 21 0 0 7 0 0 7 0 0
183 167 0 0 0 0 0 153 1 0
184 132 0 0 0 0 0 132 0 0
186 918 2 2 396 0 0 0 0 0
187 378 0 0 0 0 0 0 0 0
188 252 0 0 126 9 0 0 0 0
190 943 2 2 132 0 0 0 0 0
193 264 0 0 132 0 0 132 1 0
194 132 0 0 0 0 0 132 0 0
196 7 0 0 7 0 0 0 0 0
207 80 1 1 0 0 0 104 0 0
208 16 0 0 8 0 0 0 0 0
220 12 0 0 0 0 0 0 0 0
221 21 0 0 0 0 0 14 0 0
224 14 1 1 0 0 0 0 0 0
226 14 0 0 0 0 0 0 0 0
228 21 1 1 7 2 0 0 0 0
229 14 0 0 7 0 0 0 0 0
251 7 1 1 0 0 0 0 0 0
252 14 0 0 7 6 0 0 0 0
253 4 1 1 0 0 0 0 0 0
255 14 1 1 7 0 0 0 0 0
262 14 0 0 7 2 0 0 0 0
301 363 7 7 103 29 0 70 0 0
304 49 1 1 14 0 0 0 0 0
328 21 1 1 7 0 0 7 0 0
331 7 0 0 0 0 0 0 0 0
348 14 0 0 7 3 0 0 0 0
349 14 1 1 0 0 0 0 0 0
350 64 1 1 96 1 0 0 0 0
fl=./elf/./elf/dl-runtime.c
fn=_dl_fixup
46 752 16 2 0 0 0 940 12 2
48 376 0 0 282 63 0 0 0 0
49 282 0 0 188 44 0 0 0 0
54 94 0 0 94 23 0 0 0 0
55 376 14 1 94 21 0 0 0 0
56 564 0 0 94 10 0 94 0 0
58 188 0 0 94 76 0 0 0 0
63 188 0 0 0 0 0 0 0 0
67 282 0 0 94 91 76 0 0 0
69 280 0 0 0 0 0 0 0 0
71 188 13 1 94 23 0 0 0 0
75 279 0 0 186 93 11 0 0 0
76 372 0 0 93 0 0 0 0 0
77 93 0 0 93 29 0 0 0 0
84 94 0 0 0 0 0 0 0 0
85 376 10 1 94 21 0 0 0 0
95 846 0 0 188 21 0 0 0 0
99 188 0 0 94 0 0 0 0 0
109 1128 7 1 376 0 0 94 0 0
124 376 0 0 94 0 0 0 0 0
125 10 0 0 0 0 0 5 0 0
133 188 0 0 94 0 0 0 0 0
159 282 0 0 94 9 0 0 0 0
162 94 15 1 94 0 0 0 0 0
163 564 10 1 940 0 0 0 0 0
fl=./elf/./elf/dl-setup_hash.c
fn=_dl_setup_hash
28 14 1 1 7 0 0 0 0 0
31 14 0 0 7 0 0 0 0 0
32 14 0 0 7 7 7 7 0 0
34 7 0 0 14 1 1 0 0 0
36 21 0 0 0 0 0 0 0 0
37 7 0 0 0 0 0 7 0 0
38 21 1 1 7 0 0 7 0 0
40 7 0 0 0 0 0 7 0 0
41 14 0 0 0 0 0 0 0 0
43 7 0 0 0 0 0 7 0 0
44 7 0 0 0 0 0 0 0 0
45 21 0 0 0 0 0 7 0 0
50 7 0 0 0 0 0 0 0 0
fl=./elf/./elf/dl-sort-maps.c
fn=_dl_sort_maps
140 86 0 0 14 0 0 0 0 0
181 2 0 0 0 0 0 0 0 0
182 2 2 1 2 0 0 0 0 0
183 36 2 1 0 0 0 0 0 0
184 56 0 0 28 0 0 14 0 0
211 26 2 1 0 0 0 2 0 0
216 4 0 0 0 0 0 2 0 0
218 2 0 0 0 0 0 2 0 0
219 10 0 0 0 0 0 0 0 0
221 26 0 0 0 0 0 0 0 0
223 14 2 1 14 0 0 0 0 0
226 42 0 0 14 0 0 0 0 0
244 4 0 0 2 0 0 0 0 0
263 10 2 1 0 0 0 0 0 0
276 8 2 1 2 0 0 0 0 0
283 2 2 1 0 0 0 0 0 0
298 24 3 1 0 0 0 24 0 0
306 6 0 0 2 1 0 0 0 0
310 18 2 1 24 0 0 0 0 0
fn=_dl_sort_maps_init
289 2 1 1 0 0 0 2 0 0
290 5 0 0 1 0 0 0 0 0
291 2 0 0 0 0 0 1 0 0
292 2 1 1 0 0 0 0 0 0
293 2 0 0 2 0 0 0 0 0
fn=dfs_traversal.part.0
135 98 2 1 0 0 0 84 0 0
140 104 0 0 31 0 0 0 0 0
143 42 0 0 14 0 0 14 0 0
145 28 0 0 14 2 0 0 0 0
147 148 0 0 53 5 0 11 0 0
156 28 3 1 7 0 0 0 0 0
171 42 0 0 14 0 0 14 0 0
172 14 0 0 0 0 0 14 0 0
173 56 1 1 84 0 0 0 0 0
fl=./elf/./elf/dl-tls.c
fn=_dl_add_to_slotinfo
1017 14 1 1 0 0 0 16 0 0
1023 2 0 0 2 0 0 0 0 0
1026 6 1 1 2 2 0 0 0 0
1027 2 0 0 0 0 0 0 0 0
1031 6 0 0 2 0 0 0 0 0
1065 2 0 0 0 0 0 0 0 0
1068 6 1 1 0 0 0 2 1 0
1069 10 0 0 2 1 0 2 0 0
1072 10 1 1 16 0 0 0 0 0
fn=_dl_allocate_tls_init
523 6 1 1 0 0 0 5 0 0
524 1 0 0 0 0 0 0 0 0
528 1 0 0 1 1 0 0 0 0
530 1 0 0 0 0 0 1 0 0
531 1 0 0 0 0 0 0 0 0
534 9 1 1 1 1 0 8 0 0
537 6 0 0 2 1 0 0 0 0
549 2 0 0 1 0 0 0 0 0
554 20 1 1 2 0 0 0 0 0
560 6 1 1 0 0 0 0 0 0
563 2 0 0 2 0 0 0 0 0
564 2 0 0 0 0 0 0 0 0
570 8 0 0 4 0 0 0 0 0
571 4 1 1 0 0 0 0 0 0
573 12 0 0 4 1 0 2 0 0
576 4 0 0 0 0 0 0 0 0
577 4 0 0 2 0 0 0 0 0
580 4 0 0 0 0 0 0 0 0
581 8 0 0 4 0 0 0 0 0
586 2 0 0 0 0 0 0 0 0
593 2 0 0 0 0 0 2 0 0
601 10 1 1 4 0 0 0 0 0
603 20 0 0 8 0 0 0 0 0
609 2 0 0 2 0 0 0 0 0
615 5 0 0 1 0 0 0 0 0
618 5 1 1 8 0 0 1 0 0
621 4 0 0 4 0 0 0 0 0
fn=_dl_allocate_tls_storage
417 4 1 1 0 0 0 5 0 0
430 3 0 0 1 0 0 0 0 0
431 2 0 0 1 0 0 0 0 0
432 1 0 0 0 0 0 0 0 0
452 5 1 1 0 0 0 0 0 0
459 4 0 0 0 0 0 0 0 0
464 2 0 0 0 0 0 1 0 0
466 3 0 0 0 0 0 0 0 0
467 1 0 0 0 0 0 0 0 0
470 5 1 1 5 0 0 0 0 0
fn=_dl_assign_tls_modid
128 3 1 1 1 0 0 0 0 0
141 3 1 1 1 0 0 0 0 0
181 3 0 0 1 0 0 0 0 0
183 3 0 0 0 0 0 1 0 0
186 2 0 0 0 0 0 1 0 0
fn=_dl_count_modids
192 2 1 1 0 0 0 2 0 0
194 5 1 1 1 0 0 0 0 0
195 1 0 0 1 0 0 0 0 0
210 2 0 0 2 0 0 0 0 0
fn=_dl_determine_tlsoffset
216 2 0 0 0 0 0 2 0 0
217 2 0 0 0 0 0 0 0 0
218 1 0 0 0 0 0 0 0 0
219 1 0 0 0 0 0 0 0 0
222 4 1 1 1 0 0 0 0 0
225 2 0 0 1 0 0 0 0 0
307 1 0 0 0 0 0 0 0 0
309 11 1 1 3 0 0 0 0 0
311 5 1 1 1 0 0 0 0 0
313 6 1 1 2 0 0 0 0 0
314 4 0 0 2 0 0 0 0 0
316 4 0 0 0 0 0 0 0 0
318 10 0 0 2 0 0 0 0 0
325 2 0 0 0 0 0 2 0 0
332 8 0 0 0 0 0 0 0 0
333 2 0 0 0 0 0 0 0 0
334 6 0 0 0 0 0 0 0 0
336 2 0 0 0 0 0 0 0 0
337 2 0 0 0 0 0 0 0 0
340 6 0 0 0 0 0 0 0 0
343 2 0 0 0 0 0 0 0 0
346 2 0 0 0 0 0 1 0 0
347 6 2 2 1 0 0 0 0 0
354 1 0 0 0 0 0 2 0 0
355 2 0 0 2 0 0 0 0 0
fn=_dl_tls_static_surplus_init
83 4 0 0 0 0 0 0 0 0
97 4 1 1 0 0 0 4 0 0
100 6 1 1 1 0 0 0 0 0
101 5 0 0 1 0 0 0 0 0
102 3 0 0 0 0 0 0 0 0
104 3 0 0 0 0 0 0 0 0
107 1 0 0 0 0 0 0 0 0
109 2 0 0 0 0 0 1 0 0
111 4 0 0 0 0 0 1 1 1
112 3 0 0 4 0 0 0 0 0
fn=allocate_dtv
360 4 1 1 0 0 0 4 0 0
365 3 0 0 1 0 0 0 0 0
369 1 0 0 0 0 0 0 0 0
371 1 0 0 0 0 0 0 0 0
374 3 0 0 0 0 0 1 1 1
380 1 0 0 0 0 0 1 0 0
386 3 0 0 4 0 0 0 0 0
fl=./elf/./elf/dl-tunables.c
fn=__GI___tunable_set_val
153 2 0 0 0 0 0 2 0 0
154 3 0 0 0 0 0 0 0 0
156 2 0 0 0 0 0 0 0 0
157 1 0 0 2 0 0 0 0 0
fn=__GI___tunables_init
42 46 1 1 17 0 0 0 0 0
45 14 0 0 0 0 0 0 0 0
48 736 1 1 125 8 8 0 0 0
52 14 0 0 0 0 0 0 0 0
56 58 0 0 0 0 0 0 0 0
261 4 2 2 0 0 0 4 0 0
267 3 0 0 1 0 0 0 0 0
281 1792 0 0 0 0 0 0 0 0
283 3 0 0 0 0 0 2 0 0
287 2814 1 1 896 31 31 0 0 0
304 3 0 0 4 0 0 0 0 0
fn=__tunable_get_val
387 56 0 0 0 0 0 56 1 1
390 251 2 2 28 25 23 0 0 0
399 37 0 0 27 17 0 10 0 0
409 21 1 1 0 0 0 18 0 0
416 224 1 1 28 0 0 0 0 0
418 56 0 0 56 0 0 0 0 0
fn=do_tunable_update_val
69 2 1 1 0 0 0 2 0 0
72 4 1 1 1 0 0 0 0 0
79 1 1 1 1 0 0 0 0 0
93 2 0 0 0 0 0 0 0 0
94 3 2 2 2 0 0 0 0 0
100 2 0 0 0 0 0 0 0 0
104 3 0 0 0 0 0 0 0 0
111 2 0 0 0 0 0 0 0 0
112 2 0 0 0 0 0 0 0 0
115 1 0 0 0 0 0 1 0 0
117 1 0 0 0 0 0 2 0 0
118 2 0 0 0 0 0 1 0 0
119 2 0 0 2 0 0 0 0 0
fl=./elf/./elf/dl-tunables.h
fn=__GI___tunables_init
160 404 1 1 174 1 1 0 0 0
161 485 0 0 0 0 0 0 0 0
fn=do_tunable_update_val
141 2 0 0 0 0 0 0 0 0
fl=./elf/./elf/dl-version.c
fn=_dl_check_all_versions
392 3 1 1 0 0 0 4 0 0
394 5 0 0 0 0 0 2 0 0
396 17 0 0 9 0 0 0 0 0
397 14 0 0 7 0 0 0 0 0
398 49 1 1 0 0 0 0 0 0
401 4 0 0 4 0 0 0 0 0
fn=_dl_check_map_versions
36 143 1 1 22 0 0 0 0 0
37 55 0 0 55 0 0 0 0 0
38 275 0 0 0 0 0 0 0 0
56 78 0 0 52 0 0 0 0 0
64 78 0 0 26 0 0 0 0 0
70 52 1 1 26 0 0 0 0 0
86 26 0 0 26 1 0 0 0 0
87 26 0 0 0 0 0 0 0 0
89 52 0 0 26 0 0 0 0 0
94 654 1 1 218 11 11 0 0 0
108 654 0 0 218 8 8 0 0 0
110 26 1 1 26 0 0 0 0 0
113 130 0 0 26 2 2 0 0 0
120 384 0 0 192 3 3 0 0 0
124 192 0 0 0 0 0 0 0 0
147 25 0 0 0 0 0 15 0 0
155 28 0 0 0 0 0 28 0 0
156 7 0 0 0 0 0 7 0 0
164 7 0 0 0 0 0 0 0 0
170 14 0 0 7 0 0 0 0 0
172 21 0 0 7 0 0 0 0 0
174 7 0 0 7 1 1 0 0 0
175 7 0 0 7 0 0 0 0 0
177 7 0 0 0 0 0 0 0 0
180 15 0 0 10 0 0 0 0 0
184 15 0 0 5 4 4 0 0 0
198 6 0 0 0 0 0 0 0 0
200 33 0 0 22 0 0 0 0 0
208 11 0 0 0 0 0 0 0 0
213 55 0 0 11 2 2 44 0 0
215 15 0 0 0 0 0 0 0 0
217 78 0 0 52 8 8 0 0 0
218 279 2 2 175 0 0 11 0 0
221 52 0 0 26 0 0 26 0 0
224 130 0 0 26 0 0 0 0 0
231 104 1 1 26 0 0 0 0 0
234 74 1 1 59 0 0 0 0 0
239 15 0 0 0 0 0 0 0 0
243 22 1 1 11 0 0 0 0 0
248 6 0 0 0 0 0 0 0 0
257 28 1 1 10 0 0 0 0 0
260 16 0 0 8 0 0 0 0 0
263 224 0 0 56 4 4 0 0 0
266 112 0 0 56 2 2 0 0 0
270 52 0 0 0 0 0 0 0 0
274 6 1 1 0 0 0 0 0 0
279 6 1 1 0 0 0 6 0 0
280 6 0 0 0 0 0 0 0 0
281 12 0 0 6 0 0 0 0 0
291 6 0 0 0 0 0 6 0 0
294 26 0 0 13 0 0 6 0 0
296 6 0 0 0 0 0 0 0 0
299 20 0 0 10 0 0 0 0 0
301 6 0 0 0 0 0 0 0 0
303 33 1 1 11 0 0 0 0 0
306 52 0 0 26 0 0 0 0 0
308 52 0 0 0 0 0 0 0 0
310 83 0 0 26 0 0 0 0 0
311 52 1 1 0 0 0 52 10 10
312 78 0 0 26 0 0 26 3 3
313 78 0 0 26 0 0 26 1 1
316 52 0 0 26 0 0 0 0 0
321 15 0 0 0 0 0 0 0 0
324 22 0 0 11 0 0 0 0 0
329 6 0 0 0 0 0 0 0 0
334 6 0 0 0 0 0 0 0 0
337 12 0 0 4 0 0 0 0 0
341 52 0 0 104 0 0 0 0 0
343 112 0 0 56 0 0 0 0 0
347 52 0 0 52 0 0 0 0 0
348 212 0 0 0 0 0 52 14 14
349 156 0 0 52 0 0 52 0 0
350 52 0 0 0 0 0 52 6 6
353 112 0 0 56 0 0 0 0 0
357 52 0 0 0 0 0 0 0 0
365 4 0 0 0 0 0 0 0 0
366 10 1 1 5 0 0 0 0 0
367 10 1 1 5 0 0 0 0 0
368 28 0 0 56 0 0 0 0 0
387 28 0 0 35 0 0 0 0 0
fl=./elf/./elf/do-rel.h
fn=_dl_relocate_object
49 42 0 0 14 0 0 0 0 0
50 28 0 0 28 0 0 0 0 0
51 14 0 0 7 0 0 0 0 0
53 70 1 1 28 0 0 0 0 0
80 14 0 0 0 0 0 0 0 0
83 1692 0 0 0 0 0 0 0 0
114 27 1 1 0 0 0 0 0 0
123 4198 0 0 0 0 0 0 0 0
126 20 0 0 10 6 0 0 0 0
129 18 0 0 9 1 0 0 0 0
131 494 0 0 28 0 0 0 0 0
133 588 1 1 441 94 85 0 0 0
134 441 0 0 0 0 0 294 0 0
135 147 0 0 0 0 0 0 0 0
136 441 0 0 147 0 0 0 0 0
150 829 1 1 147 0 0 0 0 0
151 93 1 1 62 1 0 0 0 0
180 21 1 1 0 0 0 0 0 0
182 30 0 0 12 2 2 12 0 0
183 6 0 0 0 0 0 0 0 0
196 78 3 3 6 0 0 0 0 0
fn=_dl_start
49 6 0 0 2 0 0 0 0 0
50 4 0 0 4 0 0 0 0 0
51 2 0 0 1 0 0 0 0 0
53 11 1 1 4 0 0 0 0 0
56 74 0 0 0 0 0 0 0 0
61 17 0 0 0 0 0 0 0 0
63 8 1 1 8 1 1 0 0 0
64 8 0 0 0 0 0 0 0 0
65 4 0 0 0 0 0 0 0 0
fl=./elf/./elf/get-dynamic-info.h
fn=_dl_map_object_from_fd
39 5 0 0 0 0 0 0 0 0
43 5 0 0 0 0 0 0 0 0
45 260 0 0 130 37 37 0 0 0
49 250 0 0 0 0 0 0 0 0
51 62 0 0 0 0 0 0 0 0
52 41 1 1 0 0 0 0 0 0
53 10 0 0 0 0 0 0 0 0
54 98 1 1 0 0 0 0 0 0
55 57 0 0 0 0 0 0 0 0
56 20 1 1 0 0 0 0 0 0
59 25 1 1 0 0 0 0 0 0
62 20 0 0 0 0 0 0 0 0
64 15 1 1 0 0 0 0 0 0
68 125 0 0 0 0 0 125 33 33
72 10 0 0 0 0 0 0 0 0
84 10 0 0 5 0 0 0 0 0
85 25 0 0 10 0 0 5 0 0
86 25 1 1 10 0 0 5 0 0
87 25 0 0 10 0 0 5 0 0
88 10 0 0 5 4 4 0 0 0
89 25 0 0 10 0 0 5 0 0
90 22 1 1 9 1 1 4 0 0
91 25 0 0 10 0 0 5 0 0
103 30 1 1 10 0 0 5 0 0
110 10 0 0 5 0 0 0 0 0
115 15 0 0 5 0 0 0 0 0
122 10 0 0 5 0 0 0 0 0
123 20 0 0 10 0 0 0 0 0
129 10 0 0 5 0 0 0 0 0
147 10 1 1 5 0 0 0 0 0
152 4 0 0 2 0 0 2 0 0
154 2 0 0 0 0 0 0 0 0
156 2 0 0 0 0 0 0 0 0
158 2 0 0 0 0 0 0 0 0
159 4 0 0 0 0 0 2 0 0
162 10 0 0 5 0 0 0 0 0
164 9 1 1 3 0 0 3 0 0
165 3 0 0 0 0 0 0 0 0
174 6 0 0 3 0 0 0 0 0
180 3 0 0 0 0 0 0 0 0
181 6 0 0 2 0 0 2 0 0
184 10 0 0 5 0 0 0 0 0
fl=./elf/./elf/libc-dl-profstub.c
fn=_dl_mcount_wrapper_check
36 205 0 0 0 0 0 0 0 0
37 820 12 1 410 22 0 0 0 0
38 205 0 0 0 0 0 0 0 0
fl=./elf/./elf/libc_early_init.c
fn=__libc_early_init
33 10 2 2 2 1 0 4 0 0
35 1 0 0 0 0 0 0 0 0
38 3 0 0 1 0 0 1 0 0
41 4 0 0 0 0 0 2 2 2
49 11 1 1 6 0 0 0 0 0
fl=./elf/./elf/rtld.c
fn=_dl_start
458 5 0 0 0 0 0 1 0 0
476 3 0 0 0 0 0 0 0 0
477 2 0 0 0 0 0 1 0 0
478 1 0 0 0 0 0 1 1 1
479 3 0 0 0 0 0 1 0 0
488 2 1 1 0 0 0 1 0 0
494 4 0 0 1 0 0 0 0 0
496 2 0 0 1 0 0 0 0 0
517 9 2 2 0 0 0 13 3 3
543 3 0 0 0 0 0 1 1 1
546 3 0 0 0 0 0 1 0 0
547 3 1 1 1 1 1 1 0 0
563 48 4 4 10 0 0 9 2 2
565 4 2 2 1 0 0 1 0 0
578 1 0 0 0 0 0 0 0 0
585 7 0 0 12 2 0 0 0 0
fn=dl_main
197 2 1 1 0 0 0 1 0 0
199 1 0 0 0 0 0 1 0 0
224 2 1 1 2 0 0 0 0 0
225 3 0 0 2 0 0 0 0 0
226 3 1 1 0 0 0 0 0 0
296 4 0 0 0 0 0 3 0 0
302 1 0 0 0 0 0 1 0 0
303 1 0 0 0 0 0 1 0 0
837 2 1 1 1 0 0 0 0 0
841 3 0 0 1 0 0 1 0 0
850 4 0 0 2 0 0 1 0 0
855 1 0 0 0 0 0 1 0 0
1115 1 0 0 1 0 0 0 0 0
1116 1 0 0 1 0 0 0 0 0
1118 1 0 0 0 0 0 0 0 0
1122 6 0 0 1 1 1 2 0 0
1124 3 1 1 1 0 0 1 0 0
1125 3 0 0 1 0 0 1 0 0
1140 1 0 0 0 0 0 0 0 0
1143 36 2 2 0 0 0 0 0 0
1144 84 2 2 10 4 4 0 0 0
1148 4 1 1 2 0 0 1 0 0
1149 1 0 0 0 0 0 0 0 0
1153 4 0 0 2 0 0 1 0 0
1154 6 0 0 2 0 0 1 0 0
1155 1 0 0 0 0 0 0 0 0
1163 4 1 1 0 0 0 1 1 1
1164 3 2 2 2 1 1 0 0 0
1166 1 0 0 0 0 0 1 0 0
1173 2 0 0 1 0 0 0 0 0
1191 2 0 0 0 0 0 0 0 0
1199 4 0 0 2 0 0 0 0 0
1200 7 0 0 3 1 1 0 0 0
1201 6 0 0 2 0 0 0 0 0
1202 1 0 0 0 0 0 1 0 0
1204 4 0 0 2 0 0 0 0 0
1205 6 0 0 0 0 0 0 0 0
1206 3 1 1 0 0 0 1 0 0
1209 6 0 0 2 1 1 0 0 0
1210 6 0 0 2 0 0 0 0 0
1211 2 0 0 0 0 0 2 0 0
1215 4 0 0 0 0 0 0 0 0
1221 2 0 0 1 0 0 0 0 0
1227 1 0 0 0 0 0 1 1 1
1228 2 0 0 1 1 1 1 0 0
1233 5 0 0 0 0 0 1 0 0
1234 2 0 0 1 0 0 1 0 0
1235 1 0 0 0 0 0 1 1 1
1238 6 0 0 1 0 0 2 1 1
1243 4 0 0 2 0 0 1 0 0
1244 1 0 0 0 0 0 0 0 0
1247 2 0 0 1 1 1 1 0 0
1248 2 0 0 1 0 0 1 0 0
1249 1 0 0 0 0 0 0 0 0
1253 21 1 1 0 0 0 0 0 0
1254 34 0 0 10 0 0 0 0 0
1266 2 0 0 1 0 0 0 0 0
1268 3 0 0 1 0 0 1 0 0
1269 2 0 0 1 0 0 0 0 0
1271 4 0 0 2 0 0 0 0 0
1346 12 1 1 0 0 0 13 4 4
1351 1 0 0 0 0 0 0 0 0
1352 1 0 0 0 0 0 0 0 0
1357 1 0 0 0 0 0 0 0 0
1373 5 0 0 2 0 0 1 0 0
1374 5 0 0 1 0 0 0 0 0
1637 9 1 1 0 0 0 1 0 0
1639 1 0 0 0 0 0 0 0 0
1640 1 1 1 0 0 0 1 0 0
1641 3 0 0 1 0 0 2 0 0
1642 2 0 0 1 0 0 1 0 0
1646 2 0 0 0 0 0 0 0 0
1647 6 0 0 2 0 0 1 0 0
1672 4 1 1 2 0 0 0 0 0
1673 6 1 1 3 0 0 0 0 0
1674 4 0 0 2 0 0 0 0 0
1675 4 0 0 1 0 0 1 0 0
1678 3 0 0 0 0 0 0 0 0
1680 1 0 0 0 0 0 2 0 0
1681 2 0 0 0 0 0 1 0 0
1683 2 0 0 1 0 0 0 0 0
1684 1 0 0 0 0 0 1 0 0
1688 4 0 0 2 0 0 0 0 0
1690 1 0 0 0 0 0 0 0 0
1698 2 1 1 1 0 0 0 0 0
1705 4 1 1 1 0 0 1 0 0
1708 3 0 0 1 0 0 0 0 0
1733 6 0 0 2 0 0 0 0 0
1735 1 1 1 0 0 0 1 0 0
1740 3 0 0 2 0 0 0 0 0
1743 4 1 1 2 0 0 1 0 0
1744 6 0 0 2 0 0 1 0 0
1745 3 0 0 1 0 0 1 0 0
1746 1 0 0 0 0 0 1 0 0
1747 3 0 0 1 0 0 1 0 0
1748 3 0 0 1 0 0 1 0 0
1759 5 1 1 1 1 1 0 0 0
1760 3 0 0 1 0 0 0 0 0
1762 2 0 0 1 0 0 0 0 0
1764 1 0 0 0 0 0 1 0 0
1765 4 1 1 1 0 0 1 1 1
1770 3 0 0 0 0 0 0 0 0
1771 8 0 0 1 1 1 0 0 0
1773 4 0 0 2 0 0 1 1 1
1774 2 1 1 1 0 0 1 0 0
1779 4 0 0 2 0 0 0 0 0
1788 3 1 1 0 0 0 0 0 0
1792 1 1 1 0 0 0 0 0 0
1793 2 0 0 1 0 0 0 0 0
1817 3 0 0 0 0 0 2 0 0
1823 2 0 0 0 0 0 1 0 0
1824 2 0 0 0 0 0 1 0 0
1825 1 0 0 0 0 0 0 0 0
1829 4 1 1 1 0 0 0 0 0
1834 3 0 0 2 0 0 0 0 0
1836 1 0 0 0 0 0 0 0 0
1838 2 0 0 1 0 0 0 0 0
1842 8 2 2 1 0 0 1 0 0
1847 2 0 0 1 0 0 0 0 0
1863 8 1 1 1 0 0 1 0 0
1939 2 0 0 1 0 0 0 0 0
1943 14 3 3 0 0 0 1 0 0
1944 1 0 0 0 0 0 0 0 0
1947 3 0 0 0 0 0 1 0 0
1948 1 0 0 1 0 0 0 0 0
1949 1 1 1 0 0 0 0 0 0
1950 2 0 0 0 0 0 0 0 0
1955 3 0 0 1 0 0 0 0 0
1965 9 1 1 1 0 0 1 0 0
1971 24 0 0 2 0 0 0 0 0
1972 32 1 1 15 0 0 7 0 0
1975 5 0 0 3 0 0 1 0 0
1976 1 0 0 0 0 0 0 0 0
1977 1 0 0 0 0 0 1 0 0
1979 19 0 0 0 0 0 0 0 0
1980 26 1 1 7 0 0 0 0 0
1984 2 0 0 0 0 0 0 0 0
1990 1 0 0 0 0 0 0 0 0
1992 5 0 0 2 0 0 1 0 0
1993 1 0 0 0 0 0 0 0 0
1995 4 1 1 1 0 0 1 0 0
1997 3 0 0 0 0 0 0 0 0
1999 3 0 0 1 0 0 0 0 0
2000 1 0 0 1 0 0 0 0 0
2001 3 0 0 0 0 0 0 0 0
2013 2 1 1 0 0 0 0 0 0
2014 3 0 0 1 0 0 1 0 0
2015 4 0 0 2 0 0 0 0 0
2026 4 0 0 1 0 0 1 0 0
2027 3 1 1 0 0 0 1 0 0
2028 8 0 0 0 0 0 1 0 0
2038 2 0 0 1 0 0 0 0 0
2039 2 0 0 1 0 0 0 0 0
2040 5 1 1 1 0 0 0 0 0
2042 1 0 0 0 0 0 0 0 0
2047 2 0 0 1 0 0 0 0 0
2246 4 1 1 1 0 0 1 0 0
2250 4 0 0 3 0 0 2 0 0
2256 2 0 0 1 0 0 1 0 0
2259 2 0 0 1 0 0 0 0 0
2267 2 0 0 1 0 0 0 0 0
2279 4 1 1 1 0 0 0 0 0
2282 3 0 0 1 0 0 1 0 0
2284 4 0 0 3 0 0 0 0 0
2285 7 1 1 2 0 0 1 0 0
2292 1 0 0 1 0 0 0 0 0
2293 24 0 0 0 0 0 0 0 0
2295 14 0 0 14 1 0 0 0 0
2300 14 1 1 14 7 0 0 0 0
2302 8 0 0 0 0 0 0 0 0
2304 8 0 0 0 0 0 1 1 0
2305 1 0 0 1 0 0 0 0 0
2308 21 0 0 7 0 0 7 0 0
2310 18 0 0 1 0 0 0 0 0
2311 43 0 0 12 6 0 0 0 0
2315 20 1 1 9 2 0 0 0 0
2316 6 0 0 0 0 0 0 0 0
2325 4 0 0 2 0 0 0 0 0
2329 5 1 1 2 0 0 0 0 0
2331 6 0 0 2 0 0 2 0 0
2338 3 0 0 0 0 0 0 0 0
2341 4 1 1 2 0 0 0 0 0
2345 7 0 0 3 1 0 0 0 0
2347 1 0 0 0 0 0 0 0 0
2357 2 0 0 0 0 0 1 0 0
2362 3 1 1 1 0 0 0 0 0
2365 1 0 0 0 0 0 0 0 0
2371 3 0 0 1 0 0 1 0 0
2372 8 0 0 3 0 0 0 0 0
2380 5 0 0 2 0 0 0 0 0
2387 1 0 0 0 0 0 0 0 0
2390 3 1 1 0 0 0 0 0 0
2394 3 0 0 0 0 0 0 0 0
2395 1 0 0 0 0 0 1 0 0
2396 1 0 0 0 0 0 0 0 0
2397 1 0 0 0 0 0 0 0 0
2401 1 0 0 0 0 0 0 0 0
2406 9 0 0 12 2 0 0 0 0
2598 5 0 0 1 0 0 2 1 1
2600 1 0 0 0 0 0 0 0 0
2602 10 0 0 0 0 0 0 0 0
2604 2 0 0 0 0 0 0 0 0
2606 84 0 0 21 0 0 0 0 0
2607 19 1 1 0 0 0 0 0 0
2609 4 0 0 0 0 0 0 0 0
2615 15 2 2 0 0 0 0 0 0
2640 5 1 1 1 0 0 0 0 0
2650 11 2 2 2 0 0 0 0 0
2652 2 0 0 0 0 0 1 0 0
2653 1 0 0 0 0 0 0 0 0
2687 12 1 1 2 0 0 0 0 0
2689 2 0 0 0 0 0 1 0 0
2690 3 1 1 0 0 0 1 0 0
2691 1 0 0 0 0 0 0 0 0
2727 5 2 2 1 0 0 0 0 0
2749 3 1 1 1 0 0 0 0 0
fn=do_preload
804 7 1 1 0 0 0 6 0 0
810 1 0 0 0 0 0 2 0 0
811 1 0 0 0 0 0 1 0 0
812 2 0 0 0 0 0 1 0 0
814 3 0 0 1 0 0 0 0 0
816 7 1 1 0 0 0 0 0 0
817 2 0 0 1 0 0 0 0 0
825 3 0 0 1 0 0 0 0 0
831 4 0 0 6 0 0 0 0 0
fn=handle_preload_list
183 7 0 0 1 0 0 2 0 0
869 7 1 1 0 0 0 6 2 2
870 4 1 1 0 0 0 2 0 0
874 4 0 0 2 0 0 0 0 0
877 5 1 1 0 0 0 0 0 0
878 3 0 0 0 0 0 0 0 0
880 5 0 0 0 0 0 0 0 0
881 1 0 0 0 0 0 1 0 0
887 1 1 1 0 0 0 0 0 0
888 1 0 0 1 0 0 0 0 0
889 2 0 0 0 0 0 0 0 0
891 2 0 0 1 0 0 0 0 0
892 5 0 0 0 0 0 0 0 0
895 9 1 1 10 0 0 0 0 0
fn=init_tls
734 5 1 1 0 0 0 6 0 0
736 4 1 1 1 0 0 1 0 0
740 2 0 0 1 0 0 0 0 0
746 1 0 0 0 0 0 0 0 0
749 1 1 1 0 0 0 1 0 0
751 1 0 0 0 0 0 0 0 0
755 1 0 0 0 0 0 0 0 0
756 1 0 0 0 0 0 1 0 0
757 1 0 0 0 0 0 1 0 0
761 2 0 0 1 1 1 0 0 0
762 2 0 0 0 0 0 0 0 0
763 9 0 0 1 0 0 0 0 0
764 7 0 0 7 0 0 0 0 0
765 14 0 0 7 0 0 0 0 0
769 6 0 0 0 0 0 2 1 1
773 5 1 1 1 0 0 0 0 0
776 2 0 0 0 0 0 0 0 0
779 1 0 0 0 0 0 0 0 0
786 2 0 0 0 0 0 0 0 0
787 1 0 0 0 0 0 0 0 0
793 2 0 0 1 0 0 1 0 0
797 3 0 0 0 0 0 1 0 0
800 5 1 1 6 0 0 0 0 0
fn=map_doit
641 4 1 1 0 0 0 3 1 1
643 3 0 0 1 0 0 0 0 0
644 6 1 1 2 0 0 1 0 0
646 3 0 0 3 0 0 0 0 0
fn=version_check_doit
674 4 1 1 0 0 0 3 0 0
676 6 1 1 2 0 0 0 0 0
680 3 0 0 3 0 0 0 0 0
fl=./elf/./get-dynamic-info.h
fn=_dl_start
45 44 0 0 22 6 6 0 0 0
49 42 0 0 0 0 0 0 0 0
51 12 0 0 0 0 0 0 0 0
52 8 0 0 0 0 0 0 0 0
53 1 0 0 0 0 0 0 0 0
54 19 1 1 0 0 0 0 0 0
55 12 0 0 0 0 0 0 0 0
56 4 1 1 0 0 0 0 0 0
59 5 0 0 0 0 0 0 0 0
62 4 1 1 0 0 0 0 0 0
64 3 0 0 0 0 0 0 0 0
68 23 1 1 0 0 0 21 8 8
72 2 0 0 0 0 0 0 0 0
84 2 0 0 1 0 0 0 0 0
85 6 1 1 2 0 0 1 0 0
86 6 0 0 2 0 0 1 0 0
87 6 0 0 2 0 0 1 0 0
88 3 1 1 1 1 1 0 0 0
89 6 0 0 2 0 0 1 0 0
90 6 1 1 2 0 0 1 0 0
91 6 0 0 2 0 0 1 0 0
103 8 1 1 2 0 0 1 0 0
110 2 0 0 1 0 0 0 0 0
115 3 0 0 1 0 0 0 0 0
122 2 1 1 1 0 0 0 0 0
123 5 0 0 2 0 0 0 0 0
129 2 0 0 1 0 0 0 0 0
133 3 1 1 1 0 0 0 0 0
134 2 0 0 1 0 0 0 0 0
139 5 0 0 2 0 0 0 0 0
142 6 0 0 2 0 0 0 0 0
fn=dl_main
39 2 1 1 1 0 0 0 0 0
43 1 0 0 0 0 0 0 0 0
45 56 0 0 28 8 8 0 0 0
49 54 0 0 0 0 0 0 0 0
51 8 0 0 0 0 0 0 0 0
52 6 0 0 0 0 0 0 0 0
53 1 0 0 0 0 0 0 0 0
54 13 1 1 0 0 0 0 0 0
55 7 1 1 0 0 0 0 0 0
56 4 1 1 0 0 0 0 0 0
59 5 0 0 0 0 0 0 0 0
62 4 1 1 0 0 0 0 0 0
64 3 0 0 0 0 0 0 0 0
68 27 1 1 0 0 0 27 6 6
72 2 0 0 1 0 0 0 0 0
110 2 0 0 1 0 0 0 0 0
115 3 0 0 1 0 0 0 0 0
122 2 1 1 1 0 0 0 0 0
123 4 0 0 2 0 0 0 0 0
129 2 1 1 1 1 1 0 0 0
147 2 0 0 1 0 0 0 0 0
162 2 1 1 1 1 1 0 0 0
184 2 0 0 1 0 0 0 0 0
fl=./elf/./setup-vdso.h
fn=dl_main
24 3 0 0 1 0 0 0 0 0
fl=./iconv/../iconv/loop.c
fn=__gconv_transform_ascii_internal
230 264 1 1 0 0 0 0 0 0
232 132 0 0 0 0 0 0 0 0
238 376 0 0 0 0 0 0 0 0
251 552 0 0 0 0 0 0 0 0
252 184 0 0 0 0 0 0 0 0
265 1488 2 2 312 0 0 56 1 1
269 132 0 0 0 0 0 132 0 0
fn=__gconv_transform_internal_utf8
230 5 1 1 0 0 0 0 0 0
232 5 0 0 0 0 0 10 0 0
238 50 1 1 0 0 0 0 0 0
243 30 0 0 0 0 0 0 0 0
244 15 0 0 0 0 0 0 0 0
251 30 0 0 0 0 0 0 0 0
265 135 0 0 15 0 0 45 0 0
269 5 0 0 0 0 0 5 0 0
270 15 0 0 30 0 0 0 0 0
297 65 1 1 5 0 0 35 0 0
fn=__gconv_transform_utf8_internal
230 136 0 0 0 0 0 0 0 0
231 68 0 0 0 0 0 0 0 0
232 68 0 0 0 0 0 0 0 0
238 3356 0 0 0 0 0 0 0 0
251 3220 0 0 0 0 0 0 0 0
252 1610 0 0 0 0 0 0 0 0
265 11270 13 1 1610 0 0 1610 14 0
269 68 10 1 0 0 0 68 0 0
297 136 12 1 68 0 0 0 0 0
fl=./iconv/../iconv/skeleton.c
fn=__gconv_transform_ascii_internal
331 2376 2 2 264 0 0 1584 0 0
332 264 0 0 0 0 0 264 0 0
333 132 0 0 0 0 0 0 0 0
334 132 0 0 0 0 0 0 0 0
337 264 0 0 132 0 0 0 0 0
347 132 1 1 0 0 0 0 0 0
443 528 1 1 132 0 0 264 0 0
444 132 0 0 132 0 0 0 0 0
448 132 0 0 0 0 0 132 0 0
449 660 0 0 0 0 0 132 0 0
493 132 0 0 132 0 0 0 0 0
499 264 0 0 132 0 0 0 0 0
500 132 0 0 0 0 0 0 0 0
518 132 0 0 0 0 0 0 0 0
525 396 0 0 264 0 0 132 0 0
529 132 0 0 0 0 0 0 0 0
532 132 0 0 0 0 0 132 0 0
536 528 1 1 264 0 0 132 0 0
538 264 0 0 264 0 0 0 0 0
547 264 0 0 0 0 0 132 0 0
663 2108 2 2 1716 0 0 0 0 0
fn=__gconv_transform_internal_utf8
331 95 2 2 10 0 0 55 0 0
332 5 0 0 0 0 0 0 0 0
333 5 0 0 0 0 0 0 0 0
334 5 0 0 0 0 0 0 0 0
337 10 0 0 5 0 0 0 0 0
347 5 1 1 0 0 0 0 0 0
443 20 0 0 5 0 0 10 0 0
444 5 0 0 5 0 0 0 0 0
448 5 0 0 0 0 0 5 0 0
449 15 0 0 0 0 0 0 0 0
459 5 0 0 0 0 0 0 0 0
462 20 1 1 10 0 0 0 0 0
518 5 0 0 0 0 0 0 0 0
525 15 0 0 10 0 0 5 0 0
529 5 0 0 0 0 0 0 0 0
532 5 0 0 0 0 0 5 0 0
536 55 2 2 25 0 0 5 0 0
637 25 0 0 10 0 0 0 0 0
663 75 2 2 65 0 0 0 0 0
fn=__gconv_transform_utf8_internal
331 1224 20 2 136 0 0 952 4 0
332 136 0 0 0 0 0 136 0 0
333 136 0 0 0 0 0 68 0 0
334 68 0 0 0 0 0 0 0 0
337 136 0 0 68 0 0 0 0 0
347 68 15 1 0 0 0 0 0 0
443 204 0 0 68 0 0 0 0 0
444 68 0 0 68 0 0 0 0 0
448 68 0 0 0 0 0 136 0 0
449 272 0 0 68 0 0 0 0 0
459 136 0 0 68 0 0 0 0 0
462 272 13 1 136 0 0 0 0 0
518 68 0 0 0 0 0 0 0 0
525 204 0 0 136 0 0 68 0 0
529 68 15 1 0 0 0 0 0 0
532 68 0 0 0 0 0 68 0 0
536 340 24 2 204 0 0 68 0 0
637 272 0 0 68 0 0 0 0 0
663 1088 19 2 1020 0 0 0 0 0
fl=./iconv/../sysdeps/unix/sysv/linux/not-cancel.h
fn=__gconv_load_cache
75 2 0 0 0 0 0 0 0 0
fl=./iconv/./iconv/gconv_builtin.c
fn=__gconv_get_builtin_trans
62 16 1 1 0 0 0 14 0 0
65 29 0 0 0 0 0 0 0 0
66 57 1 1 11 4 0 0 0 0
71 6 1 1 2 0 0 2 0 0
73 4 0 0 0 0 0 2 0 0
75 2 0 0 0 0 0 2 0 0
78 2 0 0 2 0 0 0 0 0
79 4 0 0 2 0 0 4 0 0
80 2 0 0 2 0 0 0 0 0
81 4 0 0 2 0 0 4 0 0
84 2 0 0 0 0 0 2 0 0
85 10 0 0 14 0 0 0 0 0
fl=./iconv/./iconv/gconv_cache.c
fn=__gconv_compare_alias_cache
223 48 2 2 12 0 0 18 0 0
227 18 0 0 6 0 0 0 0 0
230 48 0 0 0 0 0 18 0 0
231 24 1 1 0 0 0 0 0 0
232 6 0 0 12 0 0 0 0 0
234 24 1 1 12 0 0 6 0 0
236 12 0 0 6 0 0 0 0 0
237 60 0 0 30 0 0 0 0 0
fn=__gconv_load_cache
49 8 1 1 2 0 0 3 0 0
56 5 1 1 0 0 0 1 0 0
57 1 0 0 0 0 0 0 0 0
61 7 1 1 0 0 0 2 0 0
62 2 0 0 0 0 0 0 0 0
67 3 0 0 0 0 0 0 0 0
70 3 0 0 1 0 0 0 0 0
78 4 0 0 0 0 0 3 0 0
80 7 1 1 0 0 0 1 0 0
81 2 0 0 0 0 0 0 0 0
113 2 0 0 1 0 0 0 0 0
114 5 0 0 1 1 1 0 0 0
115 4 1 1 2 0 0 0 0 0
116 3 0 0 1 0 0 0 0 0
117 2 0 0 1 0 0 0 0 0
118 2 0 0 0 0 0 0 0 0
119 1 0 0 0 0 0 0 0 0
121 3 0 0 1 0 0 0 0 0
122 5 1 1 5 0 0 0 0 0
139 1 0 0 0 0 0 0 0 0
140 10 0 0 5 0 0 0 0 0
fn=__gconv_lookup_cache
243 22 2 1 4 0 0 18 0 0
253 6 0 0 2 1 0 0 0 0
258 10 0 0 2 1 0 0 0 0
259 2 0 0 0 0 0 0 0 0
260 2 1 1 2 0 0 0 0 0
262 14 0 0 0 0 0 8 0 0
263 22 0 0 6 0 0 2 0 0
266 2 0 0 0 0 0 0 0 0
268 10 2 2 0 0 0 0 0 0
269 18 0 0 6 0 0 0 0 0
272 6 0 0 0 0 0 2 0 0
275 10 1 1 2 0 0 0 0 0
279 3 0 0 0 0 0 0 0 0
354 2 0 0 1 1 1 0 0 0
355 4 1 1 1 0 0 0 0 0
361 8 1 1 0 0 0 3 0 0
362 2 0 0 0 0 0 0 0 0
365 3 0 0 1 0 0 2 0 0
366 3 0 0 0 0 0 3 0 0
369 1 0 0 0 0 0 0 0 0
371 3 0 0 3 0 0 0 0 0
372 3 0 0 0 0 0 2 0 0
374 2 0 0 0 0 0 1 0 0
375 1 1 1 0 0 0 1 1 0
378 4 0 0 2 0 0 0 0 0
381 1 0 0 0 0 0 0 0 0
382 1 0 0 1 0 0 0 0 0
394 6 1 1 1 0 0 1 0 0
397 2 0 0 1 0 0 0 0 0
401 4 0 0 4 0 0 0 0 0
403 1 0 0 0 0 0 0 0 0
405 4 0 0 0 0 0 0 0 0
406 3 0 0 1 0 0 2 1 0
408 2 0 0 0 0 0 1 0 0
409 1 0 0 0 0 0 1 1 0
412 5 1 1 3 0 0 0 0 0
415 1 0 0 0 0 0 0 0 0
416 1 0 0 1 0 0 0 0 0
430 2 0 0 0 0 0 0 0 0
433 6 1 1 5 0 0 1 0 0
437 28 0 0 22 0 0 0 0 0
fn=find_module_idx
145 144 2 1 0 0 0 192 0 0
154 48 0 0 16 0 0 0 0 0
155 16 0 0 16 0 0 0 0 0
157 16 0 0 16 0 0 0 0 0
159 16 0 0 0 0 0 0 0 0
160 48 0 0 16 0 0 0 0 0
161 64 0 0 0 0 0 0 0 0
163 48 2 1 32 0 0 0 0 0
164 144 2 1 32 6 4 0 0 0
165 64 0 0 0 0 0 0 0 0
166 160 0 0 0 0 0 0 0 0
168 32 2 1 16 1 1 16 0 0
172 16 0 0 0 0 0 0 0 0
173 64 0 0 0 0 0 0 0 0
177 112 0 0 192 0 0 0 0 0
fl=./iconv/./iconv/gconv_conf.c
fn=__gconv_load_conf
527 16 2 1 0 0 0 16 0 0
528 48 0 0 0 0 0 0 0 0
529 8 2 1 16 0 0 0 0 0
fn=__gconv_read_conf
463 8 2 2 2 0 0 3 0 0
464 6 0 0 2 0 0 3 0 0
468 2 0 0 0 0 0 0 0 0
471 3 0 0 3 0 0 1 0 0
514 10 1 1 5 0 0 0 0 0
fl=./iconv/./iconv/gconv_db.c
fn=__gconv_compare_alias
688 66 1 1 12 0 0 30 0 0
692 6 0 0 0 0 0 0 0 0
694 30 1 1 0 0 0 0 0 0
698 6 0 0 6 0 0 0 0 0
699 66 0 0 42 0 0 0 0 0
fn=__gconv_find_transform
706 34 2 2 4 0 0 22 0 0
712 2 0 0 0 0 0 0 0 0
715 16 0 0 0 0 0 0 0 0
717 14 1 1 0 0 0 0 0 0
718 4 0 0 0 0 0 0 0 0
721 14 1 1 0 0 0 0 0 0
763 30 1 1 26 0 0 0 0 0
fl=./intl/../include/../locale/localeinfo.h
fn=__dcigettext
222 198 10 1 33 13 0 0 0 0
fl=./intl/../string/argz.h
fn=_nl_make_l10nflist
138 20 0 0 5 0 0 5 0 0
139 20 0 0 0 0 0 0 0 0
141 20 0 0 5 0 0 0 0 0
144 20 1 1 0 0 0 0 0 0
fl=./intl/../string/bits/string_fortified.h
fn=__dcigettext
45 231 0 0 33 0 0 33 0 0
fn=_nl_make_l10nflist
29 48 1 1 0 0 0 0 0 0
fl=./intl/./intl/dcgettext.c
fn=dcgettext
46 66 12 1 0 0 0 66 0 0
47 165 0 0 0 0 0 0 0 0
48 33 0 0 66 0 0 0 0 0
fl=./intl/./intl/dcigettext.c
fn=__dcigettext
485 495 19 2 66 0 0 528 1 0
494 33 0 0 0 0 0 33 0 0
508 33 0 0 0 0 0 0 0 0
512 165 0 0 0 0 0 0 0 0
517 33 9 1 0 0 0 0 0 0
521 231 9 1 66 0 0 99 1 0
525 99 0 0 0 0 0 0 0 0
528 132 0 0 0 0 0 0 0 0
534 132 11 1 33 12 0 0 0 0
544 33 0 0 0 0 0 33 0 0
545 33 0 0 0 0 0 33 0 0
546 33 0 0 0 0 0 33 0 0
547 33 0 0 0 0 0 33 0 0
551 132 0 0 0 0 0 33 1 0
560 33 0 0 0 0 0 33 0 0
567 99 0 0 0 0 0 0 0 0
569 264 9 1 0 0 0 33 0 0
571 66 0 0 0 0 0 0 0 0
573 33 0 0 0 0 0 0 0 0
601 165 9 1 66 12 0 0 0 0
616 99 11 1 0 0 0 0 0 0
650 165 9 1 0 0 0 33 0 0
651 495 9 1 0 0 0 33 0 0
655 198 9 1 0 0 0 33 0 0
660 462 13 1 0 0 0 33 0 0
669 99 0 0 33 0 0 0 0 0
671 33 0 0 0 0 0 0 0 0
682 33 9 1 0 0 0 0 0 0
683 132 0 0 33 0 0 0 0 0
684 33 9 1 0 0 0 33 0 0
685 33 0 0 0 0 0 33 0 0
689 231 0 0 99 24 0 33 0 0
696 99 0 0 33 0 0 0 0 0
697 132 9 1 33 0 0 0 0 0
698 99 0 0 0 0 0 33 0 0
710 66 0 0 0 0 0 33 0 0
832 33 0 0 0 0 0 0 0 0
834 66 14 1 33 0 0 0 0 0
836 132 0 0 0 0 0 0 0 0
838 99 0 0 0 0 0 0 0 0
853 99 0 0 99 0 0 33 0 0
857 165 15 1 66 0 0 0 0 0
858 528 0 0 495 0 0 0 0 0
1536 99 0 0 0 0 0 0 0 0
1569 231 9 1 66 13 0 0 0 0
1570 33 0 0 0 0 0 0 0 0
fl=./intl/./intl/explodename.c
fn=_nl_explode_name
46 126 1 1 12 0 0 12 0 0
47 6 0 0 0 0 0 0 0 0
58 30 1 1 0 0 0 36 0 0
62 6 0 0 0 0 0 6 0 0
63 6 0 0 0 0 0 6 0 0
64 6 0 0 0 0 0 6 0 0
65 6 0 0 0 0 0 6 0 0
69 12 1 1 0 0 0 0 0 0
70 6 0 0 0 0 0 6 0 0
73 12 0 0 0 0 0 0 0 0
91 18 0 0 6 0 0 0 0 0
94 12 1 1 0 0 0 6 0 0
95 18 0 0 0 0 0 6 0 0
97 150 0 0 36 0 0 6 0 0
98 30 1 1 0 0 0 0 0 0
100 6 0 0 0 0 0 0 0 0
102 12 0 0 0 0 0 0 0 0
104 42 0 0 6 0 0 18 0 0
106 6 0 0 0 0 0 0 0 0
108 30 1 1 12 0 0 0 0 0
111 12 0 0 6 0 0 0 0 0
116 42 0 0 18 0 0 0 0 0
126 12 0 0 6 0 0 0 0 0
129 18 1 1 12 0 0 0 0 0
130 18 0 0 0 0 0 0 0 0
133 30 0 0 36 0 0 0 0 0
fl=./intl/./intl/hash-string.c
fn=__hash_string
32 32 2 1 0 0 0 32 0 0
37 16 0 0 0 0 0 0 0 0
38 276 0 0 130 1 1 0 0 0
41 228 2 1 0 0 0 0 0 0
42 114 0 0 0 0 0 0 0 0
46 342 0 0 0 0 0 0 0 0
50 32 0 0 32 0 0 0 0 0
fl=./intl/./intl/l10nflist.c
fn=_nl_make_l10nflist
73 4 0 0 0 0 0 0 0 0
74 39 0 0 0 0 0 0 0 0
76 36 1 1 0 0 0 0 0 0
77 24 1 1 0 0 0 0 0 0
79 12 0 0 0 0 0 0 0 0
96 36 0 0 0 0 0 0 0 0
98 24 0 0 0 0 0 0 0 0
99 24 0 0 0 0 0 0 0 0
101 24 0 0 0 0 0 0 0 0
102 36 0 0 0 0 0 0 0 0
140 20 0 0 0 0 0 0 0 0
141 20 0 0 0 0 0 0 0 0
142 12 1 1 0 0 0 0 0 0
143 4 0 0 0 0 0 0 0 0
157 192 2 2 0 0 0 192 0 0
166 60 0 0 0 0 0 0 0 0
167 48 0 0 0 0 0 0 0 0
169 48 0 0 0 0 0 12 0 0
171 72 1 1 8 0 0 0 0 0
173 84 0 0 8 0 0 12 0 0
175 60 1 1 0 0 0 12 0 0
176 36 0 0 12 0 0 0 0 0
178 12 0 0 0 0 0 0 0 0
188 36 1 1 0 0 0 12 0 0
189 24 0 0 0 0 0 0 0 0
191 24 0 0 12 0 0 0 0 0
196 12 0 0 0 0 0 0 0 0
198 16 0 0 0 0 0 8 0 0
199 16 1 1 8 0 0 0 0 0
201 24 1 1 12 0 0 0 0 0
203 16 0 0 0 0 0 8 0 0
204 16 0 0 8 0 0 0 0 0
206 24 0 0 12 0 0 0 0 0
212 24 0 0 0 0 0 12 0 0
213 36 0 0 12 0 0 0 0 0
217 12 1 1 0 0 0 0 0 0
218 80 0 0 40 1 0 12 0 0
219 52 0 0 26 0 0 0 0 0
221 52 0 0 0 0 0 0 0 0
222 52 0 0 0 0 0 0 0 0
225 19 0 0 0 0 0 0 0 0
232 16 0 0 0 0 0 0 0 0
235 10 1 1 5 0 0 0 0 0
237 16 0 0 0 0 0 0 0 0
238 8 0 0 0 0 0 0 0 0
242 12 0 0 0 0 0 0 0 0
243 16 0 0 0 0 0 4 0 0
244 12 1 1 4 0 0 0 0 0
245 4 0 0 0 0 0 0 0 0
251 12 0 0 0 0 0 4 1 1
255 4 0 0 0 0 0 4 0 0
256 36 0 0 0 0 0 0 0 0
258 4 0 0 0 0 0 4 1 1
260 8 1 1 0 0 0 0 0 0
262 6 0 0 3 0 0 3 0 0
263 6 0 0 3 0 0 3 0 0
267 2 0 0 1 0 0 1 0 0
268 1 0 0 0 0 0 1 0 0
275 12 0 0 0 0 0 0 0 0
276 25 0 0 0 0 0 0 0 0
277 20 0 0 0 0 0 0 0 0
284 5 0 0 0 0 0 0 0 0
285 95 1 1 35 0 0 30 0 0
290 24 1 1 4 0 0 0 0 0
291 4 0 0 0 0 0 0 0 0
292 8 0 0 0 0 0 0 0 0
300 8 0 0 0 0 0 4 0 0
303 108 1 1 144 0 0 0 0 0
fn=_nl_normalize_codeset
311 72 1 1 0 0 0 72 0 0
312 12 1 1 0 0 0 0 0 0
313 12 0 0 0 0 0 0 0 0
323 192 0 0 0 0 0 0 0 0
324 300 0 0 132 3 2 0 0 0
326 48 0 0 0 0 0 0 0 0
328 60 0 0 0 0 0 0 0 0
329 96 0 0 0 0 0 0 0 0
332 48 1 1 0 0 0 0 0 0
334 12 0 0 0 0 0 0 0 0
341 180 0 0 0 0 0 0 0 0
342 264 1 1 120 0 0 0 0 0
343 192 0 0 60 2 2 36 0 0
344 108 0 0 0 0 0 0 0 0
345 24 0 0 0 0 0 12 0 0
347 12 0 0 0 0 0 12 0 0
351 48 0 0 72 0 0 0 0 0
fl=./intl/./intl/localealias.c
fn=_nl_expand_alias
146 42 1 1 0 0 0 60 0 0
149 6 0 0 0 0 0 0 0 0
152 48 0 0 0 0 0 0 0 0
154 24 1 1 6 0 0 0 0 0
155 4 1 1 0 0 0 1 0 0
163 24 0 0 6 0 0 0 0 0
181 28 0 0 7 1 1 0 0 0
185 5 2 2 0 0 0 0 0 0
189 30 0 0 24 0 0 0 0 0
190 53 0 0 0 0 0 0 0 0
191 17 0 0 0 0 0 0 0 0
193 2 1 1 0 0 0 0 0 0
194 4 0 0 0 0 0 1 0 0
199 42 0 0 0 0 0 0 0 0
202 43 0 0 60 0 0 0 0 0
413 6 0 0 0 0 0 0 0 0
fn=read_alias_file
207 15 2 2 2 0 0 13 0 0
213 12 1 1 0 0 0 1 0 0
215 11 0 0 2 0 0 2 0 0
225 4 1 1 0 0 0 0 0 0
230 1 0 0 0 0 0 0 0 0
231 2 1 1 0 0 0 0 0 0
387 16 2 2 15 0 0 0 0 0
fl=./io/../sysdeps/posix/isatty.c
fn=isatty
24 192 19 1 48 0 0 72 0 0
27 96 0 0 0 0 0 0 0 0
28 240 19 1 120 0 0 0 0 0
fl=./io/../sysdeps/unix/sysv/linux/access.c
fn=access
25 3 1 1 0 0 0 2 0 0
29 9 1 1 0 0 0 1 0 0
31 3 0 0 2 0 0 0 0 0
fl=./io/../sysdeps/unix/sysv/linux/close.c
fn=close
26 54 18 1 0 0 0 54 0 0
27 180 18 1 18 0 0 0 0 0
28 72 0 0 54 0 0 0 0 0
fl=./io/../sysdeps/unix/sysv/linux/close_nocancel.c
fn=__GI___close_nocancel
25 12 1 1 0 0 0 12 0 0
26 30 0 0 0 0 0 0 0 0
27 12 1 1 12 0 0 0 0 0
fn=__close_nocancel
25 22 7 1 0 0 0 22 0 0
26 55 7 1 0 0 0 0 0 0
27 22 0 0 22 0 0 0 0 0
fl=./io/../sysdeps/unix/sysv/linux/fcntl64.c
fn=fcntl
38 40 2 1 8 0 0 24 0 0
42 24 0 0 0 0 0 20 0 0
48 12 2 1 0 0 0 0 0 0
51 12 2 1 0 0 0 0 0 0
52 48 2 1 28 0 0 0 0 0
fl=./io/../sysdeps/unix/sysv/linux/fcntl_nocancel.c
fn=__fcntl64_nocancel_adjusted
51 32 2 1 8 0 0 12 0 0
52 8 0 0 0 0 0 0 0 0
55 4 0 0 0 0 0 0 0 0
63 20 2 1 0 0 0 0 0 0
64 40 0 0 20 0 0 0 0 0
fl=./io/../sysdeps/unix/sysv/linux/fstat64.c
fn=fstat
30 112 25 2 0 0 0 112 1 1
39 280 0 0 0 0 0 0 0 0
72 112 3 1 112 0 0 0 0 0
fl=./io/../sysdeps/unix/sysv/linux/fstatat64.c
fn=fstatat
91 468 8 1 0 0 0 0 0 0
146 234 12 1 0 0 0 234 0 0
160 198 0 0 33 1 0 33 0 0
161 351 0 0 0 0 0 0 0 0
162 234 0 0 234 0 0 0 0 0
fl=./io/../sysdeps/unix/sysv/linux/getcwd.c
fn=getcwd
49 22 2 1 4 0 0 10 3 3
55 2 0 0 0 0 0 0 0 0
66 4 2 1 4 0 0 0 0 0
76 2 0 0 0 0 0 2 0 0
80 10 2 1 2 0 0 0 0 0
81 12 2 1 4 1 1 0 0 0
84 6 2 1 4 0 0 0 0 0
88 10 2 1 4 0 0 2 0 0
131 22 2 1 12 0 0 0 0 0
fl=./io/../sysdeps/unix/sysv/linux/lseek64.c
fn=lseek
28 76 17 1 0 0 0 76 0 0
40 246 1 0 3 0 0 3 0 0
42 76 13 1 76 0 0 0 0 0
fl=./io/../sysdeps/unix/sysv/linux/lstat64.c
fn=lstat
28 4 1 0 0 0 0 4 0 0
29 10 0 0 0 0 0 0 0 0
30 2 2 1 4 0 0 0 0 0
fl=./io/../sysdeps/unix/sysv/linux/open64.c
fn=open
30 312 20 1 48 11 0 168 0 0
33 168 20 1 0 0 0 0 0 0
41 348 20 1 30 0 0 6 0 0
43 312 1 1 192 0 0 0 0 0
fl=./io/../sysdeps/unix/sysv/linux/open64_nocancel.c
fn=__open_nocancel
28 204 15 3 28 3 0 86 2 2
31 168 0 0 0 0 0 0 0 0
39 157 3 3 3 0 0 7 0 0
41 160 7 1 90 0 0 0 0 0
fl=./io/../sysdeps/unix/sysv/linux/read.c
fn=read
25 108 19 1 0 0 0 144 0 0
26 360 20 1 36 0 0 0 0 0
27 144 0 0 144 0 0 0 0 0
fl=./io/../sysdeps/unix/sysv/linux/read_nocancel.c
fn=__read_nocancel
25 14 2 2 0 0 0 14 0 0
26 35 2 2 0 0 0 0 0 0
27 14 0 0 14 0 0 0 0 0
fl=./io/../sysdeps/unix/sysv/linux/readlink.c
fn=readlink
28 16 2 1 0 0 0 8 1 1
32 46 2 1 3 0 0 3 0 0
34 8 2 1 8 0 0 0 0 0
fl=./io/../sysdeps/unix/sysv/linux/stat64.c
fn=stat
28 230 21 1 0 0 0 230 0 0
29 575 0 0 0 0 0 0 0 0
30 115 0 0 230 0 0 0 0 0
fl=./io/../sysdeps/unix/sysv/linux/write.c
fn=write
25 3 1 1 0 0 0 4 0 0
26 10 1 1 1 0 0 0 0 0
27 4 0 0 4 0 0 0 0 0
fl=./libio/../include/printf_buffer.h
fn=__vsnprintf_internal
125 2 0 0 0 0 0 4 0 0
127 2 0 0 0 0 0 4 0 0
128 4 0 0 0 0 0 2 0 0
137 2 0 0 0 0 0 0 0 0
fn=__vsprintf_internal
125 1 0 0 0 0 0 2 0 0
127 1 0 0 0 0 0 2 0 0
128 2 0 0 0 0 0 1 0 0
fl=./libio/../libio/libioP.h
fn=_IO_seekoff_unlocked
1025 6 0 0 0 0 0 0 0 0
1026 4 0 0 0 0 0 0 0 0
fn=ftello
979 2 1 1 0 0 0 0 0 0
fl=./libio/../string/bits/string_fortified.h
fn=_IO_file_xsgetn
29 36 1 1 0 0 0 0 0 0
fl=./libio/./libio/filedoalloc.c
fn=_IO_file_doallocate
78 10 1 1 2 0 0 5 0 0
84 8 0 0 3 0 0 0 0 0
86 4 0 0 1 0 0 0 0 0
97 5 0 0 1 0 0 0 0 0
98 1 1 1 0 0 0 0 0 0
101 3 0 0 0 0 0 0 0 0
102 1 0 0 0 0 0 0 0 0
104 4 1 1 0 0 0 0 0 0
105 1 0 0 0 0 0 0 0 0
106 11 0 0 7 0 0 0 0 0
fl=./libio/./libio/fileno.c
fn=fileno
32 16 4 1 0 0 0 16 0 0
35 32 0 0 16 12 3 0 0 0
42 16 0 0 16 0 0 0 0 0
fl=./libio/./libio/fileops.c
fn=_IO_file_close
1165 2 1 1 0 0 0 2 0 0
1168 2 0 0 1 0 0 0 0 0
1169 1 0 0 2 0 0 0 0 0
fn=_IO_file_close_it@@GLIBC_2.17
128 3 1 1 0 0 0 3 0 0
130 3 1 1 1 0 0 0 0 0
133 2 0 0 0 0 0 0 0 0
134 5 0 0 1 0 0 2 0 0
137 1 0 0 0 0 0 0 0 0
139 2 0 0 0 0 0 0 0 0
141 1 0 0 1 0 0 0 0 0
142 7 0 0 2 0 0 0 0 0
145 3 0 0 1 0 0 0 0 0
153 5 1 1 0 0 0 0 0 0
154 4 0 0 0 0 0 3 0 0
157 2 1 1 0 0 0 0 0 0
158 3 0 0 0 0 0 1 0 0
159 2 0 0 0 0 0 1 0 0
160 3 0 0 2 0 0 1 0 0
162 2 0 0 0 0 0 0 0 0
163 4 1 1 3 0 0 0 0 0
fn=_IO_file_finish@@GLIBC_2.17
168 4 1 1 0 0 0 4 0 0
169 3 0 0 1 0 0 0 0 0
175 3 1 1 0 0 0 0 0 0
176 2 0 0 4 0 0 0 0 0
fn=_IO_file_fopen@@GLIBC_2.17
213 80 4 1 16 0 0 40 0 0
214 8 4 1 0 0 0 0 0 0
222 24 4 1 8 0 0 0 0 0
223 7 3 1 0 0 0 0 0 0
224 32 0 0 8 3 1 0 0 0
227 8 0 0 0 0 0 0 0 0
228 40 0 0 16 0 0 16 0 0
238 16 0 0 0 0 0 0 0 0
245 20 0 0 0 0 0 0 0 0
247 150 8 2 18 0 0 0 0 0
268 6 2 1 2 0 0 2 0 0
269 2 0 0 0 0 0 0 0 0
271 2 0 0 0 0 0 0 0 0
272 6 0 0 2 0 0 2 0 0
273 2 0 0 0 0 0 0 0 0
281 40 4 1 0 0 0 0 0 0
284 8 0 0 0 0 0 0 0 0
287 4 0 0 0 0 0 0 0 0
288 1 0 0 0 0 0 0 0 0
357 96 3 0 56 0 0 0 0 0
fn=_IO_file_open
182 72 4 1 0 0 0 40 0 0
184 16 4 1 8 0 0 0 0 0
185 6 0 0 0 0 0 0 0 0
188 12 0 0 0 0 0 0 0 0
189 8 0 0 0 0 0 0 0 0
190 14 3 1 0 0 0 0 0 0
191 1 0 0 0 0 0 1 0 0
192 7 0 0 1 0 0 1 0 0
195 3 1 1 0 0 0 0 0 0
205 2 1 0 0 0 0 0 0 0
206 1 0 0 0 0 0 0 0 0
207 32 0 0 40 0 0 0 0 0
fn=_IO_file_read
1131 4 0 0 0 0 0 4 0 0
1133 4 0 0 4 0 0 0 0 0
1134 2 0 0 0 0 0 0 0 0
1135 2 0 0 4 0 0 0 0 0
fn=_IO_file_seek
1140 2 0 0 0 0 0 2 0 0
1141 2 0 0 1 0 0 0 0 0
1142 1 0 0 2 0 0 0 0 0
fn=_IO_file_seekoff@@GLIBC_2.17
847 2 1 1 1 0 0 0 0 0
849 2 0 0 4 0 0 0 0 0
851 1 1 1 1 0 0 0 0 0
856 3 0 0 0 0 0 0 0 0
866 2 0 0 0 0 0 0 0 0
867 3 0 0 2 0 0 0 0 0
880 3 2 2 1 0 0 0 0 0
890 2 1 1 0 0 0 0 0 0
901 20 1 1 4 0 0 10 0 0
909 4 1 1 0 0 0 2 0 0
914 1 0 0 0 0 0 0 0 0
915 5 0 0 2 0 0 2 0 0
918 4 0 0 1 0 0 0 0 0
930 2 0 0 1 0 0 0 0 0
943 2 0 0 0 0 0 0 0 0
947 3 2 2 2 0 0 0 0 0
949 3 0 0 1 0 0 0 0 0
1035 2 0 0 0 0 0 0 0 0
1036 6 0 0 2 0 0 0 0 0
1037 2 0 0 0 0 0 0 0 0
1039 5 0 0 5 0 0 1 0 0
1040 1 0 0 0 0 0 1 0 0
1041 2 0 0 1 0 0 2 0 0
1042 2 0 0 0 0 0 4 0 0
1055 22 0 0 14 0 0 0 0 0
fn=_IO_file_stat
1147 2 1 1 0 0 0 2 0 0
1148 2 1 1 1 0 0 0 0 0
1149 1 0 0 2 0 0 0 0 0
fn=_IO_file_sync@@GLIBC_2.17
793 8 2 2 0 0 0 8 0 0
798 6 0 0 4 1 1 0 0 0
800 2 0 0 4 0 0 0 0 0
801 4 0 0 0 0 0 0 0 0
812 6 1 1 0 0 0 2 0 0
816 6 1 1 8 0 0 0 0 0
fn=_IO_file_underflow@@GLIBC_2.17
462 8 1 1 0 0 0 8 0 0
466 4 0 0 2 0 0 0 0 0
469 2 0 0 0 0 0 0 0 0
475 6 0 0 4 0 0 0 0 0
478 8 1 1 2 0 0 8 0 0
490 6 0 0 0 0 0 0 0 0
499 4 1 1 0 0 0 0 0 0
506 4 0 0 0 0 0 0 0 0
512 2 0 0 2 0 0 0 0 0
513 2 0 0 0 0 0 4 0 0
514 2 0 0 0 0 0 4 0 0
515 2 0 0 0 0 0 4 0 0
517 12 0 0 6 0 0 0 0 0
519 4 1 1 0 0 0 0 0 0
526 6 0 0 2 0 0 2 0 0
535 6 0 0 2 0 0 0 0 0
536 2 0 0 0 0 0 1 0 0
537 8 0 0 12 0 0 0 0 0
538 6 0 0 8 0 0 0 0 0
fn=_IO_file_xsgetn
1273 96 1 1 0 0 0 96 0 0
1280 24 0 0 12 0 0 0 0 0
1283 2 1 1 1 0 0 0 0 0
1288 3 1 1 0 0 0 0 0 0
1291 48 0 0 0 0 0 0 0 0
1293 28 0 0 28 0 0 0 0 0
1294 28 0 0 0 0 0 0 0 0
1297 36 0 0 12 0 0 12 0 0
1302 2 0 0 0 0 0 0 0 0
1310 4 0 0 2 0 0 0 0 0
1319 4 0 0 2 0 0 0 0 0
1320 8 0 0 2 0 0 0 0 0
1322 8 0 0 0 0 0 0 0 0
1361 60 1 1 96 0 0 0 0 0
fn=_IO_new_file_init_internal
106 32 4 1 0 0 0 32 0 0
110 16 0 0 0 0 0 8 0 0
111 32 0 0 8 0 0 8 0 0
113 8 0 0 0 0 0 0 0 0
114 8 0 0 0 0 0 8 0 0
115 24 4 1 32 0 0 0 0 0
fl=./libio/./libio/fseek.c
fn=fseek
32 8 2 2 0 0 0 7 0 0
35 2 0 0 1 0 0 0 0 0
36 7 1 1 0 0 0 0 0 0
39 6 1 1 7 0 0 0 0 0
fl=./libio/./libio/ftello.c
fn=ftello
38 5 1 1 0 0 0 5 0 0
41 2 0 0 1 0 0 0 0 0
42 6 1 1 0 0 0 0 0 0
43 2 1 1 1 0 0 0 0 0
49 2 0 0 0 0 0 0 0 0
61 5 0 0 5 0 0 0 0 0
fl=./libio/./libio/genops.c
fn=_IO_cleanup
776 6 0 0 0 0 0 2 0 0
777 12 1 1 2 0 0 2 0 0
780 10 2 2 6 0 0 0 0 0
784 3 0 0 0 0 0 3 0 0
785 30 0 0 12 0 0 6 0 0
792 4 0 0 0 0 0 0 0 0
794 4 1 1 2 0 0 0 0 0
808 2 0 0 2 0 0 0 0 0
814 5 0 0 0 0 0 3 0 0
816 25 2 2 6 0 0 6 0 0
817 3 0 0 0 0 0 3 0 0
821 10 1 1 3 0 0 2 0 0
822 2 1 1 0 0 0 0 0 0
842 12 2 2 2 0 0 11 0 0
843 2 0 0 0 0 0 0 0 0
855 15 0 0 13 0 0 0 0 0
fn=_IO_default_finish
54 2 0 0 1 0 0 0 0 0
601 4 1 1 0 0 0 3 0 0
603 2 0 0 1 0 0 0 0 0
609 2 0 0 1 0 0 0 0 0
612 2 1 1 1 0 0 0 0 0
624 3 0 0 3 0 0 0 0 0
fn=_IO_doallocbuf
343 4 1 1 0 0 0 4 0 0
344 2 0 0 1 0 0 0 0 0
346 3 0 0 1 0 0 1 0 0
347 6 1 1 2 1 0 0 0 0
350 4 1 1 5 0 0 0 0 0
fn=_IO_flush_all
686 12 1 1 2 0 0 11 0 0
687 2 1 1 0 0 0 0 0 0
691 6 2 2 0 0 0 2 0 0
692 12 0 0 2 1 0 2 0 0
695 10 2 2 6 3 0 0 0 0
697 3 0 0 0 0 0 3 0 0
698 34 1 1 12 2 0 6 0 0
700 18 1 1 9 1 0 0 0 0
705 2 0 0 0 0 0 2 0 0
708 30 1 1 12 0 0 6 0 0
709 3 0 0 0 0 0 3 0 0
713 10 1 1 3 0 0 2 0 0
714 2 1 1 0 0 0 0 0 0
718 15 1 1 13 0 0 0 0 0
fn=_IO_link_in
87 90 4 1 18 0 0 45 0 0
88 18 0 0 9 0 0 0 0 0
90 24 4 1 0 0 0 24 0 0
92 48 0 0 0 0 0 16 0 0
93 104 8 2 16 4 1 32 0 0
94 8 0 0 0 0 0 8 0 0
95 64 8 2 24 0 0 16 0 0
97 24 0 0 8 3 0 8 0 0
98 8 0 0 0 0 0 8 0 0
100 32 0 0 8 0 0 16 0 0
101 16 0 0 0 0 0 8 0 0
102 56 4 1 8 0 0 16 0 0
103 16 4 1 0 0 0 0 0 0
106 123 0 0 95 0 0 0 0 0
fn=_IO_no_init
563 64 4 1 0 0 0 48 0 0
564 8 0 0 0 0 0 0 0 0
565 8 0 0 0 0 0 8 4 1
566 8 0 0 0 0 0 0 0 0
568 8 0 0 0 0 0 8 0 0
572 32 4 1 0 0 0 40 0 0
579 8 0 0 0 0 0 8 4 1
581 8 0 0 0 0 0 8 3 0
587 8 0 0 0 0 0 8 0 0
588 32 0 0 48 0 0 0 0 0
fn=_IO_old_init
531 16 4 1 0 0 0 16 0 0
532 24 4 1 0 0 0 8 0 0
534 40 0 0 8 4 1 0 0 0
539 48 0 0 0 0 0 48 4 1
544 16 0 0 0 0 0 16 0 0
550 8 0 0 0 0 0 8 0 0
555 16 0 0 8 0 0 0 0 0
556 16 0 0 0 0 0 16 4 1
558 16 0 0 16 0 0 0 0 0
fn=_IO_setb
329 16 2 2 0 0 0 12 0 0
330 7 0 0 4 0 0 0 0 0
331 1 0 0 0 0 0 0 0 0
333 2 0 0 0 0 0 4 0 0
335 12 0 0 1 0 0 2 0 0
338 8 0 0 12 0 0 0 0 0
fn=_IO_sgetn
409 36 1 1 0 0 0 36 0 0
411 48 0 0 24 1 0 0 0 0
412 24 1 1 36 0 0 0 0 0
fn=_IO_switch_to_get_mode
164 8 1 1 0 0 0 8 0 0
165 8 0 0 4 0 0 0 0 0
168 4 1 1 2 0 0 0 0 0
172 4 0 0 2 0 0 2 0 0
173 6 0 0 2 0 0 0 0 0
176 2 0 0 0 0 0 2 0 0
178 4 0 0 0 0 0 4 0 0
180 4 1 1 0 0 0 2 0 0
181 2 0 0 0 0 0 0 0 0
182 6 0 0 8 0 0 0 0 0
fn=_IO_un_link
53 18 4 1 0 0 0 18 0 0
54 18 0 0 9 0 0 0 0 0
82 18 0 0 18 0 0 0 0 0
fn=_IO_unsave_markers
937 8 1 1 0 0 0 6 0 0
939 4 0 0 2 0 0 0 0 0
944 4 1 1 2 0 0 0 0 0
946 6 0 0 6 0 0 0 0 0
fn=__GI__IO_un_link.part.0
52 96 8 2 16 0 0 72 0 0
58 48 0 0 0 0 0 16 0 0
59 96 4 1 16 0 0 16 0 0
60 8 0 0 0 0 0 8 0 0
61 58 4 1 22 0 0 14 0 0
63 32 7 2 8 0 0 0 0 0
65 23 1 1 0 0 0 0 0 0
66 24 4 1 8 0 0 8 0 0
74 16 4 1 0 0 0 8 0 0
76 57 0 0 14 0 0 14 0 0
77 16 0 0 0 0 0 8 0 0
78 49 3 1 8 0 0 16 0 0
79 16 4 1 0 0 0 0 0 0
82 104 0 0 88 0 0 0 0 0
fn=__underflow
269 8 1 1 0 0 0 8 0 0
270 8 0 0 2 0 0 1 0 0
275 4 0 0 2 0 0 0 0 0
278 6 0 0 4 0 0 0 0 0
280 4 0 0 2 0 0 0 0 0
286 4 1 1 2 0 0 0 0 0
291 4 1 1 2 0 0 0 0 0
293 10 0 0 4 1 0 0 0 0
294 4 0 0 8 0 0 0 0 0
fl=./libio/./libio/iofclose.c
fn=fclose@@GLIBC_2.17
34 6 2 2 0 0 0 7 0 0
48 2 0 0 1 0 0 0 0 0
49 1 1 1 0 0 0 0 0 0
51 3 0 0 1 0 0 0 0 0
52 1 1 1 0 0 0 0 0 0
53 3 1 1 0 0 0 0 0 0
57 5 0 0 2 0 0 0 0 0
58 3 1 1 1 0 0 0 0 0
71 2 0 0 1 0 0 0 0 0
76 6 0 0 7 0 0 0 0 0
fl=./libio/./libio/iofflush.c
fn=fflush
32 10 1 1 0 0 0 10 0 0
33 2 1 1 0 0 0 0 0 0
39 28 3 3 8 5 0 4 0 0
40 12 0 0 4 2 0 0 0 0
44 10 0 0 10 0 0 0 0 0
fl=./libio/./libio/iofopen.c
fn=__fopen_internal
37 2 0 0 1 0 0 0 0 0
57 64 4 1 0 0 0 56 0 0
65 16 4 1 0 0 0 0 0 0
67 8 0 0 0 0 0 0 0 0
68 7 0 0 0 0 0 0 0 0
70 16 0 0 0 0 0 8 4 1
72 64 0 0 0 0 0 0 0 0
73 24 0 0 0 0 0 8 0 0
74 16 4 1 0 0 0 0 0 0
75 48 0 0 0 0 0 0 0 0
78 14 3 1 0 0 0 0 0 0
79 14 0 0 0 0 0 0 0 0
81 48 1 0 56 0 0 0 0 0
fn=fopen@@GLIBC_2.17
85 16 4 1 0 0 0 16 0 0
86 16 0 0 0 0 0 0 0 0
87 8 0 0 16 0 0 0 0 0
fl=./libio/./libio/iofread_u.c
fn=fread_unlocked
34 36 1 1 0 0 0 48 0 0
35 12 0 0 0 0 0 0 0 0
38 12 0 0 0 0 0 0 0 0
40 72 0 0 0 0 0 12 0 0
41 48 1 1 12 0 0 0 0 0
42 60 0 0 48 0 0 0 0 0
fl=./libio/./libio/ioseekoff.c
fn=_IO_seekoff_unlocked
33 18 1 1 0 0 0 14 0 0
34 4 1 1 0 0 0 0 0 0
43 7 1 1 2 0 0 0 0 0
59 16 1 1 4 0 0 0 0 0
60 8 0 0 14 0 0 0 0 0
fl=./libio/./libio/iovsprintf.c
fn=__vsprintf_internal
37 14 2 2 2 0 0 4 0 0
45 1 0 0 0 0 0 0 0 0
47 1 0 0 0 0 0 1 0 0
52 2 0 0 0 0 0 0 0 0
62 6 0 0 2 0 0 2 0 0
66 3 1 1 2 0 0 0 0 0
68 1 0 0 0 0 0 1 0 0
70 2 0 0 0 0 0 0 0 0
71 11 1 1 6 0 0 0 0 0
fl=./libio/./libio/libioP.h
fn=_IO_cleanup
1025 3 1 1 0 0 0 2 0 0
fn=_IO_doallocbuf
1025 3 0 0 0 0 0 0 0 0
1026 2 0 0 0 0 0 0 0 0
fn=_IO_file_close_it@@GLIBC_2.17
1025 3 1 1 0 0 0 0 0 0
1026 2 0 0 0 0 0 0 0 0
fn=_IO_file_doallocate
1025 3 0 0 0 0 0 0 0 0
1026 2 1 1 0 0 0 0 0 0
fn=_IO_file_seekoff@@GLIBC_2.17
1025 3 1 1 0 0 0 0 0 0
1026 2 1 1 0 0 0 0 0 0
fn=_IO_file_underflow@@GLIBC_2.17
1025 4 1 1 0 0 0 0 0 0
1026 4 0 0 0 0 0 0 0 0
fn=_IO_file_xsgetn
1025 24 1 1 0 0 0 0 0 0
fn=_IO_flush_all
1025 3 0 0 0 0 0 0 0 0
fn=_IO_sgetn
1025 36 0 0 0 0 0 0 0 0
1026 24 0 0 0 0 0 0 0 0
fn=__underflow
1025 6 0 0 0 0 0 0 0 0
1026 4 0 0 0 0 0 0 0 0
fn=fclose@@GLIBC_2.17
952 10 1 1 3 1 0 0 0 0
958 2 0 0 0 0 0 0 0 0
979 3 0 0 1 0 0 0 0 0
980 8 0 0 3 0 0 2 0 0
1025 3 0 0 0 0 0 0 0 0
1026 2 1 1 0 0 0 0 0 0
fn=fflush
979 4 0 0 2 0 0 0 0 0
980 16 0 0 6 0 0 4 0 0
1025 6 0 0 0 0 0 0 0 0
1026 4 0 0 0 0 0 0 0 0
fn=fseek
979 2 0 0 1 0 0 0 0 0
fl=./libio/./libio/vsnprintf.c
fn=__vsnprintf_internal
63 2 0 0 0 0 0 0 0 0
66 2 0 0 0 0 0 2 2 2
75 6 0 0 4 0 0 0 0 0
76 2 0 0 0 0 0 2 0 0
87 4 0 0 0 0 0 0 0 0
93 26 2 2 4 0 0 8 0 0
96 12 1 1 4 0 0 4 0 0
98 22 1 1 12 0 0 0 0 0
fl=./libio/./libio/vtables.c
fn=check_stdfiles_vtables
545 2 0 0 0 0 0 2 0 0
546 8 1 1 2 1 0 0 0 0
547 5 1 1 2 1 0 0 0 0
548 6 0 0 2 1 0 0 0 0
550 2 0 0 2 0 0 0 0 0
fl=./locale/../iconv/gconv_charset.h
fn=_nl_find_locale
58 12 0 0 0 0 0 0 0 0
60 144 1 1 72 0 0 0 0 0
62 396 1 1 72 0 0 0 0 0
63 570 1 1 0 0 0 0 0 0
64 240 0 0 60 4 4 60 0 0
74 36 2 2 0 0 0 0 0 0
75 84 0 0 0 0 0 0 0 0
77 12 0 0 0 0 0 12 0 0
78 6 0 0 0 0 0 0 0 0
85 504 2 2 198 1 1 96 0 0
fl=./locale/../string/bits/string_fortified.h
fn=_nl_find_locale
29 24 0 0 0 0 0 0 0 0
fn=_nl_intern_locale_data
59 11 0 0 0 0 0 2 0 0
fn=_nl_load_locale_from_archive
29 24 0 0 0 0 0 0 0 0
fl=./locale/../sysdeps/unix/sysv/linux/not-cancel.h
fn=_nl_load_locale
75 2 0 0 0 0 0 0 0 0
fl=./locale/./locale/findlocale.c
fn=_nl_find_locale
65 162 0 0 8 0 0 0 0 0
74 18 0 0 0 0 0 0 0 0
77 12 0 0 0 0 0 0 0 0
81 42 1 1 0 0 0 0 0 0
84 12 0 0 0 0 0 0 0 0
86 6 0 0 0 0 0 0 0 0
87 42 0 0 12 0 0 0 0 0
95 30 0 0 0 0 0 0 0 0
103 901 2 2 106 0 0 583 0 0
106 106 0 0 53 0 0 53 0 0
114 106 0 0 53 0 0 0 0 0
118 200 1 1 0 0 0 50 0 0
120 150 0 0 0 0 0 50 0 0
122 184 0 0 0 0 0 46 0 0
123 4 0 0 4 0 0 0 0 0
124 230 1 1 0 0 0 46 0 0
131 220 1 1 4 0 0 0 0 0
132 30 0 0 0 0 0 0 0 0
136 94 0 0 0 0 0 47 0 0
137 188 1 1 47 2 0 0 0 0
145 12 0 0 6 0 0 6 0 0
149 6 0 0 0 0 0 0 0 0
152 18 0 0 0 0 0 0 0 0
153 6 0 0 0 0 0 0 0 0
158 18 1 1 6 0 0 6 0 0
159 6 1 1 0 0 0 0 0 0
167 12 0 0 0 0 0 0 0 0
168 6 0 0 0 0 0 0 0 0
178 18 0 0 6 0 0 6 0 0
181 84 1 1 0 0 0 6 0 0
196 42 1 1 0 0 0 0 0 0
198 12 0 0 0 0 0 0 0 0
204 90 0 0 30 0 0 18 0 0
210 6 0 0 0 0 0 0 0 0
214 15 1 1 5 0 0 3 0 0
219 1 0 0 0 0 0 0 0 0
225 6 0 0 0 0 0 0 0 0
226 18 1 1 6 0 0 0 0 0
228 12 1 1 6 0 0 0 0 0
231 12 0 0 6 0 0 0 0 0
234 26 1 1 7 0 0 0 0 0
236 14 0 0 7 0 0 0 0 0
237 6 0 0 0 0 0 0 0 0
238 21 0 0 14 0 0 0 0 0
243 6 0 0 0 0 0 6 0 0
244 12 0 0 0 0 0 0 0 0
256 12 0 0 6 0 0 0 0 0
279 6 0 0 0 0 0 0 0 0
280 18 0 0 12 1 1 0 0 0
281 12 0 0 0 0 0 0 0 0
282 6 0 0 0 0 0 0 0 0
285 84 1 1 0 0 0 6 0 0
288 84 1 1 0 0 0 6 0 0
291 24 0 0 0 0 0 0 0 0
301 18 0 0 12 0 0 0 0 0
305 4 1 1 1 0 0 0 0 0
306 1 0 0 0 0 0 0 0 0
307 18 0 0 6 0 0 0 0 0
308 5 0 0 0 0 0 0 0 0
310 4 0 0 0 0 0 1 0 0
314 12 1 1 6 0 0 0 0 0
316 12 1 1 6 0 0 0 0 0
319 18 0 0 6 0 0 0 0 0
321 3 0 0 0 0 0 1 0 0
324 742 2 2 689 0 0 0 0 0
fl=./locale/./locale/lc-ctype.c
fn=_nl_postload_ctype
33 18 1 1 0 0 0 18 0 0
38 27 1 1 9 0 0 0 0 0
57 9 0 0 0 0 0 0 0 0
58 9 0 0 0 0 0 18 1 0
59 18 0 0 9 0 0 0 0 0
60 9 0 0 0 0 0 9 0 0
61 18 0 0 18 0 0 0 0 0
65 54 0 0 18 0 0 0 0 0
67 27 1 1 9 0 0 9 0 0
69 27 0 0 9 0 0 9 0 0
71 27 0 0 9 0 0 9 0 0
112 18 0 0 18 0 0 0 0 0
fl=./locale/./locale/loadarchive.c
fn=_nl_load_locale_from_archive
134 90 1 1 12 0 0 84 0 0
135 6 1 1 6 0 0 0 0 0
153 12 0 0 0 0 0 0 0 0
159 24 0 0 6 1 0 0 0 0
169 18 1 1 0 0 0 0 0 0
170 30 0 0 6 0 0 0 0 0
172 30 1 1 0 0 0 0 0 0
173 30 0 0 0 0 0 0 0 0
174 6 1 1 0 0 0 0 0 0
175 12 1 1 0 0 0 0 0 0
176 24 0 0 0 0 0 0 0 0
181 18 0 0 0 0 0 0 0 0
182 18 0 0 0 0 0 0 0 0
183 90 2 2 0 0 0 6 0 0
184 48 0 0 0 0 0 0 0 0
187 6 0 0 0 0 0 0 0 0
189 18 1 1 0 0 0 0 0 0
194 24 1 1 6 0 0 0 0 0
202 2 0 0 0 0 0 1 0 0
205 5 0 0 0 0 0 0 0 0
206 1 0 0 0 0 0 0 0 0
265 10 0 0 5 0 0 0 0 0
499 90 1 1 90 0 0 0 0 0
fl=./locale/./locale/loadlocale.c
fn=_nl_intern_locale_data
69 1 0 0 1 0 0 0 0 0
72 1 0 0 0 0 0 0 0 0
74 33 1 1 6 0 0 0 0 0
76 10 0 0 10 0 0 0 0 0
79 60 2 2 20 0 0 0 0 0
81 1 0 0 0 0 0 0 0 0
86 10 0 0 0 0 0 0 0 0
87 10 0 0 0 0 0 10 0 0
88 10 0 0 0 0 0 0 0 0
89 1 0 0 0 0 0 1 0 0
90 27 0 0 9 0 0 0 0 0
99 3 1 1 0 0 0 0 0 0
112 1 0 0 0 0 0 0 0 0
115 2 0 0 0 0 0 0 0 0
123 3 1 1 0 0 0 4 0 0
133 7 1 1 0 0 0 4 0 0
134 12 1 1 1 1 1 0 0 0
141 8 0 0 2 1 1 2 0 0
143 2 0 0 0 0 0 0 0 0
144 1 0 0 0 0 0 0 0 0
152 1 0 0 0 0 0 0 0 0
153 1 0 0 0 0 0 0 0 0
156 4 1 1 0 0 0 0 0 0
157 1 0 0 0 0 0 0 0 0
161 1 0 0 0 0 0 2 1 1
166 2 0 0 0 0 0 1 0 0
169 1 1 1 0 0 0 1 0 0
171 2 0 0 1 0 0 1 0 0
172 270 0 0 0 0 0 0 0 0
174 176 1 1 89 5 5 0 0 0
175 179 1 1 1 0 0 0 0 0
186 7 1 1 0 0 0 0 0 0
206 1 0 0 0 0 0 0 0 0
210 174 0 0 0 0 0 0 0 0
213 430 1 1 86 6 6 0 0 0
214 207 1 1 69 0 0 69 9 9
217 40 0 0 0 0 0 0 0 0
219 20 0 0 0 0 0 20 2 2
220 40 0 0 40 5 5 0 0 0
228 4 0 0 4 0 0 0 0 0
fn=_nl_load_locale
232 30 2 2 4 0 0 26 0 0
240 4 0 0 0 0 0 2 0 0
241 2 0 0 0 0 0 2 0 0
243 6 0 0 2 0 0 0 0 0
244 2 0 0 0 0 0 0 0 0
248 5 1 1 0 0 0 0 0 0
254 4 0 0 1 0 0 0 0 0
279 4 0 0 2 0 0 0 0 0
289 8 1 1 1 0 0 0 0 0
291 2 0 0 0 0 0 0 0 0
328 1 0 0 0 0 0 0 0 0
332 4 0 0 1 0 0 0 0 0
333 2 0 0 0 0 0 0 0 0
344 1 0 0 0 0 0 1 0 0
345 1 0 0 0 0 0 1 0 0
347 1 0 0 0 0 0 1 0 0
348 30 2 2 30 0 0 0 0 0
fl=./locale/./locale/localeinfo.h
fn=_nl_find_locale
222 286 2 2 56 1 1 0 0 0
fn=new_composite_name
222 84 0 0 72 0 0 0 0 0
fl=./locale/./locale/localename.c
fn=__current_locale_name
24 132 10 1 0 0 0 132 1 0
25 330 11 1 132 0 0 0 0 0
26 198 0 0 198 0 0 0 0 0
fl=./locale/./locale/nl_langinfo.c
fn=nl_langinfo
30 10 3 1 0 0 0 10 0 0
31 25 0 0 10 1 0 0 0 0
32 5 0 0 10 0 0 0 0 0
fn=nl_langinfo_l
31 5 3 1 0 0 0 10 0 0
fl=./locale/./locale/nl_langinfo_l.c
fn=nl_langinfo_l
31 5 0 0 0 0 0 0 0 0
32 5 0 0 0 0 0 0 0 0
36 15 0 0 0 0 0 0 0 0
42 20 0 0 0 0 0 0 0 0
58 5 0 0 5 2 0 0 0 0
61 15 2 0 5 2 0 0 0 0
66 10 0 0 5 3 0 0 0 0
67 10 0 0 10 0 0 0 0 0
fl=./locale/./locale/setlocale.c
fn=new_composite_name
139 108 2 2 0 0 0 108 0 0
144 9 0 0 0 0 0 0 0 0
146 756 1 1 0 0 0 0 0 0
150 312 1 1 48 0 0 0 0 0
151 203 1 1 60 0 0 0 0 0
152 324 0 0 0 0 0 0 0 0
153 441 0 0 108 0 0 0 0 0
154 318 0 0 48 0 0 0 0 0
158 9 0 0 0 0 0 0 0 0
161 21 0 0 3 0 0 0 0 0
170 18 1 1 0 0 0 0 0 0
171 12 0 0 0 0 0 0 0 0
174 432 0 0 0 0 0 0 0 0
179 216 1 1 36 0 0 0 0 0
180 129 1 1 36 0 0 0 0 0
181 144 0 0 0 0 0 0 0 0
182 84 0 0 0 0 0 72 0 0
183 216 0 0 0 0 0 0 0 0
184 144 0 0 0 0 0 72 0 0
186 6 0 0 0 0 0 6 0 0
188 72 0 0 108 0 0 0 0 0
fn=setlocale
195 205 1 1 62 0 0 0 0 0
198 60 0 0 0 0 0 0 0 0
199 8 0 0 0 0 0 0 0 0
201 30 1 1 0 0 0 14 0 0
210 106 0 0 48 0 0 53 0 0
211 168 0 0 53 2 1 0 0 0
212 9 0 0 0 0 0 0 0 0
218 150 2 2 30 0 0 75 0 0
225 30 0 0 0 0 0 0 0 0
230 45 0 0 0 0 0 30 0 0
231 36 2 2 18 1 0 0 0 0
234 36 0 0 0 0 0 0 0 0
236 81 1 1 9 0 0 36 0 0
250 9 0 0 0 0 0 18 0 0
252 36 0 0 0 0 0 0 0 0
253 9 0 0 0 0 0 0 0 0
265 34 1 1 0 0 0 12 0 0
277 160 1 1 0 0 0 0 0 0
278 96 0 0 0 0 0 0 0 0
279 48 0 0 0 0 0 48 0 0
281 20 0 0 0 0 0 4 0 0
327 176 1 1 0 0 0 0 0 0
334 104 0 0 0 0 0 0 0 0
335 96 0 0 0 0 0 0 0 0
337 336 1 1 96 0 0 48 0 0
341 48 0 0 0 0 0 0 0 0
355 144 0 0 48 11 1 0 0 0
359 240 1 1 48 0 0 0 0 0
361 21 0 0 3 0 0 0 0 0
363 4 0 0 0 0 0 2 0 0
366 3 1 1 0 0 0 1 0 0
367 1 0 0 0 0 0 0 0 0
375 16 0 0 0 0 0 0 0 0
376 12 0 0 0 0 0 0 0 0
379 204 1 1 0 0 0 0 0 0
380 96 0 0 0 0 0 0 0 0
382 96 1 1 0 0 0 0 0 0
383 96 0 0 48 0 0 0 0 0
389 20 1 1 8 0 0 4 0 0
398 8 0 0 0 0 0 0 0 0
401 8 0 0 4 0 0 0 0 0
402 8 0 0 4 0 0 0 0 0
404 20 0 0 32 0 0 0 0 0
409 5 0 0 0 0 0 5 0 0
414 30 1 1 10 0 0 0 0 0
416 5 0 0 0 0 0 0 0 0
424 15 1 1 5 0 0 0 0 0
425 2 0 0 0 0 0 1 0 0
429 25 0 0 5 0 0 0 0 0
431 6 0 0 0 0 0 3 0 0
432 3 0 0 0 0 0 0 0 0
437 20 0 0 0 0 0 0 0 0
438 5 1 1 0 0 0 0 0 0
452 5 0 0 5 0 0 0 0 0
457 25 1 1 10 2 0 5 0 0
461 10 0 0 0 0 0 0 0 0
464 10 0 0 5 0 0 0 0 0
466 25 0 0 35 0 0 0 0 0
468 180 0 0 105 0 0 0 0 0
fl=./locale/./locale/uselocale.c
fn=uselocale
30 198 0 0 0 0 0 132 0 0
31 264 9 1 132 0 0 0 0 0
33 66 0 0 0 0 0 0 0 0
36 198 0 0 0 0 0 0 0 0
37 66 0 0 0 0 0 66 0 0
65 198 0 0 66 0 0 66 0 0
66 264 0 0 198 26 0 66 0 0
68 264 9 0 132 9 0 66 0 0
72 132 0 0 0 0 0 0 0 0
73 198 0 0 132 0 0 0 0 0
fl=./malloc/../string/bits/string_fortified.h
fn=_int_realloc
29 132 0 0 0 0 0 0 0 0
fn=calloc
59 236 6 1 234 0 0 0 0 0
fn=tcache_init.part.0
59 4 0 0 0 0 0 0 0 0
fl=./malloc/../sysdeps/unix/sysv/linux/not-cancel.h
fn=ptmalloc_init.part.0
97 6 0 0 0 0 0 0 0 0
fl=./malloc/./malloc/alloc_buffer_alloc_array.c
fn=__libc_alloc_buffer_alloc_array
25 18 1 1 0 0 0 12 0 0
26 6 0 0 6 0 0 0 0 0
28 24 1 1 0 0 0 0 0 0
30 24 0 0 0 0 0 0 0 0
31 6 0 0 0 0 0 0 0 0
32 6 0 0 0 0 0 0 0 0
33 12 0 0 0 0 0 0 0 0
34 24 0 0 0 0 0 0 0 0
35 18 0 0 6 0 0 0 0 0
38 12 1 1 0 0 0 6 0 0
45 12 0 0 12 0 0 0 0 0
fl=./malloc/./malloc/arena.c
fn=calloc
153 80 0 0 40 0 0 0 0 0
fn=free
153 14496 35 1 0 0 0 0 0 0
fn=malloc
153 5726 0 0 2863 0 0 0 0 0
264 1 1 1 0 0 0 0 0 0
fn=ptmalloc_init.part.0
262 10 2 2 2 0 0 7 0 0
267 4 0 0 0 0 0 1 0 0
274 6 2 2 1 0 0 0 0 0
292 3 0 0 1 0 0 0 0 0
296 8 1 1 1 0 0 1 1 0
300 5 0 0 0 0 0 0 0 0
301 5 0 0 0 0 0 0 0 0
302 5 1 1 0 0 0 0 0 0
303 5 0 0 0 0 0 0 0 0
304 5 0 0 0 0 0 0 0 0
305 5 1 1 0 0 0 0 0 0
306 5 0 0 0 0 0 0 0 0
308 5 0 0 0 0 0 0 0 0
309 5 0 0 0 0 0 0 0 0
310 5 1 1 0 0 0 0 0 0
313 5 0 0 0 0 0 0 0 0
314 5 1 1 0 0 0 0 0 0
316 4 0 0 1 1 1 0 0 0
326 12 0 0 9 0 0 0 0 0
fn=realloc
153 1560 0 0 195 0 0 0 0 0
fl=./malloc/./malloc/malloc.c
fn=_int_free
1792 2877 0 0 2877 22 0 0 0 0
1992 6714 0 0 2238 0 0 0 0 0
3163 3644 20 1 911 0 0 1822 0 0
3165 1822 12 1 911 203 0 0 0 0
3166 911 0 0 0 0 0 911 0 0
3167 1822 0 0 0 0 0 911 0 0
4495 22728 23 1 0 0 0 22728 28 1
4499 7576 0 0 3788 0 0 0 0 0
4505 15152 0 0 0 0 0 7576 0 0
4506 7576 0 0 0 0 0 0 0 0
4510 15152 17 1 0 0 0 0 0 0
4517 7576 0 0 0 0 0 0 0 0
4518 45456 3 1 11364 38 0 0 0 0
4521 3463 0 0 0 0 0 0 0 0
4527 21103 0 0 6926 43 1 0 0 0
4547 17315 0 0 6926 243 0 0 0 0
4550 911 0 0 0 0 0 0 0 0
4561 5754 0 0 0 0 0 0 0 0
4572 8952 14 1 2238 785 0 0 0 0
4574 8952 0 0 2238 5 0 0 0 0
4593 2238 0 0 0 0 0 0 0 0
4595 6714 0 0 0 0 0 2238 10 0
4596 2238 0 0 0 0 0 0 0 0
4600 2238 0 0 2238 0 0 0 0 0
4602 11190 13 1 2238 3 0 0 0 0
4606 4476 0 0 0 0 0 0 0 0
4608 4476 0 0 0 0 0 2238 0 0
4609 2238 0 0 0 0 0 2238 0 0
4628 8952 0 0 0 0 0 0 0 0
4629 18 0 0 6 0 0 0 0 0
4637 1278 12 0 639 0 0 0 0 0
4640 1917 0 0 639 21 0 0 0 0
4643 639 0 0 0 0 0 0 0 0
4646 3195 13 0 1278 0 0 0 0 0
4658 17662 11 1 29026 0 0 0 0 0
fn=_int_free_create_chunk
4713 5112 49 1 0 0 0 3834 14 0
4714 1917 0 0 639 0 0 0 0 0
4717 1240 26 1 620 287 0 0 0 0
4720 620 0 0 0 0 0 0 0 0
4721 436 3 0 0 0 0 0 0 0
4722 436 0 0 0 0 0 0 0 0
4724 1608 0 0 402 0 0 402 0 0
4732 620 0 0 0 0 0 0 0 0
4733 620 0 0 620 31 0 0 0 0
4734 1860 0 0 620 23 0 0 0 0
4737 620 0 0 0 0 0 1240 17 1
4738 1240 0 0 0 0 0 0 0 0
4740 523 0 0 0 0 0 1046 22 1
4743 620 0 0 0 0 0 620 0 0
4744 620 21 1 0 0 0 620 0 0
4746 1240 0 0 0 0 0 620 0 0
4747 620 0 0 0 0 0 620 0 0
4756 19 1 0 0 0 0 0 0 0
4757 38 0 0 0 0 0 19 0 0
4758 19 0 0 0 0 0 19 0 0
4763 2556 13 0 3834 0 0 0 0 0
fn=_int_free_maybe_consolidate.part.0
4769 140 24 2 28 20 0 70 0 0
4778 42 0 0 14 0 0 0 0 0
4779 4 2 1 0 0 0 0 0 0
4781 56 0 0 0 0 0 0 0 0
4784 112 10 0 42 15 0 0 0 0
4785 18 2 1 8 0 0 0 0 0
4798 138 10 1 92 3 0 0 0 0
fn=_int_free_merge_chunk
1992 1917 0 0 639 0 0 0 0 0
4665 3834 28 1 0 0 0 4473 0 0
4666 639 0 0 0 0 0 0 0 0
4670 1917 0 0 639 34 0 0 0 0
4673 3834 0 0 639 27 0 0 0 0
4675 1917 33 2 639 136 0 0 0 0
4678 1278 27 1 639 175 0 0 0 0
4681 639 0 0 0 0 0 0 0 0
4682 1278 0 0 0 0 0 0 0 0
4683 1917 0 0 639 25 0 0 0 0
4689 1278 0 0 639 0 0 0 0 0
4691 207 0 0 207 0 0 0 0 0
4692 207 0 0 0 0 0 0 0 0
4693 207 0 0 0 0 0 0 0 0
4694 828 1 0 207 50 0 0 0 0
4696 414 0 0 0 0 0 0 0 0
4700 3834 30 1 0 0 0 0 0 0
4702 3209 0 0 4473 0 0 0 0 0
4776 1917 0 0 0 0 0 0 0 0
fn=_int_malloc
1326 2950 0 0 0 0 0 0 0 0
1336 29500 40 1 2950 0 0 17700 9 1
1345 11800 0 0 0 0 0 0 0 0
1794 2944 0 0 2944 0 0 0 0 0
1985 2323 2 0 2961 0 0 0 0 0
3159 27 0 0 0 0 0 0 0 0
3163 111 5 1 33 0 0 66 0 0
3165 66 0 0 33 6 0 0 0 0
3166 33 0 0 0 0 0 33 0 0
3167 93 0 0 0 0 0 33 0 0
3168 27 0 0 0 0 0 0 0 0
3178 12 0 0 6 0 0 0 0 0
3182 12 0 0 0 0 0 0 0 0
3186 30 1 0 6 0 0 6 0 0
3190 18 5 1 6 0 0 6 0 0
3191 6 0 0 0 0 0 6 0 0
3199 12 5 1 6 0 0 0 0 0
3846 8850 37 1 0 0 0 11800 48 1
3887 2950 2 1 0 0 0 0 0 0
3914 5936 1 1 6 0 0 12 0 0
3916 4414 0 0 0 0 0 0 0 0
3919 4420 0 0 2213 7 0 0 0 0
3921 2213 0 0 0 0 0 0 0 0
3930 11065 3 1 4426 0 0 0 0 0
3934 8152 4 1 0 0 0 0 0 0
3977 1474 22 1 0 0 0 0 0 0
3979 6226 12 1 0 0 0 4414 0 0
3980 5332 27 1 0 0 0 0 0 0
3982 7998 0 0 2666 201 0 0 0 0
3984 12 0 0 12 11 0 0 0 0
3985 36 0 0 12 5 0 0 0 0
3987 48 0 0 12 8 0 12 0 0
3988 12 0 0 0 0 0 12 0 0
3989 12 0 0 0 0 0 12 0 0
3991 48 7 1 0 0 0 0 0 0
3997 24 0 0 0 0 0 0 0 0
3998 144 5 1 36 0 0 0 0 0
4003 114 0 0 24 2 0 0 0 0
4004 186 2 0 36 0 0 0 0 0
4006 27 0 0 0 0 0 0 0 0
4008 27 0 0 27 0 0 0 0 0
4009 108 0 0 27 10 0 27 0 0
4010 81 6 1 0 0 0 0 0 0
4012 54 0 0 0 0 0 27 0 0
4013 27 0 0 0 0 0 27 17 0
4020 12 0 0 0 0 0 0 0 0
4039 1974 6 2 0 0 0 568 0 0
4040 852 0 0 284 59 0 0 0 0
4041 45 1 0 0 0 0 0 0 0
4058 8812 0 0 0 0 0 0 0 0
4059 5876 0 0 0 0 0 0 0 0
4060 23502 19 1 8813 0 0 0 0 0
4069 2366 0 0 0 0 0 0 0 0
4070 16571 26 2 3414 118 0 0 0 0
4072 1312 0 0 1312 17 0 0 0 0
4073 2624 0 0 1312 63 0 0 0 0
4074 1312 0 0 0 0 0 0 0 0
4076 2624 0 0 0 0 0 0 0 0
4077 3936 0 0 1312 53 0 0 0 0
4079 1312 0 0 1312 94 0 0 0 0
4080 3936 0 0 0 0 0 0 0 0
4081 5308 2 1 0 0 0 5308 0 0
4082 5248 4 1 1312 0 0 0 0 0
4084 3936 0 0 1312 21 0 0 0 0
4085 3936 0 0 1312 0 0 0 0 0
4087 1312 0 0 0 0 0 0 0 0
4098 3936 0 0 0 0 0 0 0 0
4099 2985 5 1 995 41 0 0 0 0
4100 1772 7 1 0 0 0 0 0 0
4101 886 0 0 0 0 0 0 0 0
4104 827 0 0 0 0 0 0 0 0
4105 827 28 0 0 0 0 0 0 0
4106 827 0 0 0 0 0 1654 0 0
4107 827 0 0 0 0 0 827 0 0
4108 827 0 0 0 0 0 1654 317 13
4109 1654 0 0 0 0 0 0 0 0
4111 715 0 0 0 0 0 1430 113 2
4115 5789 24 1 0 0 0 827 0 0
4117 1654 0 0 0 0 0 827 32 4
4118 827 0 0 0 0 0 827 0 0
4121 842 0 0 0 0 0 0 0 0
4122 2481 0 0 0 0 0 0 0 0
4127 485 0 0 0 0 0 485 0 0
4128 485 22 1 0 0 0 485 0 0
4132 970 0 0 0 0 0 0 0 0
4134 30 5 0 0 0 0 15 0 0
4135 60 9 1 0 0 0 0 0 0
4140 15 0 0 0 0 0 0 0 0
4141 48 0 0 18 3 0 0 0 0
4161 940 0 0 0 0 0 0 0 0
4163 164 1 0 0 0 0 0 0 0
4164 656 0 0 0 0 0 0 0 0
4165 164 0 0 164 81 0 0 0 0
4169 3170 36 1 0 0 0 0 0 0
4170 607 12 1 0 0 0 0 0 0
4171 306 23 1 306 183 0 0 0 0
4174 612 0 0 0 0 0 0 0 0
4177 5 0 0 0 0 0 0 0 0
4179 15 0 0 10 1 0 0 0 0
4180 10 0 0 0 0 0 0 0 0
4187 4 0 0 2 1 0 4 0 0
4188 6 0 0 0 0 0 4 0 0
4192 6 2 1 3 0 0 0 0 0
4193 10 0 0 0 0 0 0 0 0
4195 2 0 0 2 0 0 0 0 0
4196 4 0 0 2 0 0 0 0 0
4199 3 0 0 0 0 0 0 0 0
4202 6 2 0 3 0 0 0 0 0
4212 3 1 0 3 0 0 0 0 0
4213 9 0 0 3 0 0 0 0 0
4218 602 16 0 0 0 0 602 9 0
4221 2820 12 1 470 79 0 470 0 0
4222 470 0 0 0 0 0 940 0 0
4224 470 0 0 0 0 0 470 43 0
4225 470 0 0 0 0 0 470 0 0
4230 940 0 0 0 0 0 0 0 0
4231 470 0 0 0 0 0 0 0 0
4240 1880 9 1 0 0 0 0 0 0
4246 341 0 0 0 0 0 0 0 0
4248 30 5 1 48 0 0 0 0 0
4257 4192 1 1 0 0 0 0 0 0
4259 825 0 0 0 0 0 0 0 0
4262 1100 0 0 275 164 0 0 0 0
4263 15 0 0 5 0 0 0 0 0
4266 4 3 1 4 0 0 0 0 0
4267 20 0 0 4 0 0 0 0 0
4273 12 0 0 4 0 0 0 0 0
4274 1 0 0 1 0 0 0 0 0
4275 1 0 0 1 0 0 0 0 0
4276 2 0 0 0 0 0 0 0 0
4278 4 0 0 0 0 0 0 0 0
4279 8 3 1 0 0 0 0 0 0
4282 8 0 0 0 0 0 0 0 0
4284 8 1 1 2 0 0 2 0 0
4285 8 0 0 0 0 0 0 0 0
4291 2 0 0 0 0 0 0 0 0
4295 2 0 0 2 0 0 0 0 0
4296 6 0 0 2 0 0 0 0 0
4298 2 0 0 0 0 0 4 2 1
4300 2 0 0 0 0 0 2 0 0
4301 2 0 0 0 0 0 2 0 0
4302 4 0 0 0 0 0 0 0 0
4304 1 0 0 0 0 0 2 0 0
4307 14 2 1 0 0 0 2 0 0
4309 4 0 0 0 0 0 2 0 0
4310 2 0 0 0 0 0 2 0 0
4313 4 1 0 0 0 0 0 0 0
4314 12 0 0 0 0 0 0 0 0
4330 2092 0 0 0 0 0 0 0 0
4331 10460 1 1 0 0 0 0 0 0
4332 2092 0 0 0 0 0 0 0 0
4333 6276 0 0 2092 32 0 0 0 0
4334 4184 0 0 0 0 0 0 0 0
4339 9510 0 0 0 0 0 0 0 0
4343 20622 0 0 0 0 0 0 0 0
4346 20130 0 0 5098 0 0 0 0 0
4348 1310 31 2 0 0 0 0 0 0
4349 524 0 0 0 0 0 0 0 0
4353 9442 1 0 0 0 0 0 0 0
4355 4106 0 0 0 0 0 0 0 0
4356 4106 0 0 0 0 0 0 0 0
4357 4106 0 0 0 0 0 0 0 0
4361 615 0 0 615 156 0 0 0 0
4364 1230 0 0 0 0 0 0 0 0
4366 1196 0 0 0 0 0 299 0 0
4367 299 0 0 0 0 0 0 0 0
4368 299 0 0 0 0 0 0 0 0
4373 632 26 0 316 72 0 0 0 0
4376 632 0 0 0 0 0 0 0 0
4378 316 0 0 0 0 0 0 0 0
4381 632 0 0 0 0 0 0 0 0
4384 632 0 0 0 0 0 0 0 0
4386 40 7 1 10 0 0 10 0 0
4387 40 0 0 0 0 0 0 0 0
4394 306 29 1 0 0 0 0 0 0
4399 306 0 0 306 0 0 0 0 0
4400 918 0 0 306 0 0 0 0 0
4402 306 0 0 0 0 0 612 243 27
4404 306 0 0 0 0 0 306 0 0
4405 306 0 0 0 0 0 306 0 0
4408 612 0 0 0 0 0 0 0 0
4409 160 0 0 0 0 0 160 2 0
4410 612 0 0 0 0 0 0 0 0
4412 200 0 0 0 0 0 400 43 6
4415 2142 23 1 0 0 0 306 0 0
4417 612 0 0 0 0 0 306 59 7
4418 306 0 0 0 0 0 306 0 0
4421 316 0 0 0 0 0 0 0 0
4443 1776 0 0 1776 53 0 0 0 0
4444 3552 0 0 1776 58 0 0 0 0
4446 5328 27 1 1776 22 0 0 0 0
4449 5328 0 0 0 0 0 0 0 0
4451 1767 0 0 0 0 0 0 0 0
4452 1767 0 0 0 0 0 0 0 0
4453 1767 0 0 0 0 0 1767 0 0
4454 12369 19 1 0 0 0 1767 0 0
4456 3534 0 0 0 0 0 1767 1397 1325
4459 1767 12 0 0 0 0 0 0 0
4460 3534 0 0 0 0 0 0 0 0
4466 36 0 0 9 1 0 18 0 0
4481 36 3 1 0 0 0 0 0 0
4482 9 0 0 0 0 0 0 0 0
4483 15660 21 1 20856 0 0 0 0 0
4487 11824 1 1 11848 0 0 0 0 0
fn=_int_realloc
441 370 0 0 125 0 0 0 0 0
461 220 0 0 44 0 0 44 0 0
1461 453 1 0 151 0 0 0 0 0
4914 975 19 1 0 0 0 1170 13 1
4925 585 0 0 195 0 0 0 0 0
4926 975 13 1 195 7 0 0 0 0
4927 585 0 0 0 0 0 0 0 0
4933 585 0 0 0 0 0 780 1 1
4935 195 0 0 0 0 0 0 0 0
4936 390 0 0 195 0 0 0 0 0
4938 780 0 0 0 0 0 0 0 0
4941 585 6 1 0 0 0 0 0 0
4951 469 29 2 139 1 0 0 0 0
4952 26 9 1 0 0 0 0 0 0
4953 26 0 0 0 0 0 0 0 0
4955 708 0 0 0 0 0 26 0 0
4956 52 0 0 0 0 0 26 0 0
4957 78 9 1 0 0 0 26 26 25
4959 26 0 0 0 0 0 0 0 0
4963 113 0 0 0 0 0 0 0 0
4964 452 0 0 113 8 0 0 0 0
4965 251 9 0 0 0 0 0 0 0
4969 138 0 0 0 0 0 0 0 0
4975 176 0 0 0 0 0 0 0 0
4976 44 0 0 0 0 0 0 0 0
4979 44 0 0 0 0 0 0 0 0
4980 88 13 1 44 0 0 0 0 0
4985 88 0 0 0 0 0 0 0 0
4992 44 0 0 0 0 0 0 0 0
4993 264 0 0 44 0 0 0 0 0
4997 176 14 1 0 0 0 0 0 0
4999 44 0 0 44 0 0 0 0 0
5006 69 0 0 0 0 0 0 0 0
5008 125 0 0 0 0 0 0 0 0
5010 250 0 0 0 0 0 0 0 0
5012 150 2 0 5 0 0 5 0 0
5013 20 0 0 5 0 0 5 0 0
5017 120 19 1 0 0 0 0 0 0
5020 600 0 0 120 0 0 120 0 0
5021 360 0 0 0 0 0 120 72 8
5024 480 0 0 120 0 0 120 0 0
5025 480 7 1 0 0 0 0 0 0
5029 125 0 0 0 0 0 0 0 0
5030 1365 0 0 1950 0 0 0 0 0
fn=alloc_perturb
1984 5214 9 1 0 0 0 5214 5 0
1985 7821 18 1 2607 0 0 0 0 0
1987 5214 0 0 5214 0 0 0 0 0
fn=calloc
461 246 8 1 82 0 0 0 0 0
463 40 0 0 0 0 0 0 0 0
3699 126 8 1 0 0 0 168 0 0
3709 252 0 0 0 0 0 0 0 0
3717 294 7 1 42 1 0 252 0 0
3720 252 0 0 84 0 0 0 0 0
3722 126 0 0 42 1 0 0 0 0
3732 126 7 1 42 3 0 0 0 0
3733 126 7 1 42 4 0 0 0 0
3754 168 0 0 0 0 0 0 0 0
3756 328 8 1 42 0 0 0 0 0
3759 84 1 1 42 0 0 0 0 0
3784 82 7 1 42 0 0 0 0 0
3787 42 0 0 0 0 0 0 0 0
3789 95 0 0 60 0 0 0 0 0
3796 80 8 1 0 0 0 0 0 0
3799 120 7 1 0 0 0 0 0 0
3807 40 0 0 0 0 0 0 0 0
3809 80 0 0 0 0 0 0 0 0
3811 80 0 0 0 0 0 0 0 0
3816 2 0 0 0 0 0 1 0 0
3818 1 0 0 0 0 0 1 0 0
3819 2 0 0 0 0 0 0 0 0
3821 1 0 0 0 0 0 1 0 0
3823 2 0 0 0 0 0 0 0 0
3837 90 0 0 168 0 0 0 0 0
fn=free
3359 18120 0 0 0 0 0 25368 8 0
3363 3870 41 1 0 0 0 0 0 0
3368 14496 23 1 3624 27 0 0 0 0
3371 14496 0 0 7248 189 0 0 0 0
3373 3624 0 0 0 0 0 0 0 0
3375 7248 0 0 3624 606 0 0 0 0
3385 246 12 1 0 0 0 0 0 0
3392 18120 66 2 7248 66 0 0 0 0
3395 10872 0 0 3624 0 0 0 0 0
3398 10872 0 0 0 0 0 0 0 0
3401 3624 0 0 0 0 0 3624 1 0
3402 18120 0 0 25368 2 0 0 0 0
fn=malloc
461 8589 0 0 2863 0 0 0 0 0
1326 3610 0 0 0 0 0 0 0 0
1336 14440 0 0 3610 83 1 0 0 0
1345 3610 0 0 0 0 0 0 0 0
1461 10830 4 0 3610 0 0 0 0 0
3178 1494 0 0 747 137 0 0 0 0
3182 1494 0 0 0 0 0 0 0 0
3186 2241 0 0 747 230 0 747 0 0
3190 1494 0 0 0 0 0 747 0 0
3191 747 0 0 0 0 0 747 0 0
3248 3 1 1 1 0 0 0 0 0
3294 21660 24 1 0 0 0 28880 11 1
3301 14440 1 1 3610 38 1 0 0 0
3311 18050 14 1 0 0 0 0 0 0
3313 21660 0 0 7220 137 0 0 0 0
3316 14440 0 0 3610 72 0 0 0 0
3317 6774 4 1 1 0 0 0 0 0
3318 6772 0 0 3386 290 0 0 0 0
3326 8589 0 0 2863 40 0 0 0 0
3328 14315 43 2 0 0 0 0 0 0
3329 11452 0 0 2863 3 0 0 0 0
3354 21660 30 0 28880 0 0 0 0 0
fn=malloc_consolidate
4811 114 11 1 0 0 0 152 4 0
4826 38 0 0 0 0 0 19 0 0
4828 19 0 0 0 0 0 0 0 0
4839 19 0 0 0 0 0 0 0 0
4841 657 0 0 0 0 0 58 0 0
4842 190 0 0 0 0 0 0 0 0
4845 4434 15 1 0 0 0 0 0 0
4849 4434 0 0 2217 787 0 0 0 0
4850 11085 14 1 0 0 0 0 0 0
4855 8868 0 0 2217 184 0 0 0 0
4858 2217 0 0 0 0 0 0 0 0
4859 2217 0 0 0 0 0 0 0 0
4860 4434 0 0 2217 314 0 0 0 0
4862 2217 0 0 0 0 0 0 0 0
4863 1083 0 0 1083 0 0 0 0 0
4864 1083 0 0 0 0 0 0 0 0
4865 1083 0 0 0 0 0 0 0 0
4866 4332 0 0 1083 86 0 0 0 0
4868 4332 0 0 1083 0 0 1083 0 0
4871 6651 16 1 2217 3 0 0 0 0
4872 4434 0 0 2217 729 0 0 0 0
4874 2217 0 0 0 0 0 0 0 0
4875 1073 0 0 0 0 0 0 0 0
4876 5365 2 0 1073 0 0 1073 0 0
4878 2288 0 0 0 0 0 1144 0 0
4880 2217 0 0 2217 5 0 0 0 0
4881 2217 0 0 0 0 0 2217 0 0
4882 2217 0 0 0 0 0 2217 3 0
4884 4434 0 0 0 0 0 0 0 0
4885 197 0 0 0 0 0 394 16 0
4889 2217 0 0 0 0 0 0 0 0
4890 2217 0 0 0 0 0 2217 0 0
4891 2217 0 0 0 0 0 4434 0 0
4892 2217 0 0 0 0 0 2217 0 0
4901 6709 14 1 116 1 0 0 0 0
4904 570 15 0 0 0 0 0 0 0
4905 124 1 1 152 0 0 58 0 0
fn=ptmalloc_init.part.0
1946 382 0 0 0 0 0 0 0 0
1949 127 0 0 0 0 0 254 32 32
1957 2 0 0 0 0 0 1 0 0
1958 3 1 1 0 0 0 1 1 0
1960 2 0 0 0 0 0 1 1 1
3143 2 0 0 0 0 0 0 0 0
fn=realloc
461 585 15 1 195 0 0 0 0 0
463 213 0 0 0 0 0 0 0 0
1326 195 0 0 0 0 0 0 0 0
1336 975 0 0 195 0 0 0 0 0
1345 975 0 0 0 0 0 0 0 0
3407 1526 23 1 0 0 0 1744 4 0
3413 872 22 1 218 0 0 0 0 0
3417 654 0 0 0 0 0 0 0 0
3424 218 0 0 0 0 0 0 0 0
3425 10 0 0 0 0 0 0 0 0
3429 852 0 0 213 1 0 426 0 0
3433 213 0 0 0 0 0 0 0 0
3441 444 9 1 36 0 0 0 0 0
3443 74 0 0 0 0 0 0 0 0
3444 148 0 0 0 0 0 0 0 0
3445 112 8 0 56 0 0 0 0 0
3446 18 0 0 0 0 0 0 0 0
3450 334 0 0 139 0 0 0 0 0
3452 139 0 0 0 0 0 0 0 0
3456 1170 16 1 390 6 0 0 0 0
3464 585 11 1 0 0 0 0 0 0
3465 390 0 0 0 0 0 0 0 0
3475 195 12 1 0 0 0 0 0 0
3506 585 0 0 195 5 0 0 0 0
3508 1170 20 1 0 0 0 0 0 0
3509 1170 0 0 195 0 0 0 0 0
3538 1493 22 2 2134 0 0 0 0 0
5238 426 0 0 213 4 0 0 0 0
5239 213 0 0 0 0 0 0 0 0
5240 639 15 1 213 16 0 0 0 0
5241 1491 22 1 213 0 0 0 0 0
fn=sysmalloc
2008 42 0 0 8 0 0 0 0 0
2532 126 12 2 18 5 0 81 1 0
2552 27 0 0 18 5 0 0 0 0
2553 21 0 0 0 0 0 35 0 0
2563 9 0 0 0 0 0 0 0 0
2564 36 6 1 9 8 1 0 0 0
2565 6 0 0 4 0 0 0 0 0
2568 10 1 1 2 0 0 0 0 0
2576 10 0 0 0 0 0 2 0 0
2577 4 0 0 0 0 0 0 0 0
2588 14 0 0 7 0 0 0 0 0
2589 14 0 0 7 0 0 0 0 0
2590 7 0 0 0 0 0 0 0 0
2599 50 4 0 0 0 0 0 0 0
2605 21 1 1 0 0 0 0 0 0
2608 28 0 0 0 0 0 0 0 0
2669 28 7 1 7 0 0 0 0 0
2677 7 0 0 7 0 0 0 0 0
2678 21 0 0 0 0 0 0 0 0
2691 14 7 1 7 0 0 0 0 0
2695 1 1 1 0 0 0 0 0 0
2699 35 0 0 0 0 0 7 0 0
2707 14 0 0 0 0 0 0 0 0
2709 28 5 1 0 0 0 14 0 0
2710 14 0 0 14 0 0 0 0 0
2711 7 0 0 0 0 0 0 0 0
2712 7 6 1 0 0 0 0 0 0
2715 7 0 0 0 0 0 0 0 0
2744 34 0 0 7 0 0 0 0 0
2745 3 1 1 0 0 0 1 0 0
2746 35 0 0 14 0 0 7 0 0
2752 21 5 1 0 0 0 0 0 0
2753 24 0 0 0 0 0 6 0 0
2755 6 1 1 1 0 0 0 0 0
2783 2 0 0 0 0 0 0 0 0
2789 1 0 0 0 0 0 0 0 0
2795 2 0 0 0 0 0 0 0 0
2817 2 1 1 0 0 0 0 0 0
2818 7 0 0 0 0 0 0 0 0
2820 1 0 0 0 0 0 0 0 0
2821 4 0 0 0 0 0 2 0 0
2833 2 1 1 2 0 0 0 0 0
2875 2 0 0 0 0 0 1 0 0
2876 4 1 1 0 0 0 1 1 1
2877 3 0 0 1 0 0 1 0 0
2888 1 0 0 0 0 0 0 0 0
2921 21 6 1 7 0 0 0 0 0
2922 7 0 0 0 0 0 7 0 0
2926 6 0 0 6 0 0 0 0 0
2927 14 0 0 7 0 0 0 0 0
2930 14 5 1 0 0 0 0 0 0
2932 7 0 0 0 0 0 0 0 0
2933 7 0 0 0 0 0 0 0 0
2934 7 0 0 0 0 0 7 0 0
2935 42 0 0 0 0 0 7 0 0
2936 14 0 0 0 0 0 7 7 7
2938 21 0 0 28 0 0 0 0 0
2944 117 5 1 99 0 0 0 0 0
fn=sysmalloc_mmap.isra.0
2008 10 2 2 2 0 0 0 0 0
2400 8 1 1 0 0 0 12 0 0
2413 8 1 1 0 0 0 0 0 0
2418 4 0 0 0 0 0 0 0 0
2421 24 1 1 2 0 0 0 0 0
2424 4 0 0 0 0 0 0 0 0
2428 6 0 0 0 0 0 6 0 0
2432 10 1 1 0 0 0 0 0 0
2448 6 0 0 0 0 0 0 0 0
2467 4 0 0 0 0 0 4 2 2
2471 12 0 0 0 0 0 0 0 0
2472 20 1 1 2 0 0 0 0 0
2475 10 0 0 0 0 0 0 0 0
2476 20 0 0 2 0 0 0 0 0
2481 14 0 0 18 0 0 0 0 0
fn=systrim.constprop.0
2957 8 1 0 0 0 0 12 0 0
2966 10 2 1 4 0 0 0 0 0
2968 2 0 0 0 0 0 0 0 0
2969 4 0 0 0 0 0 0 0 0
2970 1 0 0 0 0 0 0 0 0
2974 6 0 0 2 0 0 0 0 0
2975 2 0 0 0 0 0 0 0 0
2978 10 0 0 4 2 0 0 0 0
2980 2 0 0 0 0 0 0 0 0
2987 3 0 0 0 0 0 0 0 0
2988 5 1 1 1 0 0 0 0 0
3000 2 0 0 0 0 0 0 0 0
3001 2 0 0 0 0 0 0 0 0
3003 1 0 0 0 0 0 0 0 0
3005 1 0 0 0 0 0 0 0 0
3009 2 0 0 0 0 0 0 0 0
3012 3 0 0 1 0 0 1 0 0
3013 4 0 0 1 0 0 1 0 0
3015 2 0 0 0 0 0 0 0 0
3020 8 1 0 12 0 0 0 0 0
fn=tcache_init.part.0
3242 4 1 1 0 0 0 6 0 0
3251 10 1 1 2 0 0 0 0 0
3252 4 0 0 0 0 0 0 0 0
3253 1 0 0 0 0 0 0 0 0
3261 5 1 1 0 0 0 0 0 0
3270 2 0 0 0 0 0 1 0 0
3274 3 0 0 6 0 0 0 0 0
fn=unlink_chunk.isra.0
1608 5940 48 1 0 0 0 5940 6 0
1610 14850 49 1 5940 74 0 0 0 0
1614 2970 0 0 5940 68 0 0 0 0
1616 17820 0 0 5940 537 0 0 0 0
1619 2970 0 0 0 0 0 2970 0 0
1620 2970 0 0 0 0 0 2970 0 0
1621 7578 0 0 819 29 0 0 0 0
1623 906 26 1 302 0 0 0 0 0
1624 1208 0 0 604 0 0 0 0 0
1627 604 0 0 302 47 0 0 0 0
1629 2 0 0 0 0 0 0 0 0
1630 2 1 1 0 0 0 2 0 0
1641 301 0 0 0 0 0 301 0 0
1642 301 0 0 0 0 0 301 0 0
1645 5940 13 0 5940 0 0 0 0 0
fl=./malloc/./malloc/morecore.c
fn=__glibc_morecore
25 22 0 0 0 0 0 22 0 0
26 33 6 1 11 0 0 0 0 0
29 11 0 0 0 0 0 0 0 0
30 22 6 1 0 0 0 0 0 0
34 22 0 0 22 0 0 0 0 0
fl=./malloc/./malloc/scratch_buffer_set_array_size.c
fn=__libc_scratch_buffer_set_array_size
30 20 1 1 0 0 0 20 0 0
31 5 0 0 0 0 0 0 0 0
34 5 0 0 0 0 0 0 0 0
35 15 1 1 0 0 0 0 0 0
45 15 0 0 5 0 0 0 0 0
46 5 1 1 0 0 0 0 0 0
63 15 0 0 20 0 0 0 0 0
fl=./misc/../sysdeps/unix/syscall-template.S
fn=mprotect
120 60 1 1 0 0 0 0 0 0
122 12 0 0 0 0 0 0 0 0
fn=munmap
120 60 2 2 0 0 0 0 0 0
122 12 0 0 0 0 0 0 0 0
fl=./misc/../sysdeps/unix/sysv/linux/aarch64/syscall.S
fn=syscall
29 2 2 1 0 0 0 0 0 0
30 2 0 0 0 0 0 0 0 0
31 2 0 0 0 0 0 0 0 0
32 2 0 0 0 0 0 0 0 0
33 2 0 0 0 0 0 0 0 0
34 2 0 0 0 0 0 0 0 0
35 2 0 0 0 0 0 0 0 0
36 2 0 0 0 0 0 0 0 0
37 2 0 0 0 0 0 0 0 0
38 2 0 0 0 0 0 0 0 0
39 2 0 0 0 0 0 0 0 0
40 2 0 0 0 0 0 0 0 0
41 2 0 0 0 0 0 0 0 0
fl=./misc/../sysdeps/unix/sysv/linux/brk.c
fn=brk
36 27 7 1 0 0 0 18 0 0
37 27 0 0 9 0 0 9 0 0
38 18 0 0 0 0 0 0 0 0
44 9 0 0 0 0 0 0 0 0
45 18 0 0 18 0 0 0 0 0
fl=./misc/../sysdeps/unix/sysv/linux/brk_call.h
fn=brk
24 18 7 1 0 0 0 0 0 0
fl=./misc/../sysdeps/unix/sysv/linux/getclktck.c
fn=__getclktck
29 2 0 0 0 0 0 2 0 0
30 5 1 1 2 0 0 0 0 0
31 3 1 1 2 0 0 0 0 0
fl=./misc/../sysdeps/unix/sysv/linux/getpagesize.c
fn=getpagesize
28 24 1 1 12 0 0 0 0 0
30 6 0 0 0 0 0 0 0 0
fl=./misc/../sysdeps/unix/sysv/linux/mmap64.c
fn=mmap
47 52 4 2 0 0 0 52 1 1
50 52 0 0 0 0 0 0 0 0
58 182 3 1 0 0 0 0 0 0
60 52 1 1 52 0 0 0 0 0
fl=./misc/../sysdeps/unix/sysv/linux/setvmaname.c
fn=__set_vma_name
33 28 3 3 4 0 0 18 0 0
35 16 0 0 4 1 0 0 0 0
40 18 2 2 2 0 0 4 0 0
47 4 2 2 0 0 0 2 0 0
48 3 0 0 4 0 0 0 0 0
49 28 0 0 22 0 0 0 0 0
fl=./misc/./misc/getauxval.c
fn=__getauxval2
25 2 1 1 0 0 0 2 0 0
30 2 0 0 0 0 0 0 0 0
32 2 0 0 1 0 0 0 0 0
33 2 1 1 0 0 0 0 0 0
37 1 0 0 0 0 0 1 0 0
51 2 0 0 2 0 0 0 0 0
fn=getauxval
30 4 0 0 0 0 0 0 0 0
32 3 1 1 2 0 0 0 0 0
35 2 0 0 0 0 0 0 0 0
42 45 0 0 23 7 0 0 0 0
43 40 0 0 0 0 0 0 0 0
56 6 3 2 0 0 0 6 0 0
59 3 0 0 0 0 0 0 0 0
60 1 1 1 1 0 0 0 0 0
62 5 1 0 1 0 0 1 0 0
63 1 0 0 0 0 0 0 0 0
64 6 0 0 6 0 0 0 0 0
fl=./misc/./misc/init-misc.c
fn=__init_misc
30 4 1 1 0 0 0 4 0 0
31 3 1 1 1 0 0 0 0 0
33 3 0 0 0 0 0 0 0 0
37 4 0 0 1 1 0 0 0 0
38 5 0 0 2 0 0 2 0 0
40 3 1 1 4 0 0 0 0 0
fl=./misc/./misc/sbrk.c
fn=sbrk
37 55 5 1 0 0 0 55 2 0
40 33 0 0 22 15 0 0 0 0
43 33 0 0 11 4 0 0 0 0
58 11 6 1 0 0 0 0 0 0
59 3 1 1 0 0 0 0 0 0
62 22 0 0 0 0 0 0 0 0
63 2 0 0 1 0 0 0 0 0
66 25 0 0 0 0 0 0 0 0
68 1 0 0 0 0 0 0 0 0
74 16 6 1 0 0 0 0 0 0
78 55 5 0 55 0 0 0 0 0
fl=./misc/./misc/tsearch.c
fn=tfind
372 105 13 1 0 0 0 140 0 0
376 35 0 0 0 0 0 0 0 0
377 34 0 0 0 0 0 0 0 0
382 244 0 0 35 0 0 35 0 0
384 1 1 1 0 0 0 0 0 0
387 3 0 0 1 0 0 0 0 0
388 3 0 0 1 0 0 0 0 0
391 2 0 0 0 0 0 0 0 0
394 174 11 1 174 0 0 0 0 0
fn=tsearch
291 8 2 2 0 0 0 4 0 0
302 3 1 1 0 0 0 2 0 0
306 6 0 0 1 0 0 6 0 0
307 2 0 0 0 0 0 0 0 0
313 2 1 1 0 0 0 0 0 0
315 1 0 0 0 0 0 0 0 0
316 1 0 0 0 0 0 0 0 0
337 3 1 1 0 0 0 0 0 0
338 1 0 0 0 0 0 0 0 0
349 5 0 0 3 0 0 1 0 0
350 2 0 0 2 0 0 1 0 0
352 4 1 1 3 1 1 1 0 0
353 1 0 0 2 0 0 0 0 0
362 4 0 0 4 0 0 0 0 0
fl=./nptl/../string/bits/string_fortified.h
fn=pthread_cond_init@@GLIBC_2.17
59 6 0 0 0 0 0 12 1 0
fn=pthread_mutex_init@@GLIBC_2.17
59 6 1 1 0 0 0 12 3 3
fl=./nptl/../sysdeps/nptl/futex-internal.h
fn=__pthread_once_slow
209 8 1 1 0 0 0 0 0 0
fn=pthread_rwlock_wrlock@@GLIBC_2.34
213 2 1 1 0 0 0 0 0 0
fl=./nptl/./nptl/cleanup_compat.c
fn=_pthread_cleanup_pop@@GLIBC_2.34
40 2 0 0 0 0 0 2 0 0
41 1 0 0 0 0 0 0 0 0
43 3 1 1 1 0 0 1 0 0
47 1 0 0 0 0 0 0 0 0
49 2 0 0 2 0 0 0 0 0
fn=_pthread_cleanup_push@@GLIBC_2.34
25 2 0 0 0 0 0 2 0 0
26 1 1 1 0 0 0 0 0 0
29 1 0 0 0 0 0 2 0 0
30 3 0 0 1 0 0 1 0 0
32 1 0 0 0 0 0 1 0 0
33 2 0 0 2 0 0 0 0 0
fl=./nptl/./nptl/libc-cleanup.c
fn=__libc_cleanup_pop_restore
54 72 5 1 0 0 0 90 0 0
55 18 0 0 0 0 0 0 0 0
57 54 0 0 18 0 0 18 0 0
59 36 0 0 18 0 0 0 0 0
60 36 0 0 18 0 0 0 0 0
61 18 0 0 0 0 0 0 0 0
77 72 5 1 90 0 0 0 0 0
fn=__libc_cleanup_push_defer
24 90 5 1 0 0 0 108 0 0
25 18 0 0 0 0 0 0 0 0
27 54 0 0 18 1 0 18 0 0
29 36 0 0 18 0 0 0 0 0
32 18 0 0 0 0 0 0 0 0
44 18 0 0 0 0 0 18 0 0
46 18 0 0 0 0 0 0 0 0
48 18 0 0 0 0 0 18 0 0
49 72 5 1 108 0 0 0 0 0
fl=./nptl/./nptl/pthread_cond_init.c
fn=pthread_cond_init@@GLIBC_2.17
27 4 1 1 0 0 0 4 0 0
38 6 0 0 2 0 0 0 0 0
44 2 0 0 0 0 0 0 0 0
45 6 0 0 2 0 0 2 0 0
47 2 0 0 0 0 0 0 0 0
50 6 0 0 4 0 0 0 0 0
fl=./nptl/./nptl/pthread_cond_signal.c
fn=pthread_cond_signal@@GLIBC_2.17
35 8550 17 1 0 0 0 10260 1 0
36 1710 0 0 0 0 0 0 0 0
41 3420 0 0 1710 40 0 0 0 0
42 3420 0 0 0 0 0 0 0 0
96 8550 44 2 10260 0 0 0 0 0
fl=./nptl/./nptl/pthread_condattr_init.c
fn=pthread_condattr_init
24 3 1 1 0 0 0 2 0 0
31 1 0 0 0 0 0 1 0 0
34 3 0 0 2 0 0 0 0 0
fl=./nptl/./nptl/pthread_condattr_setclock.c
fn=pthread_condattr_setclock@@GLIBC_2.34
28 2 0 0 0 0 0 2 0 0
30 2 0 0 0 0 0 0 0 0
38 1 0 0 0 0 0 0 0 0
40 3 0 0 1 0 0 1 0 0
41 1 1 1 0 0 0 0 0 0
43 1 0 0 0 0 0 0 0 0
44 2 0 0 2 0 0 0 0 0
fl=./nptl/./nptl/pthread_getspecific.c
fn=pthread_getspecific@@GLIBC_2.34
24 6 1 1 0 0 0 4 0 0
29 4 0 0 0 0 0 0 0 0
30 8 0 0 0 0 0 0 0 0
36 4 1 1 0 0 0 0 0 0
54 2 0 0 2 0 0 0 0 0
55 2 0 0 0 0 0 0 0 0
64 4 1 1 4 0 0 0 0 0
fl=./nptl/./nptl/pthread_key_create.c
fn=pthread_key_create@@GLIBC_2.34
25 18 1 1 0 0 0 16 0 0
27 6 0 0 0 0 0 0 0 0
29 3 0 0 3 2 2 0 0 0
31 12 0 0 0 0 0 0 0 0
33 12 1 1 0 0 0 0 0 0
37 6 0 0 0 0 0 2 0 0
40 2 0 0 0 0 0 2 0 0
43 2 0 0 0 0 0 0 0 0
48 10 1 1 16 0 0 0 0 0
fl=./nptl/./nptl/pthread_key_delete.c
fn=pthread_key_delete@@GLIBC_2.34
25 6 1 1 0 0 0 6 0 0
28 4 1 0 0 0 0 0 0 0
30 10 0 0 2 1 0 0 0 0
32 2 0 0 0 0 0 0 0 0
33 12 0 0 0 0 0 0 0 0
36 2 0 0 0 0 0 0 0 0
40 6 0 0 6 0 0 0 0 0
fl=./nptl/./nptl/pthread_mutex_conf.c
fn=__pthread_tunables_init
55 9 1 1 2 0 0 4 0 0
56 6 0 0 0 0 0 0 0 0
58 5 1 1 0 0 0 0 0 0
60 5 0 0 0 0 0 0 0 0
62 11 1 1 6 0 0 0 0 0
fl=./nptl/./nptl/pthread_mutex_init.c
fn=pthread_mutex_init@@GLIBC_2.17
53 22 1 1 4 1 0 14 0 0
65 6 1 1 0 0 0 0 0 0
92 4 0 0 0 0 0 0 0 0
94 2 0 0 0 0 0 0 0 0
105 14 1 1 0 0 0 0 0 0
134 2 1 1 0 0 0 0 0 0
136 6 0 0 0 0 0 0 0 0
140 4 0 0 0 0 0 2 0 0
149 2 0 0 0 0 0 0 0 0
151 2 0 0 0 0 0 0 0 0
152 24 0 0 18 0 0 0 0 0
fl=./nptl/./nptl/pthread_mutex_lock.c
fn=pthread_mutex_lock@@GLIBC_2.17
44 2566 0 0 2566 0 0 0 0 0
45 17962 30 3 5132 32 0 0 0 0
46 7697 0 0 0 0 0 2566 0 0
77 7698 12 1 0 0 0 10264 0 0
80 10264 13 1 2566 65 0 0 0 0
82 2566 0 0 0 0 0 0 0 0
84 5132 0 0 0 0 0 0 0 0
88 7698 0 0 0 0 0 5132 0 0
94 5130 0 0 2565 0 0 0 0 0
108 4 0 0 1 0 0 0 0 0
112 5132 1 1 0 0 0 0 0 0
115 4 0 0 2 0 0 0 0 0
124 2566 0 0 0 0 0 0 0 0
130 1 0 0 0 0 0 0 0 0
131 3 0 0 0 0 0 1 0 0
182 2566 0 0 2566 37 0 0 0 0
184 7698 0 0 2566 0 0 5132 0 0
187 2566 0 0 0 0 0 0 0 0
190 10264 0 0 15396 0 0 0 0 0
fl=./nptl/./nptl/pthread_mutex_unlock.c
fn=__pthread_mutex_unlock_usercnt
39 2566 0 0 2566 0 0 0 0 0
40 12830 15 1 2566 0 0 0 0 0
41 2566 0 0 0 0 0 2566 0 0
48 12830 0 0 0 0 0 10264 0 0
51 10264 23 1 2566 0 0 0 0 0
52 5132 0 0 0 0 0 0 0 0
57 2566 0 0 0 0 0 0 0 0
62 2566 0 0 0 0 0 2566 0 0
63 2566 0 0 0 0 0 0 0 0
65 10264 17 1 2566 0 0 2566 0 0
70 2566 0 0 0 0 0 0 0 0
72 2566 0 0 0 0 0 0 0 0
74 2 0 0 0 0 0 0 0 0
80 4 1 1 1 0 0 0 0 0
84 6 0 0 2 0 0 0 0 0
87 5 1 1 1 0 0 1 0 0
104 7698 0 0 10264 0 0 0 0 0
fn=pthread_mutex_unlock@@GLIBC_2.17
367 5132 25 1 0 0 0 5132 0 0
368 5132 0 0 0 0 0 0 0 0
369 2566 13 1 5132 0 0 0 0 0
fl=./nptl/./nptl/pthread_once.c
fn=__pthread_once_slow
68 12 2 2 2 0 0 7 0 0
76 1 0 0 1 0 0 0 0 0
80 1 0 0 0 0 0 0 0 0
88 3 1 1 1 1 1 0 0 0
92 7 0 0 0 0 0 0 0 0
101 4 1 1 0 0 0 0 0 0
114 15 2 2 0 0 0 8 0 0
116 1 0 0 0 0 0 0 0 0
118 3 0 0 0 0 0 0 0 0
124 2 0 0 0 0 0 1 0 0
132 13 0 0 9 0 0 0 0 0
fn=pthread_once@@GLIBC_2.34
136 16 2 1 0 0 0 16 0 0
139 8 0 0 8 2 0 0 0 0
140 8 0 0 0 0 0 0 0 0
143 1 0 0 0 0 0 0 0 0
144 22 1 1 16 0 0 0 0 0
fl=./nptl/./nptl/pthread_rwlock_common.c
fn=pthread_rwlock_rdlock@@GLIBC_2.34
298 693 9 1 198 32 0 0 0 0
310 297 0 0 99 10 0 0 0 0
353 396 0 0 0 0 0 0 0 0
370 99 0 0 0 0 0 0 0 0
390 99 0 0 0 0 0 0 0 0
391 99 0 0 0 0 0 0 0 0
396 3 1 1 0 0 0 0 0 0
402 7 0 0 0 0 0 0 0 0
413 5 1 1 0 0 0 0 0 0
fn=pthread_rwlock_unlock@@GLIBC_2.34
221 436 11 2 109 0 0 0 0 0
232 99 0 0 99 0 0 0 0 0
236 99 0 0 0 0 0 0 0 0
240 198 0 0 0 0 0 0 0 0
243 297 9 1 0 0 0 0 0 0
244 198 0 0 0 0 0 0 0 0
254 792 0 0 0 0 0 0 0 0
259 99 0 0 0 0 0 0 0 0
275 198 8 0 0 0 0 0 0 0
531 10 0 0 0 0 0 10 0 0
535 40 0 0 0 0 0 0 0 0
536 10 0 0 0 0 0 0 0 0
538 20 2 1 10 2 0 0 0 0
559 10 0 0 10 0 0 0 0 0
561 100 0 0 0 0 0 0 0 0
569 20 0 0 0 0 0 0 0 0
582 10 2 1 0 0 0 0 0 0
fn=pthread_rwlock_wrlock@@GLIBC_2.34
603 70 0 0 20 4 0 0 0 0
622 50 0 0 0 0 0 20 0 0
624 20 0 0 0 0 0 0 0 0
778 30 2 1 0 0 0 10 0 0
783 20 0 0 0 0 0 0 0 0
789 4 0 0 0 0 0 0 0 0
795 14 0 0 0 0 0 0 0 0
802 3 1 1 0 0 0 1 0 0
947 20 1 0 10 0 0 10 0 0
949 20 0 0 20 0 0 0 0 0
fl=./nptl/./nptl/pthread_rwlock_rdlock.c
fn=pthread_rwlock_rdlock@@GLIBC_2.34
23 396 10 1 0 0 0 396 2 0
24 99 0 0 0 0 0 0 0 0
27 99 0 0 0 0 0 0 0 0
29 396 9 1 396 0 0 0 0 0
fl=./nptl/./nptl/pthread_rwlock_unlock.c
fn=pthread_rwlock_unlock@@GLIBC_2.34
30 654 10 1 0 0 0 872 0 0
31 109 0 0 0 0 0 0 0 0
38 545 0 0 218 0 0 0 0 0
39 218 0 0 0 0 0 0 0 0
44 654 2 1 872 0 0 0 0 0
fl=./nptl/./nptl/pthread_rwlock_wrlock.c
fn=pthread_rwlock_wrlock@@GLIBC_2.34
23 50 4 2 0 0 0 60 0 0
24 10 0 0 0 0 0 0 0 0
27 10 0 0 0 0 0 0 0 0
29 50 0 0 60 0 0 0 0 0
fl=./nptl/./nptl/pthread_self.c
fn=pthread_self
24 1990 17 1 0 0 0 0 0 0
25 3980 0 0 0 0 0 0 0 0
fl=./nptl/./nptl/pthread_setspecific.c
fn=pthread_setspecific@@GLIBC_2.34
25 12 2 1 0 0 0 12 0 0
32 2 0 0 0 0 0 0 0 0
36 4 0 0 0 0 0 0 0 0
39 12 0 0 2 2 0 0 0 0
41 2 0 0 0 0 0 0 0 0
43 6 2 1 0 0 0 0 0 0
46 2 0 0 0 0 0 0 0 0
47 3 0 0 0 0 0 1 1 0
66 2 0 0 0 0 0 0 0 0
87 2 0 0 0 0 0 4 0 0
90 8 0 0 12 0 0 0 0 0
fl=./nptl/./nptl/pthread_testcancel.c
fn=pthread_testcancel@@GLIBC_2.34
24 210 18 1 0 0 0 210 0 0
25 70 0 0 0 0 0 0 0 0
26 210 0 0 70 24 0 0 0 0
27 280 0 0 0 0 0 0 0 0
32 210 0 0 210 0 0 0 0 0
fl=./nptl/./nptl/sem_destroy.c
fn=sem_destroy@@GLIBC_2.34
25 248 26 1 0 0 0 248 1 0
30 372 0 0 248 0 0 0 0 0
fl=./nptl/./nptl/sem_init.c
fn=sem_init@@GLIBC_2.34
28 248 27 1 0 0 0 248 0 0
32 248 0 0 0 0 0 0 0 0
50 248 0 0 0 0 0 124 0 0
58 124 0 0 0 0 0 124 0 0
59 372 36 1 0 0 0 0 0 0
61 124 0 0 0 0 0 0 0 0
62 248 0 0 248 0 0 0 0 0
fl=./nptl/./nptl/sem_post.c
fn=sem_post@@GLIBC_2.34
33 2240 9 1 0 0 0 2688 1 0
35 448 0 0 448 6 0 0 0 0
43 448 0 0 448 0 0 0 0 0
46 1344 0 0 0 0 0 0 0 0
52 3136 25 1 0 0 0 0 0 0
55 896 0 0 0 0 0 0 0 0
76 448 0 0 0 0 0 0 0 0
77 1792 0 0 2688 0 0 0 0 0
fl=./nptl/./nptl/sem_wait.c
fn=sem_trywait@@GLIBC_2.34
78 1516 7 0 0 0 0 1516 0 0
82 378 0 0 0 0 0 0 0 0
83 5 0 0 1 1 0 1 1 0
84 2 0 0 0 0 0 0 0 0
85 1137 0 0 1516 0 0 0 0 0
fn=sem_wait@@GLIBC_2.34
25 280 15 1 0 0 0 280 0 0
37 70 0 0 0 0 0 0 0 0
44 280 2 1 280 0 0 0 0 0
fl=./nptl/./nptl/sem_waitcommon.c
fn=sem_trywait@@GLIBC_2.34
136 379 0 0 379 120 0 0 0 0
139 379 0 0 0 0 0 0 0 0
141 2649 7 1 0 0 0 0 0 0
fn=sem_wait@@GLIBC_2.34
136 70 0 0 70 32 0 0 0 0
139 70 0 0 0 0 0 0 0 0
141 420 0 0 0 0 0 0 0 0
fl=./posix/../malloc/dynarray-skeleton.c
fn=__unregister_atfork
243 8 0 0 4 1 1 0 0 0
fl=./posix/../sysdeps/posix/sysconf.c
fn=sysconf
60 112 4 4 7 1 1 0 0 0
83 3 1 1 0 0 0 0 0 0
221 18 1 1 0 0 0 0 0 0
fl=./posix/../sysdeps/unix/syscall-template.S
fn=getegid
91 3 1 1 0 0 0 0 0 0
93 1 0 0 0 0 0 0 0 0
fn=geteuid
91 3 1 1 0 0 0 0 0 0
93 1 0 0 0 0 0 0 0 0
fn=getgid
91 3 1 1 0 0 0 0 0 0
93 1 0 0 0 0 0 0 0 0
fn=getuid
91 3 1 1 0 0 0 0 0 0
93 1 0 0 0 0 0 0 0 0
fl=./posix/../sysdeps/unix/sysv/linux/_exit.c
fn=_Exit
27 3 1 1 0 0 0 2 0 0
30 6 0 0 1 0 0 0 0 0
fl=./posix/../sysdeps/unix/sysv/linux/aarch64/sysconf.c
fn=sysconf
29 80 2 1 16 0 0 40 0 0
39 32 0 0 0 0 0 0 0 0
50 88 0 0 56 0 0 0 0 0
fl=./posix/../sysdeps/unix/sysv/linux/sysconf-sigstksz.h
fn=sysconf
24 3 1 0 2 1 0 0 0 0
25 1 0 0 0 0 0 0 0 0
28 3 0 0 0 0 0 0 0 0
31 1 0 0 0 0 0 0 0 0
fl=./posix/../sysdeps/unix/sysv/linux/sysconf.c
fn=sysconf
49 69 4 3 0 0 0 0 0 0
91 1 0 0 0 0 0 0 0 0
fl=./posix/./posix/confstr.c
fn=confstr
33 10 1 1 2 1 0 5 0 0
41 7 2 2 0 0 0 0 0 0
259 3 2 2 0 0 0 0 0 0
260 1 0 0 0 0 0 0 0 0
280 3 1 1 0 0 0 0 0 0
282 2 0 0 0 0 0 0 0 0
283 4 0 0 0 0 0 0 0 0
291 12 1 1 7 0 0 0 0 0
fl=./posix/./posix/register-atfork.c
fn=__unregister_atfork
71 4 0 0 0 0 0 0 0 0
82 20 1 1 0 0 0 20 0 0
83 28 1 1 0 0 0 0 0 0
109 24 1 1 0 0 0 0 0 0
110 16 0 0 20 0 0 0 0 0
fl=./resource/../sysdeps/unix/sysv/linux/getrlimit64.c
fn=getrlimit
38 2 1 1 0 0 0 2 0 0
39 8 0 0 0 0 0 0 0 0
40 2 0 0 2 0 0 0 0 0
fl=./setjmp/../sysdeps/aarch64/setjmp.S
fn=__sigsetjmp
36 13 1 1 0 0 0 0 0 0
40 14 1 1 0 0 0 28 1 1
41 14 0 0 0 0 0 28 0 0
42 14 0 0 0 0 0 28 1 1
43 14 0 0 0 0 0 28 0 0
44 14 0 0 0 0 0 28 1 1
47 43 0 0 15 0 0 0 0 0
48 14 0 0 0 0 0 28 0 0
55 14 0 0 0 0 0 0 0 0
56 14 0 0 0 0 0 28 1 1
57 14 0 0 0 0 0 28 1 1
58 14 0 0 0 0 0 28 0 0
59 14 0 0 0 0 0 28 0 0
61 14 1 1 0 0 0 0 0 0
62 43 1 1 15 0 0 0 0 0
63 14 0 0 0 0 0 14 0 0
70 13 0 0 0 0 0 0 0 0
71 13 0 0 0 0 0 0 0 0
73 1 0 0 0 0 0 0 0 0
fn=_setjmp
30 1 1 1 0 0 0 0 0 0
31 1 0 0 0 0 0 0 0 0
32 1 0 0 0 0 0 0 0 0
fl=./setjmp/./setjmp/sigjmp.c
fn=__sigjmp_save
28 4 0 0 0 0 0 3 0 0
29 1 0 0 0 0 0 1 0 0
30 1 0 0 0 0 0 0 0 0
34 4 1 1 3 0 0 0 0 0
fl=./signal/../string/bits/string_fortified.h
fn=__libc_sigaction
29 630 5 2 560 0 0 560 0 0
fl=./signal/../sysdeps/unix/sysv/linux/internal-signals.h
fn=sigaction
53 68 0 0 0 0 0 0 0 0
fl=./signal/../sysdeps/unix/sysv/linux/libc_sigaction.c
fn=__libc_sigaction
43 594 2 1 132 2 0 198 0 0
48 66 0 0 0 0 0 0 0 0
50 8 0 0 4 0 0 0 0 0
52 12 0 0 4 0 0 8 0 0
53 4 0 0 0 0 0 0 0 0
58 536 5 1 0 0 0 0 0 0
63 198 0 0 0 0 0 0 0 0
65 198 0 0 66 0 0 66 0 0
67 66 0 0 0 0 0 66 0 0
68 132 0 0 132 0 0 66 0 0
71 660 2 1 330 0 0 0 0 0
fl=./signal/../sysdeps/unix/sysv/linux/sigsetops.h
fn=sigemptyset
54 4 0 0 0 0 0 4 0 0
fl=./signal/./signal/allocrtsig.c
fn=__libc_current_sigrtmax
46 2 0 0 0 0 0 2 0 0
48 1 0 0 0 0 0 0 0 0
52 3 0 0 3 0 0 0 0 0
fn=__libc_current_sigrtmin
34 2 1 1 0 0 0 2 0 0
36 1 0 0 0 0 0 0 0 0
40 3 1 1 3 1 1 0 0 0
fl=./signal/./signal/sigaction.c
fn=sigaction
26 136 2 1 0 0 0 136 0 0
27 340 3 1 0 0 0 0 0 0
29 10 0 0 2 0 0 2 0 0
33 66 0 0 0 0 0 0 0 0
34 72 0 0 136 0 0 0 0 0
fl=./signal/./signal/sigempty.c
fn=sigemptyset
26 8 2 1 0 0 0 8 0 0
27 8 0 0 0 0 0 0 0 0
34 4 0 0 0 0 0 0 0 0
35 8 0 0 8 0 0 0 0 0
fl=./stdio-common/../include/printf_buffer.h
fn=__printf_buffer
163 6 1 1 0 0 0 0 0 0
fl=./stdio-common/../string/bits/string_fortified.h
fn=__printf_buffer_write
29 33 0 0 0 0 0 0 0 0
fl=./stdio-common/./stdio-common/Xprintf_buffer_done.c
fn=__printf_buffer_done
25 6 2 1 0 0 0 6 0 0
26 6 0 0 3 0 0 0 0 0
31 6 0 0 6 0 0 0 0 0
33 27 2 1 3 0 0 0 0 0
40 6 0 0 6 0 0 0 0 0
fl=./stdio-common/./stdio-common/Xprintf_buffer_write.c
fn=__printf_buffer_write
27 84 2 1 0 0 0 84 0 0
28 84 2 1 21 0 0 42 0 0
31 43 0 0 0 0 0 0 0 0
33 66 2 1 22 0 0 0 0 0
35 21 2 1 42 0 0 0 0 0
36 11 0 0 0 0 0 0 0 0
37 22 0 0 0 0 0 0 0 0
40 33 0 0 11 0 0 11 0 0
41 11 0 0 0 0 0 0 0 0
44 63 0 0 84 0 0 0 0 0
fl=./stdio-common/./stdio-common/_itoa.c
fn=_itoa_word
169 4 1 1 0 0 0 2 0 0
172 6 0 0 0 0 0 0 0 0
174 2 0 0 0 0 0 0 0 0
183 12 2 2 1 1 1 1 0 0
192 2 0 0 2 0 0 0 0 0
fl=./stdio-common/./stdio-common/errlist.c
fn=__get_errlist
27 66 10 1 0 0 0 66 0 0
29 198 0 0 33 11 0 0 0 0
30 99 0 0 33 28 0 0 0 0
31 33 0 0 0 0 0 0 0 0
32 66 0 0 66 0 0 0 0 0
fl=./stdio-common/./stdio-common/printf-parse.h
fn=__printf_buffer
82 51 0 0 3 0 0 3 0 0
fn=read_int
52 15 1 1 0 0 0 10 0 0
53 20 0 0 10 0 0 0 0 0
55 49 0 0 9 0 0 9 0 0
56 4 1 1 0 0 0 0 0 0
58 16 0 0 0 0 0 0 0 0
59 4 0 0 0 0 0 0 0 0
64 8 0 0 0 0 0 0 0 0
65 8 0 0 0 0 0 0 0 0
68 12 0 0 0 0 0 0 0 0
73 10 1 1 10 0 0 0 0 0
fl=./stdio-common/./stdio-common/vfprintf-internal.c
fn=__printf_buffer
600 54 4 2 9 0 0 33 0 0
627 24 0 0 6 0 0 15 0 0
631 3 0 0 0 0 0 3 0 0
634 18 0 0 0 0 0 15 0 0
638 21 2 1 15 0 0 12 0 0
642 3 0 0 0 0 0 0 0 0
649 6 0 0 0 0 0 3 0 0
653 12 0 0 0 0 0 0 0 0
655 6 2 1 3 0 0 0 0 0
659 6 0 0 3 0 0 0 0 0
663 36 0 0 9 2 1 9 0 0
683 9 0 0 0 0 0 9 0 0
684 9 0 0 0 0 0 9 0 0
685 9 0 0 0 0 0 9 0 0
686 9 0 0 0 0 0 9 0 0
687 9 0 0 0 0 0 0 0 0
690 9 0 0 0 0 0 0 0 0
691 9 0 0 0 0 0 0 0 0
692 9 0 0 0 0 0 0 0 0
693 9 0 0 0 0 0 0 0 0
694 9 0 0 0 0 0 9 0 0
695 9 0 0 0 0 0 0 0 0
698 9 0 0 0 0 0 0 0 0
699 18 0 0 0 0 0 9 0 0
705 159 8 4 54 5 4 18 0 0
813 15 2 2 5 0 0 5 0 0
814 15 0 0 5 1 1 0 0 0
840 15 0 0 0 0 0 0 0 0
842 25 2 2 0 0 0 10 0 0
846 10 0 0 0 0 0 0 0 0
854 5 0 0 0 0 0 0 0 0
855 90 1 1 35 1 1 0 0 0
1018 9 0 0 0 0 0 0 0 0
1024 27 2 1 9 0 0 9 0 0
1028 36 2 1 0 0 0 0 0 0
1031 51 0 0 33 0 0 0 0 0
1044 36 2 1 27 0 0 0 0 0
fl=./stdio-common/./stdio-common/vfprintf-process-arg.c
fn=__printf_buffer
35 3 0 0 0 0 0 1 0 0
48 1 0 0 0 0 0 0 0 0
49 1 1 1 1 0 0 0 0 0
50 1 1 1 0 0 0 0 0 0
52 1 1 1 0 0 0 0 0 0
53 11 3 3 4 0 0 1 0 0
57 1 0 0 0 0 0 0 0 0
58 1 0 0 0 0 0 0 0 0
136 3 1 1 0 0 0 0 0 0
138 2 0 0 0 0 0 0 0 0
155 12 1 1 2 0 0 4 0 0
161 7 1 1 1 0 0 0 0 0
166 3 0 0 2 0 0 0 0 0
170 1 0 0 0 0 0 0 0 0
186 5 1 1 0 0 0 0 0 0
187 9 2 2 2 0 0 0 0 0
195 4 0 0 0 0 0 0 0 0
197 2 0 0 1 0 0 0 0 0
199 4 1 1 1 0 0 0 0 0
201 6 2 2 2 0 0 1 0 0
206 1 0 0 0 0 0 0 0 0
208 5 0 0 2 0 0 0 0 0
211 3 1 1 1 0 0 0 0 0
224 1 0 0 0 0 0 0 0 0
233 1 0 0 0 0 0 0 0 0
236 1 0 0 0 0 0 0 0 0
240 5 1 1 1 0 0 0 0 0
403 96 4 4 40 0 0 8 0 0
408 8 0 0 0 0 0 0 0 0
422 32 1 1 0 0 0 0 0 0
430 16 0 0 0 0 0 0 0 0
433 20 0 0 0 0 0 0 0 0
435 9 1 1 0 0 0 0 0 0
455 40 2 2 8 0 0 0 0 0
461 4 0 0 2 0 0 0 0 0
463 32 0 0 0 0 0 0 0 0
464 8 0 0 0 0 0 0 0 0
fl=./stdlib/../include/scratch_buffer.h
fn=realpath@@GLIBC_2.17
77 5 1 1 0 0 0 2 2 2
78 4 0 0 0 0 0 4 1 1
85 9 1 1 3 0 0 0 0 0
101 3 0 0 0 0 0 1 0 0
fl=./stdlib/../string/bits/string_fortified.h
fn=__add_to_environ
29 4 0 0 0 0 0 0 0 0
fn=msort_with_tmp.part.0
29 731 1 1 358 0 0 0 0 0
fn=realpath@@GLIBC_2.17
79 3 0 0 1 0 0 0 0 0
fl=./stdlib/../sysdeps/unix/sysv/linux/getrandom.c
fn=getrandom
28 3 1 1 0 0 0 4 0 0
29 10 0 0 1 0 0 0 0 0
30 4 1 1 4 0 0 0 0 0
fl=./stdlib/./stdlib/canonicalize.c
fn=realpath@@GLIBC_2.17
118 4 0 0 1 0 0 0 0 0
195 1 0 0 0 0 0 0 0 0
202 1 0 0 0 0 0 0 0 0
205 6 0 0 1 0 0 2 0 0
213 1 0 0 0 0 0 0 0 0
221 2 0 0 0 0 0 0 0 0
223 3 0 0 0 0 0 0 0 0
225 5 1 1 1 0 0 0 0 0
234 3 2 2 0 0 0 0 0 0
252 14 3 3 5 0 0 2 0 0
255 5 2 2 0 0 0 1 0 0
259 95 0 0 19 0 0 0 0 0
266 3 0 0 1 0 0 0 0 0
268 2 1 1 0 0 0 0 0 0
270 3 0 0 0 0 0 0 0 0
283 3 1 1 1 0 0 0 0 0
284 4 0 0 0 0 0 1 0 0
286 3 0 0 1 0 0 0 0 0
287 4 1 1 0 0 0 0 0 0
296 6 1 1 1 0 0 1 0 0
297 1 0 0 0 0 0 1 0 0
303 1 0 0 1 0 0 0 0 0
305 7 0 0 1 0 0 1 0 0
306 3 0 0 1 0 0 0 0 0
311 1 1 1 0 0 0 0 0 0
343 1 0 0 0 0 0 2 0 0
372 7 1 1 2 0 0 0 0 0
386 3 0 0 0 0 0 1 0 0
387 4 0 0 2 0 0 0 0 0
391 5 0 0 1 0 0 0 0 0
392 3 0 0 0 0 0 0 0 0
395 1 0 0 0 0 0 0 0 0
426 13 2 2 2 0 0 11 2 2
436 14 0 0 11 0 0 0 0 0
fl=./stdlib/./stdlib/cxa_atexit.c
fn=__cxa_atexit
67 2 1 1 0 0 0 2 0 0
68 3 0 0 0 0 0 0 0 0
69 1 1 1 2 0 0 0 0 0
fn=__internal_atexit
36 4 1 1 0 0 0 6 0 0
41 1 0 0 0 0 0 0 0 0
43 10 1 1 1 0 0 0 0 0
44 3 0 0 0 0 0 0 0 0
46 1 0 0 0 0 0 0 0 0
52 4 0 0 2 0 0 0 0 0
53 1 0 0 0 0 0 2 0 0
55 1 0 0 0 0 0 2 1 0
56 1 0 0 0 0 0 0 0 0
57 6 1 1 1 0 0 0 0 0
58 1 0 0 0 0 0 0 0 0
59 4 0 0 6 0 0 0 0 0
fn=__new_exitfn
80 4 1 1 0 0 0 4 0 0
81 1 0 0 0 0 0 0 0 0
86 3 0 0 1 1 1 0 0 0
91 7 0 0 2 1 0 0 0 0
93 2 1 1 1 1 0 0 0 0
94 1 0 0 0 0 0 0 0 0
101 1 0 0 0 0 0 1 0 0
122 1 0 0 0 0 0 0 0 0
123 2 1 1 0 0 0 1 0 0
134 1 0 0 0 0 0 0 0 0
136 2 0 0 0 0 0 1 0 0
137 4 1 1 1 0 0 1 0 0
141 3 0 0 4 0 0 0 0 0
fl=./stdlib/./stdlib/cxa_finalize.c
fn=__cxa_finalize
30 32 0 0 0 0 0 48 0 0
33 24 2 1 4 0 0 0 0 0
36 20 1 1 8 0 0 0 0 0
40 24 0 0 4 0 0 0 0 0
43 4 0 0 0 0 0 0 0 0
78 8 0 0 4 0 0 0 0 0
81 8 0 0 4 0 0 0 0 0
93 20 0 0 8 0 0 0 0 0
97 24 1 1 4 1 0 0 0 0
104 4 0 0 0 0 0 0 0 0
105 8 0 0 0 0 0 0 0 0
106 24 1 1 4 0 0 0 0 0
107 28 0 0 48 0 0 0 0 0
fl=./stdlib/./stdlib/cxa_thread_atexit_impl.c
fn=__call_tls_dtors
148 4 1 1 0 0 0 6 0 0
149 5 0 0 2 0 0 0 0 0
165 4 2 2 6 0 0 0 0 0
fl=./stdlib/./stdlib/exit.c
fn=__run_exit_handlers
38 10 2 2 0 0 0 12 1 0
40 1 0 0 0 0 0 0 0 0
41 2 1 1 0 0 0 0 0 0
43 6 0 0 1 0 0 0 0 0
54 1 0 0 1 1 0 0 0 0
56 1 0 0 0 0 0 0 0 0
60 3 0 0 0 0 0 1 1 0
64 4 1 1 2 1 0 0 0 0
66 2 0 0 0 0 0 1 0 0
67 2 0 0 1 0 0 0 0 0
69 6 0 0 1 0 0 0 0 0
91 2 0 0 1 1 0 0 0 0
94 2 0 0 1 0 0 0 0 0
101 1 0 0 0 0 0 1 0 0
103 1 1 1 2 1 0 0 0 0
104 2 1 1 1 0 0 0 0 0
107 5 0 0 0 0 0 0 0 0
108 3 0 0 0 0 0 0 0 0
109 5 0 0 0 0 0 0 0 0
113 3 1 1 1 0 0 0 0 0
119 2 0 0 1 0 0 1 0 0
120 1 0 0 0 0 0 0 0 0
126 6 0 0 1 0 0 0 0 0
128 1 0 0 0 0 0 0 0 0
129 2 0 0 0 0 0 0 0 0
131 2 0 0 0 0 0 0 0 0
fn=exit
137 2 1 1 0 0 0 2 1 0
138 5 1 1 0 0 0 0 0 0
fl=./stdlib/./stdlib/getenv.c
fn=getenv
24 594 0 0 0 0 0 792 0 0
25 1782 8 2 594 26 18 594 0 0
28 396 0 0 0 0 0 0 0 0
29 6212 0 0 3106 14 0 0 0 0
31 8739 0 0 2913 36 0 0 0 0
32 3525 4 1 5 0 0 0 0 0
33 20 0 0 15 0 0 0 0 0
37 1178 4 1 1371 0 0 0 0 0
fl=./stdlib/./stdlib/mbstowcs.c
fn=mbstowcs
28 1800 28 2 400 0 0 800 0 0
31 200 0 0 0 0 0 200 0 0
33 600 0 0 0 0 0 0 0 0
34 2000 12 1 1000 0 0 0 0 0
fl=./stdlib/./stdlib/qsort.c
fn=msort_with_tmp.part.0
196 1790 2 2 0 0 0 2327 13 0
201 1260 0 0 0 0 0 0 0 0
204 179 0 0 0 0 0 0 0 0
205 179 0 0 0 0 0 0 0 0
206 179 0 0 179 0 0 0 0 0
207 358 0 0 179 0 0 0 0 0
212 179 0 0 179 0 0 0 0 0
213 179 0 0 179 0 0 0 0 0
215 179 0 0 358 0 0 0 0 0
216 1074 2 2 179 0 0 0 0 0
273 2086 0 0 0 0 0 0 0 0
275 4039 1 1 0 0 0 0 0 0
277 1680 0 0 0 0 0 0 0 0
278 560 1 1 0 0 0 0 0 0
279 560 0 0 0 0 0 0 0 0
283 1765 0 0 0 0 0 0 0 0
284 17 0 0 0 0 0 0 0 0
285 17 0 0 0 0 0 0 0 0
291 179 0 0 0 0 0 0 0 0
293 179 0 0 0 0 0 0 0 0
294 1074 1 1 2148 0 0 0 0 0
fn=qsort
404 6 1 1 0 0 0 6 0 0
405 6 0 0 0 0 0 0 0 0
406 3 0 0 6 0 0 0 0 0
fn=qsort_r
132 18 0 0 0 0 0 0 0 0
134 6 0 0 0 0 0 0 0 0
135 3 1 1 0 0 0 0 0 0
136 6 0 0 0 0 0 0 0 0
140 6 0 0 0 0 0 0 0 0
201 3 0 0 0 0 0 0 0 0
344 33 1 1 6 2 0 18 0 0
345 27 1 1 0 0 0 12 0 0
350 3 0 0 0 0 0 0 0 0
353 15 0 0 0 0 0 6 0 0
356 6 0 0 0 0 0 0 0 0
357 6 1 1 0 0 0 0 0 0
360 6 2 2 2 0 0 2 0 0
361 2 0 0 0 0 0 0 0 0
362 1 0 0 0 0 0 1 0 0
363 4 0 0 2 0 0 0 0 0
385 12 0 0 0 0 0 15 1 0
396 6 1 1 0 0 0 0 0 0
397 20 0 0 18 0 0 0 0 0
398 33 1 1 21 0 0 0 0 0
fl=./stdlib/./stdlib/setenv.c
fn=__add_to_environ
118 22 1 1 0 0 0 26 0 0
128 4 1 1 0 0 0 0 0 0
130 2 0 0 0 0 0 0 0 0
131 8 2 2 2 0 0 2 0 0
133 14 0 0 0 0 0 0 0 0
137 6 0 0 4 0 0 0 0 0
139 31 1 1 0 0 0 0 0 0
140 2 0 0 0 0 0 0 0 0
142 60 0 0 30 0 0 0 0 0
143 148 0 0 1 0 0 0 0 0
146 28 0 0 0 0 0 0 0 0
155 3 0 0 1 0 0 1 0 0
156 5 1 1 0 0 0 0 0 0
157 1 0 0 0 0 0 0 0 0
158 2 0 0 1 0 0 0 0 0
164 3 0 0 1 0 0 0 0 0
165 1 0 0 0 0 0 0 0 0
168 2 0 0 0 0 0 2 0 0
172 3 1 1 0 0 0 2 0 0
174 8 0 0 2 0 0 0 0 0
179 2 0 0 0 0 0 0 0 0
183 2 0 0 0 0 0 0 0 0
185 8 1 1 2 0 0 0 0 0
186 2 0 0 0 0 0 0 0 0
192 20 0 0 4 0 0 2 0 0
200 16 2 2 1 0 0 0 0 0
201 1 0 0 0 0 0 0 0 0
208 6 0 0 0 0 0 0 0 0
212 3 0 0 0 0 0 0 0 0
216 2 0 0 0 0 0 2 0 0
219 12 0 0 0 0 0 0 0 0
221 2 0 0 0 0 0 0 0 0
222 14 0 0 24 0 0 0 0 0
fn=setenv
226 10 0 0 0 0 0 8 0 0
227 16 2 2 2 1 1 2 0 0
233 12 0 0 2 0 0 0 0 0
234 4 0 0 8 0 0 0 0 0
fn=unsetenv
238 4 1 1 0 0 0 4 0 0
242 6 1 1 1 0 0 0 0 0
248 5 0 0 0 0 0 3 0 0
250 7 1 1 0 0 0 0 0 0
252 3 0 0 2 0 0 0 0 0
253 1 0 0 0 0 0 0 0 0
254 32 1 1 16 0 0 0 0 0
256 75 0 0 0 0 0 0 0 0
267 15 0 0 0 0 0 0 0 0
270 7 0 0 2 0 0 0 0 0
272 2 0 0 1 0 0 0 0 0
273 3 0 0 4 0 0 0 0 0
fl=./stdlib/./stdlib/wcstombs.c
fn=wcstombs
28 45 2 2 10 1 0 20 0 0
31 5 0 0 0 0 0 5 0 0
34 15 0 0 0 0 0 0 0 0
35 50 1 1 25 0 0 0 0 0
fl=./string/../include/rtld-malloc.h
fn=strdup
56 24 1 1 6 0 0 0 0 0
fl=./string/../string/bits/string_fortified.h
fn=memmem
59 72 1 1 6 0 0 96 0 0
fn=strdup
29 20 0 0 0 0 0 0 0 0
fn=strndup
29 4 0 0 0 0 0 0 0 0
fl=./string/../sysdeps/aarch64/memcmp.S
fn=bcmp
46 8537 12 1 0 0 0 0 0 0
51 8537 0 0 0 0 0 0 0 0
52 8537 0 0 0 0 0 0 0 0
53 457 0 0 914 13 0 0 0 0
54 457 0 0 914 36 0 0 0 0
55 457 0 0 0 0 0 0 0 0
56 457 0 0 0 0 0 0 0 0
57 457 0 0 0 0 0 0 0 0
59 270 0 0 0 0 0 0 0 0
60 270 0 0 0 0 0 0 0 0
61 270 0 0 0 0 0 0 0 0
62 270 0 0 0 0 0 0 0 0
63 11 0 0 0 0 0 0 0 0
64 11 0 0 0 0 0 0 0 0
65 22 0 0 0 0 0 0 0 0
69 11 11 1 22 0 0 0 0 0
70 11 0 0 22 0 0 0 0 0
71 11 0 0 0 0 0 0 0 0
72 11 0 0 0 0 0 0 0 0
73 11 0 0 0 0 0 0 0 0
74 11 0 0 0 0 0 0 0 0
75 11 0 0 0 0 0 0 0 0
77 1 0 0 2 0 0 0 0 0
78 1 0 0 2 0 0 0 0 0
79 1 0 0 0 0 0 0 0 0
80 1 0 0 0 0 0 0 0 0
81 1 0 0 0 0 0 0 0 0
82 1 0 0 0 0 0 0 0 0
83 1 0 0 0 0 0 0 0 0
85 1 0 0 0 0 0 0 0 0
86 1 0 0 0 0 0 0 0 0
90 270 0 0 540 3 0 0 0 0
91 270 0 0 540 11 0 0 0 0
93 7596 0 0 0 0 0 0 0 0
94 7596 0 0 0 0 0 0 0 0
95 7596 0 0 0 0 0 0 0 0
100 7705 0 0 0 0 0 0 0 0
101 7705 0 0 0 0 0 0 0 0
103 7705 0 0 0 0 0 0 0 0
104 7705 0 0 0 0 0 0 0 0
105 7705 0 0 0 0 0 0 0 0
106 7705 0 0 0 0 0 0 0 0
110 8080 24 1 0 0 0 0 0 0
111 8080 0 0 0 0 0 0 0 0
112 8080 0 0 0 0 0 0 0 0
113 3502 0 0 3502 7 0 0 0 0
114 3502 18 1 3502 107 0 0 0 0
115 3502 0 0 3502 5 0 0 0 0
116 3502 0 0 3502 106 0 0 0 0
117 3502 0 0 0 0 0 0 0 0
121 4578 13 0 0 0 0 0 0 0
122 3637 0 0 3637 3 0 0 0 0
123 3637 0 0 3637 85 0 0 0 0
124 3637 0 0 3637 0 0 0 0 0
125 3637 0 0 3637 0 0 0 0 0
126 3637 0 0 0 0 0 0 0 0
129 941 0 0 0 0 0 0 0 0
130 459 0 0 459 0 0 0 0 0
131 459 0 0 459 32 0 0 0 0
132 459 0 0 0 0 0 0 0 0
133 459 0 0 0 0 0 0 0 0
135 832 0 0 0 0 0 0 0 0
136 832 38 1 0 0 0 0 0 0
137 769 0 0 769 16 2 0 0 0
138 769 0 0 769 6 0 0 0 0
139 769 0 0 0 0 0 0 0 0
141 832 0 0 0 0 0 0 0 0
fl=./string/../sysdeps/aarch64/memrchr.S
fn=memrchr
57 69 18 1 0 0 0 0 0 0
60 69 0 0 0 0 0 0 0 0
61 69 0 0 0 0 0 0 0 0
62 69 0 0 0 0 0 0 0 0
63 69 0 0 0 0 0 0 0 0
64 69 0 0 69 1 0 0 0 0
65 69 0 0 0 0 0 0 0 0
66 69 0 0 0 0 0 0 0 0
67 69 0 0 0 0 0 0 0 0
68 69 0 0 0 0 0 0 0 0
69 69 0 0 0 0 0 0 0 0
70 69 0 0 0 0 0 0 0 0
71 69 0 0 0 0 0 0 0 0
73 31 0 0 0 0 0 0 0 0
74 31 0 0 0 0 0 0 0 0
75 31 0 0 0 0 0 0 0 0
76 31 7 0 0 0 0 0 0 0
77 31 0 0 0 0 0 0 0 0
81 38 16 1 0 0 0 0 0 0
82 38 0 0 0 0 0 0 0 0
85 38 0 0 0 0 0 0 0 0
86 38 0 0 0 0 0 0 0 0
87 20 0 0 0 0 0 0 0 0
91 20 0 0 20 0 0 0 0 0
92 20 0 0 0 0 0 0 0 0
93 20 0 0 0 0 0 0 0 0
94 20 0 0 0 0 0 0 0 0
95 20 0 0 0 0 0 0 0 0
98 18 0 0 18 0 0 0 0 0
99 18 0 0 0 0 0 0 0 0
100 18 0 0 0 0 0 0 0 0
101 18 9 1 0 0 0 0 0 0
102 18 0 0 0 0 0 0 0 0
103 18 0 0 0 0 0 0 0 0
104 18 0 0 0 0 0 0 0 0
106 18 0 0 0 0 0 0 0 0
108 38 10 0 0 0 0 0 0 0
109 38 0 0 0 0 0 0 0 0
111 38 0 0 0 0 0 0 0 0
115 38 0 0 0 0 0 0 0 0
116 38 0 0 0 0 0 0 0 0
117 38 0 0 0 0 0 0 0 0
118 38 0 0 0 0 0 0 0 0
119 38 0 0 0 0 0 0 0 0
fl=./string/../sysdeps/aarch64/multiarch/../memchr.S
fn=__GI_memchr
59 30 12 1 0 0 0 0 0 0
62 30 0 0 0 0 0 0 0 0
63 30 0 0 0 0 0 0 0 0
64 28 0 0 28 0 0 0 0 0
65 28 0 0 0 0 0 0 0 0
66 28 0 0 0 0 0 0 0 0
67 28 0 0 0 0 0 0 0 0
68 28 0 0 0 0 0 0 0 0
69 28 0 0 0 0 0 0 0 0
70 28 0 0 0 0 0 0 0 0
71 28 0 0 0 0 0 0 0 0
82 28 12 1 0 0 0 0 0 0
83 28 0 0 0 0 0 0 0 0
84 28 0 0 0 0 0 0 0 0
85 28 0 0 0 0 0 0 0 0
88 22 0 0 0 0 0 0 0 0
89 6 0 0 0 0 0 0 0 0
92 94 0 0 94 0 0 0 0 0
93 94 0 0 0 0 0 0 0 0
94 94 0 0 0 0 0 0 0 0
95 94 0 0 0 0 0 0 0 0
96 94 0 0 0 0 0 0 0 0
99 109 0 0 109 0 0 0 0 0
100 109 0 0 0 0 0 0 0 0
101 109 0 0 0 0 0 0 0 0
102 109 9 0 0 0 0 0 0 0
103 109 0 0 0 0 0 0 0 0
104 109 0 0 0 0 0 0 0 0
105 109 0 0 0 0 0 0 0 0
107 21 0 0 0 0 0 0 0 0
109 22 1 0 0 0 0 0 0 0
110 22 0 0 0 0 0 0 0 0
111 22 0 0 0 0 0 0 0 0
112 22 0 0 0 0 0 0 0 0
114 22 0 0 0 0 0 0 0 0
116 22 0 0 0 0 0 0 0 0
117 22 0 0 0 0 0 0 0 0
118 22 0 0 0 0 0 0 0 0
119 22 0 0 0 0 0 0 0 0
120 22 0 0 0 0 0 0 0 0
123 8 2 1 0 0 0 0 0 0
124 8 3 1 0 0 0 0 0 0
fl=./string/../sysdeps/aarch64/multiarch/../memcpy.S
fn=__GI_memcpy
72 12606 1 1 0 0 0 0 0 0
77 12606 0 0 0 0 0 0 0 0
78 12606 0 0 0 0 0 0 0 0
79 12606 0 0 0 0 0 0 0 0
80 12606 0 0 0 0 0 0 0 0
81 11103 0 0 0 0 0 0 0 0
82 11103 0 0 0 0 0 0 0 0
85 8595 0 0 0 0 0 0 0 0
86 8595 0 0 0 0 0 0 0 0
87 2770 0 0 2770 77 40 0 0 0
88 2770 0 0 2770 37 15 0 0 0
89 2770 0 0 0 0 0 2770 20 1
90 2770 0 0 0 0 0 2770 17 0
91 2770 0 0 0 0 0 0 0 0
95 5853 0 0 0 0 0 0 0 0
96 2741 0 0 2741 20 9 0 0 0
97 2741 0 0 2741 10 3 0 0 0
98 2741 0 0 0 0 0 2741 3 1
99 2741 0 0 0 0 0 2741 11 3
100 2741 0 0 0 0 0 0 0 0
104 3112 1 1 0 0 0 0 0 0
105 1661 0 0 1661 14 9 0 0 0
106 1661 0 0 1661 1 0 0 0 0
107 1661 0 0 0 0 0 1661 4 0
108 1661 0 0 0 0 0 1661 1 0
109 1661 0 0 0 0 0 0 0 0
113 1451 0 0 0 0 0 0 0 0
114 1426 0 0 0 0 0 0 0 0
115 1426 0 0 1426 12 5 0 0 0
116 1426 0 0 1426 5 3 0 0 0
117 1426 0 0 1426 0 0 0 0 0
118 1426 0 0 0 0 0 1426 1 0
119 1426 3 1 0 0 0 1426 0 0
120 1426 0 0 0 0 0 1426 0 0
122 1451 0 0 0 0 0 0 0 0
127 2656 7 0 5312 354 214 0 0 0
128 2656 0 0 5312 349 202 0 0 0
129 2656 0 0 0 0 0 0 0 0
130 2656 0 0 0 0 0 0 0 0
131 1224 0 0 0 0 0 2448 69 25
132 1224 0 0 0 0 0 2448 7 0
133 1224 0 0 0 0 0 0 0 0
138 1432 0 0 2864 0 0 0 0 0
139 1432 0 0 0 0 0 0 0 0
140 1432 0 0 0 0 0 0 0 0
141 448 0 0 896 0 0 0 0 0
142 448 4 1 0 0 0 896 358 199
144 1432 2 0 0 0 0 2864 130 84
145 1432 0 0 0 0 0 2864 48 4
146 1432 0 0 0 0 0 2864 36 0
147 1432 0 0 0 0 0 0 0 0
155 1504 0 0 1504 94 43 0 0 0
156 1504 0 0 0 0 0 0 0 0
157 1504 0 0 0 0 0 0 0 0
158 1504 0 0 0 0 0 0 0 0
159 1504 0 0 0 0 0 0 0 0
160 1504 0 0 3008 93 38 0 0 0
161 1504 0 0 0 0 0 1504 126 78
162 1504 0 0 3008 152 89 0 0 0
163 1504 0 0 0 0 0 0 0 0
164 1504 0 0 0 0 0 0 0 0
166 6819 36 1 0 0 0 13638 2160 943
167 6819 0 0 13638 1219 442 0 0 0
168 6819 0 0 0 0 0 13638 2191 1023
169 6819 0 0 13638 800 231 0 0 0
170 6819 0 0 0 0 0 0 0 0
171 6819 0 0 0 0 0 0 0 0
172 6819 0 0 0 0 0 0 0 0
173 6819 0 0 0 0 0 0 0 0
177 1504 0 0 3008 82 37 0 0 0
178 1504 0 0 0 0 0 3008 491 279
179 1504 0 0 3008 138 75 0 0 0
180 1504 0 0 0 0 0 3008 329 158
181 1504 0 0 0 0 0 3008 160 71
182 1504 0 0 0 0 0 3008 145 30
183 1504 0 0 0 0 0 0 0 0
fn=__GI_memmove
189 359 6 1 0 0 0 0 0 0
194 359 0 0 0 0 0 0 0 0
195 359 0 0 0 0 0 0 0 0
196 359 0 0 0 0 0 0 0 0
197 359 0 0 0 0 0 0 0 0
198 282 0 0 0 0 0 0 0 0
199 282 0 0 0 0 0 0 0 0
202 134 0 0 0 0 0 0 0 0
203 134 0 0 0 0 0 0 0 0
204 106 0 0 106 0 0 0 0 0
205 106 0 0 106 0 0 0 0 0
206 106 0 0 0 0 0 106 0 0
207 106 0 0 0 0 0 106 0 0
208 106 0 0 0 0 0 0 0 0
212 77 0 0 0 0 0 0 0 0
213 77 0 0 0 0 0 0 0 0
214 77 2 1 0 0 0 0 0 0
215 77 0 0 0 0 0 0 0 0
220 76 0 0 76 0 0 0 0 0
221 76 0 0 0 0 0 0 0 0
222 76 0 0 0 0 0 0 0 0
223 76 0 0 0 0 0 0 0 0
224 76 0 0 152 0 0 0 0 0
225 76 0 0 0 0 0 76 0 0
226 76 0 0 152 0 0 0 0 0
227 76 0 0 0 0 0 0 0 0
228 76 0 0 0 0 0 0 0 0
229 76 0 0 0 0 0 0 0 0
232 116 0 0 0 0 0 116 0 0
233 116 0 0 0 0 0 116 0 0
234 116 0 0 232 0 0 0 0 0
235 116 0 0 0 0 0 116 0 0
236 116 2 1 0 0 0 116 0 0
237 116 0 0 232 0 0 0 0 0
238 116 0 0 0 0 0 0 0 0
239 116 0 0 0 0 0 0 0 0
240 116 0 0 0 0 0 0 0 0
244 76 0 0 152 0 0 0 0 0
245 76 0 0 0 0 0 152 0 0
246 76 0 0 152 0 0 0 0 0
247 76 0 0 0 0 0 152 0 0
248 76 0 0 0 0 0 152 0 0
249 76 0 0 0 0 0 152 0 0
251 76 0 0 0 0 0 0 0 0
fn=memcpy
72 56 2 1 0 0 0 0 0 0
77 56 0 0 0 0 0 0 0 0
78 56 0 0 0 0 0 0 0 0
79 56 0 0 0 0 0 0 0 0
80 56 0 0 0 0 0 0 0 0
81 56 0 0 0 0 0 0 0 0
82 56 0 0 0 0 0 0 0 0
85 37 0 0 0 0 0 0 0 0
86 37 0 0 0 0 0 0 0 0
87 9 0 0 9 1 0 0 0 0
88 9 0 0 9 0 0 0 0 0
89 9 0 0 0 0 0 9 1 1
90 9 0 0 0 0 0 9 0 0
91 9 0 0 0 0 0 0 0 0
95 28 0 0 0 0 0 0 0 0
96 22 0 0 22 1 1 0 0 0
97 22 0 0 22 0 0 0 0 0
98 22 0 0 0 0 0 22 9 8
99 22 0 0 0 0 0 22 0 0
100 22 0 0 0 0 0 0 0 0
104 6 1 1 0 0 0 0 0 0
113 6 0 0 0 0 0 0 0 0
114 1 0 0 0 0 0 0 0 0
115 1 0 0 1 1 1 0 0 0
116 1 0 0 1 0 0 0 0 0
117 1 0 0 1 0 0 0 0 0
118 1 0 0 0 0 0 1 1 1
119 1 1 1 0 0 0 1 0 0
120 1 0 0 0 0 0 1 0 0
122 6 0 0 0 0 0 0 0 0
127 19 1 0 38 0 0 0 0 0
128 19 0 0 38 0 0 0 0 0
129 19 0 0 0 0 0 0 0 0
130 19 0 0 0 0 0 0 0 0
131 19 0 0 0 0 0 38 5 5
132 19 0 0 0 0 0 38 6 6
133 19 0 0 0 0 0 0 0 0
fl=./string/../sysdeps/aarch64/multiarch/../strlen.S
fn=__GI_strlen
50 577 14 1 0 0 0 0 0 0
52 577 0 0 0 0 0 0 0 0
53 577 0 0 577 12 1 0 0 0
54 577 0 0 0 0 0 0 0 0
55 577 0 0 0 0 0 0 0 0
56 577 0 0 0 0 0 0 0 0
57 577 0 0 0 0 0 0 0 0
58 577 0 0 0 0 0 0 0 0
59 577 0 0 0 0 0 0 0 0
61 459 0 0 0 0 0 0 0 0
62 459 0 0 0 0 0 0 0 0
63 459 0 0 0 0 0 0 0 0
64 459 0 0 0 0 0 0 0 0
68 118 13 1 118 6 6 0 0 0
69 118 0 0 0 0 0 0 0 0
70 118 0 0 0 0 0 0 0 0
71 118 0 0 0 0 0 0 0 0
72 118 0 0 0 0 0 0 0 0
80 118 0 0 0 0 0 0 0 0
81 118 0 0 0 0 0 0 0 0
82 118 0 0 0 0 0 0 0 0
84 118 0 0 0 0 0 0 0 0
86 118 0 0 0 0 0 0 0 0
87 118 10 1 0 0 0 0 0 0
88 118 0 0 0 0 0 0 0 0
89 118 0 0 0 0 0 0 0 0
fn=strlen
50 27 1 1 0 0 0 0 0 0
52 27 0 0 0 0 0 0 0 0
53 27 0 0 27 2 2 0 0 0
54 27 0 0 0 0 0 0 0 0
55 27 0 0 0 0 0 0 0 0
56 27 0 0 0 0 0 0 0 0
57 27 0 0 0 0 0 0 0 0
58 27 0 0 0 0 0 0 0 0
59 27 0 0 0 0 0 0 0 0
61 5 0 0 0 0 0 0 0 0
62 5 0 0 0 0 0 0 0 0
63 5 0 0 0 0 0 0 0 0
64 5 0 0 0 0 0 0 0 0
68 25 1 1 25 0 0 0 0 0
69 25 0 0 0 0 0 0 0 0
70 25 0 0 0 0 0 0 0 0
71 25 0 0 0 0 0 0 0 0
72 25 0 0 0 0 0 0 0 0
73 15 0 0 15 0 0 0 0 0
74 15 0 0 0 0 0 0 0 0
75 15 0 0 0 0 0 0 0 0
76 15 0 0 0 0 0 0 0 0
77 15 0 0 0 0 0 0 0 0
78 12 0 0 0 0 0 0 0 0
80 22 0 0 0 0 0 0 0 0
81 22 0 0 0 0 0 0 0 0
82 22 0 0 0 0 0 0 0 0
84 22 0 0 0 0 0 0 0 0
86 22 0 0 0 0 0 0 0 0
87 22 1 1 0 0 0 0 0 0
88 22 0 0 0 0 0 0 0 0
89 22 0 0 0 0 0 0 0 0
fl=./string/../sysdeps/aarch64/multiarch/memchr.c
fn=memchr
34 24 4 2 8 2 0 4 0 0
fl=./string/../sysdeps/aarch64/multiarch/memcpy.c
fn=memcpy
41 3 1 1 2 0 0 0 0 0
43 2 0 0 1 1 0 0 0 0
46 2 0 0 1 0 0 0 0 0
48 1 0 0 0 0 0 0 0 0
53 2 0 0 0 0 0 0 0 0
56 2 1 1 0 0 0 0 0 0
59 2 1 1 0 0 0 0 0 0
62 4 1 1 2 0 0 2 0 0
fl=./string/../sysdeps/aarch64/multiarch/memmove.c
fn=memmove
41 3 1 1 2 1 0 0 0 0
43 2 0 0 1 1 0 0 0 0
46 2 0 0 1 0 0 0 0 0
48 1 1 1 0 0 0 0 0 0
53 2 0 0 0 0 0 0 0 0
56 2 0 0 0 0 0 0 0 0
59 2 0 0 0 0 0 0 0 0
62 4 1 1 2 0 0 2 0 0
fl=./string/../sysdeps/aarch64/multiarch/memset.c
fn=memset
41 4 1 1 3 0 0 0 0 0
43 2 0 0 1 0 0 0 0 0
46 2 0 0 1 0 0 0 0 0
48 3 0 0 0 0 0 0 0 0
52 2 0 0 0 0 0 0 0 0
55 4 1 1 0 0 0 0 0 0
61 6 0 0 0 0 0 0 0 0
64 4 0 0 2 0 0 2 0 0
fl=./string/../sysdeps/aarch64/multiarch/strlen.c
fn=strlen
34 26 2 2 8 0 0 4 0 0
fl=./string/../sysdeps/aarch64/multiarch/strlen_asimd.S
fn=__strlen_asimd
89 11452 16 1 0 0 0 0 0 0
91 11452 0 0 0 0 0 0 0 0
92 11452 0 0 0 0 0 0 0 0
93 11452 0 0 0 0 0 0 0 0
96 11422 0 0 22844 3942 917 0 0 0
97 11422 0 0 0 0 0 0 0 0
107 11422 0 0 0 0 0 0 0 0
108 11422 0 0 0 0 0 0 0 0
109 11422 0 0 0 0 0 0 0 0
110 11422 0 0 0 0 0 0 0 0
111 11422 0 0 0 0 0 0 0 0
112 11422 0 0 0 0 0 0 0 0
113 11422 0 0 0 0 0 0 0 0
114 11422 0 0 0 0 0 0 0 0
118 9741 0 0 0 0 0 0 0 0
119 9741 0 0 0 0 0 0 0 0
120 9741 2 1 0 0 0 0 0 0
121 9741 0 0 0 0 0 0 0 0
122 9741 0 0 0 0 0 0 0 0
123 9741 0 0 0 0 0 0 0 0
124 9741 0 0 0 0 0 0 0 0
128 1681 2 0 3362 153 111 0 0 0
133 1681 0 0 0 0 0 0 0 0
134 1681 0 0 0 0 0 0 0 0
135 1681 0 0 0 0 0 0 0 0
136 1681 0 0 0 0 0 0 0 0
137 1681 0 0 0 0 0 0 0 0
138 1681 0 0 0 0 0 0 0 0
139 1681 0 0 0 0 0 0 0 0
140 1681 0 0 0 0 0 0 0 0
144 1055 0 0 0 0 0 0 0 0
145 1055 0 0 0 0 0 0 0 0
146 1055 11 1 0 0 0 0 0 0
147 1055 0 0 0 0 0 0 0 0
148 1055 0 0 0 0 0 0 0 0
149 1055 0 0 0 0 0 0 0 0
150 1055 0 0 0 0 0 0 0 0
151 1055 0 0 0 0 0 0 0 0
155 626 0 0 0 0 0 0 0 0
159 3852 0 0 7704 971 791 0 0 0
160 3852 0 0 0 0 0 0 0 0
161 3852 0 0 0 0 0 0 0 0
162 3852 0 0 0 0 0 0 0 0
163 3852 0 0 0 0 0 0 0 0
164 3852 0 0 0 0 0 0 0 0
167 640 0 0 0 0 0 0 0 0
168 640 0 0 0 0 0 0 0 0
169 640 47 1 0 0 0 0 0 0
170 287 0 0 0 0 0 0 0 0
171 287 0 0 0 0 0 0 0 0
174 640 0 0 0 0 0 0 0 0
175 640 0 0 0 0 0 0 0 0
177 640 0 0 0 0 0 0 0 0
179 640 0 0 0 0 0 0 0 0
180 640 0 0 0 0 0 0 0 0
181 640 0 0 0 0 0 0 0 0
184 30 4 0 0 0 0 0 0 0
185 30 0 0 0 0 0 0 0 0
186 30 0 0 0 0 0 0 0 0
187 30 0 0 60 4 4 0 0 0
188 30 0 0 0 0 0 0 0 0
189 30 0 0 0 0 0 0 0 0
190 30 0 0 0 0 0 0 0 0
191 30 11 1 0 0 0 0 0 0
192 30 0 0 0 0 0 0 0 0
193 30 0 0 0 0 0 0 0 0
194 30 0 0 0 0 0 0 0 0
195 30 0 0 0 0 0 0 0 0
196 30 0 0 0 0 0 0 0 0
197 30 0 0 0 0 0 0 0 0
198 30 0 0 0 0 0 0 0 0
200 16 0 0 0 0 0 0 0 0
201 16 0 0 0 0 0 0 0 0
202 16 0 0 0 0 0 0 0 0
203 16 0 0 0 0 0 0 0 0
fl=./string/../sysdeps/aarch64/nptl/../memset.S
fn=__GI_memset
32 13244 1 1 0 0 0 0 0 0
37 13244 0 0 0 0 0 0 0 0
38 13244 0 0 0 0 0 0 0 0
40 13244 0 0 0 0 0 0 0 0
41 13244 0 0 0 0 0 0 0 0
42 11420 0 0 0 0 0 0 0 0
43 11420 0 0 0 0 0 0 0 0
44 1501 0 0 0 0 0 0 0 0
47 1501 0 0 0 0 0 0 0 0
48 1459 0 0 0 0 0 1459 41 4
49 1459 0 0 0 0 0 1459 1 0
50 1459 0 0 0 0 0 0 0 0
52 42 0 0 0 0 0 0 0 0
53 4 0 0 0 0 0 4 0 0
54 4 0 0 0 0 0 4 0 0
55 4 0 0 0 0 0 0 0 0
56 38 0 0 0 0 0 0 0 0
57 30 0 0 0 0 0 30 0 0
58 30 0 0 0 0 0 0 0 0
59 12 0 0 0 0 0 12 0 0
60 38 0 0 0 0 0 0 0 0
64 9919 1 1 0 0 0 9919 815 578
65 9919 0 0 0 0 0 0 0 0
66 8909 0 0 0 0 0 8909 226 49
67 8909 0 0 0 0 0 0 0 0
68 5196 0 0 0 0 0 5196 0 0
69 5196 0 0 0 0 0 5196 0 0
70 8909 0 0 0 0 0 0 0 0
76 1010 22 0 0 0 0 1010 54 15
77 1010 0 0 0 0 0 2020 118 14
78 1010 0 0 0 0 0 2020 45 2
79 1010 0 0 0 0 0 0 0 0
84 1824 10 1 0 0 0 0 0 0
85 1824 0 0 0 0 0 0 0 0
86 1824 0 0 0 0 0 1824 322 181
87 1824 0 0 0 0 0 0 0 0
88 1824 0 0 0 0 0 0 0 0
89 1824 0 0 0 0 0 0 0 0
91 1824 0 0 0 0 0 0 0 0
92 1824 0 0 0 0 0 0 0 0
93 1824 0 0 0 0 0 0 0 0
94 15062 0 0 0 0 0 30124 6365 3780
95 15062 0 0 0 0 0 30124 6332 4004
97 15062 0 0 0 0 0 0 0 0
98 15062 0 0 0 0 0 0 0 0
99 1824 0 0 0 0 0 3648 112 32
100 1824 0 0 0 0 0 3648 168 13
101 3648 45 1 0 0 0 0 0 0
106 1824 0 0 0 0 0 0 0 0
107 1824 0 0 0 0 0 0 0 0
fn=memset
32 13 1 1 0 0 0 0 0 0
37 13 0 0 0 0 0 0 0 0
38 13 0 0 0 0 0 0 0 0
40 13 0 0 0 0 0 0 0 0
41 13 0 0 0 0 0 0 0 0
42 9 0 0 0 0 0 0 0 0
43 9 0 0 0 0 0 0 0 0
44 8 0 0 0 0 0 0 0 0
47 8 0 0 0 0 0 0 0 0
48 4 0 0 0 0 0 4 4 4
49 4 0 0 0 0 0 4 0 0
50 4 0 0 0 0 0 0 0 0
52 4 0 0 0 0 0 0 0 0
53 4 0 0 0 0 0 4 0 0
54 4 0 0 0 0 0 4 0 0
55 4 1 1 0 0 0 0 0 0
64 1 0 0 0 0 0 1 0 0
65 1 0 0 0 0 0 0 0 0
66 1 0 0 0 0 0 1 0 0
67 1 0 0 0 0 0 0 0 0
70 1 0 0 0 0 0 0 0 0
84 4 1 1 0 0 0 0 0 0
85 4 0 0 0 0 0 0 0 0
86 4 0 0 0 0 0 4 3 3
87 4 0 0 0 0 0 0 0 0
88 4 0 0 0 0 0 0 0 0
89 4 0 0 0 0 0 0 0 0
91 4 0 0 0 0 0 0 0 0
92 4 0 0 0 0 0 0 0 0
93 4 0 0 0 0 0 0 0 0
94 74 0 0 0 0 0 148 67 67
95 74 0 0 0 0 0 148 6 6
97 74 0 0 0 0 0 0 0 0
98 74 0 0 0 0 0 0 0 0
99 4 0 0 0 0 0 8 1 1
100 4 0 0 0 0 0 8 1 1
101 8 1 1 0 0 0 0 0 0
106 4 0 0 0 0 0 0 0 0
107 4 0 0 0 0 0 0 0 0
fl=./string/../sysdeps/aarch64/strchr.S
fn=index
54 330 29 2 0 0 0 0 0 0
56 330 0 0 0 0 0 0 0 0
57 330 0 0 0 0 0 0 0 0
58 330 0 0 330 126 7 0 0 0
59 330 0 0 0 0 0 0 0 0
60 330 0 0 0 0 0 0 0 0
61 330 0 0 0 0 0 0 0 0
62 330 0 0 0 0 0 0 0 0
63 330 0 0 0 0 0 0 0 0
64 330 0 0 0 0 0 0 0 0
65 330 0 0 0 0 0 0 0 0
66 330 0 0 0 0 0 0 0 0
67 330 0 0 0 0 0 0 0 0
69 301 0 0 0 0 0 0 0 0
70 301 0 0 0 0 0 0 0 0
73 301 0 0 0 0 0 0 0 0
74 301 29 2 0 0 0 0 0 0
75 301 0 0 0 0 0 0 0 0
76 301 0 0 0 0 0 0 0 0
80 53 1 0 53 2 1 0 0 0
81 53 0 0 0 0 0 0 0 0
82 53 0 0 0 0 0 0 0 0
83 53 0 0 0 0 0 0 0 0
84 53 0 0 0 0 0 0 0 0
85 53 0 0 0 0 0 0 0 0
86 25 0 0 25 0 0 0 0 0
87 25 0 0 0 0 0 0 0 0
88 25 0 0 0 0 0 0 0 0
89 25 0 0 0 0 0 0 0 0
90 25 0 0 0 0 0 0 0 0
91 25 0 0 0 0 0 0 0 0
92 1 1 0 0 0 0 0 0 0
100 29 5 2 0 0 0 0 0 0
101 29 0 0 0 0 0 0 0 0
102 29 0 0 0 0 0 0 0 0
103 29 0 0 0 0 0 0 0 0
105 29 0 0 0 0 0 0 0 0
106 29 0 0 0 0 0 0 0 0
108 29 0 0 0 0 0 0 0 0
109 29 0 0 0 0 0 0 0 0
110 29 0 0 0 0 0 0 0 0
111 29 0 0 0 0 0 0 0 0
fl=./string/../sysdeps/aarch64/strchrnul.S
fn=strchrnul
53 18 2 1 0 0 0 0 0 0
55 18 0 0 0 0 0 0 0 0
56 18 0 0 0 0 0 0 0 0
57 18 0 0 18 3 3 0 0 0
58 18 0 0 0 0 0 0 0 0
59 18 0 0 0 0 0 0 0 0
60 18 0 0 0 0 0 0 0 0
61 18 0 0 0 0 0 0 0 0
62 18 0 0 0 0 0 0 0 0
63 18 0 0 0 0 0 0 0 0
64 18 0 0 0 0 0 0 0 0
66 14 0 0 0 0 0 0 0 0
67 14 0 0 0 0 0 0 0 0
68 14 0 0 0 0 0 0 0 0
69 14 0 0 0 0 0 0 0 0
73 4 1 1 4 0 0 0 0 0
74 4 0 0 0 0 0 0 0 0
75 4 0 0 0 0 0 0 0 0
76 4 0 0 0 0 0 0 0 0
77 4 0 0 0 0 0 0 0 0
78 4 0 0 0 0 0 0 0 0
87 4 0 0 0 0 0 0 0 0
88 4 0 0 0 0 0 0 0 0
89 4 0 0 0 0 0 0 0 0
91 4 1 1 0 0 0 0 0 0
93 4 0 0 0 0 0 0 0 0
94 4 0 0 0 0 0 0 0 0
95 4 0 0 0 0 0 0 0 0
fl=./string/../sysdeps/aarch64/strcmp.S
fn=strcmp
64 2917 44 2 0 0 0 0 0 0
67 2917 0 0 0 0 0 0 0 0
68 2917 0 0 0 0 0 0 0 0
69 2917 0 0 0 0 0 0 0 0
70 2917 0 0 0 0 0 0 0 0
71 2917 0 0 0 0 0 0 0 0
72 4510 0 0 0 0 0 0 0 0
77 2655 0 0 2655 426 67 0 0 0
78 2655 0 0 2655 73 42 0 0 0
85 2749 0 0 0 0 0 0 0 0
86 2749 0 0 0 0 0 0 0 0
88 2749 0 0 0 0 0 0 0 0
89 2749 0 0 0 0 0 0 0 0
90 2749 0 0 0 0 0 0 0 0
94 2302 0 0 0 0 0 0 0 0
95 2302 25 1 0 0 0 0 0 0
98 2679 10 1 0 0 0 0 0 0
99 2679 0 0 0 0 0 0 0 0
100 2679 0 0 0 0 0 0 0 0
102 2679 0 0 0 0 0 0 0 0
107 2679 0 0 0 0 0 0 0 0
108 2679 0 0 0 0 0 0 0 0
111 2679 0 0 0 0 0 0 0 0
112 2679 0 0 0 0 0 0 0 0
113 2679 0 0 0 0 0 0 0 0
121 94 0 0 0 0 0 0 0 0
122 94 0 0 94 1 0 0 0 0
123 94 0 0 94 12 9 0 0 0
124 94 0 0 0 0 0 0 0 0
125 94 0 0 0 0 0 0 0 0
126 94 0 0 0 0 0 0 0 0
127 94 0 0 0 0 0 0 0 0
128 94 0 0 0 0 0 0 0 0
129 94 0 0 0 0 0 0 0 0
134 615 13 2 0 0 0 0 0 0
136 1351 0 0 1351 129 76 0 0 0
137 1351 0 0 1351 35 10 0 0 0
138 1351 0 0 0 0 0 0 0 0
139 1351 0 0 0 0 0 0 0 0
140 1351 0 0 0 0 0 0 0 0
141 1113 0 0 0 0 0 0 0 0
142 1113 0 0 0 0 0 0 0 0
145 377 0 0 0 0 0 0 0 0
146 377 0 0 0 0 0 0 0 0
147 377 0 0 377 9 6 0 0 0
151 377 11 2 0 0 0 0 0 0
152 377 0 0 0 0 0 0 0 0
153 377 0 0 0 0 0 0 0 0
154 377 0 0 0 0 0 0 0 0
155 377 0 0 0 0 0 0 0 0
156 377 0 0 0 0 0 0 0 0
158 648 0 0 0 0 0 0 0 0
163 395 0 0 395 10 2 0 0 0
164 395 0 0 395 0 0 0 0 0
168 395 0 0 0 0 0 0 0 0
169 395 0 0 0 0 0 0 0 0
170 395 0 0 395 23 18 0 0 0
171 395 0 0 0 0 0 0 0 0
172 395 0 0 0 0 0 0 0 0
173 395 0 0 0 0 0 0 0 0
175 324 6 1 0 0 0 0 0 0
179 324 0 0 0 0 0 0 0 0
180 324 0 0 0 0 0 0 0 0
181 324 0 0 0 0 0 0 0 0
183 140 4 0 140 12 9 0 0 0
184 140 0 0 0 0 0 0 0 0
185 140 0 0 0 0 0 0 0 0
186 140 0 0 0 0 0 0 0 0
191 140 0 0 0 0 0 0 0 0
192 140 0 0 0 0 0 0 0 0
193 140 0 0 0 0 0 0 0 0
196 238 3 1 0 0 0 0 0 0
197 238 0 0 0 0 0 0 0 0
fl=./string/../sysdeps/aarch64/strcpy.S
fn=stpcpy
71 205 14 1 0 0 0 0 0 0
74 205 0 0 0 0 0 0 0 0
75 205 0 0 205 0 0 0 0 0
76 205 0 0 0 0 0 0 0 0
77 205 0 0 0 0 0 0 0 0
78 205 0 0 0 0 0 0 0 0
79 205 0 0 0 0 0 0 0 0
80 205 0 0 0 0 0 0 0 0
81 205 0 0 0 0 0 0 0 0
83 36 0 0 36 1 1 0 0 0
84 36 0 0 0 0 0 0 0 0
85 36 0 0 0 0 0 0 0 0
86 36 0 0 0 0 0 0 0 0
87 36 0 0 0 0 0 0 0 0
90 36 0 0 0 0 0 0 0 0
92 36 0 0 0 0 0 0 0 0
93 36 0 0 0 0 0 0 0 0
94 36 0 0 0 0 0 0 0 0
95 36 0 0 0 0 0 0 0 0
96 6 0 0 0 0 0 0 0 0
97 6 0 0 6 0 0 0 0 0
98 6 0 0 6 0 0 0 0 0
99 6 0 0 0 0 0 6 0 0
100 6 0 0 0 0 0 6 0 0
101 6 0 0 0 0 0 0 0 0
102 6 0 0 0 0 0 0 0 0
105 169 15 1 0 0 0 0 0 0
106 169 0 0 0 0 0 0 0 0
107 169 0 0 0 0 0 0 0 0
109 199 0 0 0 0 0 0 0 0
110 87 0 0 0 0 0 0 0 0
111 87 0 0 87 0 0 0 0 0
112 87 15 0 87 0 0 0 0 0
113 87 0 0 0 0 0 87 1 1
114 87 0 0 0 0 0 87 1 1
115 87 0 0 0 0 0 0 0 0
116 87 0 0 0 0 0 0 0 0
120 112 1 1 0 0 0 0 0 0
121 112 0 0 0 0 0 0 0 0
122 34 0 0 34 0 0 0 0 0
123 34 0 0 34 0 0 0 0 0
124 34 0 0 0 0 0 34 1 1
125 34 0 0 0 0 0 34 1 1
126 34 0 0 0 0 0 0 0 0
127 34 0 0 0 0 0 0 0 0
130 78 1 1 0 0 0 0 0 0
131 78 0 0 78 0 0 0 0 0
132 78 0 0 0 0 0 78 0 0
134 78 0 0 0 0 0 78 0 0
135 78 0 0 0 0 0 0 0 0
136 78 0 0 0 0 0 0 0 0
fn=strcpy
71 1 1 1 0 0 0 0 0 0
74 1 0 0 0 0 0 0 0 0
75 1 0 0 1 0 0 0 0 0
76 1 0 0 0 0 0 0 0 0
77 1 0 0 0 0 0 0 0 0
78 1 0 0 0 0 0 0 0 0
79 1 0 0 0 0 0 0 0 0
80 1 0 0 0 0 0 0 0 0
81 1 0 0 0 0 0 0 0 0
83 1 0 0 1 0 0 0 0 0
84 1 0 0 0 0 0 0 0 0
85 1 0 0 0 0 0 0 0 0
86 1 0 0 0 0 0 0 0 0
87 1 0 0 0 0 0 0 0 0
90 1 0 0 0 0 0 0 0 0
92 1 0 0 0 0 0 0 0 0
93 1 1 1 0 0 0 0 0 0
94 1 0 0 0 0 0 0 0 0
95 1 0 0 0 0 0 0 0 0
96 1 0 0 0 0 0 0 0 0
97 1 0 0 1 0 0 0 0 0
98 1 0 0 1 0 0 0 0 0
99 1 0 0 0 0 0 1 0 0
100 1 0 0 0 0 0 1 1 1
102 1 0 0 0 0 0 0 0 0
fl=./string/../sysdeps/aarch64/strncmp.S
fn=strncmp
72 1389 16 1 0 0 0 0 0 0
73 1389 0 0 0 0 0 0 0 0
74 1389 0 0 0 0 0 0 0 0
75 1389 0 0 0 0 0 0 0 0
76 1389 0 0 0 0 0 0 0 0
77 1389 0 0 0 0 0 0 0 0
78 1389 0 0 0 0 0 0 0 0
79 277 5 0 0 0 0 0 0 0
86 292 0 0 292 73 61 0 0 0
87 292 0 0 292 0 0 0 0 0
89 303 0 0 0 0 0 0 0 0
90 303 0 0 0 0 0 0 0 0
91 303 0 0 0 0 0 0 0 0
92 303 0 0 0 0 0 0 0 0
93 303 0 0 0 0 0 0 0 0
94 303 0 0 0 0 0 0 0 0
95 303 0 0 0 0 0 0 0 0
96 303 0 0 0 0 0 0 0 0
101 346 1 1 0 0 0 0 0 0
102 346 0 0 0 0 0 0 0 0
106 356 2 0 0 0 0 0 0 0
107 356 0 0 0 0 0 0 0 0
108 356 0 0 0 0 0 0 0 0
109 356 9 1 0 0 0 0 0 0
110 356 0 0 0 0 0 0 0 0
111 356 0 0 0 0 0 0 0 0
112 356 0 0 0 0 0 0 0 0
115 356 0 0 0 0 0 0 0 0
116 356 0 0 0 0 0 0 0 0
117 356 0 0 0 0 0 0 0 0
118 356 0 0 0 0 0 0 0 0
175 11 0 0 0 0 0 0 0 0
176 11 0 0 0 0 0 0 0 0
177 11 0 0 11 0 0 0 0 0
178 11 0 0 0 0 0 0 0 0
179 11 0 0 11 0 0 0 0 0
180 11 0 0 0 0 0 0 0 0
181 11 0 0 0 0 0 0 0 0
183 11 0 0 0 0 0 0 0 0
184 11 2 1 0 0 0 0 0 0
185 11 0 0 0 0 0 0 0 0
186 11 0 0 0 0 0 0 0 0
187 11 0 0 0 0 0 0 0 0
192 1112 18 1 0 0 0 0 0 0
193 1112 0 0 0 0 0 0 0 0
197 2713 0 0 2713 51 18 0 0 0
198 2713 0 0 2713 13 2 0 0 0
199 2713 0 0 0 0 0 0 0 0
200 2713 0 0 0 0 0 0 0 0
201 2713 0 0 0 0 0 0 0 0
202 2713 0 0 0 0 0 0 0 0
204 1033 0 0 0 0 0 0 0 0
205 1033 0 0 0 0 0 0 0 0
209 93 0 0 0 0 0 0 0 0
211 25 0 0 0 0 0 0 0 0
212 25 0 0 0 0 0 0 0 0
213 25 0 0 0 0 0 0 0 0
216 28 0 0 28 0 0 0 0 0
217 28 0 0 28 0 0 0 0 0
218 28 1 0 0 0 0 0 0 0
219 28 0 0 0 0 0 0 0 0
220 28 0 0 0 0 0 0 0 0
221 14 0 0 0 0 0 0 0 0
222 14 0 0 0 0 0 0 0 0
241 79 4 1 0 0 0 0 0 0
242 79 0 0 0 0 0 0 0 0
243 79 0 0 0 0 0 0 0 0
244 79 0 0 0 0 0 0 0 0
245 79 0 0 79 0 0 0 0 0
246 79 0 0 158 0 0 0 0 0
247 79 0 0 0 0 0 0 0 0
248 79 0 0 0 0 0 0 0 0
250 79 0 0 0 0 0 0 0 0
254 75 0 0 0 0 0 0 0 0
255 75 0 0 0 0 0 0 0 0
256 75 2 1 0 0 0 0 0 0
257 75 0 0 0 0 0 0 0 0
258 75 0 0 0 0 0 0 0 0
259 75 0 0 0 0 0 0 0 0
260 75 0 0 0 0 0 0 0 0
261 75 0 0 0 0 0 0 0 0
262 75 0 0 0 0 0 0 0 0
263 75 0 0 0 0 0 0 0 0
264 75 0 0 0 0 0 0 0 0
266 6 0 0 6 0 0 0 0 0
269 16 3 0 0 0 0 0 0 0
279 16 0 0 0 0 0 0 0 0
280 16 0 0 0 0 0 0 0 0
281 16 0 0 0 0 0 0 0 0
282 16 0 0 0 0 0 0 0 0
286 16 0 0 0 0 0 0 0 0
287 16 5 1 0 0 0 0 0 0
288 16 0 0 0 0 0 0 0 0
289 16 0 0 0 0 0 0 0 0
290 16 0 0 0 0 0 0 0 0
293 6 0 0 12 0 0 0 0 0
294 6 0 0 0 0 0 0 0 0
295 6 0 0 0 0 0 0 0 0
296 6 0 0 0 0 0 0 0 0
297 6 0 0 0 0 0 0 0 0
298 6 0 0 0 0 0 0 0 0
299 6 0 0 0 0 0 0 0 0
300 6 0 0 0 0 0 0 0 0
302 6 0 0 6 0 0 0 0 0
303 6 0 0 0 0 0 0 0 0
304 6 0 0 0 0 0 0 0 0
fl=./string/../sysdeps/aarch64/strnlen.S
fn=strnlen
51 451 37 1 0 0 0 0 0 0
54 451 0 0 0 0 0 0 0 0
55 451 0 0 0 0 0 0 0 0
56 451 0 0 451 78 1 0 0 0
57 451 0 0 0 0 0 0 0 0
58 451 0 0 0 0 0 0 0 0
59 451 0 0 0 0 0 0 0 0
60 451 0 0 0 0 0 0 0 0
61 451 0 0 0 0 0 0 0 0
62 451 0 0 0 0 0 0 0 0
64 279 0 0 0 0 0 0 0 0
65 279 0 0 0 0 0 0 0 0
66 279 0 0 0 0 0 0 0 0
67 279 0 0 0 0 0 0 0 0
68 279 0 0 0 0 0 0 0 0
69 279 0 0 0 0 0 0 0 0
72 1 0 0 0 0 0 0 0 0
73 1 0 0 0 0 0 0 0 0
76 172 26 1 0 0 0 0 0 0
77 172 0 0 0 0 0 0 0 0
78 172 0 0 0 0 0 0 0 0
79 172 0 0 0 0 0 0 0 0
82 171 0 0 0 0 0 0 0 0
83 1 0 0 0 0 0 0 0 0
86 1 0 0 1 0 0 0 0 0
87 1 0 0 0 0 0 0 0 0
88 1 0 0 0 0 0 0 0 0
89 1 0 0 0 0 0 0 0 0
90 1 0 0 0 0 0 0 0 0
92 170 0 0 170 22 0 0 0 0
93 170 0 0 0 0 0 0 0 0
94 170 0 0 0 0 0 0 0 0
95 170 18 1 0 0 0 0 0 0
96 170 0 0 0 0 0 0 0 0
97 170 0 0 0 0 0 0 0 0
98 170 0 0 0 0 0 0 0 0
100 170 0 0 0 0 0 0 0 0
102 171 0 0 0 0 0 0 0 0
103 171 0 0 0 0 0 0 0 0
104 171 0 0 0 0 0 0 0 0
106 171 0 0 0 0 0 0 0 0
108 171 0 0 0 0 0 0 0 0
109 171 0 0 0 0 0 0 0 0
110 171 0 0 0 0 0 0 0 0
111 171 0 0 0 0 0 0 0 0
112 171 0 0 0 0 0 0 0 0
fl=./string/../sysdeps/aarch64/strrchr.S
fn=rindex
57 467 16 1 0 0 0 0 0 0
59 467 0 0 0 0 0 0 0 0
60 467 0 0 0 0 0 0 0 0
61 467 0 0 0 0 0 0 0 0
62 467 0 0 467 87 65 0 0 0
63 467 0 0 0 0 0 0 0 0
64 467 0 0 0 0 0 0 0 0
65 467 0 0 0 0 0 0 0 0
66 467 0 0 0 0 0 0 0 0
67 467 0 0 0 0 0 0 0 0
68 467 0 0 0 0 0 0 0 0
69 467 0 0 0 0 0 0 0 0
70 467 0 0 0 0 0 0 0 0
71 467 0 0 0 0 0 0 0 0
72 467 0 0 0 0 0 0 0 0
73 360 0 0 0 0 0 0 0 0
77 89 4 1 89 14 12 0 0 0
78 89 0 0 0 0 0 0 0 0
79 89 0 0 0 0 0 0 0 0
80 89 0 0 0 0 0 0 0 0
81 89 0 0 0 0 0 0 0 0
82 89 0 0 0 0 0 0 0 0
83 1 0 0 1 0 0 0 0 0
84 1 0 0 0 0 0 0 0 0
85 1 0 0 0 0 0 0 0 0
86 1 0 0 0 0 0 0 0 0
87 1 0 0 0 0 0 0 0 0
88 1 0 0 0 0 0 0 0 0
89 1 0 0 0 0 0 0 0 0
91 89 0 0 0 0 0 0 0 0
92 89 0 0 0 0 0 0 0 0
99 89 0 0 0 0 0 0 0 0
100 89 2 0 0 0 0 0 0 0
101 89 0 0 0 0 0 0 0 0
103 89 0 0 0 0 0 0 0 0
104 89 0 0 0 0 0 0 0 0
106 192 2 1 0 0 0 0 0 0
107 192 0 0 0 0 0 0 0 0
108 192 0 0 0 0 0 0 0 0
109 192 0 0 0 0 0 0 0 0
110 192 0 0 0 0 0 0 0 0
111 192 0 0 0 0 0 0 0 0
112 192 0 0 0 0 0 0 0 0
113 192 0 0 0 0 0 0 0 0
119 275 10 0 0 0 0 0 0 0
120 275 0 0 0 0 0 0 0 0
123 285 19 1 0 0 0 0 0 0
124 285 0 0 0 0 0 0 0 0
125 285 0 0 0 0 0 0 0 0
126 285 0 0 285 13 3 0 0 0
127 285 0 0 0 0 0 0 0 0
128 285 0 0 0 0 0 0 0 0
129 285 0 0 0 0 0 0 0 0
130 285 0 0 0 0 0 0 0 0
131 285 0 0 0 0 0 0 0 0
132 285 0 0 0 0 0 0 0 0
133 285 0 0 0 0 0 0 0 0
135 275 0 0 0 0 0 0 0 0
136 275 0 0 0 0 0 0 0 0
137 275 0 0 0 0 0 0 0 0
138 275 0 0 0 0 0 0 0 0
139 275 0 0 0 0 0 0 0 0
140 275 17 1 0 0 0 0 0 0
141 275 0 0 0 0 0 0 0 0
142 275 0 0 0 0 0 0 0 0
143 275 0 0 0 0 0 0 0 0
144 275 0 0 0 0 0 0 0 0
145 275 0 0 0 0 0 0 0 0
146 275 0 0 0 0 0 0 0 0
147 275 0 0 0 0 0 0 0 0
fl=./string/./string/memmem.c
fn=memmem
55 60 1 1 12 0 0 30 0 0
59 36 1 1 0 0 0 24 0 0
61 12 0 0 0 0 0 0 0 0
65 12 0 0 0 0 0 0 0 0
66 18 0 0 24 0 0 0 0 0
68 12 0 0 0 0 0 0 0 0
70 12 0 0 0 0 0 0 0 0
79 18 0 0 0 0 0 12 0 0
84 6 0 0 0 0 0 0 0 0
85 6 0 0 0 0 0 0 0 0
88 42 1 1 0 0 0 0 0 0
89 72 0 0 12 0 0 12 0 0
92 42 0 0 18 0 0 0 0 0
93 6 0 0 0 0 0 6 0 0
95 36 1 1 12 0 0 0 0 0
100 12 1 1 0 0 0 0 0 0
101 60 0 0 36 0 0 0 0 0
103 36 0 0 0 0 0 0 0 0
107 6 0 0 0 0 0 0 0 0
108 12 0 0 0 0 0 0 0 0
119 6 0 0 0 0 0 0 0 0
126 66 1 1 42 0 0 0 0 0
fl=./string/./string/strcspn.c
fn=strcspn
32 4 1 1 0 0 0 3 2 2
33 2 0 0 1 1 1 0 0 0
34 2 0 0 1 0 0 0 0 0
39 4 0 0 0 0 0 4 0 0
40 3 0 0 0 0 0 4 1 1
41 3 1 1 0 0 0 4 1 1
42 3 0 0 0 0 0 4 1 1
47 7 0 0 3 0 0 3 0 0
48 3 0 0 0 0 0 0 0 0
51 4 0 0 2 0 0 0 0 0
52 4 1 1 2 0 0 0 0 0
53 4 0 0 2 0 0 0 0 0
54 4 0 0 2 0 0 0 0 0
56 1 0 0 0 0 0 0 0 0
62 26 0 0 26 0 0 0 0 0
63 13 0 0 13 0 0 0 0 0
64 26 0 0 26 0 0 0 0 0
65 13 0 0 13 0 0 0 0 0
67 91 1 1 26 0 0 0 0 0
69 1 0 0 0 0 0 0 0 0
70 6 0 0 0 0 0 0 0 0
71 3 0 0 3 0 0 0 0 0
fl=./string/./string/strdup.c
fn=strdup
40 44 3 2 0 0 0 44 0 0
41 22 0 0 0 0 0 0 0 0
42 10 0 0 0 0 0 0 0 0
44 11 0 0 0 0 0 0 0 0
47 18 0 0 0 0 0 0 0 0
48 22 2 1 44 0 0 0 0 0
fl=./string/./string/strerror.c
fn=strerror
23 66 9 0 0 0 0 66 0 0
24 165 0 0 66 10 0 0 0 0
25 33 0 0 66 0 0 0 0 0
fl=./string/./string/strerror_l.c
fn=strerror_l
28 99 10 1 0 0 0 0 0 0
29 198 0 0 0 0 0 0 0 0
30 66 0 0 0 0 0 0 0 0
38 231 11 1 0 0 0 264 0 0
39 132 0 0 66 0 0 0 0 0
40 33 0 0 0 0 0 0 0 0
41 33 0 0 0 0 0 0 0 0
57 33 0 0 0 0 0 0 0 0
59 33 0 0 0 0 0 33 0 0
61 198 0 0 264 0 0 0 0 0
fl=./string/./string/strncpy.c
fn=strncpy
28 1967 26 1 0 0 0 1686 7 0
29 1124 0 0 0 0 0 0 0 0
30 562 24 0 0 0 0 0 0 0
31 1052 0 0 0 0 0 0 0 0
32 1124 0 0 0 0 0 0 0 0
33 843 0 0 1686 0 0 0 0 0
fl=./string/./string/strndup.c
fn=strndup
41 5 2 2 0 0 0 5 0 0
42 2 0 0 0 0 0 0 0 0
43 3 0 0 0 0 0 0 0 0
45 1 0 0 0 0 0 0 0 0
48 1 0 0 0 0 0 1 0 0
50 3 0 0 5 0 0 0 0 0
fl=./string/./string/strstr.c
fn=strstr
77 13 1 1 2 0 0 9 0 0
82 2 0 0 1 1 1 0 0 0
84 3 1 1 0 0 0 0 0 0
85 1 0 0 0 0 0 0 0 0
86 2 1 1 0 0 0 0 0 0
161 14 1 1 11 0 0 0 0 0
fl=./termios/../string/bits/string_fortified.h
fn=tcgetattr
59 18 0 0 0 0 0 18 0 0
fl=./termios/../sysdeps/unix/sysv/linux/tcgetattr.c
fn=tcgetattr
34 216 19 1 48 0 0 72 0 0
38 276 37 2 18 0 0 18 0 0
40 24 0 0 0 0 0 0 0 0
42 12 0 0 6 0 0 6 0 0
46 12 1 0 6 0 0 6 0 0
51 18 0 0 0 0 0 0 0 0
58 6 0 0 0 0 0 12 0 0
63 36 0 0 18 0 0 18 0 0
77 240 19 1 120 0 0 0 0 0
fl=./time/../bits/byteswap.h
fn=__tzfile_read
52 30 0 0 18 0 0 0 0 0
73 472 0 0 236 0 0 0 0 0
fl=./time/../include/alloc_buffer.h
fn=__tzfile_read
129 3 0 0 1 0 0 0 0 0
fl=./time/../include/stdio.h
fn=__tzfile_read
341 150 1 1 75 0 0 25 0 0
fl=./time/../string/bits/string_fortified.h
fn=__tzstring_len
29 40 1 1 0 0 0 0 0 0
fl=./time/../sysdeps/unix/sysv/linux/clock_gettime.c
fn=clock_gettime@@GLIBC_2.17
38 1350 15 1 900 107 0 0 0 0
40 450 0 0 0 0 0 0 0 0
44 900 0 0 0 0 0 0 0 0
68 1350 17 1 0 0 0 0 0 0
69 450 0 0 0 0 0 0 0 0
fl=./time/../sysdeps/unix/sysv/linux/time.c
fn=time
58 10 1 1 2 1 0 4 0 0
60 3 0 0 0 0 0 0 0 0
62 1 0 0 0 0 0 0 0 0
63 1 0 0 1 0 0 0 0 0
65 11 1 1 6 0 0 0 0 0
fl=./time/./time/localtime.c
fn=localtime_r
29 4 1 1 0 0 0 4 0 0
30 8 0 0 2 0 0 0 0 0
31 2 0 0 4 0 0 0 0 0
fl=./time/./time/offtime.c
fn=__offtime
30 8 0 0 0 0 0 12 0 0
34 14 1 1 0 0 0 0 0 0
35 6 0 0 0 0 0 0 0 0
37 4 0 0 0 0 0 0 0 0
42 6 1 1 0 0 0 0 0 0
47 16 2 2 0 0 0 2 0 0
48 10 0 0 0 0 0 0 0 0
49 12 1 1 0 0 0 2 0 0
50 12 1 1 0 0 0 2 0 0
52 26 0 0 0 0 0 2 0 0
54 4 0 0 0 0 0 0 0 0
55 6 0 0 0 0 0 0 0 0
60 56 1 1 0 0 0 0 0 0
63 32 1 1 0 0 0 0 0 0
66 6 0 0 0 0 0 0 0 0
67 89 3 3 0 0 0 0 0 0
68 83 1 1 0 0 0 0 0 0
69 3 0 0 0 0 0 0 0 0
71 4 0 0 0 0 0 2 0 0
72 6 0 0 0 0 0 0 0 0
78 2 0 0 0 0 0 2 0 0
79 14 0 0 0 0 0 0 0 0
80 33 1 1 7 1 1 0 0 0
82 2 0 0 0 0 0 0 0 0
83 2 0 0 0 0 0 4 0 0
84 2 0 0 0 0 0 0 0 0
85 2 0 0 0 0 0 0 0 0
86 16 2 2 12 0 0 0 0 0
fl=./time/./time/tzfile.c
fn=__tzfile_compute
586 16 1 1 0 0 0 14 0 0
589 2 0 0 0 0 0 0 0 0
591 8 0 0 2 0 0 8 0 0
592 2 1 1 0 0 0 4 0 0
594 16 1 1 6 0 0 0 0 0
624 8 0 0 2 0 0 0 0 0
660 2 0 0 0 0 0 0 0 0
661 2 0 0 0 0 0 0 0 0
668 16 1 1 0 0 0 0 0 0
669 4 0 0 0 0 0 0 0 0
671 4 0 0 0 0 0 0 0 0
672 8 0 0 2 0 0 0 0 0
674 12 1 1 2 0 0 0 0 0
677 8 1 1 2 0 0 0 0 0
681 2 0 0 0 0 0 0 0 0
711 2 0 0 2 0 0 0 0 0
712 28 3 3 12 0 0 4 0 0
714 6 1 1 2 0 0 0 0 0
717 6 0 0 4 0 0 0 0 0
718 2 0 0 2 0 0 0 0 0
720 4 0 0 2 0 0 0 0 0
722 8 1 1 2 0 0 2 0 0
724 14 0 0 6 0 0 4 0 0
731 4 0 0 2 0 0 0 0 0
734 4 0 0 8 0 0 0 0 0
737 8 0 0 4 0 0 0 0 0
738 10 0 0 4 0 0 2 0 0
739 10 1 1 4 0 0 2 0 0
741 2 0 0 0 0 0 0 0 0
748 4 0 0 2 0 0 0 0 0
751 6 0 0 4 0 0 2 0 0
752 18 1 1 6 0 0 0 0 0
753 4 0 0 2 0 0 4 0 0
754 8 0 0 10 0 0 0 0 0
758 4 0 0 0 0 0 2 0 0
759 4 0 0 0 0 0 2 0 0
762 2 0 0 0 0 0 0 0 0
764 4 0 0 0 0 0 0 0 0
766 2 0 0 4 0 0 0 0 0
783 8 0 0 12 0 0 0 0 0
fn=__tzfile_read
107 13 2 2 2 0 0 9 0 0
114 2 0 0 1 0 0 0 0 0
116 1 0 0 0 0 0 1 0 0
121 1 0 0 0 0 0 1 0 0
123 1 0 0 0 0 0 0 0 0
126 3 0 0 1 0 0 0 0 0
135 4 1 1 2 2 0 0 0 0
136 1 0 0 0 0 0 0 0 0
145 1 1 1 0 0 0 0 0 0
159 1 1 1 0 0 0 0 0 0
167 5 0 0 0 0 0 0 0 0
168 1 0 0 0 0 0 0 0 0
172 4 0 0 0 0 0 0 0 0
175 5 1 1 1 1 1 4 0 0
176 1 0 0 0 0 0 1 0 0
179 1 0 0 0 0 0 2 0 0
180 2 1 1 2 0 0 1 0 0
181 2 0 0 1 0 0 1 0 0
184 5 0 0 1 0 0 1 0 0
187 16 0 0 2 0 0 0 0 0
189 8 1 1 2 0 0 0 0 0
192 2 0 0 0 0 0 0 0 0
193 4 0 0 0 0 0 4 0 0
194 2 0 0 0 0 0 0 0 0
195 4 0 0 0 0 0 2 0 0
196 2 0 0 0 0 0 0 0 0
197 2 0 0 0 0 0 0 0 0
199 8 1 1 0 0 0 0 0 0
202 6 2 2 1 0 0 0 0 0
208 5 0 0 0 0 0 0 0 0
209 2 0 0 0 0 0 0 0 0
214 8 0 0 1 0 0 1 0 0
225 3 0 0 1 0 0 0 0 0
226 4 0 0 0 0 0 0 0 0
227 1 0 0 0 0 0 0 0 0
228 3 1 1 2 0 0 0 0 0
229 1 0 0 0 0 0 0 0 0
231 1 0 0 0 0 0 0 0 0
234 7 0 0 1 0 0 0 0 0
235 3 0 0 0 0 0 0 0 0
237 1 0 0 0 0 0 0 0 0
238 2 1 1 0 0 0 0 0 0
241 5 0 0 0 0 0 0 0 0
243 1 0 0 0 0 0 0 0 0
244 5 0 0 0 0 0 1 0 0
274 4 1 1 0 0 0 1 0 0
276 2 0 0 0 0 0 0 0 0
280 5 0 0 0 0 0 1 0 0
281 1 0 0 0 0 0 0 0 0
283 1 0 0 0 0 0 2 0 0
288 5 1 1 0 0 0 0 0 0
289 8 0 0 1 0 0 1 0 0
290 7 0 0 1 0 0 1 0 0
291 7 1 1 1 0 0 1 0 0
292 6 0 0 0 0 0 1 0 0
293 4 1 1 1 0 0 0 0 0
294 8 1 1 0 0 0 1 1 1
297 1 0 0 0 0 0 0 0 0
299 2 0 0 1 0 0 0 0 0
302 10 1 1 4 0 0 0 0 0
305 7 0 0 2 0 0 0 0 0
311 712 0 0 1 0 0 0 0 0
312 708 1 1 236 0 0 0 0 0
315 5 1 1 1 0 0 0 0 0
323 2 0 0 1 0 0 0 0 0
329 472 0 0 0 0 0 0 0 0
330 236 0 0 0 0 0 236 0 0
333 25 1 1 7 0 0 0 0 0
337 42 1 1 6 0 0 0 0 0
342 12 0 0 0 0 0 0 0 0
344 28 0 0 6 0 0 7 0 0
346 12 0 0 0 0 0 0 0 0
349 18 0 0 6 0 0 6 0 0
350 6 0 0 0 0 0 6 0 0
353 8 0 0 1 0 0 0 0 0
356 2 0 0 1 0 0 0 0 0
372 20 1 1 0 0 0 0 0 0
377 31 1 1 6 0 0 6 0 0
379 4 1 1 1 0 0 0 0 0
380 3 0 0 1 0 0 0 0 0
382 16 1 1 0 0 0 0 0 0
387 37 0 0 6 0 0 6 0 0
389 4 1 1 1 0 0 0 0 0
390 3 1 1 1 0 0 0 0 0
393 3 0 0 1 0 0 0 0 0
395 1 0 0 0 0 0 0 0 0
397 2 1 1 0 0 0 0 0 0
398 9 1 1 1 0 0 0 0 0
402 2 0 0 1 0 0 1 0 0
406 3 1 1 1 0 0 0 0 0
409 2 0 0 0 0 0 0 0 0
412 30 1 1 7 0 0 0 0 0
413 42 0 0 18 0 0 0 0 0
419 3 0 0 1 0 0 2 0 0
421 4 0 0 1 0 0 0 0 0
423 4 0 0 4 0 0 0 0 0
424 7 1 1 4 0 0 0 0 0
426 6 0 0 4 0 0 0 0 0
430 10 0 0 4 0 0 2 0 0
432 7 0 0 2 0 0 0 0 0
436 2 0 0 1 0 0 0 0 0
443 2 0 0 1 0 0 0 0 0
444 2 1 1 0 0 0 0 0 0
446 2 0 0 0 0 0 1 0 0
447 2 1 1 1 0 0 0 0 0
449 1 0 0 1 0 0 0 0 0
452 1 0 0 0 0 0 1 0 0
456 2 0 0 0 0 0 0 0 0
458 10 2 2 3 0 0 0 0 0
460 3 0 0 1 0 0 1 0 0
461 5 0 0 1 0 0 0 0 0
465 1 0 0 0 0 0 0 0 0
470 12 1 1 0 0 0 1 0 0
471 4 0 0 2 0 0 0 0 0
474 5 0 0 2 1 0 1 0 0
475 8 0 0 6 0 0 1 0 0
478 2 0 0 0 0 0 1 0 0
479 2 1 1 1 0 0 0 0 0
480 1 0 0 0 0 0 0 0 0
488 13 0 0 11 0 0 0 0 0
fl=./time/./time/tzset.c
fn=__tz_convert
568 28 2 2 4 0 0 16 0 0
572 14 0 0 0 0 0 0 0 0
577 12 0 0 0 0 0 0 0 0
579 6 1 1 2 0 0 0 0 0
580 14 0 0 0 0 0 0 0 0
592 14 0 0 0 0 0 0 0 0
594 2 1 1 0 0 0 0 0 0
596 2 0 0 0 0 0 0 0 0
603 14 0 0 4 0 0 0 0 0
604 8 0 0 4 0 0 2 0 0
610 28 1 1 20 0 0 0 0 0
fn=__tzstring
120 48 1 1 0 0 0 36 0 0
121 48 0 0 0 0 0 0 0 0
122 24 0 0 36 0 0 0 0 0
fn=__tzstring_len
83 84 2 2 0 0 0 96 0 0
89 78 1 1 33 0 0 0 0 0
90 84 0 0 28 0 0 0 0 0
92 106 0 0 0 0 0 0 0 0
93 140 0 0 0 0 0 0 0 0
98 20 1 1 0 0 0 0 0 0
99 5 0 0 0 0 0 0 0 0
103 5 0 0 0 0 0 10 0 0
104 5 0 0 0 0 0 0 0 0
105 10 0 0 0 0 0 5 0 0
108 4 0 0 0 0 0 4 0 0
110 1 0 0 0 0 0 1 0 0
113 72 1 1 96 0 0 0 0 0
fn=tzset_internal
368 8 2 2 0 0 0 12 0 0
372 16 0 0 2 0 0 0 0 0
374 2 0 0 0 0 0 1 0 0
377 4 0 0 0 0 0 0 0 0
378 1 0 0 0 0 0 0 0 0
397 1 0 0 0 0 0 1 1 1
398 1 0 0 0 0 0 1 1 1
401 2 1 1 1 0 0 0 0 0
402 6 0 0 0 0 0 1 0 0
405 4 1 1 0 0 0 0 0 0
406 3 0 0 1 0 0 0 0 0
424 8 2 2 12 0 0 0 0 0
fl=./wcsmbs/./wcsmbs/mbsrtowcs.c
fn=mbsrtowcs
27 400 27 2 0 0 0 400 0 0
28 1800 0 0 400 0 0 0 0 0
29 200 0 0 400 0 0 0 0 0
fl=./wcsmbs/./wcsmbs/mbsrtowcs_l.c
fn=__mbsrtowcs_l
41 3200 12 1 400 0 0 2400 0 0
51 400 0 0 0 0 0 200 2 0
52 600 14 1 200 3 1 200 3 0
53 200 0 0 0 0 0 200 0 0
56 200 0 0 200 11 0 0 0 0
59 200 0 0 200 14 0 0 0 0
60 200 0 0 200 1 0 0 0 0
61 400 0 0 200 14 0 0 0 0
65 200 0 0 0 0 0 0 0 0
69 236 0 0 200 0 0 36 0 0
70 288 23 1 0 0 0 0 0 0
72 108 0 0 72 0 0 36 0 0
73 72 0 0 0 0 0 36 0 0
75 36 0 0 0 0 0 0 0 0
76 72 0 0 0 0 0 36 0 0
79 36 0 0 0 0 0 36 0 0
81 396 12 1 0 0 0 0 0 0
84 108 0 0 36 0 0 0 0 0
86 72 0 0 0 0 0 0 0 0
88 72 11 0 0 0 0 0 0 0
91 72 0 0 36 0 0 0 0 0
93 36 0 0 0 0 0 0 0 0
101 164 0 0 0 0 0 164 0 0
105 328 0 0 0 0 0 328 0 0
109 656 13 1 0 0 0 0 0 0
113 656 0 0 0 0 0 0 0 0
115 1804 13 1 0 0 0 0 0 0
117 328 11 1 0 0 0 0 0 0
118 164 0 0 0 0 0 0 0 0
120 492 0 0 164 0 0 0 0 0
122 72 0 0 36 0 0 0 0 0
125 164 0 0 164 0 0 0 0 0
129 164 0 0 0 0 0 164 0 0
131 492 0 0 0 0 0 0 0 0
135 328 0 0 0 0 0 0 0 0
136 108 0 0 36 0 0 0 0 0
138 36 0 0 0 0 0 0 0 0
139 108 0 0 72 0 0 0 0 0
140 36 0 0 0 0 0 36 0 0
141 72 0 0 0 0 0 0 0 0
147 384 1 1 0 0 0 0 0 0
153 256 1 1 0 0 0 0 0 0
155 128 0 0 0 0 0 0 0 0
156 640 0 0 128 0 0 128 0 0
159 128 0 0 0 0 0 0 0 0
160 3200 13 1 2800 0 0 0 0 0
fl=./wcsmbs/./wcsmbs/wcschr.c
fn=wcschr
28 12 2 1 0 0 0 12 0 0
43 738 0 0 150 0 0 0 0 0
46 12 0 0 12 0 0 0 0 0
fl=./wcsmbs/./wcsmbs/wcscmp.c
fn=wcscmp
29 2824 7 1 0 0 0 1412 1 1
34 6322 0 0 6322 13 0 0 0 0
35 6322 0 0 6322 32 5 0 0 0
36 6322 0 0 0 0 0 0 0 0
37 351 0 0 0 0 0 0 0 0
39 18264 7 1 0 0 0 0 0 0
41 710 0 0 0 0 0 0 0 0
42 1412 0 0 1412 0 0 0 0 0
fl=./wcsmbs/./wcsmbs/wcscpy.c
fn=wcscpy
29 240 2 1 0 0 0 192 0 0
31 336 0 0 0 0 0 0 0 0
49 96 2 1 192 0 0 0 0 0
fl=./wcsmbs/./wcsmbs/wcslen.c
fn=wcslen
27 1017 12 1 0 0 0 678 0 0
28 674 0 0 0 0 0 0 0 0
30 3829 0 0 1746 54 3 0 0 0
32 3377 12 1 1657 0 0 0 0 0
34 3578 0 0 1594 2 2 0 0 0
36 3553 0 0 1541 0 0 0 0 0
38 1407 0 0 0 0 0 0 0 0
41 4 1 1 0 0 0 0 0 0
42 678 0 0 678 0 0 0 0 0
fl=./wcsmbs/./wcsmbs/wcsmbsload.c
fn=__wcsmbs_load_conv
91 18 2 2 0 0 0 0 0 0
111 4 0 0 0 0 0 0 0 0
115 2 0 0 4 0 0 0 0 0
119 2 0 0 0 0 0 4 0 0
152 13 1 1 2 0 0 10 0 0
153 1 0 0 1 0 0 0 0 0
156 3 1 1 0 0 0 0 0 0
160 2 0 0 1 0 0 0 0 0
169 4 0 0 0 0 0 0 0 0
170 1 0 0 0 0 0 0 0 0
174 1 0 0 1 1 0 0 0 0
181 90 5 5 18 6 0 9 0 0
189 1 0 0 0 0 0 0 0 0
196 1 0 0 0 0 0 0 0 0
207 1 0 0 0 0 0 1 0 0
210 2 0 0 0 0 0 0 0 0
211 14 1 1 12 0 0 0 0 0
fl=./wcsmbs/./wcsmbs/wcsmbsload.h
fn=__mbsrtowcs_l
69 200 0 0 200 9 0 0 0 0
70 400 0 0 200 14 0 0 0 0
fl=./wcsmbs/./wcsmbs/wcsncpy.c
fn=wcsncpy
27 14 2 1 0 0 0 12 0 0
28 8 0 0 0 0 0 0 0 0
29 4 0 0 0 0 0 0 0 0
30 8 0 0 0 0 0 0 0 0
31 8 0 0 0 0 0 0 0 0
32 6 0 0 12 0 0 0 0 0
fl=./wcsmbs/./wcsmbs/wcsnlen.c
fn=wcsnlen
27 35 2 1 0 0 0 28 0 0
28 21 0 0 0 0 0 0 0 0
30 21 2 1 0 0 0 0 0 0
32 28 0 0 28 0 0 0 0 0
fl=./wcsmbs/./wcsmbs/wcsrchr.c
fn=wcsrchr
28 6 1 0 0 0 0 4 0 0
29 2 0 0 0 0 0 0 0 0
43 185 0 0 37 0 0 0 0 0
46 4 0 0 4 0 0 0 0 0
fl=./wcsmbs/./wcsmbs/wcsrtombs.c
fn=wcsrtombs
38 80 2 2 10 0 0 65 0 0
47 10 0 0 0 0 0 5 0 0
48 15 0 0 5 1 0 5 0 0
49 25 1 1 0 0 0 5 0 0
52 25 0 0 15 3 0 0 0 0
55 5 0 0 5 0 0 0 0 0
56 5 1 1 5 1 0 0 0 0
57 10 0 0 5 1 0 0 0 0
61 5 0 0 0 0 0 0 0 0
65 5 0 0 5 0 0 0 0 0
101 25 0 0 0 0 0 0 0 0
105 10 0 0 0 0 0 10 0 0
107 60 1 1 0 0 0 0 0 0
112 10 0 0 5 0 0 0 0 0
116 10 0 0 0 0 0 0 0 0
117 10 1 1 5 0 0 0 0 0
119 10 0 0 0 0 0 0 0 0
120 15 0 0 10 0 0 0 0 0
121 5 0 0 0 0 0 5 0 0
122 10 0 0 0 0 0 0 0 0
141 75 1 1 75 0 0 0 0 0
fl=./wcsmbs/./wcsmbs/wmemchr.c
fn=wmemchr
26 21 2 1 0 0 0 14 0 0
28 20 0 0 0 0 0 0 0 0
30 30 2 1 10 1 1 0 0 0
31 1 0 0 0 0 0 0 0 0
32 27 0 0 9 0 0 0 0 0
34 27 0 0 9 0 0 0 0 0
35 6 1 1 0 0 0 0 0 0
36 9 0 0 3 0 0 0 0 0
38 3 0 0 0 0 0 0 0 0
39 10 0 0 0 0 0 0 0 0
61 14 1 1 14 0 0 0 0 0
fl=./wcsmbs/./wcsmbs/wmemcpy.c
fn=wmemcpy
24 100 3 1 0 0 0 100 0 0
25 100 0 0 0 0 0 0 0 0
26 50 0 0 100 0 0 0 0 0
fl=./wcsmbs/./wcsmbs/wmemset.c
fn=wmemset
26 4 2 1 0 0 0 4 0 0
27 2 0 0 0 0 0 0 0 0
29 4104 2 1 0 0 0 0 0 0
32 2044 0 0 0 0 0 4088 238 1
34 2044 0 0 0 0 0 4088 241 174
35 2044 0 0 0 0 0 0 0 0
36 2044 0 0 0 0 0 0 0 0
39 2 0 0 0 0 0 0 0 0
41 1 0 0 0 0 0 1 0 0
43 2 0 0 0 0 0 0 0 0
45 1 0 0 0 0 0 1 0 0
47 2 0 0 0 0 0 0 0 0
48 1 0 0 0 0 0 1 0 0
53 4 0 0 4 0 0 0 0 0
fl=./wcsmbs/./wcsmbsload.h
fn=wcsrtombs
69 5 0 0 5 1 0 0 0 0
70 10 0 0 5 0 0 0 0 0
71 2 1 1 0 0 0 0 0 0
72 2 0 0 1 0 0 0 0 0
fl=???
fn=(below main)
0 14 1 1 1 0 0 0 0 0
fn=???
0 31048708 47703 7497 8649871 472097 11644 4407645 11640 3993
fn=PyArg_ParseTuple
0 5406 67 3 795 0 0 3339 32 2
fn=PyArg_ParseTupleAndKeywords
0 4692 92 3 552 0 0 2622 10 0
fn=PyArg_UnpackTuple
0 15268 173 5 2482 0 0 6902 103 0
fn=PyArg_ValidateKeywordArguments
0 195 26 2 60 0 0 30 0 0
fn=PyBool_FromLong
0 26708 35 2 4856 0 0 4856 0 0
fn=PyBuffer_FillInfo
0 1293 76 4 115 0 0 581 10 0
fn=PyBuffer_IsContiguous
0 516 32 2 154 0 0 78 0 0
fn=PyBuffer_Release
0 1349 40 2 529 42 0 345 0 0
fn=PyBytes_AsString
0 1530 3 1 510 0 0 0 0 0
fn=PyBytes_FromString
0 912 9 3 144 6 0 192 1 1
fn=PyBytes_FromStringAndSize
0 91598 60 5 15053 75 14 21759 724 369
fn=PyCMethod_New
0 81892 174 8 18725 20 6 22370 73 6
fn=PyCallable_Check
0 462 4 1 168 4 0 84 0 0
fn=PyCapsule_GetPointer
0 25 2 2 6 0 0 3 0 0
fn=PyCapsule_New
0 20 2 2 5 0 0 9 0 0
fn=PyCell_New
0 3111 107 4 852 0 0 852 5 0
fn=PyCell_Set
0 200 18 2 50 1 0 40 0 0
fn=PyCodec_LookupError
0 156 3 3 54 8 0 30 0 0
fn=PyCodec_Register
0 23 2 2 8 1 0 4 0 0
fn=PyCodec_RegisterError
0 208 2 2 72 0 0 40 0 0
fn=PyCompile_OpcodeStackEffectWithJump
0 6512 14 5 1408 8 0 1232 0 0
fn=PyConfig_Clear
0 395 23 6 115 15 0 120 1 0
fn=PyConfig_InitPythonConfig
0 81 2 2 18 2 1 36 0 0
fn=PyConfig_SetBytesArgv
0 13 1 1 2 0 0 6 0 0
fn=PyConfig_SetString
0 1664 6 3 455 3 0 650 0 0
fn=PyDescr_IsData
0 17660 14 1 7064 0 0 3532 0 0
fn=PyDescr_NewClassMethod
0 969 15 3 248 0 0 318 0 0
fn=PyDescr_NewGetSet
0 9407 42 3 2384 0 0 3149 0 0
fn=PyDescr_NewMember
0 10839 29 2 2916 40 37 3387 0 0
fn=PyDescr_NewMethod
0 32434 37 5 7350 0 0 9119 0 0
fn=PyDescr_NewWrapper
0 40038 26 3 10548 0 0 14254 0 0
fn=PyDictProxy_New
0 4875 21 3 1375 0 0 1125 1 0
fn=PyDict_Clear
0 80184 17 9 24464 5767 0 5048 5 0
fn=PyDict_Contains
0 77131 81 3 17905 438 0 11688 0 0
fn=PyDict_Copy
0 68188 220 11 20465 607 0 6816 0 0
fn=PyDict_DelItem
0 63967 277 13 16730 228 0 10625 0 0
fn=PyDict_GetItem
0 1680 16 4 504 0 0 252 0 0
fn=PyDict_GetItemWithError
0 264382 5 3 98637 1497 0 43884 18 0
fn=PyDict_Keys
0 17238 25 4 6357 794 0 936 0 0
fn=PyDict_New
0 32363 47 5 8909 27 2 9847 1 0
fn=PyDict_Next
0 202725 66 7 73297 727 0 27757 0 0
fn=PyDict_SetDefault
0 462525 535 23 140127 329 0 80558 571 0
fn=PyDict_SetItem
0 295318 73 6 89191 1142 6 27761 8 0
fn=PyDict_SetItemString
0 45990 44 5 14064 257 31 4677 0 0
fn=PyDict_Size
0 2975 19 1 1275 0 0 0 0 0
fn=PyDict_Update
0 555 10 1 148 0 0 74 0 0
fn=PyErr_CheckSignals
0 11288 32 3 3984 32 0 1992 0 0
fn=PyErr_Clear
0 2085 47 2 549 0 0 439 0 0
fn=PyErr_ExceptionMatches
0 5041 37 3 1926 0 0 592 0 0
fn=PyErr_Format
0 3848 135 4 840 0 0 2064 44 0
fn=PyErr_GetRaisedException
0 12974 46 2 3992 6 0 2994 1 0
fn=PyErr_GivenExceptionMatches
0 6228 81 4 2512 0 0 938 0 0
fn=PyErr_NewException
0 148 11 6 25 1 0 19 0 0
fn=PyErr_Occurred
0 589471 3 1 181383 14 0 90682 0 0
fn=PyErr_SetFromErrno
0 64 3 2 16 0 0 16 0 0
fn=PyErr_SetFromErrnoWithFilenameObject
0 1632 42 5 312 0 0 240 0 0
fn=PyErr_SetFromErrnoWithFilenameObjects
0 536 11 6 112 0 0 88 0 0
fn=PyErr_SetObject
0 228 5 0 57 0 0 38 0 0
fn=PyErr_SetRaisedException
0 13678 0 0 3908 0 0 2931 0 0
fn=PyErr_SetString
0 58 5 2 14 0 0 12 0 0
fn=PyEval_EvalCode
0 3265 187 8 735 47 3 965 8 0
fn=PyEval_GetBuiltins
0 784 80 3 314 3 0 64 0 0
fn=PyEval_GetGlobals
0 978 73 3 380 2 0 84 0 0
fn=PyEval_MergeCompilerFlags
0 66 6 2 24 0 0 6 0 0
fn=PyEval_RestoreThread
0 10248 18 1 2562 0 0 2562 0 0
fn=PyEval_SaveThread
0 32452 68 4 10248 37 0 8540 0 0
fn=PyException_GetContext
0 104 6 1 39 0 0 26 0 0
fn=PyException_GetTraceback
0 4012 55 2 1487 0 0 1003 0 0
fn=PyException_SetCause
0 22 2 1 6 0 0 8 0 0
fn=PyException_SetContext
0 117 6 1 39 0 0 39 0 0
fn=PyException_SetTraceback
0 4071 93 4 1006 0 0 811 0 0
fn=PyFile_NewStdPrinter
0 24 2 2 5 1 0 4 0 0
fn=PyFile_OpenCodeObject
0 648 52 3 144 18 0 90 0 0
fn=PyFloat_FromDouble
0 8659 61 3 2376 93 1 1894 35 0
fn=PyFloat_GetInfo
0 61 4 4 3 0 0 14 0 0
fn=PyFrame_GetCode
0 44 1 1 20 0 0 8 0 0
fn=PyFrozenSet_New
0 1134 15 2 252 47 0 420 0 0
fn=PyFunction_GetModule
0 9 2 1 2 2 0 0 0 0
fn=PyFunction_New
0 144910 327 9 42060 4073 703 47709 1271 1012
fn=PyGC_Collect
0 36 3 3 9 1 0 7 0 0
fn=PyHash_GetFuncDef
0 8 1 1 2 0 0 2 0 0
fn=PyImport_AddModule
0 42 4 2 10 0 0 10 0 0
fn=PyImport_AddModuleObject
0 74 6 3 14 0 0 12 0 0
fn=PyImport_GetImporter
0 118 7 7 23 1 0 15 0 0
fn=PyImport_GetModule
0 105 9 6 29 2 0 20 0 0
fn=PyImport_Import
0 3008 162 10 642 9 0 486 0 0
fn=PyImport_ImportFrozenModule
0 16 2 1 5 0 0 4 0 0
fn=PyImport_ImportFrozenModuleObject
0 70 5 5 14 2 0 9 0 0
fn=PyImport_ImportModule
0 124 9 2 30 1 0 30 0 0
fn=PyImport_ImportModuleLevel
0 272 12 3 64 0 0 64 0 0
fn=PyImport_ImportModuleLevelObject
0 25717 499 26 6096 408 0 3834 3 0
fn=PyIndex_Check
0 1296 34 2 540 27 0 216 0 0
fn=PyInit__abc
0 8 1 1 2 0 0 2 0 0
fn=PyInit__codecs
0 8 1 1 2 0 0 2 0 0
fn=PyInit__collections
0 8 1 1 2 0 0 2 0 0
fn=PyInit__functools
0 8 1 1 2 0 0 2 0 0
fn=PyInit__imp
0 9 1 1 2 0 0 2 0 0
fn=PyInit__io
0 8 1 1 2 0 0 2 0 0
fn=PyInit__operator
0 8 1 1 2 0 0 2 0 0
fn=PyInit__signal
0 8 1 1 2 0 0 2 0 0
fn=PyInit__stat
0 8 1 1 2 0 0 2 0 0
fn=PyInit__thread
0 8 2 2 2 0 0 2 0 0
fn=PyInit__weakref
0 8 1 1 2 0 0 2 0 0
fn=PyInit_itertools
0 8 1 1 2 0 0 2 0 0
fn=PyInit_posix
0 8 1 1 2 0 0 2 0 0
fn=PyInit_time
0 8 1 0 2 0 0 2 0 0
fn=PyInterpreterState_Delete
0 57 4 4 16 1 0 8 0 0
fn=PyInterpreterState_Get
0 28014 25 1 8004 0 0 4002 0 0
fn=PyInterpreterState_New
0 49 4 4 13 2 0 11 0 0
fn=PyIter_Check
0 13 2 2 4 1 0 2 0 0
fn=PyIter_Next
0 15324 64 2 6508 0 0 4200 0 0
fn=PyList_Append
0 151622 139 5 58150 49 0 41464 328 74
fn=PyList_AsTuple
0 763 30 1 436 9 0 0 0 0
fn=PyList_GetItem
0 42 2 1 21 1 0 6 0 0
fn=PyList_Insert
0 10 2 1 4 2 0 0 0 0
fn=PyList_New
0 15107 106 4 5197 53 0 4848 2 0
fn=PyList_SetItem
0 38 2 2 16 0 0 6 0 0
fn=PyList_SetSlice
0 25 8 1 10 1 0 0 0 0
fn=PyList_Size
0 42 6 1 21 2 0 0 0 0
fn=PyList_Sort
0 782 23 2 230 22 0 92 0 0
fn=PyLong_AsLong
0 7019 46 5 2547 17 1 1272 0 0
fn=PyLong_AsLongAndOverflow
0 137 5 5 37 0 0 21 0 0
fn=PyLong_AsSsize_t
0 17226 49 2 5742 166 0 1914 0 0
fn=PyLong_AsUnsignedLong
0 57 4 2 18 0 0 6 0 0
fn=PyLong_FromDouble
0 992 127 8 128 0 0 192 0 0
fn=PyLong_FromLong
0 30886 91 7 5593 6 0 6267 14 0
fn=PyLong_FromLongLong
0 16060 77 7 2603 0 0 3701 9 0
fn=PyLong_FromSize_t
0 798 24 3 168 0 0 168 0 0
fn=PyLong_FromSsize_t
0 8039 142 5 1600 0 0 1673 0 0
fn=PyLong_FromUnsignedLong
0 14066 139 5 3046 11 0 3690 32 0
fn=PyLong_FromUnsignedLongLong
0 2528 64 4 553 0 0 711 5 0
fn=PyLong_FromVoidPtr
0 26214 42 3 5734 40 1 7370 27 0
fn=PyLong_GetInfo
0 27 2 2 3 0 0 7 0 0
fn=PyMapping_Check
0 3731 56 2 1435 79 0 574 0 0
fn=PyMapping_GetItemString
0 140 4 2 25 0 0 25 0 0
fn=PyMapping_Items
0 2856 21 5 588 40 0 378 0 0
fn=PyMapping_Keys
0 64 12 3 20 0 0 16 0 0
fn=PyMapping_SetItemString
0 28 2 2 6 0 0 6 0 0
fn=PyMarshal_Init
0 8 2 1 2 0 0 2 0 0
fn=PyMarshal_ReadObjectFromString
0 33 3 3 6 0 0 11 0 0
fn=PyMem_Calloc
0 32620 156 8 8418 146 0 4851 314 308
fn=PyMem_Free
0 125368 177 10 36836 303 0 18398 166 0
fn=PyMem_Malloc
0 58834 103 6 18504 669 1 9128 195 163
fn=PyMem_RawCalloc
0 54 2 2 12 0 0 6 0 0
fn=PyMem_RawFree
0 44925 57 2 11980 5 0 5990 3 0
fn=PyMem_RawMalloc
0 43568 64 2 10892 0 0 5446 0 0
fn=PyMem_RawRealloc
0 969 7 2 228 0 0 114 0 0
fn=PyMem_Realloc
0 36118 183 8 9932 49 0 4608 0 0
fn=PyMem_SetAllocator
0 291 12 3 98 0 0 73 0 0
fn=PyMember_GetOne
0 14871 86 5 4531 274 1 1299 0 0
fn=PyMember_SetOne
0 4665 41 5 1635 55 1 972 1 0
fn=PyMemoryView_FromBuffer
0 680 38 8 230 0 0 250 5 0
fn=PyMethod_New
0 33884 154 4 8668 0 0 11032 0 0
fn=PyModuleDef_Init
0 304 23 1 80 21 17 80 0 0
fn=PyModule_AddFunctions
0 2275 3 3 424 53 52 121 0 0
fn=PyModule_AddIntConstant
0 8214 13 4 1806 2 0 1362 0 0
fn=PyModule_AddObject
0 120 2 2 28 0 0 20 0 0
fn=PyModule_AddObjectRef
0 528 12 3 132 1 0 110 0 0
fn=PyModule_AddType
0 1508 24 3 312 1 0 260 0 0
fn=PyModule_ExecDef
0 1182 65 8 334 14 0 100 0 0
fn=PyModule_FromDefAndSpec2
0 10814 170 17 1950 232 228 651 0 0
fn=PyModule_GetDef
0 320 20 2 100 2 0 60 0 0
fn=PyModule_GetDict
0 5952 19 1 1860 7 0 1116 0 0
fn=PyModule_GetFilenameObject
0 29 3 3 6 1 0 3 0 0
fn=PyModule_GetNameObject
0 96 3 3 30 0 0 12 0 0
fn=PyModule_GetState
0 256 23 2 80 0 0 48 0 0
fn=PyModule_New
0 60 2 2 15 0 0 15 0 0
fn=PyModule_NewObject
0 358 12 6 45 0 0 54 0 0
fn=PyModule_SetDocString
0 52 3 3 10 0 0 10 0 0
fn=PyNumber_Add
0 8112 79 5 3178 66 0 2080 0 0
fn=PyNumber_And
0 2871 31 2 990 41 0 594 0 0
fn=PyNumber_AsSsize_t
0 15894 59 4 6110 7 1 3670 0 0
fn=PyNumber_Check
0 540 37 2 150 23 0 36 0 0
fn=PyNumber_FloorDivide
0 29 3 3 10 1 0 6 0 0
fn=PyNumber_InPlaceAdd
0 78 8 4 34 4 0 16 0 0
fn=PyNumber_InPlaceOr
0 264 9 3 99 5 0 66 0 0
fn=PyNumber_Index
0 43 2 2 14 0 0 9 0 0
fn=PyNumber_Long
0 432 32 2 128 32 0 64 0 0
fn=PyNumber_Lshift
0 29 3 3 10 2 0 6 0 0
fn=PyNumber_Multiply
0 7533 56 8 2916 52 0 1920 0 0
fn=PyNumber_Or
0 116 4 2 40 2 0 24 0 0
fn=PyNumber_Remainder
0 64 3 3 22 0 0 12 0 0
fn=PyNumber_Subtract
0 58 2 2 20 1 0 12 0 0
fn=PyOS_FSPath
0 2352 40 2 735 0 0 441 0 0
fn=PyOS_getsig
0 768 1 1 192 0 0 128 0 0
fn=PyOS_setsig
0 84 5 2 16 0 0 20 0 0
fn=PyOS_snprintf
0 86 3 3 12 0 0 58 0 0
fn=PyOS_strtol
0 288 6 6 48 3 2 18 0 0
fn=PyObject_Bytes
0 1029 33 2 294 0 0 245 0 0
fn=PyObject_Call
0 13093 74 4 5159 177 0 2752 0 0
fn=PyObject_CallFinalizerFromDealloc
0 3541 54 2 1371 36 0 802 0 0
fn=PyObject_CallFunction
0 3692 208 12 906 79 2 1136 0 0
fn=PyObject_CallFunctionObjArgs
0 980 24 3 140 0 0 672 0 0
fn=PyObject_CallMethod
0 2035 46 12 401 7 1 734 0 0
fn=PyObject_CallMethodObjArgs
0 2801 130 5 510 98 0 1377 0 0
fn=PyObject_CallOneArg
0 8672 86 3 2931 241 0 1510 0 0
fn=PyObject_Calloc
0 3912 18 6 953 11 0 528 17 17
fn=PyObject_CheckBuffer
0 332 44 2 136 0 0 60 0 0
fn=PyObject_ClearWeakRefs
0 17010 169 8 7795 160 0 4010 5 0
fn=PyObject_DelItem
0 2320 63 2 812 58 0 464 0 0
fn=PyObject_Dir
0 44 3 3 7 0 0 6 0 0
fn=PyObject_Format
0 1908 32 3 575 0 0 438 0 0
fn=PyObject_Free
0 1526162 55 10 433380 3851 1 203513 396 0
fn=PyObject_GC_Del
0 344432 10 4 103280 2218 0 30206 10 0
fn=PyObject_GC_Track
0 15124 21 2 4776 0 0 3184 0 0
fn=PyObject_GC_UnTrack
0 187134 2 2 63177 2787 0 60780 1320 0
fn=PyObject_GenericGetDict
0 1088 10 5 402 0 0 302 0 0
fn=PyObject_GetAttr
0 95772 35 5 38762 1096 0 23178 4 0
fn=PyObject_GetAttrString
0 2802 50 3 884 26 0 476 0 0
fn=PyObject_GetBuffer
0 448 19 1 168 25 0 0 0 0
fn=PyObject_GetItem
0 17364 56 5 6060 168 0 3459 0 0
fn=PyObject_GetIter
0 14718 55 2 4683 273 0 2007 0 0
fn=PyObject_Hash
0 35160 29 2 17580 50 1 11720 6 0
fn=PyObject_IS_GC
0 164693 1 0 48379 5245 9 2292 4 0
fn=PyObject_IsInstance
0 3076 100 6 1198 1 0 868 0 0
fn=PyObject_IsSubclass
0 1608 49 2 402 0 0 268 0 0
fn=PyObject_IsTrue
0 49103 55 5 7700 664 0 2308 20 0
fn=PyObject_LengthHint
0 3423 74 7 996 51 0 468 0 0
fn=PyObject_Malloc
0 1583406 28 6 491754 7531 8 261328 14796 14189
fn=PyObject_Realloc
0 11460 188 8 2747 18 0 1020 0 0
fn=PyObject_Repr
0 315 10 2 99 0 0 54 0 0
fn=PyObject_RichCompare
0 8727 170 7 2634 91 0 1821 0 0
fn=PyObject_RichCompareBool
0 138177 165 8 40339 362 0 27196 23 0
fn=PyObject_SelfIter
0 1330 78 2 399 0 0 399 0 0
fn=PyObject_SetAttr
0 112320 108 9 37422 249 0 12988 3 0
fn=PyObject_SetAttrString
0 14056 21 2 4016 20 0 2510 0 0
fn=PyObject_SetItem
0 3759 83 3 1253 33 0 716 0 0
fn=PyObject_Size
0 2100 33 1 630 98 0 0 0 0
fn=PyObject_Str
0 1700 46 3 479 1 0 319 0 0
fn=PyObject_Type
0 44 2 1 16 0 0 8 0 0
fn=PyObject_Vectorcall
0 73866 14 3 26042 1277 0 10864 12 0
fn=PyObject_VectorcallDict
0 16016 116 7 6235 28 0 3890 1 0
fn=PyObject_VectorcallMethod
0 19006 137 6 6523 170 0 3456 0 0
fn=PyPreConfig_InitPythonConfig
0 28 1 1 6 1 1 10 0 0
fn=PyRun_StringFlags
0 225 17 5 33 2 0 33 3 0
fn=PySequence_Contains
0 4140 10 1 1242 127 0 0 0 0
fn=PySequence_DelItem
0 21 2 2 8 2 0 5 0 0
fn=PySequence_Fast
0 18309 82 3 4230 0 0 3497 0 0
fn=PySequence_GetItem
0 11067 9 2 4216 2 0 2635 0 0
fn=PySequence_List
0 798 18 2 190 0 0 152 0 0
fn=PySequence_Tuple
0 9452 62 9 2634 0 0 2592 0 0
fn=PySet_Add
0 9185 68 8 3018 0 0 2229 0 0
fn=PySet_Clear
0 176 8 2 44 1 0 33 0 0
fn=PySet_Contains
0 2886 39 7 1104 2 0 672 0 0
fn=PySet_Discard
0 1504 12 4 640 0 0 384 0 0
fn=PySet_New
0 1955 24 3 402 8 0 670 0 0
fn=PySet_Size
0 187 6 2 66 0 0 44 0 0
fn=PySlice_AdjustIndices
0 4762 61 4 899 0 0 484 0 0
fn=PySlice_Unpack
0 7573 116 4 2159 0 0 1844 0 0
fn=PyStaticMethod_New
0 209 13 2 44 0 0 55 0 0
fn=PyStatus_Ok
0 8 2 2 2 0 0 6 0 0
fn=PyStructSequence_New
0 3400 63 3 425 0 0 510 0 0
fn=PyStructSequence_NewType
0 70 4 1 20 0 0 20 0 0
fn=PySymtable_Lookup
0 120 9 3 28 0 0 24 0 0
fn=PySys_Audit
0 3255 47 3 465 0 0 2139 0 0
fn=PySys_FormatStderr
0 35 2 2 5 1 0 24 0 0
fn=PySys_GetObject
0 3944 41 2 1088 0 0 680 1 0
fn=PySys_SetObject
0 42 2 2 12 0 0 6 0 0
fn=PyThreadState_Clear
0 48 4 4 22 1 0 7 0 0
fn=PyThread_GetInfo
0 63 4 4 8 1 0 7 0 0
fn=PyThread_acquire_lock
0 11002 19 2 1384 0 0 1384 0 0
fn=PyThread_acquire_lock_timed
0 4743 121 6 825 0 0 824 0 0
fn=PyThread_allocate_lock
0 2606 62 2 496 2 1 372 0 0
fn=PyThread_free_lock
0 1736 32 1 372 0 0 372 0 0
fn=PyThread_get_thread_ident
0 25870 9 2 7960 61 0 5970 2 0
fn=PyThread_get_thread_native_id
0 26 4 2 6 0 0 4 0 0
fn=PyThread_init_thread
0 52 5 3 16 2 1 15 0 0
fn=PyThread_release_lock
0 3584 4 1 896 0 0 896 1 0
fn=PyThread_tss_create
0 36 1 1 8 1 1 8 0 0
fn=PyThread_tss_delete
0 28 2 0 10 0 0 8 0 0
fn=PyThread_tss_get
0 14 1 1 6 1 0 4 0 0
fn=PyThread_tss_is_created
0 28 0 0 12 0 0 8 0 0
fn=PyThread_tss_set
0 20 2 1 6 1 0 4 0 0
fn=PyTraceBack_Here
0 10887 153 7 2602 0 0 2571 2 0
fn=PyTuple_GetItem
0 21090 42 2 8436 64 0 2812 0 0
fn=PyTuple_GetSlice
0 13005 255 10 4102 36 0 2892 0 0
fn=PyTuple_New
0 130268 98 6 39911 681 2 29835 31 0
fn=PyTuple_Pack
0 45666 243 13 12790 201 0 15084 1 0
fn=PyTuple_Size
0 8688 4 1 4344 992 8 0 0 0
fn=PyType_FromMetaclass
0 35 1 1 10 0 0 10 0 0
fn=PyType_FromModuleAndSpec
0 564 13 1 94 0 0 94 0 0
fn=PyType_FromSpec
0 99 2 1 18 0 0 18 0 0
fn=PyType_FromSpecWithBases
0 110 7 1 20 0 0 20 0 0
fn=PyType_GenericAlloc
0 210628 76 6 60086 584 12 46783 23 0
fn=PyType_GenericNew
0 8991 108 4 2509 70 0 1823 0 0
fn=PyType_GetModuleByDef
0 390 38 2 156 21 0 0 0 0
fn=PyType_IsSubtype
0 135331 11 3 37247 786 0 12476 43 0
fn=PyType_Modified
0 33 6 2 15 0 0 12 0 0
fn=PyUnicode_Append
0 1689 29 9 453 0 0 255 0 0
fn=PyUnicode_AsEncodedString
0 624 16 8 140 11 0 52 0 0
fn=PyUnicode_AsUTF8
0 3096 74 2 1204 29 0 516 0 0
fn=PyUnicode_AsUTF8AndSize
0 5520 152 3 1920 52 0 960 5 0
fn=PyUnicode_AsWideCharString
0 8064 51 16 1808 7 0 1592 11 4
fn=PyUnicode_Compare
0 160 30 2 64 1 0 0 0 0
fn=PyUnicode_CompareWithASCIIString
0 544 16 4 136 1 0 102 0 0
fn=PyUnicode_Concat
0 25477 128 7 5875 75 0 4686 18 1
fn=PyUnicode_Contains
0 196 13 7 52 2 0 18 0 0
fn=PyUnicode_Decode
0 320 9 9 68 0 0 28 0 0
fn=PyUnicode_DecodeASCII
0 2413 10 10 434 0 0 554 0 0
fn=PyUnicode_DecodeFSDefaultAndSize
0 17483 20 4 4415 2 1 1630 0 0
fn=PyUnicode_DecodeLocale
0 1248 33 4 256 0 0 160 0 0
fn=PyUnicode_DecodeUTF8
0 1989 1 0 442 0 0 442 3 0
fn=PyUnicode_DecodeUTF8Stateful
0 153 5 1 34 0 0 34 0 0
fn=PyUnicode_FSConverter
0 6342 49 5 1806 48 0 903 1 0
fn=PyUnicode_FindChar
0 11986 248 10 1943 16 0 860 23 0
fn=PyUnicode_Format
0 976 28 28 216 0 0 146 0 0
fn=PyUnicode_FromEncodedObject
0 44 2 2 16 1 0 10 0 0
fn=PyUnicode_FromFormat
0 725 12 3 100 0 0 600 0 0
fn=PyUnicode_FromFormatV
0 50660 771 49 11339 105 1 2932 57 0
fn=PyUnicode_FromKindAndData
0 399814 156 11 60904 1424 795 41586 381 169
fn=PyUnicode_FromString
0 32595 52 1 6519 0 0 6519 2 0
fn=PyUnicode_FromStringAndSize
0 1551 67 2 282 0 0 282 1 0
fn=PyUnicode_FromWideChar
0 85079 202 16 13721 0 0 8211 9 2
fn=PyUnicode_InternFromString
0 179122 103 6 44392 254 0 22040 0 0
fn=PyUnicode_InternInPlace
0 667159 126 7 258004 1764 460 124782 13 0
fn=PyUnicode_IsIdentifier
0 1103 28 5 287 7 0 114 0 0
fn=PyUnicode_New
0 2961 42 4 504 0 0 756 7 0
fn=PyUnicode_RPartition
0 24134 290 14 5654 83 0 3425 0 0
fn=PyUnicode_RichCompare
0 62172 83 7 16979 258 0 5421 0 0
fn=PyUnicode_Substring
0 8847 92 8 1455 14 2 1335 10 0
fn=PyVectorcall_Function
0 33 3 1 18 0 0 6 0 0
fn=PyWeakref_GetObject
0 437 8 2 138 0 0 69 0 0
fn=PyWeakref_NewRef
0 33805 132 11 9626 245 46 9998 29 0
fn=Py_BuildValue
0 1290 28 2 172 0 0 1032 0 0
fn=Py_BytesMain
0 13 3 1 2 1 0 6 0 0
fn=Py_DecodeLocale
0 643 11 7 138 1 0 87 0 0
fn=Py_FinalizeEx
0 88 6 6 21 6 0 11 1 0
fn=Py_GETENV
0 10 1 1 3 1 0 2 0 0
fn=Py_GenericAlias
0 69 6 2 15 0 0 15 0 0
fn=Py_GetBuildInfo
0 30 2 2 4 0 0 4 0 0
fn=Py_GetCompiler
0 8 1 1 2 0 0 2 0 0
fn=Py_GetCopyright
0 8 1 0 2 0 0 2 0 0
fn=Py_GetPlatform
0 8 0 0 2 0 0 2 0 0
fn=Py_GetVersion
0 9 1 1 2 0 0 2 0 0
fn=Py_InitializeFromConfig
0 33 5 3 10 1 0 9 2 0
fn=Py_RunMain
0 203 18 17 45 2 0 16 0 0
fn=_PyAST_Compile
0 656 51 17 150 8 0 132 0 0
fn=_PyArena_AddPyObject
0 7723 6 2 2778 0 0 1957 0 0
fn=_PyArena_Free
0 90 8 3 33 9 0 19 0 0
fn=_PyArena_Malloc
0 32797 8 3 13384 0 0 7465 34 3
fn=_PyArena_New
0 90 9 3 12 0 0 33 1 0
fn=_PyArg_ParseTupleAndKeywords_SizeT
0 2657 52 3 334 0 0 1463 2 0
fn=_PyArg_ParseTuple_SizeT
0 8262 59 3 1215 2 0 5103 15 0
fn=_PyArg_UnpackKeywords
0 656 53 21 196 13 6 144 0 0
fn=_PyArg_UnpackStack
0 74 4 4 6 0 0 38 0 0
fn=_PyArgv_AsWstrList
0 171 3 3 63 0 0 57 0 0
fn=_PyBytes_Resize
0 1716 52 4 484 1 0 384 2 0
fn=_PyCode_ConstantKey
0 4374 27 9 745 6 0 565 0 0
fn=_PyCode_New
0 298051 684 39 73192 756 1 31831 1550 1144
fn=_PyCode_Validate
0 69165 175 9 29542 47 0 1388 12 0
fn=_PyCodecInfo_GetIncrementalDecoder
0 24 3 1 6 0 0 6 0 0
fn=_PyCodecInfo_GetIncrementalEncoder
0 16 1 1 4 0 0 4 0 0
fn=_PyCodec_Lookup
0 197 18 7 51 4 0 25 1 0
fn=_PyCodec_LookupTextEncoding
0 380 15 5 100 4 0 50 0 0
fn=_PyConfig_AsDict
0 924 60 60 141 6 0 18 0 0
fn=_PyConfig_FromDict
0 552 35 35 51 0 0 7 0 0
fn=_PyConfig_InitCompatConfig
0 93 2 2 15 1 1 45 0 0
fn=_PyDict_DelItemIf
0 5280 155 8 1392 0 0 960 0 0
fn=_PyDict_DelItem_KnownHash
0 7096 203 12 2206 2 0 1442 0 0
fn=_PyDict_GetItemStringWithError
0 10080 92 3 2400 10 0 1200 8 0
fn=_PyDict_GetItemWithError
0 3625 64 2 1305 61 0 580 0 0
fn=_PyDict_GetItem_KnownHash
0 530856 7 2 221190 726 0 88476 12 0
fn=_PyDict_HasOnlyStringKeys
0 180 10 1 60 0 0 45 0 0
fn=_PyDict_MaybeUntrack
0 89402 15 15 30945 3765 0 13761 1 0
fn=_PyDict_MergeEx
0 2736 11 1 684 0 0 342 0 0
fn=_PyErr_ChainExceptions1
0 63 19 1 0 0 0 0 0 0
fn=_PyErr_Clear
0 138 11 2 38 0 0 38 0 0
fn=_PyErr_ExceptionMatches
0 203 16 3 84 0 0 28 0 0
fn=_PyErr_SetKeyError
0 4200 43 2 1050 52 0 750 0 0
fn=_PyErr_SetObject
0 23879 229 13 8900 233 1 4200 0 0
fn=_PyEval_EvalFrameDefault
0 3082025 8033 491 875205 33112 52 377570 1054 57
fn=_PyEval_SliceIndex
0 7453 19 2 2056 43 0 1285 0 0
fn=_PyFunction_Vectorcall
0 13600 64 2 3400 581 0 1360 0 0
fn=_PyGen_Finalize
0 932 30 3 368 0 0 274 0 0
fn=_PyImport_FixupBuiltin
0 60 3 3 12 0 0 10 0 0
fn=_PyImport_GetModuleAttrString
0 858 60 3 180 0 0 180 0 0
fn=_PyInterpreterState_Enable
0 14 1 1 4 0 0 8 0 0
fn=_PyInterpreterState_GetConfig
0 2982 0 0 852 0 0 852 1 0
fn=_PyInterpreterState_SetNotRunningMain
0 8 2 2 2 0 0 3 0 0
fn=_PyInterpreterState_SetRunningMain
0 20 2 2 5 0 0 3 0 0
fn=_PyList_Extend
0 750 24 0 250 0 0 250 0 0
fn=_PyLong_AsInt
0 6318 49 3 1884 14 0 960 0 0
fn=_PyLong_FormatWriter
0 56 2 2 8 0 0 8 0 0
fn=_PyLong_FromTime_t
0 1422 15 1 474 0 0 474 0 0
fn=_PyLong_FromUid
0 36 2 2 8 0 0 8 0 0
fn=_PyLong_Sign
0 60 12 2 18 0 0 12 0 0
fn=_PyMem_RawStrdup
0 120 3 1 35 0 0 25 0 0
fn=_PyMem_RawWcsdup
0 2112 12 3 396 0 0 264 0 0
fn=_PyMem_SetDefaultAllocator
0 364 11 3 100 1 1 74 0 0
fn=_PyModuleSpec_IsInitializing
0 3180 45 3 765 0 0 450 0 0
fn=_PyModule_Add
0 98 3 1 28 0 0 28 0 0
fn=_PyModule_Clear
0 80675 8 8 19379 1739 0 286 0 0
fn=_PyModule_ClearDict
0 12484 7 7 2942 310 0 22 0 0
fn=_PyModule_CreateInitialized
0 138 4 4 36 6 5 24 0 0
fn=_PyNamespace_New
0 62 2 2 14 0 0 12 0 0
fn=_PyNumber_Index
0 1442 44 3 456 16 0 226 9 0
fn=_PyObject_CallFunction_SizeT
0 5919 213 11 1426 129 3 1929 1 0
fn=_PyObject_CallMethod
0 840 14 14 204 2 1 204 0 0
fn=_PyObject_Call_Prepend
0 26961 341 14 8220 769 0 4704 26 0
fn=_PyObject_ClearManagedDict
0 22 2 2 8 2 0 6 0 0
fn=_PyObject_FastCall
0 3696 51 2 1320 60 0 528 0 0
fn=_PyObject_GC_New
0 319252 16 5 94387 982 8 67335 1051 816
fn=_PyObject_GC_NewVar
0 150293 35 5 45065 282 2 33285 447 215
fn=_PyObject_GC_Resize
0 64 4 2 16 0 0 10 0 0
fn=_PyObject_GenericGetAttrWithDict
0 278095 251 14 91161 2180 0 52759 43 0
fn=_PyObject_GenericSetAttrWithDict
0 5308 93 6 1628 14 0 960 0 0
fn=_PyObject_GetMethod
0 54637 164 9 18186 925 0 13334 0 0
fn=_PyObject_IsAbstract
0 15865 59 5 4134 50 0 2035 0 0
fn=_PyObject_LookupAttr
0 39142 90 4 11846 343 0 7995 19 0
fn=_PyObject_LookupSpecial
0 43229 165 7 14720 917 0 6753 23 0
fn=_PyObject_MakeTpCall
0 77936 159 8 21959 92 0 17017 22 0
fn=_PyObject_New
0 220 10 2 70 15 0 60 0 0
fn=_PyObject_NewVar
0 20155 36 2 6255 42 0 5560 321 259
fn=_PyObject_RealIsSubclass
0 658 53 1 282 0 0 94 0 0
fn=_PyObject_VisitManagedDict
0 45176 53 8 14230 1419 0 3904 19 0
fn=_PyPathConfig_ClearGlobal
0 41 3 2 12 2 0 13 0 0
fn=_PyPreConfig_InitCompatConfig
0 96 1 1 12 0 0 66 1 1
fn=_PyRuntimeState_Fini
0 224 3 3 50 2 0 40 0 0
fn=_PyRuntimeState_Init
0 176 6 6 36 2 2 49 4 4
fn=_PyRuntime_Finalize
0 11 1 1 2 0 0 3 0 0
fn=_PyRuntime_Initialize
0 22 2 2 4 1 1 7 0 0
fn=_PySet_NextEntry
0 1649 24 8 418 1 0 234 0 0
fn=_PyStack_AsDict
0 144 3 1 36 0 0 24 0 0
fn=_PyStructSequence_NewType
0 1171 34 11 190 32 26 270 0 0
fn=_PySys_GetAttr
0 130 1 1 35 0 0 25 0 0
fn=_PyThreadState_Bind
0 22 1 1 6 0 0 6 1 1
fn=_PyThreadState_DeleteExcept
0 29 3 3 14 0 0 9 0 0
fn=_PyThreadState_New
0 6 0 0 2 0 0 2 0 0
fn=_PyThreadState_UncheckedGet
0 119779 2 2 32667 0 0 21778 0 0
fn=_PyTime_Add
0 4770 34 2 898 0 0 898 0 0
fn=_PyTime_AsMicroseconds
0 2077 39 2 206 0 0 206 0 0
fn=_PyTime_AsSecondsDouble
0 30 2 2 4 0 0 4 0 0
fn=_PyTime_AsTimespec_clamp
0 8531 53 2 898 0 0 1796 0 0
fn=_PyTime_FromMicrosecondsClamp
0 9096 42 2 758 0 0 758 0 0
fn=_PyTime_FromNanoseconds
0 420 3 1 140 0 0 140 1 0
fn=_PyTime_FromSeconds
0 927 45 1 206 0 0 206 0 0
fn=_PyTime_GetMonotonicClock
0 13919 61 2 1796 0 0 898 1 0
fn=_PyTime_localtime
0 36 2 2 6 0 0 10 1 0
fn=_PyToken_OneChar
0 1092 6 2 273 6 2 182 0 0
fn=_PyToken_ThreeChars
0 17 1 1 2 0 0 2 0 0
fn=_PyToken_TwoChars
0 1616 10 5 276 3 1 184 0 0
fn=_PyTrash_begin
0 108880 1 1 10888 44 0 10888 0 0
fn=_PyTrash_cond
0 109370 1 1 43748 0 0 21874 0 0
fn=_PyTrash_end
0 188661 2 2 62887 0 0 54440 5 0
fn=_PyTuple_MaybeUntrack
0 127991 55 7 39314 1897 0 22482 6 0
fn=_PyTuple_Resize
0 641 35 6 229 0 0 140 0 0
fn=_PyType_CalculateMetaclass
0 2024 43 4 577 25 0 0 0 0
fn=_PyType_GetDict
0 127845 11 3 48526 1173 0 15650 5 0
fn=_PyType_GetDocFromInternalDoc
0 261 11 2 54 0 0 45 0 0
fn=_PyType_Lookup
0 323245 9 5 96494 4641 0 52385 264 0
fn=_PyType_Name
0 728 12 2 208 1 0 156 0 0
fn=_PyUnicodeWriter_PrepareInternal
0 9831 142 6 2034 0 0 2034 82 2
fn=_PyUnicodeWriter_WriteASCIIString
0 36 4 4 12 0 0 6 0 0
fn=_PyUnicodeWriter_WriteStr
0 595 35 3 204 0 0 102 0 0
fn=_PyUnicode_EQ
0 575 54 3 154 19 0 36 0 0
fn=_PyUnicode_Equal
0 14083 76 4 2552 34 4 788 0 0
fn=_PyUnicode_EqualToASCIIString
0 75366 101 3 27936 9 0 20952 0 0
fn=_PyUnicode_FormatAdvancedWriter
0 289 28 2 85 0 0 68 0 0
fn=_PyUnicode_FromASCII
0 90 7 4 14 0 0 20 0 0
fn=_PyUnicode_IsAlpha
0 115 2 2 25 5 2 10 0 0
fn=_PyUnicode_IsDecimalDigit
0 46 2 2 10 0 0 4 0 0
fn=_PyUnicode_IsDigit
0 23 1 1 5 0 0 2 0 0
fn=_PyUnicode_IsNumeric
0 23 2 2 5 0 0 2 0 0
fn=_PyUnicode_IsPrintable
0 2093 5 1 455 11 2 182 0 0
fn=_PyUnicode_IsXidContinue
0 2898 6 1 630 7 1 252 0 0
fn=_PyUnicode_IsXidStart
0 552 21 3 120 23 3 48 0 0
fn=_PyUnicode_JoinArray
0 55720 390 20 11825 55 0 4709 101 8
fn=_PyUnicode_ToDecimalDigit
0 408 51 2 85 51 0 34 0 0
fn=_PyWarnings_Init
0 8 1 1 2 0 0 2 0 0
fn=_PyWeakref_ClearRef
0 11847 13 4 4685 665 0 3508 53 0
fn=_PyWideStringList_AsList
0 275 4 3 99 0 0 54 0 0
fn=_PyWideStringList_Clear
0 1110 15 4 462 18 1 372 0 0
fn=_PyWideStringList_Copy
0 606 6 3 199 3 0 172 0 0
fn=_PyWideStringList_Extend
0 38 2 2 14 0 0 20 0 0
fn=_Py_BuildValue_SizeT
0 120 10 2 16 0 0 96 0 0
fn=_Py_CheckFunctionResult
0 32128 8 2 9886 0 0 7410 4 0
fn=_Py_ClearArgcArgv
0 15 2 1 2 0 0 2 0 0
fn=_Py_ClearStandardStreamEncoding
0 40 4 2 10 1 0 6 0 0
fn=_Py_CoerceLegacyLocale
0 112 4 4 18 1 1 12 0 0
fn=_Py_Dealloc
0 262431 1 1 116636 956 1 58318 7 0
fn=_Py_DecodeLocaleEx
0 10132 35 4 3062 0 0 2736 0 0
fn=_Py_DecodeUTF8Ex
0 52954 65 16 6436 4 1 7592 14 1
fn=_Py_EncodeLocaleEx
0 384 13 3 120 7 0 144 1 0
fn=_Py_EncodeUTF8Ex
0 13821 60 12 2031 0 0 2133 17 3
fn=_Py_GetConfig
0 7011 23 1 1558 0 0 0 0 0
fn=_Py_GetEnv
0 144 3 1 24 0 0 24 0 0
fn=_Py_GetLocaleEncoding
0 38 4 1 8 2 0 4 0 0
fn=_Py_GetLocaleEncodingObject
0 36 4 2 6 0 0 6 0 0
fn=_Py_HashBytes
0 1112053 245 17 53737 493 322 0 0 0
fn=_Py_HashPointer
0 1683 18 2 374 0 0 374 0 0
fn=_Py_LegacyLocaleDetected
0 20 1 1 2 0 0 2 0 0
fn=_Py_NewReference
0 511650 2 2 136440 24 1 136440 313 0
fn=_Py_NewReferenceNoTotal
0 2385 20 1 636 0 0 636 0 0
fn=_Py_PreInitializeFromConfig
0 1496 4 2 544 3 0 680 1 0
fn=_Py_PreInitializeFromPyArgv
0 48 3 3 13 1 1 13 0 0
fn=_Py_ResetForceASCII
0 54 1 1 12 0 0 18 1 1
fn=_Py_SetLocaleFromEnv
0 28 2 2 6 0 0 6 0 0
fn=_Py_SourceAsString
0 84 6 2 30 0 0 24 0 0
fn=_Py_VaBuildStack
0 490 45 2 140 0 0 140 0 0
fn=_Py_VaBuildStack_SizeT
0 938 40 2 268 0 0 268 0 0
fn=_Py_fopen_obj
0 61 4 4 13 0 0 9 0 0
fn=_Py_fstat_noraise
0 228 5 1 76 0 0 76 0 0
fn=_Py_get_env_flag
0 98 2 2 21 0 0 21 0 0
fn=_Py_get_xoption
0 225 4 2 105 0 0 90 1 0
fn=_Py_gitidentifier
0 8 1 1 2 0 0 2 0 0
fn=_Py_gitversion
0 8 0 0 2 0 0 2 0 0
fn=_Py_hashtable_destroy
0 62063 7 5 20428 2637 0 12 0 0
fn=_Py_hashtable_get
0 277330 94 5 115775 10055 0 52398 0 0
fn=_Py_hashtable_new_full
0 106 8 5 24 2 0 52 4 1
fn=_Py_hashtable_set
0 82929 13 4 25518 8 0 25500 1 0
fn=_Py_normpath
0 168 1 1 42 0 0 42 0 0
fn=_Py_read
0 1368 57 3 360 0 0 360 0 0
fn=_Py_set_inheritable
0 333 33 4 91 18 0 74 0 0
fn=_Py_wfopen
0 270 5 5 35 0 0 25 0 0
fn=_Py_wgetcwd
0 47 4 4 9 0 0 7 1 1
fn=_Py_wreadlink
0 144 7 4 26 0 0 22 4 3
fn=_Py_wrealpath
0 43 5 4 8 0 0 7 0 0
fn=_Py_write
0 38 3 3 10 0 0 10 0 0
fn=__aarch64_cas4_acq
0 3666 12 2 1222 8 4 0 0 0
fn=__aarch64_cas4_rel
0 654 3 1 218 0 0 0 0 0
fn=__aarch64_cas8_acq
0 2724 49 1 908 52 0 0 0 0
fn=__aarch64_cas8_rel
0 2688 58 0 896 1 0 0 0 0
fn=__aarch64_ldadd4_acq
0 594 9 1 297 1 0 0 0 0
fn=__aarch64_ldadd4_relax
0 12 0 0 6 0 0 0 0 0
fn=__aarch64_ldadd8_relax
0 12 2 2 6 0 0 0 0 0
fn=__aarch64_ldset4_acq
0 60 4 2 30 0 0 0 0 0
fn=__aarch64_swp4_rel
0 3630 10 1 1815 0 0 0 0 0
fn=__aarch64_swp4_relax
0 66 4 2 33 0 0 0 0 0
fn=__aarch64_swp8_acq
0 1140 14 0 570 10 0 0 0 0
fn=init_have_lse_atomics
0 22 2 2 4 0 0 6 0 0
summary: 54039791 85798 12052 15067370 623877 20580 7978671 63543 36766
