desc: I1 cache:         16384 B, 64 B, 4-way associative
desc: D1 cache:         16384 B, 64 B, 4-way associative
desc: LL cache:         262144 B, 64 B, 8-way associative
cmd: python3 examples/rrt_star/test_rrt_star_3d.py
events: Ir I1mr ILmr Dr D1mr DLmr Dw D1mw DLmw 
fl=./csu/../csu/libc-start.c
fn=__libc_start_main@@GLIBC_2.34
128 3 1 1 2 0 0 0 0 0
134 2 0 0 1 1 0 0 0 0
135 7 1 1 2 1 1 0 0 0
138 1 0 0 1 0 0 0 0 0
139 1 0 0 0 0 0 0 0 0
142 3 0 0 2 0 0 0 0 0
143 3 0 0 2 0 0 0 0 0
144 9 0 0 0 0 0 0 0 0
145 5 1 1 1 0 0 0 0 0
242 11 1 1 0 0 0 11 0 0
311 2 0 0 0 0 0 0 0 0
312 3 0 0 0 0 0 0 0 0
337 5 1 1 2 1 0 0 0 0
340 1 0 0 0 0 0 0 0 0
343 3 0 0 2 2 0 0 0 0
350 2 0 0 1 0 0 0 0 0
352 1 0 0 0 0 0 0 0 0
360 4 0 0 0 0 0 0 0 0
fl=./csu/../sysdeps/aarch64/crti.S
fn=call_weak_fn
63 1 1 1 0 0 0 0 0 0
64 1 0 0 1 1 0 0 0 0
65 1 0 0 0 0 0 0 0 0
68 1 0 0 0 0 0 0 0 0
fl=./csu/../sysdeps/nptl/libc_start_call_main.h
fn=(below main)
29 11 1 1 2 0 0 6 0 0
44 2 1 1 0 0 0 0 0 0
46 1 0 0 0 0 0 0 0 0
48 1 0 0 0 0 0 0 0 0
51 3 0 0 1 1 0 1 0 0
52 1 0 0 0 0 0 0 0 0
55 3 0 0 0 0 0 1 0 0
58 7 1 1 5 0 0 0 0 0
74 1 1 1 0 0 0 0 0 0
fl=./csu/./csu/errno-loc.c
fn=__errno_location
25 88884 26682 809 0 0 0 88884 575 4
26 133326 0 0 44442 19399 129 0 0 0
27 133326 0 0 88884 0 0 0 0 0
fl=./csu/./csu/init-first.c
fn=_init_first
46 5 1 1 0 0 0 4 0 0
51 3 0 0 1 0 0 0 0 0
55 8 1 1 4 2 1 0 0 0
61 3 0 0 0 0 0 1 1 0
62 1 0 0 0 0 0 1 0 0
63 3 0 0 1 0 0 1 1 0
71 3 0 0 0 0 0 0 0 0
72 2 0 0 4 0 0 0 0 0
fl=./ctype/../include/ctype.h
fn=__ctype_b_loc
40 3840 868 47 0 0 0 3840 432 197
41 5760 0 0 1920 153 9 0 0 0
42 5760 0 0 3840 0 0 0 0 0
fn=__ctype_tolower_loc
52 2548 872 48 0 0 0 2548 1 0
53 3822 0 0 1274 439 0 0 0 0
54 3822 0 0 2548 0 0 0 0 0
fl=./ctype/./ctype/ctype-info.c
fn=__ctype_init
29 2 0 0 0 0 0 2 0 0
31 9 2 2 4 4 0 1 0 0
33 5 1 1 3 2 0 1 0 0
35 5 0 0 2 1 0 1 0 0
36 2 0 0 2 0 0 0 0 0
fl=./debug/./debug/memcpy_chk.c
fn=__memcpy_chk
26 55142 7043 4499 0 0 0 0 0 0
29 27571 0 0 0 0 0 0 0 0
fl=./debug/./debug/memset_chk.c
fn=__memset_chk
24 498968 64002 120 0 0 0 0 0 0
27 249484 0 0 0 0 0 0 0 0
fl=./debug/./debug/realpath_chk.c
fn=__realpath_chk
29 2 1 1 0 0 0 0 0 0
32 1 0 0 0 0 0 0 0 0
fl=./debug/./debug/snprintf_chk.c
fn=__snprintf_chk
27 24680 155 4 2468 349 1 17276 7 1
28 2468 1234 2 0 0 0 0 0 0
33 2468 0 0 0 0 0 0 0 0
37 8638 0 0 0 0 0 6170 0 0
38 7404 113 2 2468 0 0 2468 9 1
42 12340 0 0 6170 0 0 0 0 0
fl=./debug/./debug/sprintf_chk.c
fn=__sprintf_chk
25 260580 9948 2556 26058 4789 2058 195435 4702 6
28 13029 0 0 0 0 0 0 0 0
36 13029 0 0 0 0 0 0 0 0
39 104232 0 0 0 0 0 65145 3890 0
40 104232 5052 4529 26058 0 0 26058 669 4
44 130290 0 0 65145 0 0 0 0 0
fl=./debug/./debug/vsnprintf_chk.c
fn=__vsnprintf_chk
26 44 21 21 0 0 0 44 20 2
27 44 0 0 0 0 0 0 0 0
32 66 0 0 0 0 0 0 0 0
34 132 21 21 44 0 0 44 0 0
35 44 0 0 44 0 0 0 0 0
fl=./dirent/../sysdeps/unix/sysv/linux/closedir.c
fn=closedir
31 618 0 0 0 0 0 618 0 0
34 206 206 201 0 0 0 0 0 0
44 206 0 0 206 0 0 0 0 0
50 206 0 0 0 0 0 0 0 0
52 412 0 0 0 0 0 0 0 0
53 412 0 0 618 0 0 0 0 0
fl=./dirent/../sysdeps/unix/sysv/linux/getdents64.c
fn=__getdents
27 824 206 200 0 0 0 824 0 0
30 824 0 0 0 0 0 0 0 0
32 2472 0 0 0 0 0 0 0 0
33 824 0 0 824 0 0 0 0 0
fl=./dirent/../sysdeps/unix/sysv/linux/opendir.c
fn=opendir
33 416 208 206 208 0 0 0 0 0
82 416 0 0 0 0 0 416 0 0
86 832 208 204 0 0 0 0 0 0
87 208 0 0 416 0 0 0 0 0
fn=opendir_tail
45 1664 208 202 416 0 0 624 0 0
46 208 208 205 0 0 0 0 0 0
47 4 2 2 0 0 0 0 0 0
53 1030 0 0 0 0 0 412 0 0
55 824 0 0 206 0 0 0 0 0
64 2080 4 3 1040 1 0 0 0 0
112 1648 206 200 206 0 0 0 0 0
115 412 206 201 0 0 0 0 0 0
116 206 0 0 0 0 0 0 0 0
125 206 0 0 0 0 0 412 25 22
128 206 0 0 0 0 0 412 12 11
130 206 0 0 0 0 0 412 44 42
131 412 0 0 412 0 0 206 0 0
fl=./dirent/../sysdeps/unix/sysv/linux/readdir64.c
fn=readdir
32 44130 206 199 0 0 0 58840 0 0
34 29420 0 0 14710 143 0 0 0 0
37 44130 6943 202 0 0 0 0 0 0
40 22065 0 0 14710 0 0 0 0 0
47 2060 412 202 824 0 0 0 0 0
48 824 0 0 0 0 0 0 0 0
54 206 0 0 0 0 0 0 0 0
55 206 0 0 0 0 0 206 0 0
57 1030 206 205 0 0 0 0 0 0
59 412 0 0 0 0 0 0 0 0
61 412 0 0 0 0 0 206 0 0
64 206 0 0 0 0 0 0 0 0
67 13886 1295 0 0 0 0 0 0 0
68 14298 0 0 7149 903 856 0 0 0
69 14298 206 201 7149 1006 954 14298 22 0
72 35745 0 0 0 0 0 0 0 0
76 44130 29 0 58840 0 0 0 0 0
fl=./dlfcn/./dlfcn/dlerror.c
fn=_dlerror_run
113 1846 122 26 284 0 0 1278 0 0
114 568 142 24 284 244 28 0 0 0
115 142 0 0 0 0 0 0 0 0
138 852 143 29 142 0 0 0 0 0
143 142 0 0 142 0 0 0 0 0
145 284 122 26 142 0 0 0 0 0
151 142 122 27 0 0 0 0 0 0
156 284 0 0 0 0 0 0 0 0
198 2272 285 57 1704 50 15 0 0 0
fl=./dlfcn/./dlfcn/dlopen.c
fn=dlopen@@GLIBC_2.34
67 22 22 22 0 0 0 22 0 0
68 22 0 0 0 0 0 22 0 0
69 22 0 0 0 0 0 22 0 0
71 154 21 6 22 0 0 0 0 0
77 176 22 22 44 0 0 66 0 0
78 88 0 0 44 24 24 0 0 0
81 66 22 22 0 0 0 0 0 0
82 242 22 22 110 5 2 0 0 0
fn=dlopen_doit
48 66 22 22 0 0 0 66 0 0
51 110 0 0 22 0 0 0 0 0
56 400 44 26 176 88 87 22 21 4
60 66 21 21 66 17 2 0 0 0
fl=./dlfcn/./dlfcn/dlsym.c
fn=dlsym@@GLIBC_2.34
47 120 0 0 0 0 0 120 0 0
49 120 120 22 0 0 0 240 0 0
52 480 0 0 120 120 21 0 0 0
54 960 0 0 120 0 0 0 0 0
56 240 0 0 0 0 0 0 0 0
64 1080 120 22 240 0 0 480 0 0
65 480 0 0 240 145 4 0 0 0
68 240 120 22 0 0 0 0 0 0
69 1440 120 23 720 0 0 0 0 0
fn=dlsym_doit
37 480 100 2 0 0 0 360 8 0
40 480 0 0 360 0 0 120 0 0
41 360 0 0 360 0 0 0 0 0
fl=./elf/../include/atomic_wide_counter.h
fn=_dl_find_object
36 72 0 0 36 2 2 0 0 0
fn=_dl_find_object_update
30 84 14 14 21 21 18 0 0 0
57 105 0 0 21 0 0 21 0 0
fl=./elf/../include/inline-hashtab.h
fn=_dl_make_tlsdesc_dynamic
49 1 0 0 0 0 0 0 0 0
51 2 0 0 0 0 0 1 0 0
52 1 0 0 0 0 0 1 0 0
53 3 0 0 1 1 1 1 1 1
54 1 0 0 0 0 0 0 0 0
60 1 0 0 0 0 0 1 0 0
62 6 0 0 1 0 0 3 0 0
191 5 0 0 3 0 0 0 0 0
198 3 0 0 0 0 0 0 0 0
200 1 0 0 0 0 0 0 0 0
201 2 0 0 1 0 0 0 0 0
224 3 0 0 1 0 0 1 0 0
fl=./elf/../include/list.h
fn=__tls_init_tp
43 4 0 0 1 1 0 0 0 0
44 3 0 0 0 0 0 2 0 0
45 1 0 0 0 0 0 1 0 0
46 1 0 0 0 0 0 0 0 0
47 1 0 0 0 0 0 1 0 0
fl=./elf/../include/rtld-malloc.h
fn=__minimal_calloc
56 56 2 1 14 0 0 0 0 0
fn=_dl_allocate_tls_storage
56 4 0 0 1 0 0 0 0 0
fn=_dl_check_map_versions
44 238 20 20 34 22 0 34 0 0
fn=_dl_find_object_init
56 5 0 0 1 0 0 0 0 0
fn=_dl_find_object_update
50 84 0 0 21 20 3 0 0 0
56 153 0 0 23 18 2 84 0 0
fn=_dl_important_hwcaps
56 8 2 2 2 0 0 0 0 0
fn=_dl_init_paths
56 10 1 1 3 0 0 0 0 0
fn=_dl_lookup_symbol_x
56 5 1 1 1 0 0 0 0 0
fn=_dl_make_tlsdesc_dynamic
56 12 4 4 3 1 0 0 0 0
fn=_dl_map_object_deps
56 180 0 0 36 23 0 0 0 0
fn=_dl_new_object
44 180 1 1 36 32 21 0 0 0
56 175 9 0 35 3 0 0 0 0
fn=_dl_update_slotinfo
50 15 0 0 8 3 3 0 0 0
fn=allocate_dtv
44 5 1 1 1 0 0 0 0 0
fn=decompose_rpath
50 4 1 1 1 0 0 0 0 0
56 4 1 1 1 0 0 0 0 0
fn=dl_open_worker_begin
56 6 0 0 1 1 1 1 0 0
fn=do_lookup_x
44 21 0 0 3 3 0 4 0 0
fn=expand_dynamic_string_token
56 5 0 0 1 0 0 0 0 0
fn=fillin_rpath.isra.0
50 8 2 2 2 1 0 0 0 0
51 2 0 0 0 0 0 0 0 0
56 10 0 0 2 0 0 0 0 0
fn=init_tls
44 5 0 0 1 0 0 0 0 0
fn=tls_get_addr_tail
56 4 0 0 1 0 0 0 0 0
fl=./elf/../include/scratch_buffer.h
fn=_dl_map_object_deps
77 66 22 22 0 0 0 44 1 1
78 44 0 0 0 0 0 22 0 0
85 88 22 22 44 0 0 0 0 0
131 56 0 0 0 0 0 0 0 0
fl=./elf/../misc/sbrk.c
fn=sbrk
37 5 1 1 0 0 0 5 0 0
40 2 0 0 1 0 0 0 0 0
58 1 0 0 0 0 0 0 0 0
62 2 0 0 0 0 0 0 0 0
78 5 1 1 5 0 0 0 0 0
fl=./elf/../nptl/nptl-stack.h
fn=__libc_early_init
61 4 1 1 2 1 0 0 0 0
fl=./elf/../sysdeps/aarch64/dl-bti.c
fn=_dl_bti_check
81 66 22 22 22 22 21 0 0 0
94 22 22 22 0 0 0 0 0 0
fl=./elf/../sysdeps/aarch64/dl-irel.h
fn=_dl_fixup
37 10 0 0 0 0 0 5 0 0
38 127 4 3 5 2 0 0 0 0
39 10 0 0 5 4 2 10 0 0
40 15 0 0 0 0 0 0 0 0
fn=_dl_relocate_object
37 313 0 0 0 0 0 222 6 1
38 393 42 42 213 28 1 53 0 0
39 176 0 0 88 59 4 174 0 0
40 436 0 0 0 0 0 172 48 2
fn=do_sym
38 240 0 0 120 0 0 0 0 0
fl=./elf/../sysdeps/aarch64/dl-machine.h
fn=_dl_fixup
147 117 0 0 0 0 0 117 5 0
fn=_dl_relocate_object
67 185 0 0 37 0 0 0 0 0
72 12 1 1 8 4 2 0 0 0
73 8 0 0 4 4 4 0 0 0
77 4 1 1 0 0 0 4 0 0
87 4 0 0 0 0 0 0 0 0
103 4320 1 1 8 3 0 4 0 0
175 12389 0 0 0 0 0 0 0 0
177 24778 0 0 0 0 0 0 0 0
179 12389 0 0 0 0 0 0 0 0
188 98059 4 4 36708 139 1 0 0 0
191 12218 0 0 12218 0 0 0 0 0
193 73416 23 23 12236 3 0 0 0 0
196 103739 41 41 172 0 0 0 0 0
208 37086 23 23 12362 1966 1543 12362 3287 1598
211 25 3 3 25 0 0 0 0 0
214 20 0 0 10 0 0 0 0 0
215 30 1 1 10 0 0 0 0 0
224 20 0 0 0 0 0 0 0 0
226 10 0 0 5 0 0 0 0 0
227 5 0 0 0 0 0 0 0 0
233 6 0 0 0 0 0 0 0 0
243 48 3 3 10 3 3 4 3 0
245 6 1 1 2 0 0 1 0 0
247 4 0 0 0 0 0 1 0 0
252 15 1 1 7 0 0 5 1 1
253 20 3 3 15 0 0 0 0 0
254 237 0 0 5 0 0 79 0 0
273 14 0 0 0 0 0 0 0 0
275 56 0 0 14 3 0 0 0 0
276 14 0 0 0 0 0 14 3 3
277 56 0 0 28 3 3 0 0 0
282 6 1 1 4 1 1 0 0 0
283 6 1 1 2 0 0 0 0 0
285 2 0 0 0 0 0 2 0 0
303 112332 22 22 56166 10546 10539 28083 7519 7491
313 556 0 0 0 0 0 0 0 0
314 556 1 1 1112 208 208 0 0 0
316 1112 0 0 0 0 0 0 0 0
318 1112 0 0 556 3 0 0 0 0
341 1112 0 0 556 1 0 0 0 0
342 1668 0 0 556 69 69 556 0 0
fn=_dl_start
48 2 0 0 0 0 0 0 0 0
177 8 0 0 0 0 0 0 0 0
179 4 0 0 0 0 0 0 0 0
188 33 1 1 12 4 4 0 0 0
192 20 0 0 4 0 0 0 0 0
196 12 0 0 0 0 0 0 0 0
200 12 0 0 4 0 0 4 0 0
303 92 0 0 46 10 10 23 8 8
fn=_dl_sysdep_start
128 6 0 0 2 1 1 0 0 0
fl=./elf/../sysdeps/aarch64/dl-prop.h
fn=dl_main
30 4 0 0 1 0 0 1 0 0
fn=dl_open_worker_begin
36 63 0 0 0 0 0 0 0 0
fl=./elf/../sysdeps/aarch64/dl-start.S
fn=(below main)
22 1 1 1 0 0 0 0 0 0
25 1 0 0 0 0 0 0 0 0
26 1 0 0 0 0 0 0 0 0
28 1 0 0 0 0 0 0 0 0
30 1 0 0 0 0 0 0 0 0
32 1 1 0 0 0 0 0 0 0
37 1 0 0 1 1 1 0 0 0
39 1 0 0 0 0 0 0 0 0
41 1 0 0 0 0 0 0 0 0
42 1 0 0 0 0 0 0 0 0
43 1 0 0 0 0 0 0 0 0
44 1 0 0 0 0 0 0 0 0
45 1 0 0 1 0 0 0 0 0
46 1 0 0 0 0 0 0 0 0
48 1 0 0 0 0 0 0 0 0
49 1 0 0 0 0 0 0 0 0
51 1 1 1 0 0 0 0 0 0
52 1 0 0 0 0 0 0 0 0
fl=./elf/../sysdeps/aarch64/dl-tlsdesc.S
fn=_dl_tlsdesc_dynamic
147 744 744 666 0 0 0 0 0 0
152 744 0 0 0 0 0 1488 0 0
154 744 0 0 0 0 0 1488 0 0
160 744 0 0 0 0 0 0 0 0
161 744 0 0 744 0 0 0 0 0
162 744 0 0 744 0 0 0 0 0
163 744 0 0 744 744 92 0 0 0
164 744 0 0 744 743 275 0 0 0
165 744 0 0 0 0 0 0 0 0
166 744 0 0 0 0 0 0 0 0
168 744 0 0 1488 0 0 0 0 0
169 744 0 0 0 0 0 0 0 0
170 744 0 0 744 744 68 0 0 0
171 744 0 0 0 0 0 0 0 0
172 744 744 446 0 0 0 0 0 0
174 743 0 0 0 0 0 0 0 0
175 743 0 0 0 0 0 0 0 0
177 744 0 0 1488 0 0 0 0 0
178 744 0 0 1488 0 0 0 0 0
180 744 0 0 0 0 0 0 0 0
193 1 0 0 0 0 0 2 1 0
197 1 0 0 0 0 0 0 0 0
198 1 0 0 0 0 0 2 0 0
199 1 0 0 0 0 0 2 0 0
200 1 0 0 0 0 0 2 0 0
201 1 0 0 0 0 0 2 0 0
202 1 0 0 0 0 0 2 0 0
203 1 0 0 0 0 0 2 0 0
204 1 0 0 0 0 0 2 0 0
220 16 1 1 0 0 0 32 7 1
222 1 0 0 0 0 0 0 0 0
223 1 1 1 0 0 0 0 0 0
225 1 0 0 0 0 0 0 0 0
226 1 0 0 0 0 0 0 0 0
228 16 1 1 32 0 0 0 0 0
230 1 0 0 2 0 0 0 0 0
231 1 0 0 2 0 0 0 0 0
232 1 0 0 2 0 0 0 0 0
233 1 0 0 2 0 0 0 0 0
234 1 0 0 2 0 0 0 0 0
235 1 0 0 2 0 0 0 0 0
236 1 0 0 2 0 0 0 0 0
238 1 0 0 2 0 0 0 0 0
246 1 0 0 0 0 0 0 0 0
fn=_dl_tlsdesc_return
77 8 5 3 0 0 0 0 0 0
79 8 0 0 8 0 0 0 0 0
80 8 0 0 0 0 0 0 0 0
fl=./elf/../sysdeps/aarch64/dl-trampoline.S
fn=_dl_runtime_resolve
38 117 52 30 0 0 0 0 0 0
50 117 0 0 0 0 0 234 13 7
55 117 0 0 0 0 0 234 6 2
59 117 0 0 0 0 0 234 1 1
63 117 0 0 0 0 0 234 5 2
67 117 0 0 0 0 0 234 1 1
71 117 0 0 0 0 0 234 5 3
75 117 0 0 0 0 0 234 3 3
79 117 0 0 0 0 0 234 1 1
83 117 0 0 0 0 0 234 0 0
88 117 0 0 117 0 0 0 0 0
91 117 0 0 117 0 0 0 0 0
93 117 0 0 0 0 0 0 0 0
94 117 52 28 0 0 0 0 0 0
95 117 0 0 0 0 0 0 0 0
96 117 0 0 0 0 0 0 0 0
97 117 0 0 0 0 0 0 0 0
100 117 0 0 0 0 0 0 0 0
103 117 0 0 0 0 0 0 0 0
106 117 0 0 234 4 0 0 0 0
107 117 0 0 234 2 0 0 0 0
108 117 0 0 234 0 0 0 0 0
109 117 0 0 234 3 0 0 0 0
110 117 0 0 234 1 0 0 0 0
111 117 0 0 234 2 0 0 0 0
112 117 0 0 234 2 0 0 0 0
113 117 0 0 234 0 0 0 0 0
114 117 0 0 234 0 0 0 0 0
117 117 0 0 234 0 0 0 0 0
121 117 52 31 0 0 0 0 0 0
fl=./elf/../sysdeps/generic/_itoa.h
fn=_dl_check_map_versions
76 231 20 20 0 0 0 33 0 0
fl=./elf/../sysdeps/generic/dl-cache.h
fn=_dl_load_cache_lookup
194 8 0 0 8 0 0 0 0 0
195 32 0 0 0 0 0 0 0 0
fn=search_cache
125 13 0 0 13 0 0 0 0 0
fl=./elf/../sysdeps/generic/dl-call_tls_init_tp.h
fn=dl_main
34 2 1 1 1 0 0 0 0 0
fn=init_tls
31 1 0 0 0 0 0 0 0 0
33 1 0 0 0 0 0 0 0 0
fl=./elf/../sysdeps/generic/dl-debug.h
fn=dl_main
29 3 0 0 2 0 0 0 0 0
30 1 0 0 0 0 0 1 0 0
fl=./elf/../sysdeps/generic/dl-hash.h
fn=__rtld_malloc_init_real
43 2 0 0 0 0 0 0 0 0
44 2 0 0 0 0 0 0 0 0
45 11 0 0 5 2 2 0 0 0
48 10 0 0 0 0 0 0 0 0
62 10 0 0 0 0 0 0 0 0
67 1 1 1 0 0 0 0 0 0
72 1 0 0 0 0 0 1 0 0
fl=./elf/../sysdeps/generic/dl-new-hash.h
fn=_dl_lookup_symbol_x
69 10462 0 0 0 0 0 0 0 0
70 10462 0 0 0 0 0 0 0 0
74 282330 0 0 146396 9421 4764 0 0 0
77 146396 0 0 0 0 0 0 0 0
80 282890 0 0 141445 1906 1298 0 0 0
81 141445 0 0 0 0 0 0 0 0
87 5511 122 50 0 0 0 0 0 0
89 5511 0 0 0 0 0 0 0 0
90 5511 0 0 0 0 0 0 0 0
101 20924 0 0 0 0 0 0 0 0
102 135934 0 0 0 0 0 0 0 0
104 135934 0 0 0 0 0 0 0 0
fl=./elf/../sysdeps/generic/dl-protected.h
fn=do_lookup_x
29 30927 177 46 0 0 0 0 0 0
fl=./elf/../sysdeps/generic/dl-tunables-parse.h
fn=_dl_sysdep_start
31 20 0 0 1 0 0 1 0 0
fl=./elf/../sysdeps/generic/ldsodefs.h
fn=_dl_check_map_versions
79 423 22 22 238 5 0 296 0 0
fn=_dl_fixup
79 117 0 0 117 53 28 0 0 0
fn=_dl_map_object
79 707 0 0 707 0 0 0 0 0
fn=_dl_map_object_deps
79 64 0 0 64 1 0 0 0 0
fn=_dl_map_object_from_fd
79 39 32 22 39 0 0 0 0 0
fn=_dl_new_object
1322 1 0 0 0 0 0 0 0 0
1324 32 0 0 0 0 0 0 0 0
fn=_dl_relocate_object
79 10508 0 0 10360 15 2 0 0 0
140 37113 3 3 12371 0 0 0 0 0
fn=_dl_setup_hash
79 37 0 0 37 0 0 0 0 0
fn=_dl_start
79 9 0 0 3 0 0 0 0 0
fn=cache_rpath
79 1 0 0 1 0 0 0 0 0
fn=check_match
79 3 0 0 3 0 0 0 0 0
fn=dl_main
79 2 0 0 2 0 0 0 0 0
fn=dl_open_worker_begin
1292 6 0 0 0 0 0 0 0 0
fn=do_lookup_x
79 71316 0 0 71316 0 0 0 0 0
139 20618 176 52 10309 1 0 0 0 0
140 10309 0 0 0 0 0 0 0 0
fl=./elf/../sysdeps/nptl/dl-mutex.c
fn=__rtld_mutex_init
30 4 2 1 0 0 0 6 0 0
37 2 0 0 1 1 0 0 0 0
40 10 0 0 0 0 0 0 0 0
44 1 0 0 0 0 0 0 0 0
45 13 1 1 3 0 0 1 0 0
47 9 1 1 0 0 0 0 0 0
51 1 0 0 0 0 0 0 0 0
52 11 0 0 3 0 0 1 0 0
53 4 1 1 6 0 0 0 0 0
fl=./elf/../sysdeps/nptl/dl-tls_init_tp.c
fn=__tls_init_tp
68 3 1 1 0 0 0 4 0 0
69 1 0 0 0 0 0 0 0 0
72 2 0 0 0 0 0 0 0 0
75 5 1 1 0 0 0 1 0 0
76 2 1 1 0 0 0 1 0 0
77 2 0 0 0 0 0 1 0 0
82 3 0 0 1 0 0 1 0 0
87 1 0 0 0 0 0 0 0 0
89 1 0 0 0 0 0 2 0 0
90 2 0 0 0 0 0 1 0 0
93 4 0 0 0 0 0 0 0 0
105 5 0 0 1 0 0 0 0 0
121 4 0 0 1 1 0 1 1 0
128 3 0 0 1 0 0 1 0 0
129 3 0 0 4 0 0 0 0 0
fn=__tls_pre_init_tp
53 2 1 1 0 0 0 2 1 1
56 4 0 0 0 0 0 0 0 0
57 5 0 0 0 0 0 4 1 1
58 4 0 0 0 0 0 2 0 0
61 4 1 1 0 0 0 1 0 0
62 2 0 0 0 0 0 1 0 0
64 2 0 0 2 0 0 0 0 0
fn=rtld_mutex_dummy
42 28 1 0 0 0 0 28 0 0
44 42 0 0 28 0 0 0 0 0
fl=./elf/../sysdeps/nptl/pthread_early_init.h
fn=__libc_early_init
33 5 0 0 0 0 0 0 0 0
34 3 1 1 1 0 0 0 0 0
38 3 0 0 0 0 0 0 0 0
45 3 0 0 2 0 0 0 0 0
46 2 0 0 0 0 0 0 0 0
48 2 0 0 0 0 0 0 0 0
52 5 0 0 0 0 0 1 0 0
53 3 0 0 0 0 0 1 1 1
54 1 0 0 0 0 0 1 1 1
56 1 0 0 0 0 0 0 0 0
fl=./elf/../sysdeps/posix/dl-fileid.h
fn=_dl_map_object_from_fd
37 210 22 20 35 0 0 35 0 0
41 70 0 0 70 0 0 70 0 0
49 3780 0 0 1260 749 574 0 0 0
fl=./elf/../sysdeps/unix/sysv/linux/aarch64/cpu-features.c
fn=_dl_sysdep_start
58 34 1 1 1 0 0 0 0 0
59 8 0 0 8 0 0 0 0 0
71 6 1 1 1 0 0 0 0 0
74 1 0 0 0 0 0 0 0 0
79 3 1 1 0 0 0 0 0 0
81 4 0 0 1 0 0 0 0 0
87 2 0 0 0 0 0 1 0 0
91 1 0 0 0 0 0 0 0 0
93 1 0 0 0 0 0 0 0 0
97 4 1 1 1 0 0 1 0 0
101 1 0 0 0 0 0 1 0 0
104 5 0 0 1 0 0 0 0 0
105 4 0 0 1 0 0 1 0 0
108 6 1 1 0 0 0 2 0 0
110 2 0 0 1 0 0 0 0 0
112 1 0 0 0 0 0 0 0 0
116 1 0 0 0 0 0 0 0 0
117 1 0 0 0 0 0 0 0 0
120 1 0 0 0 0 0 0 0 0
127 4 1 1 1 0 0 1 0 0
130 3 0 0 1 0 0 1 0 0
fl=./elf/../sysdeps/unix/sysv/linux/brk.c
fn=brk
36 3 1 1 0 0 0 2 0 0
37 2 0 0 0 0 0 1 0 0
38 2 0 0 0 0 0 0 0 0
44 1 0 0 0 0 0 0 0 0
45 2 0 0 2 0 0 0 0 0
fl=./elf/../sysdeps/unix/sysv/linux/brk_call.h
fn=brk
24 2 1 1 0 0 0 0 0 0
fl=./elf/../sysdeps/unix/sysv/linux/dl-osinfo.h
fn=dl_main
39 1 0 0 0 0 0 0 0 0
fl=./elf/../sysdeps/unix/sysv/linux/dl-parse_auxv.h
fn=_dl_sysdep_parse_arguments
32 3 1 1 0 0 0 1 0 0
33 2 0 0 0 0 0 1 0 0
39 2 0 0 0 0 0 1 0 0
41 43 0 0 21 6 6 0 0 0
42 40 0 0 0 0 0 0 0 0
43 40 0 0 20 0 0 20 0 0
45 2 0 0 1 0 0 0 0 0
46 4 0 0 1 0 0 1 0 0
47 1 0 0 0 0 0 1 0 0
48 2 0 0 2 0 0 1 0 0
49 2 0 0 2 0 0 1 0 0
50 1 0 0 0 0 0 1 0 0
51 2 0 0 2 0 0 1 0 0
52 2 0 0 1 0 0 1 1 1
53 2 0 0 1 0 0 1 0 0
54 1 0 0 0 0 0 1 0 0
55 2 0 0 1 0 0 2 0 0
56 2 2 2 1 0 0 1 0 0
fl=./elf/../sysdeps/unix/sysv/linux/dl-sysdep.c
fn=_dl_sysdep_parse_arguments
78 5 1 1 0 0 0 6 2 2
79 3 1 1 1 0 0 1 1 1
80 2 0 0 0 0 0 1 0 0
81 5 0 0 0 0 0 1 1 1
83 33 0 0 16 2 2 0 0 0
86 4 0 0 0 0 0 1 1 1
90 6 1 1 0 0 0 0 0 0
93 2 0 0 1 0 0 1 0 0
94 2 0 0 1 0 0 1 0 0
95 2 0 0 1 0 0 1 0 0
96 4 0 0 6 0 0 0 0 0
fn=_dl_sysdep_start
102 7 2 2 0 0 0 10 2 2
103 3 0 0 0 0 0 1 0 0
106 2 0 0 0 0 0 0 0 0
110 3 0 0 1 0 0 0 0 0
113 1 0 0 0 0 0 0 0 0
115 2 0 0 0 0 0 0 0 0
122 2 0 0 1 0 0 0 0 0
123 2 0 0 0 0 0 1 0 0
125 6 1 1 0 0 0 0 0 0
137 2 0 0 1 0 0 0 0 0
140 6 0 0 3 0 0 0 0 0
143 7 2 1 11 3 3 0 0 0
fn=_dl_sysdep_start_cleanup
147 2 1 1 0 0 0 2 0 0
148 2 0 0 2 0 0 0 0 0
fl=./elf/../sysdeps/unix/sysv/linux/dl-vdso-setup.h
fn=dl_main
30 5 1 1 0 0 0 2 0 0
33 2 0 0 0 0 0 1 0 0
45 3 1 1 0 0 0 2 0 0
fl=./elf/../sysdeps/unix/sysv/linux/dl-vdso.h
fn=dl_main
40 2 1 1 1 0 0 0 0 0
41 1 0 0 0 0 0 0 0 0
55 2 0 0 0 0 0 0 0 0
fl=./elf/../sysdeps/unix/sysv/linux/rseq-internal.h
fn=__tls_init_tp
32 1 0 0 0 0 0 0 0 0
34 7 1 1 0 0 0 0 0 0
37 2 0 0 0 0 0 0 0 0
40 2 0 0 0 0 0 1 0 0
fl=./elf/./dl-find_object.h
fn=_dl_find_object
54 54 0 0 18 0 0 18 0 0
56 54 0 0 18 0 0 18 0 0
58 72 0 0 18 0 0 18 0 0
60 72 0 0 18 0 0 18 0 0
76 18 0 0 0 0 0 18 2 1
77 18 0 0 0 0 0 18 2 0
79 36 0 0 36 0 0 18 0 0
fn=_dl_find_object_from_map
94 76 22 22 0 0 0 76 0 0
95 76 0 0 38 6 0 38 27 27
96 114 0 0 38 6 2 38 0 0
97 76 0 0 0 0 0 38 0 0
103 152 0 0 76 27 9 0 0 0
104 562 0 0 0 0 0 0 0 0
105 714 22 22 200 152 69 0 0 0
107 190 0 0 76 2 1 38 0 0
120 76 0 0 76 0 0 0 0 0
fn=_dl_find_object_update
54 948 0 0 316 0 0 316 143 140
56 2212 0 0 316 0 0 316 0 0
58 1264 20 20 316 0 0 316 0 0
60 1264 0 0 316 0 0 316 0 0
fl=./elf/./dl-hwcaps.h
fn=_dl_important_hwcaps
43 5 0 0 1 0 0 0 0 0
45 4 1 1 0 0 0 8 0 0
46 1 0 0 0 0 0 0 0 0
77 6 0 0 2 0 0 3 0 0
78 5 1 1 2 0 0 3 0 0
79 3 0 0 0 0 0 0 0 0
fn=copy_hwcaps
45 2 0 0 0 0 0 4 0 0
77 2 0 0 0 0 0 2 0 0
78 2 0 0 0 0 0 2 0 0
79 2 0 0 0 0 0 0 0 0
fl=./elf/./dl-load.h
fn=_dl_map_object_from_fd
91 144 0 0 72 0 0 0 0 0
92 136 24 22 68 0 0 0 0 0
93 170 0 0 68 0 0 0 0 0
94 102 0 0 34 0 0 0 0 0
96 136 24 22 0 0 0 34 0 0
fl=./elf/./dl-main.h
fn=dl_main
109 5 0 0 4 0 0 0 0 0
fl=./elf/./dl-map-segments.h
fn=_dl_map_object_from_fd
28 105 0 0 35 0 0 0 0 0
36 175 31 22 0 0 0 70 0 0
37 385 31 22 0 0 0 140 6 2
41 70 0 0 0 0 0 0 0 0
44 175 29 17 35 0 0 35 0 0
45 280 0 0 70 0 0 0 0 0
49 245 22 21 175 0 0 0 0 0
55 70 0 0 0 0 0 0 0 0
56 455 64 44 245 0 0 245 0 0
58 210 0 0 35 0 0 0 0 0
59 70 0 0 35 0 0 0 0 0
60 70 0 0 0 0 0 0 0 0
61 175 0 0 210 0 0 0 0 0
81 35 0 0 0 0 0 0 0 0
101 175 22 20 0 0 0 245 0 0
102 35 0 0 0 0 0 0 0 0
105 35 0 0 0 0 0 35 0 0
106 70 31 18 0 0 0 35 0 0
108 35 0 0 0 0 0 0 0 0
115 350 31 19 70 0 0 105 0 0
118 280 31 20 105 0 0 0 0 0
125 105 0 0 35 0 0 35 0 0
135 360 0 0 0 0 0 0 0 0
137 111 0 0 74 0 0 0 0 0
139 592 23 19 259 0 0 148 0 0
149 216 0 0 144 0 0 0 0 0
155 70 0 0 35 0 0 0 0 0
156 35 0 0 0 0 0 0 0 0
157 175 31 19 35 0 0 0 0 0
158 35 0 0 0 0 0 0 0 0
160 70 0 0 0 0 0 0 0 0
165 70 0 0 0 0 0 0 0 0
168 70 0 0 35 0 0 0 0 0
176 350 0 0 175 0 0 175 0 0
182 70 0 0 0 0 0 0 0 0
186 70 4 2 7 0 0 28 0 0
189 35 7 5 28 0 0 0 0 0
194 72 23 21 0 0 0 0 0 0
fl=./elf/./dl-sym-post.h
fn=do_sym
41 240 120 21 0 0 0 0 0 0
53 240 0 0 120 104 1 0 0 0
60 120 0 0 120 0 0 0 0 0
fn=lookup_malloc_symbol
41 8 0 0 0 0 0 0 0 0
53 12 0 0 4 1 0 0 0 0
fl=./elf/./dl-tunable-types.h
fn=do_tunable_update_val
81 2 0 0 0 0 0 0 0 0
fl=./elf/./elf/dl-addr-obj.c
fn=_dl_addr_inside_object
65 40 20 20 0 0 0 40 0 0
66 20 0 0 20 19 19 0 0 0
67 40 0 0 20 19 19 0 0 0
69 480 0 0 0 0 0 0 0 0
70 640 20 20 180 140 139 0 0 0
71 200 0 0 80 0 0 0 0 0
74 40 0 0 40 0 0 0 0 0
fl=./elf/./elf/dl-audit.c
fn=_dl_audit_activity_map
29 5 1 1 0 0 0 6 0 0
30 3 1 1 1 0 0 0 0 0
31 2 0 0 1 0 0 0 0 0
37 4 2 2 6 0 0 0 0 0
fn=_dl_audit_activity_nsid
41 90 0 0 0 0 0 90 4 0
45 225 28 22 45 13 1 0 0 0
46 45 0 0 0 0 0 0 0 0
47 180 0 0 45 10 1 0 0 0
51 90 31 23 90 0 0 0 0 0
fn=_dl_audit_objclose
97 148 1 1 0 0 0 148 0 0
98 148 0 0 37 1 0 0 0 0
114 111 0 0 148 0 0 0 0 0
fn=_dl_audit_objopen
77 140 31 22 0 0 0 140 0 0
78 140 0 0 35 0 0 0 0 0
93 105 0 0 140 0 0 0 0 0
fn=_dl_audit_preinit
118 4 1 1 0 0 0 4 0 0
119 4 0 0 1 1 0 0 0 0
129 3 0 0 4 0 0 0 0 0
fl=./elf/./elf/dl-cache.c
fn=_dl_cache_libcmp
357 190 8 8 0 0 0 190 0 0
358 1122 0 0 561 0 0 0 0 0
360 2192 0 0 0 0 0 0 0 0
362 1674 23 16 548 83 83 0 0 0
368 15 0 0 0 0 0 0 0 0
369 30 0 0 0 0 0 0 0 0
370 75 0 0 15 0 0 0 0 0
372 75 13 8 15 0 0 0 0 0
374 30 0 0 0 0 0 0 0 0
380 1066 0 0 0 0 0 0 0 0
381 1 0 0 0 0 0 0 0 0
382 1064 0 0 0 0 0 0 0 0
383 81 10 8 0 0 0 0 0 0
386 451 0 0 0 0 0 0 0 0
387 451 0 0 0 0 0 0 0 0
390 26 0 0 13 0 0 0 0 0
391 190 0 0 190 0 0 0 0 0
fn=_dl_load_cache_lookup
403 78 13 8 0 0 0 78 5 5
405 39 0 0 13 0 0 0 0 0
408 52 10 8 13 8 7 0 0 0
411 48 8 8 0 0 0 0 0 0
419 40 8 8 8 0 0 0 0 0
420 152 8 8 24 8 8 0 0 0
423 48 8 8 0 0 0 0 0 0
424 8 0 0 8 0 0 0 0 0
431 8 0 0 0 0 0 0 0 0
432 16 0 0 0 0 0 16 0 0
477 10 0 0 0 0 0 0 0 0
482 52 0 0 13 0 0 0 0 0
485 91 0 0 26 2 0 0 0 0
500 26 0 0 13 0 0 0 0 0
504 13 10 8 0 0 0 0 0 0
512 39 0 0 0 0 0 0 0 0
513 156 13 8 0 0 0 13 0 0
514 39 0 0 0 0 0 0 0 0
515 13 0 0 0 0 0 0 0 0
516 65 0 0 78 0 0 0 0 0
fn=_dl_unload_cache
525 69 23 23 0 0 0 92 21 4
526 138 0 0 23 23 19 0 0 0
528 16 0 0 8 0 0 0 0 0
529 8 0 0 0 0 0 8 0 0
533 23 8 8 0 0 0 23 4 1
535 69 0 0 92 0 0 0 0 0
fn=search_cache
203 182 8 8 0 0 0 169 0 0
208 91 8 8 13 0 0 13 0 0
210 104 10 8 0 0 0 39 0 0
211 52 0 0 13 0 0 0 0 0
213 26 0 0 0 0 0 0 0 0
220 164 0 0 0 0 0 0 0 0
222 298 8 8 0 0 0 0 0 0
223 259 0 0 82 65 63 0 0 0
227 164 0 0 0 0 0 0 0 0
231 246 0 0 0 0 0 0 0 0
232 164 0 0 0 0 0 0 0 0
240 52 10 8 0 0 0 0 0 0
242 26 0 0 13 1 1 0 0 0
245 26 0 0 0 0 0 0 0 0
247 65 0 0 0 0 0 0 0 0
249 13 0 0 0 0 0 0 0 0
259 26 0 0 0 0 0 0 0 0
269 39 10 8 13 0 0 0 0 0
270 39 0 0 13 2 2 0 0 0
277 39 0 0 13 0 0 0 0 0
295 65 0 0 0 0 0 0 0 0
298 39 10 8 13 0 0 0 0 0
309 39 10 8 0 0 0 0 0 0
330 13 0 0 0 0 0 0 0 0
346 69 0 0 0 0 0 0 0 0
347 36 0 0 0 0 0 0 0 0
349 33 0 0 0 0 0 0 0 0
353 117 18 16 156 0 0 0 0 0
fl=./elf/./elf/dl-call-libc-early-init.c
fn=_dl_call_libc_early_init
27 5 0 0 0 0 0 4 0 0
29 1 1 1 0 0 0 0 0 0
33 9 0 0 0 0 0 0 0 0
37 1 0 0 0 0 0 0 0 0
39 7 1 1 3 0 0 0 0 0
40 3 0 0 0 0 0 0 0 0
41 2 0 0 4 0 0 0 0 0
fl=./elf/./elf/dl-call_fini.c
fn=_dl_call_fini
24 148 1 1 0 0 0 148 0 0
28 111 0 0 37 1 0 0 0 0
32 111 1 1 37 0 0 37 0 0
34 37 0 0 37 37 37 0 0 0
35 37 0 0 0 0 0 0 0 0
38 105 0 0 70 62 39 0 0 0
39 140 0 0 70 23 22 35 0 0
42 257 1 1 35 0 0 0 0 0
43 78 0 0 39 35 34 0 0 0
47 37 0 0 37 37 36 0 0 0
48 37 0 0 0 0 0 0 0 0
49 175 0 0 70 24 23 0 0 0
50 76 0 0 148 0 0 0 0 0
fl=./elf/./elf/dl-catch.c
fn=_dl_catch_error
254 1287 266 51 0 0 0 715 0 0
256 286 0 0 0 0 0 0 0 0
257 143 0 0 0 0 0 143 17 2
258 286 21 4 286 0 0 143 4 2
259 572 0 0 143 0 0 143 0 0
261 572 123 26 715 21 4 0 0 0
fn=_dl_catch_exception
58 1029 0 0 343 139 25 0 0 0
59 39 7 2 13 0 0 13 0 0
62 969 0 0 330 132 22 309 0 0
69 1029 163 39 343 31 5 0 0 0
70 78 0 0 13 0 0 26 0 0
73 1608 165 50 309 69 12 660 28 4
74 330 0 0 0 0 0 0 0 0
204 1715 172 32 0 0 0 2058 100 32
207 343 0 0 0 0 0 0 0 0
211 42 0 0 42 0 0 0 0 0
214 343 1 0 0 0 0 0 0 0
228 322 123 23 322 0 0 0 0 0
229 644 0 0 0 0 0 644 26 8
235 1288 0 0 0 0 0 0 0 0
237 644 0 0 644 0 0 0 0 0
239 966 0 0 322 1 0 966 70 12
248 1029 0 0 1029 1 0 0 0 0
fn=_dl_receive_error
58 3 0 0 1 0 0 0 0 0
59 1 0 0 1 0 0 0 0 0
69 2 0 0 1 0 0 0 0 0
70 2 0 0 0 0 0 2 0 0
186 6 2 2 0 0 0 6 2 0
188 3 0 0 1 0 0 0 0 0
192 2 0 0 0 0 0 1 0 0
194 1 0 0 0 0 0 0 0 0
197 2 1 1 0 0 0 1 0 0
198 4 0 0 6 1 0 0 0 0
fl=./elf/./elf/dl-debug.c
fn=_dl_debug_initialize
56 69 23 23 0 0 0 46 0 0
57 1 0 0 0 0 0 0 0 0
59 23 23 23 0 0 0 0 0 0
61 23 0 0 0 0 0 0 0 0
63 46 0 0 23 23 23 0 0 0
64 2 0 0 0 0 0 1 0 0
85 92 22 22 46 23 18 0 0 0
90 1 0 0 0 0 0 0 0 0
91 3 1 1 0 0 0 1 0 0
92 1 0 0 0 0 0 2 0 0
95 24 0 0 1 0 0 0 0 0
96 9 1 1 1 0 0 1 0 0
99 1 0 0 0 0 0 0 0 0
107 46 0 0 46 0 0 0 0 0
fn=_dl_debug_state
116 88 30 22 0 0 0 88 0 0
117 88 0 0 88 0 0 0 0 0
fn=_dl_debug_update
38 240 63 27 0 0 0 160 0 0
40 80 0 0 0 0 0 0 0 0
41 160 31 4 0 0 0 0 0 0
44 160 0 0 80 13 0 0 0 0
48 160 0 0 160 0 0 0 0 0
fl=./elf/./elf/dl-deps.c
fn=_dl_map_object_deps
128 23 0 0 0 0 0 23 0 0
130 49 0 0 0 0 0 46 0 0
132 42 0 0 0 0 0 21 0 0
136 91 22 22 23 0 0 23 0 0
143 242 44 44 0 0 0 308 11 3
144 330 22 22 0 0 0 22 1 1
160 70 43 42 0 0 0 21 2 0
161 1 0 0 1 0 0 0 0 0
164 44 0 0 22 0 0 22 0 0
182 66 0 0 22 0 0 22 0 0
183 44 0 0 0 0 0 0 0 0
184 44 0 0 0 0 0 22 0 0
186 22 0 0 0 0 0 22 0 0
188 135 0 0 131 0 0 2 1 1
190 87 0 0 0 0 0 0 0 0
193 261 0 0 87 0 0 87 0 0
197 174 0 0 87 55 48 0 0 0
198 416 22 22 121 45 37 0 0 0
201 14 0 0 0 0 0 0 0 0
205 28 0 0 14 0 0 0 0 0
208 266 6 2 133 22 19 0 0 0
210 192 40 40 128 14 2 0 0 0
215 64 0 0 0 0 0 64 0 0
216 64 0 0 0 0 0 64 1 0
217 128 0 0 64 0 0 64 0 0
218 128 0 0 64 4 0 64 0 0
219 128 0 0 64 0 0 64 0 0
221 3534 0 0 1799 279 172 0 0 0
222 3405 0 0 0 0 0 0 0 0
228 1073 20 20 135 3 0 0 0 0
230 135 0 0 0 0 0 135 0 0
232 741 41 41 135 3 0 22 0 0
233 270 0 0 135 0 0 0 0 0
242 135 23 20 135 0 0 0 0 0
244 405 0 0 135 0 0 0 0 0
249 192 0 0 0 0 0 64 8 0
253 64 0 0 0 0 0 64 0 0
254 64 0 0 0 0 0 128 7 0
255 128 0 0 64 0 0 64 5 0
256 64 0 0 0 0 0 64 0 0
257 192 26 19 64 0 0 64 0 0
259 256 0 0 64 0 0 64 0 0
263 135 0 0 0 0 0 0 0 0
264 66 0 0 0 0 0 33 3 0
266 7680 23 21 0 0 0 0 0 0
417 87 21 20 0 0 0 0 0 0
419 28 0 0 0 0 0 14 1 0
422 28 0 0 0 0 0 0 0 0
423 14 0 0 0 0 0 0 0 0
429 14 0 0 0 0 0 14 4 4
430 56 1 0 0 0 0 0 0 0
431 70 0 0 0 0 0 0 0 0
433 14 0 0 0 0 0 0 0 0
434 14 0 0 0 0 0 14 1 0
435 42 0 0 14 0 0 14 0 0
439 261 30 21 174 4 0 0 0 0
441 261 9 2 174 1 0 87 0 0
442 217 0 0 65 1 0 0 0 0
448 132 0 0 44 2 0 0 0 0
449 4 1 1 1 0 0 1 0 0
452 66 22 22 22 4 0 22 0 0
463 66 0 0 22 0 0 0 0 0
465 22 0 0 0 0 0 0 0 0
470 88 22 22 22 0 0 22 1 0
471 22 0 0 0 0 0 22 7 0
472 22 0 0 0 0 0 0 0 0
474 218 0 0 87 2 0 0 0 0
478 261 0 0 174 1 0 0 0 0
484 174 0 0 0 0 0 0 0 0
485 174 0 0 0 0 0 87 13 13
490 261 22 22 87 4 0 87 0 0
495 44 0 0 22 0 0 0 0 0
532 44 22 22 0 0 0 0 0 0
533 22 0 0 0 0 0 0 0 0
536 22 0 0 22 0 0 0 0 0
547 110 21 21 0 0 0 0 0 0
552 154 0 0 22 4 0 0 0 0
553 154 44 44 44 5 0 0 0 0
557 22 0 0 0 0 0 22 0 0
558 22 0 0 0 0 0 0 0 0
559 22 0 0 0 0 0 22 0 0
560 66 0 0 22 0 0 22 0 0
561 22 0 0 0 0 0 0 0 0
568 44 22 22 22 0 0 0 0 0
571 22 0 0 0 0 0 0 0 0
574 198 0 0 264 11 0 0 0 0
fn=openaux
61 675 21 20 0 0 0 405 16 6
64 1210 9 0 675 4 0 135 8 0
65 135 0 0 135 3 0 0 0 0
66 130 0 0 130 0 0 0 0 0
69 405 0 0 405 7 0 0 0 0
fl=./elf/./elf/dl-environ.c
fn=_dl_next_ld_env_entry
28 9 1 1 0 0 0 6 0 0
29 3 0 0 3 0 0 0 0 0
32 33 0 0 16 0 0 0 0 0
34 45 0 0 15 0 0 0 0 0
35 15 1 1 5 0 0 0 0 0
37 2 0 0 0 0 0 0 0 0
40 4 0 0 0 0 0 2 0 0
49 6 0 0 6 0 0 0 0 0
fl=./elf/./elf/dl-find_object.c
fn=_dl_find_object
293 18 0 0 0 0 0 0 0 0
312 36 0 0 18 2 2 0 0 0
321 18 2 2 0 0 0 0 0 0
325 82 0 0 0 0 0 0 0 0
327 82 0 0 0 0 0 0 0 0
328 82 0 0 0 0 0 0 0 0
329 246 0 0 82 14 14 0 0 0
331 136 0 0 0 0 0 0 0 0
332 68 0 0 0 0 0 0 0 0
335 14 2 2 0 0 0 0 0 0
338 66 0 0 10 0 0 0 0 0
349 36 0 0 0 0 0 0 0 0
350 72 2 2 18 0 0 0 0 0
360 108 0 0 0 0 0 108 6 0
363 90 2 2 18 2 2 0 0 0
372 72 0 0 18 2 2 0 0 0
375 18 0 0 0 0 0 0 0 0
379 90 8 2 36 2 2 0 0 0
380 54 2 2 18 0 0 0 0 0
419 18 0 0 0 0 0 0 0 0
422 36 2 2 18 2 2 0 0 0
423 18 0 0 0 0 0 0 0 0
426 72 0 0 18 0 0 0 0 0
440 36 0 0 0 0 0 0 0 0
443 18 0 0 0 0 0 0 0 0
465 72 0 0 108 0 0 0 0 0
fn=_dl_find_object_init
561 4 1 1 0 0 0 6 0 0
564 2 0 0 1 1 0 0 0 0
566 2 0 0 1 0 0 0 0 0
573 4 0 0 0 0 0 1 1 0
579 2 0 0 0 0 0 0 0 0
580 3 1 1 1 0 0 1 0 0
582 1 0 0 0 0 0 0 0 0
585 1 0 0 0 0 0 0 0 0
590 1 0 0 0 0 0 1 0 0
591 1 0 0 0 0 0 0 0 0
594 2 0 0 1 0 0 0 0 0
596 2 1 1 0 0 0 0 0 0
599 5 1 1 3 0 0 1 0 0
601 1 0 0 0 0 0 0 0 0
604 4 0 0 6 0 0 0 0 0
fn=_dl_find_object_update
136 21 0 0 0 0 0 0 0 0
137 142 0 0 40 20 20 0 0 0
138 968 20 20 0 0 0 0 0 0
140 1264 0 0 316 152 149 0 0 0
149 38 0 0 0 0 0 0 0 0
150 59 0 0 19 0 0 0 0 0
151 38 0 0 19 19 19 0 0 0
201 4 0 0 0 0 0 0 0 0
204 4 2 2 0 0 0 0 0 0
214 2 0 0 0 0 0 0 0 0
216 2 0 0 0 0 0 0 0 0
218 2 0 0 0 0 0 0 0 0
224 4 0 0 0 0 0 0 0 0
225 4 2 2 0 0 0 0 0 0
229 2 0 0 0 0 0 4 2 2
233 4 0 0 0 0 0 4 0 0
234 2 0 0 0 0 0 0 0 0
235 2 0 0 0 0 0 0 0 0
236 4 0 0 0 0 0 0 0 0
270 21 19 19 0 0 0 0 0 0
271 19 0 0 0 0 0 0 0 0
279 21 21 21 0 0 0 0 0 0
610 42 21 21 0 0 0 0 0 0
612 46 0 0 0 0 0 0 0 0
616 27 0 0 18 1 0 0 0 0
617 78 0 0 0 0 0 0 0 0
618 22 0 0 22 3 0 0 0 0
620 33 7 7 0 0 0 0 0 0
625 18 0 0 9 0 0 0 0 0
626 9 0 0 0 0 0 9 0 0
627 9 0 0 0 0 0 9 0 0
639 63 40 40 21 0 0 0 0 0
644 42 0 0 0 0 0 21 0 0
654 21 0 0 0 0 0 0 0 0
656 42 21 21 21 19 4 0 0 0
660 83 1 1 21 0 0 0 0 0
662 42 0 0 0 0 0 0 0 0
668 39 20 20 0 0 0 0 0 0
670 2 1 1 0 0 0 0 0 0
682 8 0 0 0 0 0 2 0 0
697 21 0 0 0 0 0 0 0 0
698 21 0 0 0 0 0 0 0 0
700 20 0 0 20 0 0 0 0 0
703 1054 0 0 0 0 0 0 0 0
706 24 0 0 0 0 0 0 0 0
707 20 0 0 20 0 0 0 0 0
708 20 0 0 0 0 0 0 0 0
717 343 20 20 0 0 0 0 0 0
718 1372 20 19 343 0 0 0 0 0
725 30 1 1 0 0 0 0 0 0
730 346 1 1 0 0 0 0 0 0
731 346 0 0 0 0 0 0 0 0
740 346 0 0 0 0 0 0 0 0
741 346 0 0 0 0 0 0 0 0
743 346 0 0 0 0 0 0 0 0
744 49 0 0 0 0 0 0 0 0
745 331 0 0 141 1 0 0 0 0
746 46 0 0 0 0 0 0 0 0
749 316 20 20 0 0 0 0 0 0
751 316 0 0 0 0 0 0 0 0
758 30 0 0 0 0 0 0 0 0
759 120 0 0 60 0 0 30 0 0
760 60 0 0 0 0 0 0 0 0
766 710 1 1 0 0 0 0 0 0
770 21 0 0 0 0 0 0 0 0
773 21 0 0 0 0 0 0 0 0
776 42 0 0 21 0 0 0 0 0
780 21 0 0 0 0 0 0 0 0
785 63 21 21 0 0 0 84 0 0
787 42 0 0 0 0 0 0 0 0
788 144 0 0 30 0 0 42 0 0
790 210 21 21 60 1 0 0 0 0
791 21 0 0 0 0 0 0 0 0
795 21 21 21 0 0 0 0 0 0
798 63 0 0 0 0 0 21 0 0
799 81 0 0 30 0 0 0 0 0
800 150 0 0 60 0 0 0 0 0
801 60 0 0 0 0 0 30 0 0
807 84 20 20 147 0 0 0 0 0
808 84 0 0 84 0 0 0 0 0
fn=_dlfo_process_initial
474 4 1 1 0 0 0 4 0 0
475 4 0 0 2 0 0 0 0 0
477 2 0 0 0 0 0 0 0 0
478 6 0 0 2 0 0 0 0 0
481 8 2 2 0 0 0 0 0 0
485 2 0 0 2 0 0 0 0 0
486 6 0 0 2 0 0 0 0 0
487 64 0 0 0 0 0 0 0 0
488 60 1 1 20 1 1 0 0 0
490 8 0 0 2 0 0 0 0 0
493 12 0 0 4 0 0 4 2 2
495 8 0 0 4 0 0 2 0 0
497 8 0 0 2 0 0 2 0 0
499 4 0 0 0 0 0 0 0 0
504 22 1 1 4 1 0 0 0 0
505 18 0 0 2 0 0 0 0 0
506 14 0 0 14 1 0 0 0 0
508 64 0 0 12 5 0 0 0 0
511 48 1 1 12 6 0 0 0 0
513 24 0 0 12 0 0 0 0 0
515 18 0 0 0 0 0 0 0 0
517 24 0 0 0 0 0 0 0 0
521 4 0 0 0 0 0 0 0 0
529 4 0 0 0 0 0 2 0 0
531 6 0 0 4 0 0 0 0 0
fn=_dlfo_sort_mappings
536 2 0 0 0 0 0 2 0 0
537 2 1 1 0 0 0 0 0 0
540 25 1 1 0 0 0 0 0 0
544 14 0 0 7 0 0 0 0 0
545 112 1 1 0 0 0 0 0 0
546 56 0 0 28 0 0 0 0 0
548 84 0 0 0 0 0 0 0 0
553 21 0 0 14 0 0 14 0 0
554 14 0 0 14 0 0 14 0 0
555 7 0 0 0 0 0 14 0 0
557 2 0 0 2 0 0 0 0 0
fl=./elf/./elf/dl-fini.c
fn=_dl_fini
26 11 1 1 0 0 0 13 0 0
43 1 0 0 0 0 0 0 0 0
46 17 2 2 2 2 1 0 0 0
49 4 1 1 1 1 1 0 0 0
51 1 0 0 1 1 1 0 0 0
54 1 0 0 0 0 0 0 0 0
56 5 0 0 2 1 0 0 0 0
59 1 0 0 0 0 0 0 0 0
61 2 0 0 0 0 0 1 0 0
63 3 0 0 0 0 0 0 0 0
68 13 1 1 0 0 0 1 1 0
73 77 2 2 38 13 13 0 0 0
75 111 0 0 37 37 31 0 0 0
77 74 0 0 0 0 0 0 0 0
79 37 0 0 0 0 0 37 1 0
80 37 0 0 0 0 0 37 37 36
81 37 0 0 0 0 0 0 0 0
85 111 0 0 37 36 31 37 0 0
87 5 0 0 0 0 0 0 0 0
88 8 0 0 0 0 0 0 0 0
94 4 1 1 0 0 0 0 0 0
103 3 0 0 1 1 0 0 0 0
108 114 0 0 0 0 0 0 0 0
110 37 0 0 37 3 1 0 0 0
112 74 1 1 37 27 0 0 0 0
114 74 0 0 0 0 0 0 0 0
117 74 0 0 0 0 0 0 0 0
122 111 0 0 37 0 0 37 0 0
126 3 0 0 0 0 0 0 0 0
132 7 0 0 2 0 0 0 0 0
134 3 0 0 0 0 0 1 0 0
138 2 1 1 1 0 0 0 0 0
145 8 0 0 12 0 0 0 0 0
fl=./elf/./elf/dl-hwcaps-subdirs.c
fn=_dl_hwcaps_subdirs_active
27 2 1 1 0 0 0 2 0 0
29 3 0 0 2 0 0 0 0 0
fl=./elf/./elf/dl-hwcaps.c
fn=_dl_important_hwcaps
52 6 2 2 0 0 0 0 0 0
100 5 0 0 0 0 0 2 1 1
102 1 0 0 0 0 0 0 0 0
105 1 0 0 0 0 0 1 0 0
108 1 0 0 0 0 0 0 0 0
112 3 0 0 0 0 0 0 0 0
125 3 0 0 0 0 0 0 0 0
133 2 1 1 0 0 0 0 0 0
142 6 0 0 1 0 0 1 0 0
172 10 2 2 0 0 0 12 3 3
174 2 0 0 0 0 0 1 0 0
175 3 0 0 0 0 0 0 0 0
185 1 0 0 0 0 0 0 0 0
186 3 0 0 0 0 0 0 0 0
189 3 0 0 1 0 0 1 1 1
193 2 0 0 1 0 0 0 0 0
194 1 0 0 0 0 0 0 0 0
202 4 0 0 3 0 0 2 0 0
203 4 1 1 0 0 0 0 0 0
204 6 0 0 2 0 0 0 0 0
208 1 0 0 2 0 0 0 0 0
209 1 0 0 0 0 0 2 1 1
213 2 1 1 1 0 0 1 0 0
216 6 0 0 8 0 0 0 0 0
fn=copy_hwcaps
74 12 1 1 0 0 0 12 0 0
77 6 0 0 0 0 0 0 0 0
80 4 0 0 0 0 0 0 0 0
84 2 0 0 0 0 0 0 0 0
90 8 0 0 12 0 0 0 0 0
fl=./elf/./elf/dl-hwcaps_split.c
fn=_dl_hwcaps_split
25 24 0 0 0 0 0 24 1 1
26 12 0 0 6 0 0 0 0 0
27 6 0 0 0 0 0 0 0 0
30 9 1 1 3 0 0 3 0 0
34 9 0 0 3 0 0 0 0 0
36 3 0 0 0 0 0 0 0 0
47 18 1 1 24 0 0 0 0 0
fn=_dl_hwcaps_split_masked
51 20 1 1 0 0 0 15 1 1
54 20 0 0 0 0 0 0 0 0
62 20 1 1 15 0 0 0 0 0
fl=./elf/./elf/dl-init.c
fn=_dl_init
81 220 22 22 0 0 0 220 1 1
83 22 0 0 44 21 3 0 0 0
86 88 22 22 22 5 1 0 0 0
88 1 1 1 0 0 0 0 0 0
89 2 0 0 0 0 0 1 0 0
94 66 0 0 0 0 0 0 0 0
119 22 0 0 22 0 0 0 0 0
120 327 25 22 0 0 0 0 0 0
121 522 0 0 174 22 1 0 0 0
127 132 21 21 220 2 0 0 0 0
fn=call_init
27 352 23 22 0 0 0 352 0 0
29 264 23 22 88 5 2 0 0 0
35 704 0 0 88 3 1 176 0 0
37 88 0 0 0 0 0 0 0 0
43 111 24 22 37 0 0 37 0 0
46 111 0 0 74 37 12 0 0 0
47 2 0 0 0 0 0 0 0 0
51 108 0 0 36 0 0 0 0 0
59 72 0 0 36 29 9 0 0 0
60 238 22 22 68 34 11 0 0 0
63 36 0 0 36 35 8 0 0 0
64 36 0 0 0 0 0 0 0 0
70 108 0 0 72 13 5 0 0 0
72 144 0 0 72 20 8 36 0 0
73 576 2 0 0 0 0 0 0 0
74 540 3 3 108 43 15 0 0 0
76 388 39 39 564 1 0 0 0 0
fl=./elf/./elf/dl-load.c
fn=_dl_dst_count
238 477 50 22 0 0 0 636 33 23
239 1 0 0 0 0 0 0 0 0
241 318 0 0 0 0 0 0 0 0
244 159 0 0 0 0 0 0 0 0
245 159 0 0 0 0 0 0 0 0
251 1 0 0 0 0 0 0 0 0
253 6 0 0 0 0 0 0 0 0
254 5 0 0 0 0 0 1 0 0
255 2 0 0 0 0 0 0 0 0
256 1 1 1 0 0 0 0 0 0
259 4 0 0 0 0 0 0 0 0
261 2 0 0 2 0 0 0 0 0
264 639 2 2 637 0 0 2 0 0
fn=_dl_dst_substitute
276 10 1 1 0 0 0 11 0 0
283 1 0 0 0 0 0 0 0 0
285 1 0 0 0 0 0 0 0 0
289 5 0 0 1 0 0 0 0 0
294 1 0 0 0 0 0 0 0 0
295 7 1 1 0 0 0 0 0 0
317 3 0 0 1 0 0 0 0 0
322 2 0 0 1 0 0 0 0 0
332 3 0 0 0 0 0 0 0 0
334 3 0 0 0 0 0 0 0 0
335 1 1 1 0 0 0 0 0 0
354 2 0 0 1 0 0 0 0 0
365 1 1 1 0 0 0 0 0 0
372 1 0 0 0 0 0 1 0 0
375 8 0 0 11 0 0 0 0 0
fn=_dl_init_paths
706 9 1 1 0 0 0 14 0 0
720 9 1 1 0 0 0 1 0 0
725 1 0 0 0 0 0 1 0 0
727 1 0 0 0 0 0 0 0 0
734 4 0 0 0 0 0 0 0 0
735 4 0 0 1 0 0 0 0 0
739 2 1 1 0 0 0 1 0 0
741 3 0 0 2 0 0 0 0 0
747 1 0 0 0 0 0 1 1 1
748 4 0 0 0 0 0 1 0 0
756 4 0 0 0 0 0 4 0 0
758 2 0 0 0 0 0 0 0 0
759 4 0 0 0 0 0 8 4 4
761 3 0 0 0 0 0 1 0 0
762 8 0 0 3 1 1 7 1 1
763 7 0 0 0 0 0 0 0 0
766 15 0 0 3 1 1 0 0 0
767 5 0 0 1 0 0 0 0 0
768 18 0 0 4 0 0 1 0 0
770 18 2 2 0 0 0 4 0 0
776 3 0 0 0 0 0 1 0 0
777 1 0 0 0 0 0 1 0 0
782 2 0 0 1 0 0 0 0 0
785 4 1 1 0 0 0 0 0 0
787 4 0 0 1 0 0 0 0 0
789 2 0 0 1 0 0 0 0 0
806 2 0 0 0 0 0 1 0 0
808 2 1 1 1 0 0 0 0 0
822 2 1 1 0 0 0 1 0 0
825 4 2 2 2 0 0 0 0 0
827 18 1 1 2 0 0 1 0 0
831 2 0 0 0 0 0 0 0 0
832 31 0 0 15 0 0 0 0 0
833 28 1 1 0 0 0 0 0 0
834 28 0 0 0 0 0 0 0 0
836 3 0 0 0 0 0 1 0 0
837 2 0 0 0 0 0 0 0 0
838 1 0 0 0 0 0 0 0 0
844 7 1 1 1 0 0 0 0 0
847 3 0 0 2 0 0 0 0 0
853 3 0 0 0 0 0 1 0 0
857 8 0 0 12 0 0 0 0 0
fn=_dl_map_object
1967 1264 51 23 0 0 0 1896 103 99
1969 35 0 0 0 0 0 35 0 0
1975 316 0 0 0 0 0 0 0 0
1976 1106 32 23 158 3 1 0 0 0
1979 3896 0 0 1474 6 0 0 0 0
1984 7195 24 23 1439 571 407 0 0 0
1986 5756 0 0 0 0 0 0 0 0
1990 2632 0 0 1316 0 0 0 0 0
1991 2632 0 0 1316 676 444 0 0 0
1994 2828 0 0 1414 671 353 0 0 0
1995 2121 23 23 707 354 208 0 0 0
1996 2828 0 0 0 0 0 0 0 0
2009 35 22 22 0 0 0 0 0 0
2010 140 0 0 35 24 0 0 0 0
2011 70 0 0 0 0 0 35 21 16
2019 105 22 22 35 5 0 0 0 0
2034 35 0 0 0 0 0 35 30 29
2036 140 0 0 0 0 0 0 0 0
2040 52 8 8 0 0 0 13 3 2
2042 26 0 0 13 0 0 0 0 0
2049 39 8 8 13 6 0 0 0 0
2053 12 7 7 12 3 0 0 0 0
2054 132 7 7 0 0 0 48 0 0
2058 26 0 0 13 7 0 0 0 0
2059 103 0 0 0 0 0 0 0 0
2061 72 0 0 0 0 0 36 0 0
2073 96 17 14 60 0 0 0 0 0
2074 60 12 7 12 0 0 0 0 0
2075 120 9 7 24 0 0 24 0 0
2084 12 0 0 0 0 0 0 0 0
2099 78 0 0 13 11 7 13 0 0
2100 220 8 8 26 0 0 26 0 0
2106 39 0 0 13 0 0 0 0 0
2107 117 10 8 13 0 0 13 0 0
2109 16 3 3 2 0 0 2 0 0
2113 3 0 0 0 0 0 0 0 0
2115 13 0 0 0 0 0 13 0 0
2129 13 0 0 0 0 0 0 0 0
2131 39 13 8 13 8 5 0 0 0
2135 39 1 0 0 0 0 0 0 0
2137 13 0 0 0 0 0 0 0 0
2141 13 0 0 0 0 0 0 0 0
2149 26 0 0 13 2 0 0 0 0
2172 130 8 8 0 0 0 26 0 0
2176 39 0 0 13 0 0 0 0 0
2177 13 0 0 0 0 0 13 0 0
2194 39 0 0 26 0 0 0 0 0
2200 22 0 0 0 0 0 22 4 3
2201 88 0 0 0 0 0 0 0 0
2202 22 0 0 0 0 0 0 0 0
2203 22 22 22 0 0 0 0 0 0
2207 220 0 0 0 0 0 22 0 0
2210 66 0 0 22 0 0 0 0 0
2222 96 0 0 13 0 0 0 0 0
2267 105 1 0 35 0 0 35 0 0
2268 420 22 22 70 0 0 70 1 0
2270 1422 1 1 1896 32 0 0 0 0
fn=_dl_map_object_from_fd
944 595 45 40 35 0 0 455 54 53
959 105 0 0 0 0 0 35 0 0
989 1540 0 0 700 208 0 0 0 0
990 1330 22 22 665 163 0 0 0 0
1008 35 35 22 0 0 0 0 0 0
1036 105 0 0 0 0 0 35 0 0
1046 105 0 0 35 0 0 0 0 0
1053 245 23 19 0 0 0 0 0 0
1054 35 0 0 0 0 0 0 0 0
1065 70 31 17 0 0 0 35 3 3
1066 70 0 0 35 1 0 35 0 0
1067 70 0 0 35 4 0 35 0 0
1069 70 0 0 0 0 0 0 0 0
1070 175 0 0 105 5 0 0 0 0
1071 70 0 0 0 0 0 35 0 0
1086 35 0 0 0 0 0 0 0 0
1088 70 0 0 0 0 0 35 4 3
1090 525 35 17 35 0 0 35 28 28
1091 35 0 0 0 0 0 0 0 0
1092 35 0 0 0 0 0 0 0 0
1093 35 0 0 0 0 0 0 0 0
1094 35 0 0 0 0 0 0 0 0
1100 937 62 44 70 0 0 0 0 0
1101 2188 22 17 254 113 102 0 0 0
1107 70 22 22 35 22 20 0 0 0
1114 75 0 0 40 0 0 35 0 0
1115 105 0 0 35 0 0 35 0 0
1116 245 21 21 70 0 0 35 0 0
1121 2 0 0 1 0 0 1 0 0
1122 1 0 0 0 0 0 0 0 0
1127 393 0 0 179 21 17 0 0 0
1135 144 0 0 0 0 0 0 0 0
1136 179 0 0 0 0 0 72 17 16
1137 216 0 0 0 0 0 0 0 0
1138 72 0 0 0 0 0 144 0 0
1139 360 0 0 144 14 11 72 3 3
1141 504 23 18 72 6 5 0 0 0
1143 288 29 20 0 0 0 72 2 2
1156 181 0 0 37 0 0 0 0 0
1157 74 0 0 0 0 0 0 0 0
1162 216 0 0 0 0 0 72 1 1
1163 428 22 17 72 0 0 35 0 0
1176 10 1 1 5 1 0 0 0 0
1180 5 0 0 0 0 0 5 1 1
1181 10 0 0 5 1 1 5 1 1
1185 25 0 0 0 0 0 5 0 0
1186 10 0 0 5 0 0 5 0 0
1189 5 0 0 0 0 0 5 0 0
1194 20 5 4 5 0 0 0 0 0
1195 12 0 0 4 4 1 0 0 0
1209 35 22 22 35 0 0 0 0 0
1210 35 0 0 0 0 0 0 0 0
1213 70 0 0 35 5 4 35 2 2
1214 70 0 0 35 8 6 35 0 0
1218 105 0 0 35 0 0 0 0 0
1228 251 0 0 0 0 0 0 0 0
1229 144 0 0 0 0 0 72 0 0
1235 105 0 0 35 0 0 0 0 0
1245 105 31 16 35 0 0 0 0 0
1252 210 0 0 70 0 0 0 0 0
1268 140 31 22 70 0 0 0 0 0
1269 105 0 0 35 0 0 35 0 0
1275 54 23 18 27 1 1 0 0 0
1276 140 0 0 0 0 0 0 0 0
1278 140 29 21 35 0 0 0 0 0
1288 70 0 0 35 0 0 0 0 0
1307 105 0 0 35 0 0 35 0 0
1309 175 0 0 35 24 20 0 0 0
1361 70 0 0 35 4 4 0 0 0
1362 15 2 1 5 0 0 5 0 0
1368 718 21 16 70 0 0 0 0 0
1369 867 31 22 254 217 217 0 0 0
1380 105 0 0 0 0 0 0 0 0
1393 105 0 0 35 0 0 0 0 0
1395 140 23 22 70 0 0 35 0 0
1397 70 0 0 35 0 0 0 0 0
1413 70 0 0 0 0 0 0 0 0
1417 35 0 0 0 0 0 0 0 0
1418 70 0 0 35 0 0 0 0 0
1435 70 0 0 35 0 0 0 0 0
1436 2 0 0 0 0 0 1 0 0
1439 105 24 22 70 4 0 70 0 0
1444 70 0 0 35 0 0 0 0 0
1449 105 0 0 35 26 1 0 0 0
1461 245 0 0 35 0 0 0 0 0
1462 10 2 1 5 0 0 0 0 0
1463 36 0 0 8 0 0 0 0 0
1464 8 1 1 4 0 0 0 0 0
1465 6 0 0 0 0 0 1 0 0
1471 70 0 0 35 0 0 0 0 0
1472 20 4 1 5 0 0 0 0 0
1475 12 4 3 4 0 0 0 0 0
1477 10 0 0 0 0 0 0 0 0
1484 105 28 21 0 0 0 0 0 0
1487 35 0 0 0 0 0 0 0 0
1491 105 0 0 0 0 0 0 0 0
1492 70 0 0 35 0 0 0 0 0
1498 21 17 17 0 0 0 0 0 0
1499 84 0 0 0 0 0 0 0 0
1505 42 0 0 0 0 0 21 0 0
1506 21 0 0 0 0 0 0 0 0
1507 42 0 0 0 0 0 0 0 0
1510 28 0 0 0 0 0 0 0 0
1514 245 0 0 105 8 0 0 0 0
1515 140 0 0 0 0 0 0 0 0
1519 315 23 22 420 8 0 0 0 0
fn=cache_rpath
681 76 8 8 0 0 0 76 0 0
682 114 8 8 38 7 0 0 0 0
683 74 5 0 0 0 0 0 0 0
685 30 0 0 0 0 0 0 0 0
686 15 0 0 0 0 0 0 0 0
688 45 0 0 15 0 0 0 0 0
691 28 7 6 0 0 0 14 0 0
696 8 1 1 2 0 0 0 0 0
697 2 0 0 1 1 0 0 0 0
699 75 0 0 76 0 0 0 0 0
fn=decompose_rpath
580 9 2 2 0 0 0 8 0 0
582 1 0 0 1 0 0 0 0 0
591 3 0 0 1 1 1 0 0 0
622 2 0 0 1 1 1 0 0 0
629 2 1 1 0 0 0 0 0 0
630 1 0 0 0 0 0 0 0 0
637 1 0 0 0 0 0 0 0 0
638 17 0 0 8 0 0 0 0 0
640 14 0 0 0 0 0 0 0 0
644 2 0 0 0 0 0 0 0 0
646 1 0 0 0 0 0 0 0 0
654 8 0 0 0 0 0 0 0 0
661 2 0 0 1 0 0 0 0 0
668 1 0 0 0 0 0 1 0 0
670 2 0 0 0 0 0 1 0 0
671 1 0 0 0 0 0 0 0 0
672 5 0 0 8 0 0 0 0 0
fn=expand_dynamic_string_token
385 144 22 22 0 0 0 144 0 0
395 48 0 0 0 0 0 0 0 0
398 24 0 0 0 0 0 0 0 0
399 46 0 0 0 0 0 0 0 0
402 18 2 2 2 1 0 0 0 0
405 1 0 0 0 0 0 0 0 0
406 1 0 0 0 0 0 0 0 0
409 3 0 0 0 0 0 0 0 0
410 72 0 0 144 0 0 0 0 0
fn=fillin_rpath.isra.0
468 22 2 2 0 0 0 34 0 0
472 2 0 0 0 0 0 0 0 0
474 20 0 0 4 0 0 0 0 0
481 4 2 2 2 0 0 0 0 0
483 10 0 0 2 0 0 0 0 0
487 2 0 0 0 0 0 0 0 0
492 4 0 0 0 0 0 0 0 0
493 2 0 0 0 0 0 0 0 0
500 12 2 2 2 0 0 0 0 0
505 8 1 1 0 0 0 2 0 0
509 28 4 4 11 1 1 0 0 0
510 27 0 0 9 4 4 0 0 0
528 9 2 2 2 0 0 3 0 0
532 14 2 2 4 0 0 0 0 0
534 2 0 0 0 0 0 0 0 0
538 2 0 0 0 0 0 2 0 0
539 6 0 0 2 0 0 0 0 0
540 8 0 0 0 0 0 2 0 0
541 2 0 0 0 0 0 2 0 0
543 8 2 2 2 0 0 0 0 0
544 1 0 0 0 0 0 1 0 0
549 10 0 0 2 0 0 0 0 0
550 14 0 0 2 0 0 0 0 0
551 2 0 0 0 0 0 2 0 0
553 4 2 2 2 0 0 2 0 0
554 4 0 0 2 0 0 0 0 0
555 6 0 0 2 0 0 2 0 0
556 2 0 0 0 0 0 0 0 0
561 4 0 0 2 0 0 2 0 0
562 2 0 0 0 0 0 2 0 0
565 6 0 0 0 0 0 2 0 0
571 2 0 0 0 0 0 2 0 0
574 14 0 0 24 0 0 0 0 0
fn=is_dst
202 12 1 1 0 0 0 10 0 0
206 6 0 0 2 0 0 0 0 0
215 6 1 1 0 0 0 0 0 0
216 10 0 0 0 0 0 0 0 0
218 10 2 2 2 0 0 0 0 0
229 10 0 0 10 0 0 0 0 0
fn=open_path
1536 28 0 0 0 0 0 0 0 0
1812 154 20 16 0 0 0 210 22 21
1813 28 0 0 14 0 0 14 8 8
1817 70 0 0 0 0 0 42 0 0
1819 14 0 0 0 0 0 0 0 0
1822 28 0 0 0 0 0 0 0 0
1824 322 18 16 28 18 14 28 9 8
1827 42 0 0 42 12 7 0 0 0
1831 14 0 0 0 0 0 0 0 0
1835 28 0 0 0 0 0 0 0 0
1842 84 8 8 42 5 0 0 0 0
1843 114 7 7 28 0 0 0 0 0
1846 42 0 0 14 0 0 0 0 0
1851 182 8 8 70 9 7 0 0 0
1854 14 0 0 0 0 0 0 0 0
1860 28 0 0 14 0 0 0 0 0
1863 112 8 8 42 0 0 0 0 0
1865 28 0 0 14 0 0 0 0 0
1867 4 0 0 0 0 0 0 0 0
1872 2 2 2 0 0 0 0 0 0
1873 16 0 0 6 2 0 0 0 0
1879 4 2 2 0 0 0 2 0 0
1881 8 0 0 0 0 0 0 0 0
1882 14 2 2 2 0 0 2 0 0
1884 2 0 0 0 0 0 0 0 0
1891 36 15 15 0 0 0 0 0 0
1893 66 0 0 14 0 0 14 0 0
1894 42 0 0 0 0 0 28 3 3
1937 126 2 2 14 0 0 0 0 0
1941 42 0 0 14 0 0 14 0 0
1943 56 0 0 28 0 0 14 0 0
1946 56 0 0 14 0 0 0 0 0
1960 126 10 8 168 0 0 0 0 0
fn=open_verify.constprop.0
1572 539 65 44 0 0 0 490 9 8
1604 147 0 0 49 0 0 0 0 0
1609 28 10 7 0 0 0 0 0 0
1623 196 0 0 0 0 0 0 0 0
1625 98 0 0 0 0 0 0 0 0
1633 105 0 0 0 0 0 35 21 21
1634 70 32 22 0 0 0 35 6 5
1639 210 0 0 0 0 0 0 0 0
1641 70 0 0 0 0 0 0 0 0
1643 105 0 0 35 0 0 35 0 0
1645 70 31 22 0 0 0 0 0 0
1651 70 0 0 0 0 0 0 0 0
1668 578 70 47 175 16 16 0 0 0
1749 105 0 0 35 5 5 0 0 0
1754 105 24 22 35 0 0 0 0 0
1760 175 0 0 35 0 0 0 0 0
1766 105 0 0 35 10 9 0 0 0
1772 70 0 0 35 0 0 0 0 0
1773 140 22 22 35 0 0 0 0 0
1799 392 9 0 490 0 0 0 0 0
fl=./elf/./elf/dl-lookup-direct.c
fn=_dl_lookup_direct
74 33 1 1 0 0 0 30 0 0
75 3 0 0 3 0 0 0 0 0
76 3 0 0 0 0 0 0 0 0
78 15 1 1 9 2 0 0 0 0
79 3 0 0 0 0 0 0 0 0
81 6 1 1 3 0 0 0 0 0
84 20 0 0 5 2 1 0 0 0
86 5 0 0 0 0 0 0 0 0
87 28 0 0 0 0 0 0 0 0
90 3 0 0 0 0 0 0 0 0
93 4 0 0 0 0 0 0 0 0
115 3 0 0 0 0 0 0 0 0
116 18 1 1 30 0 0 0 0 0
fn=check_match
31 30 2 2 0 0 0 21 0 0
32 9 0 0 6 0 0 0 0 0
33 6 0 0 0 0 0 0 0 0
36 12 0 0 6 4 4 0 0 0
40 6 0 0 0 0 0 0 0 0
48 9 1 1 0 0 0 0 0 0
51 9 0 0 6 0 0 0 0 0
53 12 0 0 3 0 0 0 0 0
57 6 0 0 6 2 0 0 0 0
58 24 1 1 6 1 0 0 0 0
59 9 0 0 3 0 0 0 0 0
64 18 0 0 21 0 0 0 0 0
fl=./elf/./elf/dl-lookup.c
fn=_dl_lookup_symbol_x
204 4115 0 0 1177 0 0 587 0 0
535 26056 121 22 0 0 0 0 0 0
548 405 0 0 405 66 0 0 0 0
551 405 0 0 0 0 0 0 0 0
555 405 7 7 405 1 0 0 0 0
556 405 0 0 0 0 0 0 0 0
558 3825 0 0 1275 127 1 0 0 0
559 2428 0 0 0 0 0 0 0 0
565 2 1 1 0 0 0 0 0 0
566 61 0 0 0 0 0 0 0 0
569 60 0 0 60 53 0 0 0 0
570 180 0 0 0 0 0 0 0 0
571 180 0 0 60 0 0 0 0 0
576 2 1 1 1 1 0 1 0 0
579 3 0 0 0 0 0 1 0 0
630 8 1 1 2 1 0 1 0 0
637 6 0 0 2 1 0 0 0 0
638 105 0 0 0 0 0 0 0 0
639 34 0 0 34 28 1 0 0 0
641 1 0 0 0 0 0 0 0 0
647 4 1 1 2 0 0 0 0 0
658 4 0 0 1 1 0 0 0 0
678 3 1 1 1 0 0 0 0 0
685 4 1 1 0 0 0 0 0 0
691 4 0 0 0 0 0 2 0 0
692 3 0 0 2 0 0 0 0 0
711 2 1 1 0 0 0 0 0 0
714 2 0 0 0 0 0 1 0 0
715 2 0 0 0 0 0 1 0 0
716 1 0 0 0 0 0 0 0 0
717 1 0 0 1 0 0 0 0 0
718 1 0 0 0 0 0 1 0 0
719 1 0 0 0 0 0 1 0 0
720 1 0 0 0 0 0 0 0 0
732 3 0 0 1 0 0 0 0 0
746 4 0 0 1 0 0 0 0 0
748 2 1 1 1 0 0 0 0 0
772 156930 356 106 0 0 0 125544 162 39
774 20924 0 0 0 0 0 10462 41 8
775 10462 0 0 0 0 0 20924 4 1
776 52310 179 52 20924 0 0 10462 0 0
778 73234 172 50 20924 192 32 31386 403 23
782 17770 0 0 0 0 0 0 0 0
785 10462 0 0 0 0 0 0 0 0
787 20924 0 0 20924 250 32 0 0 0
791 40973 0 0 6683 39 0 10462 0 0
792 203904 204 49 33984 12 0 67968 40 9
797 20924 0 0 10462 3 0 0 0 0
799 765 22 22 153 14 0 0 0 0
816 10462 0 0 0 0 0 10462 0 0
817 459 22 22 0 0 0 0 0 0
820 20924 0 0 10462 18 0 0 0 0
821 61358 0 0 10185 71 0 0 0 0
828 10309 0 0 10309 0 0 0 0 0
856 41236 182 45 10309 0 0 0 0 0
859 13028 0 0 0 0 0 0 0 0
870 20618 0 0 10309 570 72 0 0 0
871 3 2 2 0 0 0 1 0 0
873 20618 0 0 10309 0 0 0 0 0
890 20618 0 0 10309 0 0 0 0 0
892 94158 195 59 125544 91 0 0 0 0
fn=check_match
70 125568 168 63 20928 680 547 73248 224 31
73 62784 0 0 20928 5456 4356 0 0 0
78 310 2 2 0 0 0 0 0 0
86 52320 171 57 0 0 0 0 0 0
89 43323 0 0 4513 0 0 0 0 0
93 10373 0 0 10373 446 71 0 0 0
94 10373 0 0 0 0 0 0 0 0
96 4895 56 37 0 0 0 0 0 0
115 4895 0 0 4895 1921 990 0 0 0
116 44055 0 0 14685 969 146 0 0 0
117 19084 63 45 9542 81 11 0 0 0
118 372 0 0 124 0 0 0 0 0
119 124 0 0 0 0 0 0 0 0
144 5478 115 14 0 0 0 0 0 0
146 21904 0 0 5476 2000 897 0 0 0
147 16428 0 0 0 0 0 0 0 0
150 1 0 0 0 0 0 0 0 0
151 6 0 0 3 0 0 1 0 0
153 2 0 0 1 0 0 1 0 0
161 10309 116 17 0 0 0 0 0 0
162 52320 54 31 73248 0 0 0 0 0
fn=do_lookup_x
170 228 1 1 0 0 0 0 0 0
171 239 1 1 10 0 0 0 0 0
172 720 0 0 250 0 0 0 0 0
174 98 0 0 0 0 0 0 0 0
175 294 0 0 0 0 0 0 0 0
176 93069 196 51 72163 0 0 0 0 0
179 152 0 0 0 0 0 152 0 0
181 152 0 0 0 0 0 304 15 0
182 152 0 0 0 0 0 152 0 0
191 3 1 1 0 0 0 1 0 0
204 492 0 0 246 0 0 0 0 0
222 504 1 1 84 0 0 252 0 0
224 1176 1 1 84 16 1 252 0 0
226 84 0 0 0 0 0 0 0 0
227 84 0 0 168 17 3 0 0 0
228 420 0 0 336 0 0 0 0 0
230 1091 2 2 0 0 0 0 0 0
231 747 0 0 0 0 0 498 0 0
234 537 0 0 179 102 6 0 0 0
235 185 0 0 179 0 0 0 0 0
237 6 0 0 4 0 0 0 0 0
247 2 0 0 2 1 1 0 0 0
248 2 0 0 0 0 0 0 0 0
250 12 0 0 6 0 0 2 0 0
251 2 0 0 0 0 0 0 0 0
254 177 0 0 0 0 0 0 0 0
257 96 0 0 0 0 0 0 0 0
258 288 0 0 0 0 0 0 0 0
259 94 1 1 0 0 0 0 0 0
262 1620 1 1 729 0 0 0 0 0
269 12 1 1 0 0 0 8 0 0
272 2 0 0 0 0 0 0 0 0
279 290 2 2 12 0 0 0 0 0
280 184 0 0 92 25 0 0 0 0
281 140 0 0 210 1 0 0 0 0
285 26 1 1 4 0 0 10 0 0
286 2 0 0 0 0 0 4 0 0
287 2 0 0 0 0 0 0 0 0
288 2 0 0 0 0 0 0 0 0
289 6 0 0 2 0 0 2 0 0
300 1 0 0 0 0 0 0 0 0
302 1 0 0 0 0 0 0 0 0
306 5 0 0 4 0 0 2 0 0
307 3 1 1 1 0 0 1 0 0
310 82 0 0 0 0 0 0 0 0
311 164 0 0 82 0 0 0 0 0
318 328 1 1 82 0 0 0 0 0
322 2 0 0 1 0 0 0 0 0
329 738 1 1 164 0 0 82 0 0
331 410 0 0 164 0 0 82 0 0
333 164 0 0 164 0 0 0 0 0
334 164 0 0 0 0 0 164 0 0
347 305856 364 109 67968 0 0 288864 536 65
348 16992 0 0 16992 763 36 0 0 0
354 16992 0 0 16992 3 0 0 0 0
358 142642 174 57 142642 11926 272 0 0 0
361 142642 0 0 0 0 0 0 0 0
365 88406 0 0 31 5 0 0 0 0
386 142632 171 52 71316 9466 169 0 0 0
390 244584 0 0 71316 69 32 16992 0 0
396 142632 0 0 71316 2156 174 0 0 0
400 71316 178 57 0 0 0 71316 133 9
401 71316 0 0 0 0 0 71316 0 0
404 285264 0 0 142632 39002 472 0 0 0
405 213948 0 0 142632 7791 88 0 0 0
408 71316 0 0 71316 0 0 0 0 0
409 71316 0 0 0 0 0 0 0 0
411 71316 0 0 71316 33949 2478 0 0 0
412 16992 0 0 0 0 0 0 0 0
413 142632 0 0 71316 0 0 0 0 0
415 16992 0 0 0 0 0 0 0 0
416 142632 0 0 71316 0 0 0 0 0
419 285264 0 0 0 0 0 0 0 0
422 40071 0 0 26714 11007 3250 0 0 0
423 13357 142 46 0 0 0 0 0 0
424 13357 0 0 0 0 0 0 0 0
426 150984 174 50 12582 0 0 88074 40 0
429 103456 0 0 25864 12024 4650 0 0 0
431 20928 0 0 10464 0 0 0 0 0
432 129804 184 53 41856 16 0 31392 104 10
433 20928 0 0 0 0 0 0 0 0
436 10464 0 0 0 0 0 0 0 0
439 31420 0 0 155 0 0 0 0 0
448 18184 61 52 15911 0 0 0 0 0
470 6819 31 26 2273 0 0 0 0 0
476 20618 0 0 0 0 0 0 0 0
483 70964 0 0 10309 0 0 0 0 0
487 8505 47 32 2835 153 14 0 0 0
499 10225 0 0 10225 0 0 0 0 0
500 10225 0 0 0 0 0 20450 19 0
501 10309 0 0 0 0 0 0 0 0
518 183036 0 0 0 0 0 0 0 0
521 6683 0 0 0 0 0 0 0 0
522 135936 44 44 203904 101 0 0 0 0
fl=./elf/./elf/dl-minimal-malloc.c
fn=__minimal_calloc
80 42 3 1 0 0 0 28 2 2
84 14 0 0 0 0 0 0 0 0
87 14 0 0 0 0 0 0 0 0
88 56 0 0 0 0 0 0 0 0
92 14 0 0 28 0 0 0 0 0
fn=__minimal_free
97 3 0 0 0 0 0 4 0 0
99 5 0 0 1 0 0 0 0 0
106 3 1 1 4 0 0 0 0 0
fn=__minimal_malloc
36 156 2 1 0 0 0 156 0 0
37 155 0 0 39 2 1 0 0 0
42 4 0 0 0 0 0 1 0 0
43 4 2 2 1 0 0 0 0 0
44 2 0 0 0 0 0 0 0 0
48 155 0 0 38 0 0 39 0 0
49 39 0 0 0 0 0 0 0 0
51 234 6 1 0 0 0 0 0 0
56 10 0 0 2 0 0 0 0 0
57 6 0 0 0 0 0 0 0 0
59 4 2 1 0 0 0 4 0 0
60 16 0 0 0 0 0 0 0 0
62 4 0 0 0 0 0 0 0 0
64 8 0 0 0 0 0 0 0 0
65 10 0 0 2 0 0 0 0 0
67 6 0 0 4 0 0 2 0 0
70 78 0 0 0 0 0 78 0 0
71 2 0 0 0 0 0 0 0 0
73 117 0 0 156 0 0 0 0 0
fl=./elf/./elf/dl-minimal.c
fn=__rtld_malloc_init_real
76 5 2 2 0 0 0 6 0 0
86 3 0 0 0 0 0 1 0 0
87 1 0 0 0 0 0 1 0 0
89 1 0 0 0 0 0 1 0 0
91 7 0 0 0 0 0 0 0 0
92 6 0 0 0 0 0 0 0 0
93 7 1 1 0 0 0 0 0 0
94 5 0 0 0 0 0 0 0 0
99 3 0 0 0 0 0 1 1 0
101 1 0 0 0 0 0 2 0 0
102 1 1 1 0 0 0 1 0 0
103 4 0 0 6 0 0 0 0 0
fn=__rtld_malloc_init_stubs
42 2 1 1 0 0 0 2 1 1
43 5 0 0 0 0 0 1 1 1
44 2 0 0 0 0 0 0 0 0
45 3 0 0 0 0 0 2 1 1
46 3 0 0 0 0 0 1 0 0
47 2 1 1 2 0 0 0 0 0
fn=lookup_malloc_symbol
61 20 1 1 0 0 0 24 0 0
63 4 0 0 0 0 0 4 0 0
64 36 1 1 4 1 0 0 0 0
68 20 0 0 8 0 0 0 0 0
69 44 1 1 12 0 0 0 0 0
71 4 0 0 0 0 0 4 0 0
72 20 1 1 28 0 0 0 0 0
fn=strsep
239 4 2 2 0 0 0 0 0 0
242 8 0 0 4 2 2 0 0 0
244 4 0 0 4 0 0 0 0 0
245 4 0 0 0 0 0 0 0 0
247 4 2 2 0 0 0 0 0 0
249 48 0 0 23 0 0 0 0 0
251 42 0 0 0 0 0 0 0 0
254 105 0 0 35 0 0 0 0 0
256 70 0 0 35 0 0 0 0 0
267 2 0 0 0 0 0 2 0 0
270 2 2 2 0 0 0 0 0 0
271 2 0 0 0 0 0 0 0 0
fl=./elf/./elf/dl-misc.c
fn=_dl_higher_prime_number
87 4 0 0 0 0 0 4 0 0
125 6 0 0 0 0 0 0 0 0
127 26 1 1 0 0 0 0 0 0
129 40 0 0 0 0 0 0 0 0
130 30 0 0 10 4 3 0 0 0
131 6 0 0 0 0 0 0 0 0
133 7 0 0 0 0 0 0 0 0
146 6 0 0 6 0 0 0 0 0
fn=_dl_name_match_p
68 10425 47 46 0 0 0 8340 51 42
69 6255 0 0 2085 608 381 0 0 0
70 211 0 0 0 0 0 0 0 0
72 2084 0 0 2084 546 314 0 0 0
74 4107 0 0 0 0 0 0 0 0
75 8932 0 0 2233 775 438 0 0 0
80 4046 0 0 2023 0 0 0 0 0
82 1874 0 0 0 0 0 0 0 0
83 6255 24 23 8340 0 0 0 0 0
fn=_dl_sysdep_read_whole_file
36 48 8 8 0 0 0 40 0 0
39 16 0 0 0 0 0 0 0 0
40 8 0 0 0 0 0 0 0 0
42 32 8 8 0 0 0 0 0 0
44 16 0 0 8 0 0 8 0 0
47 8 0 0 0 0 0 0 0 0
49 64 0 0 0 0 0 0 0 0
60 16 0 0 0 0 0 0 0 0
63 40 0 0 40 0 0 0 0 0
fl=./elf/./elf/dl-object.c
fn=_dl_add_to_namespace_list
31 216 23 22 0 0 0 180 0 0
33 180 0 0 36 1 0 0 0 0
35 323 28 22 36 0 0 0 0 0
38 1995 0 0 665 158 0 0 0 0
40 35 0 0 0 0 0 35 0 0
42 35 0 0 0 0 0 35 0 0
45 2 1 1 0 0 0 1 0 0
46 252 0 0 36 0 0 36 0 0
47 72 0 0 36 32 18 36 0 0
48 72 0 0 0 0 0 36 0 0
50 180 0 0 36 0 0 0 0 0
51 108 23 21 180 0 0 0 0 0
fn=_dl_new_object
59 468 30 21 0 0 0 432 28 27
62 108 0 0 0 0 0 0 0 0
64 1 1 1 0 0 0 0 0 0
66 1 1 1 0 0 0 0 0 0
67 2 0 0 0 0 0 0 0 0
71 4 1 1 0 0 0 0 0 0
77 4 0 0 0 0 0 1 0 0
80 70 29 21 35 0 0 0 0 0
83 175 0 0 0 0 0 35 0 0
87 35 0 0 0 0 0 0 0 0
92 70 0 0 0 0 0 0 0 0
95 36 0 0 0 0 0 0 0 0
98 36 0 0 0 0 0 36 5 5
99 36 0 0 0 0 0 36 6 6
100 72 30 22 0 0 0 0 0 0
102 72 0 0 0 0 0 72 2 2
103 36 0 0 0 0 0 0 0 0
104 180 0 0 36 0 0 36 2 2
106 108 0 0 36 0 0 36 0 0
119 107 57 43 36 3 0 0 0 0
123 35 30 21 0 0 0 0 0 0
125 1 0 0 0 0 0 0 0 0
127 108 0 0 36 6 6 36 0 0
130 144 0 0 36 0 0 36 0 0
131 108 1 1 0 0 0 36 6 6
132 36 0 0 0 0 0 36 1 1
136 36 0 0 0 0 0 36 0 0
139 105 1 1 0 0 0 0 0 0
141 16 0 0 0 0 0 16 4 4
149 72 0 0 0 0 0 36 1 1
150 72 22 22 0 0 0 36 6 6
153 1 1 1 0 0 0 0 0 0
155 216 21 21 36 1 1 0 0 0
157 98 0 0 0 0 0 35 3 3
160 38 0 0 0 0 0 0 0 0
161 42 21 21 0 0 0 0 0 0
164 45 0 0 15 3 0 0 0 0
168 147 0 0 14 0 0 0 0 0
170 30 0 0 0 0 0 0 0 0
176 91 0 0 0 0 0 31 1 1
179 72 0 0 0 0 0 36 0 0
189 72 23 22 36 0 0 0 0 0
191 140 0 0 0 0 0 0 0 0
195 70 0 0 0 0 0 0 0 0
200 35 0 0 0 0 0 0 0 0
245 140 25 22 0 0 0 0 0 0
250 1140 0 0 0 0 0 0 0 0
251 3420 0 0 1140 0 0 0 0 0
255 70 0 0 0 0 0 0 0 0
256 35 0 0 0 0 0 35 0 0
259 35 0 0 0 0 0 35 0 0
263 288 0 0 432 0 0 0 0 0
fl=./elf/./elf/dl-open.c
fn=_dl_find_dso_for_object
214 110 22 22 0 0 0 132 2 1
218 154 22 21 22 0 0 22 0 0
219 92 2 2 46 24 20 0 0 0
220 276 0 0 92 51 49 0 0 0
221 44 0 0 22 21 21 0 0 0
222 80 20 20 0 0 0 0 0 0
224 66 22 21 22 21 21 0 0 0
228 132 0 0 154 0 0 0 0 0
fn=_dl_open
845 198 22 22 0 0 0 242 39 5
846 44 0 0 0 0 0 0 0 0
851 220 22 22 22 22 19 0 0 0
853 44 0 0 0 0 0 0 0 0
880 66 0 0 0 0 0 0 0 0
893 22 22 22 0 0 0 22 2 0
894 22 0 0 0 0 0 22 0 0
896 22 0 0 0 0 0 44 0 0
897 22 0 0 0 0 0 22 0 0
900 22 0 0 0 0 0 22 0 0
902 22 0 0 0 0 0 44 0 0
905 154 21 4 0 0 0 0 0 0
909 22 0 0 0 0 0 0 0 0
921 44 0 0 22 0 0 0 0 0
923 154 22 22 22 1 0 22 10 0
926 44 0 0 22 0 0 0 0 0
952 22 0 0 0 0 0 0 0 0
953 44 0 0 22 0 0 0 0 0
956 88 0 0 22 1 0 0 0 0
959 176 22 22 264 21 5 0 0 0
fn=_dl_open_relocate_one_object.part.0
474 90 0 0 0 0 0 0 0 0
481 60 42 42 30 9 2 0 0 0
484 21 0 0 0 0 0 0 0 0
485 42 0 0 0 0 0 21 0 0
489 90 0 0 30 16 0 0 0 0
498 30 0 0 30 16 4 0 0 0
511 60 0 0 0 0 0 0 0 0
fn=call_dl_init
527 63 21 21 0 0 0 42 0 0
529 84 0 0 84 0 0 0 0 0
530 21 0 0 42 0 0 0 0 0
fn=dl_open_worker
793 110 44 43 0 0 0 110 22 17
796 22 0 0 0 0 0 22 0 0
800 110 0 0 22 0 0 0 0 0
803 176 43 26 0 0 0 0 0 0
805 88 0 0 22 0 0 0 0 0
807 44 0 0 22 0 0 0 0 0
812 44 0 0 22 0 0 0 0 0
815 21 0 0 21 1 0 0 0 0
816 21 0 0 21 4 2 0 0 0
822 84 0 0 21 0 0 63 0 0
826 21 0 0 21 0 0 0 0 0
829 105 21 21 0 0 0 0 0 0
833 21 1 0 0 0 0 0 0 0
837 63 0 0 21 0 0 0 0 0
840 88 1 0 110 1 0 0 0 0
fn=dl_open_worker_begin
236 96 3 3 38 6 6 0 0 0
237 44 3 3 0 0 0 0 0 0
247 44 0 0 22 0 0 0 0 0
248 44 0 0 0 0 0 0 0 0
260 324 0 0 21 7 0 0 0 0
262 160 0 0 160 17 0 0 0 0
266 362 21 21 80 21 0 0 0 0
273 16 0 0 4 0 0 0 0 0
280 2 0 0 0 0 0 1 1 1
281 3 1 1 0 0 0 0 0 0
293 2 0 0 0 0 0 1 0 0
296 2 0 0 1 0 0 0 0 0
302 5 1 1 1 0 0 0 0 0
304 1 0 0 1 0 0 0 0 0
306 1 0 0 0 0 0 1 0 0
308 4 0 0 1 0 0 0 0 0
311 4 0 0 2 0 0 1 0 0
325 303 42 42 21 0 0 0 0 0
327 160 0 0 160 0 0 0 0 0
328 80 0 0 0 0 0 0 0 0
330 362 0 0 80 0 0 0 0 0
339 20 0 0 4 0 0 0 0 0
344 4 0 0 0 0 0 4 1 1
345 4 0 0 0 0 0 0 0 0
346 29 3 2 4 0 0 4 0 0
348 4 0 0 0 0 0 0 0 0
352 240 0 0 160 0 0 0 0 0
364 42 0 0 0 0 0 0 0 0
365 282 21 21 0 0 0 0 0 0
367 160 0 0 160 0 0 0 0 0
371 220 21 21 110 9 4 0 0 0
373 8 0 0 0 0 0 0 0 0
374 12 0 0 4 0 0 0 0 0
386 6 3 3 3 0 0 0 0 0
387 70 3 3 0 0 0 0 0 0
389 40 0 0 40 0 0 0 0 0
393 56 0 0 28 2 0 0 0 0
395 12 0 0 0 0 0 0 0 0
397 14 3 3 4 0 0 0 0 0
398 4 0 0 4 0 0 0 0 0
403 6 0 0 3 0 0 0 0 0
404 6 0 0 0 0 0 0 0 0
408 9 0 0 0 0 0 3 0 0
413 48 3 3 3 0 0 0 0 0
415 18 0 0 18 0 0 0 0 0
417 24 0 0 0 0 0 0 0 0
418 21 0 0 9 0 0 0 0 0
419 6 0 0 3 0 0 0 0 0
423 9 3 3 3 0 0 3 0 0
434 9 0 0 3 0 0 0 0 0
438 12 0 0 6 0 0 0 0 0
452 619 0 0 42 27 3 0 0 0
453 493 0 0 493 380 59 0 0 0
454 986 0 0 493 356 45 0 0 0
456 4 0 0 2 0 0 0 0 0
463 25 0 0 0 0 0 2 0 0
478 309 0 0 106 4 0 0 0 0
534 154 22 22 0 0 0 220 4 1
536 22 22 22 22 0 0 0 0 0
537 22 0 0 22 0 0 0 0 0
544 66 0 0 0 0 0 0 0 0
545 89 22 22 22 0 0 0 0 0
546 6 0 0 0 0 0 0 0 0
552 88 0 0 22 22 22 0 0 0
554 44 0 0 22 0 0 0 0 0
559 66 22 22 22 0 0 0 0 0
560 42 0 0 21 0 0 21 0 0
566 176 0 0 22 0 0 22 0 0
570 44 0 0 22 0 0 22 0 0
574 66 22 22 0 0 0 0 0 0
578 198 0 0 22 0 0 22 9 0
583 22 0 0 0 0 0 0 0 0
589 22 0 0 0 0 0 0 0 0
594 88 22 22 22 0 0 22 0 0
597 44 0 0 22 1 1 0 0 0
600 3 1 1 1 0 0 0 0 0
607 2 0 0 0 0 0 0 0 0
612 1 1 1 0 0 0 0 0 0
626 2 0 0 1 0 0 0 0 0
627 2 0 0 1 0 0 0 0 0
634 42 0 0 0 0 0 42 17 0
638 168 0 0 0 0 0 0 0 0
642 303 7 0 21 0 0 0 0 0
643 400 21 21 320 37 4 0 0 0
646 90 0 0 30 5 0 0 0 0
661 63 21 21 21 2 0 0 0 0
665 63 0 0 21 10 0 0 0 0
666 21 0 0 0 0 0 21 0 0
667 21 0 0 0 0 0 0 0 0
668 21 0 0 0 0 0 0 0 0
673 63 0 0 21 1 0 0 0 0
677 105 21 21 0 0 0 0 0 0
678 42 0 0 21 21 14 0 0 0
685 21 0 0 0 0 0 0 0 0
686 21 0 0 0 0 0 0 0 0
687 42 0 0 0 0 0 0 0 0
688 42 0 0 42 2 0 0 0 0
691 320 0 0 160 2 0 0 0 0
694 60 0 0 0 0 0 0 0 0
695 110 21 21 0 0 0 0 0 0
697 80 0 0 80 0 0 0 0 0
699 80 0 0 0 0 0 0 0 0
701 21 0 0 0 0 0 21 19 0
717 147 0 0 42 0 0 0 0 0
722 317 22 22 0 0 0 0 0 0
723 64 21 21 64 15 3 0 0 0
736 21 21 21 0 0 0 0 0 0
756 63 0 0 0 0 0 0 0 0
768 21 0 0 0 0 0 0 0 0
774 42 0 0 21 21 2 0 0 0
775 21 0 0 0 0 0 0 0 0
781 42 0 0 21 20 4 0 0 0
788 63 0 0 42 19 3 21 0 0
789 132 2 2 220 17 2 0 0 0
fl=./elf/./elf/dl-reloc.c
fn=_dl_protect_relro
355 148 22 22 0 0 0 111 6 0
356 259 22 22 111 10 2 0 0 0
359 111 0 0 37 0 0 0 0 0
363 74 0 0 0 0 0 0 0 0
364 148 22 22 0 0 0 0 0 0
370 111 0 0 111 0 0 0 0 0
fn=_dl_relocate_object
170 37167 0 0 12389 8011 5301 0 0 0
171 24742 20 20 0 0 0 0 0 0
174 83627 0 0 12371 29 6 0 0 0
175 15050 10 10 2150 0 0 0 0 0
177 10750 5 5 2150 3 0 2150 0 0
178 6450 0 0 2150 0 0 2150 0 0
183 10406 0 0 0 0 0 10332 2 0
184 10221 0 0 0 0 0 10221 0 0
186 71459 23 23 30663 403 3 0 0 0
187 30399 0 0 0 0 0 0 0 0
188 20266 0 0 10133 828 39 0 0 0
190 71760 23 23 10221 0 0 0 0 0
193 20442 0 0 10221 0 0 10221 151 2
194 10221 0 0 0 0 0 10221 94 3
196 2150 0 0 2150 0 0 0 0 0
207 380 22 22 0 0 0 494 5 2
208 76 0 0 38 0 0 0 0 0
220 67 0 0 0 0 0 0 0 0
221 111 0 0 0 0 0 74 0 0
224 74 22 21 0 0 0 0 0 0
226 74 0 0 0 0 0 0 0 0
228 111 22 22 37 34 4 0 0 0
229 74 0 0 37 2 0 0 0 0
251 37 22 22 0 0 0 0 0 0
252 74 0 0 37 24 3 0 0 0
253 14 6 6 0 0 0 0 0 0
255 74 23 23 37 0 0 0 0 0
262 74 0 0 37 9 1 0 0 0
301 1953 155 152 553 116 26 340 0 0
304 259 22 21 74 2 0 0 0 0
328 111 22 18 37 1 0 37 0 0
331 37 0 0 0 0 0 0 0 0
348 74 0 0 37 31 6 0 0 0
349 74 23 22 0 0 0 0 0 0
350 304 1 1 456 32 3 0 0 0
fn=_dl_try_allocate_static_tls
53 16 3 3 0 0 0 12 1 0
56 12 0 0 4 0 0 0 0 0
57 24 3 3 8 4 4 0 0 0
60 2 0 0 0 0 0 0 0 0
87 40 0 0 8 4 3 0 0 0
91 8 0 0 4 0 0 0 0 0
93 12 0 0 4 0 0 0 0 0
97 3 0 0 0 0 0 0 0 0
98 15 3 3 3 0 0 0 0 0
101 9 0 0 0 0 0 3 0 0
103 3 0 0 0 0 0 3 0 0
104 3 0 0 0 0 0 3 0 0
105 6 0 0 0 0 0 3 0 0
112 9 0 0 6 0 0 0 0 0
125 9 3 3 3 0 0 3 0 0
127 6 3 3 0 0 0 0 0 0
128 12 0 0 12 0 0 0 0 0
fl=./elf/./elf/dl-runtime.c
fn=_dl_fixup
46 936 109 53 0 0 0 1170 38 18
48 468 0 0 351 180 86 0 0 0
49 351 0 0 234 147 59 0 0 0
54 117 0 0 117 50 27 0 0 0
55 468 64 29 117 61 34 0 0 0
56 702 0 0 117 14 11 117 0 0
58 234 0 0 117 117 81 0 0 0
63 234 0 0 0 0 0 0 0 0
67 351 0 0 117 117 112 0 0 0
69 349 0 0 0 0 0 0 0 0
71 234 64 30 117 56 30 0 0 0
75 348 0 0 232 168 113 0 0 0
76 464 0 0 116 1 0 0 0 0
77 116 0 0 116 61 38 0 0 0
84 117 0 0 0 0 0 0 0 0
85 468 58 30 117 52 27 0 0 0
95 1053 0 0 234 56 26 0 0 0
99 234 0 0 117 0 0 0 0 0
109 1404 57 29 468 1 1 117 0 0
124 468 0 0 117 0 0 0 0 0
125 10 0 0 0 0 0 5 0 0
133 234 0 0 117 0 0 0 0 0
159 351 0 0 117 26 17 0 0 0
162 117 58 32 117 0 0 0 0 0
163 702 53 31 1170 2 0 0 0 0
fl=./elf/./elf/dl-setup_hash.c
fn=_dl_setup_hash
28 74 31 19 37 0 0 0 0 0
31 74 0 0 37 0 0 0 0 0
32 74 0 0 37 37 37 37 0 0
34 37 0 0 74 1 1 0 0 0
36 111 0 0 0 0 0 0 0 0
37 37 0 0 0 0 0 37 0 0
38 111 23 21 37 0 0 37 0 0
40 37 0 0 0 0 0 37 0 0
41 74 0 0 0 0 0 0 0 0
43 37 0 0 0 0 0 37 0 0
44 37 0 0 0 0 0 0 0 0
45 111 0 0 0 0 0 37 0 0
50 37 0 0 0 0 0 0 0 0
fl=./elf/./elf/dl-sort-maps.c
fn=_dl_sort_maps
140 954 1 1 161 3 0 0 0 0
181 23 0 0 0 0 0 0 0 0
182 23 23 23 23 0 0 0 0 0
183 340 23 23 0 0 0 0 0 0
184 496 0 0 248 0 0 124 0 0
211 299 23 23 0 0 0 23 5 0
216 46 0 0 0 0 0 23 0 0
218 23 0 0 0 0 0 23 1 0
219 115 0 0 0 0 0 0 0 0
221 225 0 0 0 0 0 0 0 0
223 124 23 23 124 0 0 0 0 0
226 372 0 0 124 0 0 0 0 0
244 47 0 0 23 0 0 0 0 0
246 74 1 1 0 0 0 0 0 0
247 148 0 0 74 0 0 37 0 0
249 3 0 0 0 0 0 1 0 0
250 73 0 0 0 0 0 0 0 0
252 37 0 0 37 1 0 0 0 0
257 111 0 0 37 0 0 0 0 0
263 110 22 22 0 0 0 0 0 0
276 92 22 22 23 0 0 0 0 0
283 23 23 22 0 0 0 0 0 0
298 276 45 45 0 0 0 276 2 0
306 69 0 0 23 23 2 0 0 0
310 207 23 23 276 0 0 0 0 0
fn=_dl_sort_maps_init
289 2 1 1 0 0 0 2 0 0
290 5 0 0 1 0 0 0 0 0
291 2 0 0 0 0 0 1 0 0
292 2 1 1 0 0 0 0 0 0
293 2 0 0 2 0 0 0 0 0
fn=dfs_traversal.part.0
135 1127 23 21 0 0 0 966 9 1
140 1288 1 1 389 0 0 0 0 0
143 483 0 0 161 0 0 161 0 0
145 322 0 0 161 34 16 0 0 0
147 1746 2 2 621 99 73 117 0 0
156 235 22 22 37 0 0 0 0 0
160 2 0 0 0 0 0 1 0 0
162 6 1 1 1 1 1 0 0 0
164 3 0 0 1 0 0 1 0 0
171 483 0 0 161 0 0 161 0 0
172 161 0 0 0 0 0 161 4 0
173 699 22 22 977 0 0 0 0 0
fl=./elf/./elf/dl-sym.c
fn=_dl_sym
194 240 120 21 0 0 0 240 0 0
195 360 0 0 0 0 0 0 0 0
196 120 120 22 240 0 0 0 0 0
fn=do_sym
51 240 0 0 120 0 0 0 0 0
87 1800 240 44 240 0 0 1080 16 1
88 120 0 0 0 0 0 120 8 0
93 120 0 0 0 0 0 0 0 0
95 240 0 0 0 0 0 0 0 0
129 240 0 0 0 0 0 0 0 0
153 1560 120 21 240 109 2 0 0 0
157 240 0 0 120 0 0 0 0 0
162 360 120 22 120 0 0 0 0 0
168 960 0 0 240 0 0 0 0 0
170 120 0 0 0 0 0 120 0 0
174 1680 120 21 1320 0 0 0 0 0
fl=./elf/./elf/dl-tls.c
fn=__tls_get_addr
942 2 0 0 0 0 0 2 1 1
943 2 1 1 1 0 0 0 0 0
949 3 1 1 1 1 1 0 0 0
950 3 0 0 1 0 0 0 0 0
958 3 0 0 2 0 0 0 0 0
960 2 0 0 0 0 0 0 0 0
961 2 0 0 0 0 0 0 0 0
964 1 1 1 2 0 0 0 0 0
fn=_dl_add_to_slotinfo
1017 70 4 4 0 0 0 80 2 0
1023 10 0 0 10 2 2 0 0 0
1026 30 4 4 10 7 2 0 0 0
1027 10 0 0 0 0 0 0 0 0
1031 30 0 0 10 3 2 0 0 0
1065 10 0 0 0 0 0 0 0 0
1068 18 1 1 0 0 0 6 4 2
1069 30 0 0 6 4 2 6 0 0
1072 50 7 7 80 0 0 0 0 0
fn=_dl_allocate_tls_init
523 6 1 1 0 0 0 5 0 0
524 1 0 0 0 0 0 0 0 0
528 1 0 0 1 1 0 0 0 0
530 1 0 0 0 0 0 1 0 0
531 1 0 0 0 0 0 0 0 0
534 9 1 1 1 1 0 8 0 0
537 6 0 0 2 1 0 0 0 0
549 2 0 0 1 0 0 0 0 0
554 20 1 1 2 0 0 0 0 0
560 6 1 1 0 0 0 0 0 0
563 2 0 0 2 0 0 0 0 0
564 2 0 0 0 0 0 0 0 0
570 8 0 0 4 0 0 0 0 0
571 4 1 1 0 0 0 0 0 0
573 12 0 0 4 2 0 2 0 0
576 4 0 0 0 0 0 0 0 0
577 4 0 0 2 0 0 0 0 0
580 4 0 0 0 0 0 0 0 0
581 8 0 0 4 1 0 0 0 0
586 2 0 0 0 0 0 0 0 0
593 2 0 0 0 0 0 2 0 0
601 10 1 1 4 2 0 0 0 0
603 20 0 0 8 0 0 0 0 0
609 2 0 0 2 0 0 0 0 0
615 5 0 0 1 0 0 0 0 0
618 5 1 1 8 0 0 1 0 0
621 4 0 0 4 0 0 0 0 0
fn=_dl_allocate_tls_storage
417 4 1 1 0 0 0 5 0 0
430 3 0 0 1 0 0 0 0 0
431 2 0 0 1 0 0 0 0 0
432 1 0 0 0 0 0 0 0 0
452 5 1 1 0 0 0 0 0 0
459 4 0 0 0 0 0 0 0 0
464 2 0 0 0 0 0 1 0 0
466 3 0 0 0 0 0 0 0 0
467 1 0 0 0 0 0 0 0 0
470 5 1 1 5 0 0 0 0 0
fn=_dl_assign_tls_modid
128 15 5 4 5 0 0 0 0 0
141 15 4 4 5 0 0 0 0 0
181 15 0 0 5 0 0 0 0 0
183 15 0 0 0 0 0 5 0 0
186 10 0 0 0 0 0 5 0 0
fn=_dl_count_modids
192 2 1 1 0 0 0 2 0 0
194 5 1 1 1 0 0 0 0 0
195 1 0 0 1 0 0 0 0 0
210 2 0 0 2 0 0 0 0 0
fn=_dl_determine_tlsoffset
216 2 0 0 0 0 0 2 0 0
217 2 0 0 0 0 0 0 0 0
218 1 0 0 0 0 0 0 0 0
219 1 0 0 0 0 0 0 0 0
222 4 1 1 1 0 0 0 0 0
225 2 0 0 1 0 0 0 0 0
307 1 0 0 0 0 0 0 0 0
309 11 1 1 3 0 0 0 0 0
311 5 1 1 1 0 0 0 0 0
313 6 1 1 2 0 0 0 0 0
314 4 0 0 2 1 0 0 0 0
316 4 0 0 0 0 0 0 0 0
318 10 0 0 2 0 0 0 0 0
325 2 0 0 0 0 0 2 0 0
332 8 0 0 0 0 0 0 0 0
333 2 0 0 0 0 0 0 0 0
334 6 0 0 0 0 0 0 0 0
336 2 0 0 0 0 0 0 0 0
337 2 0 0 0 0 0 0 0 0
340 6 0 0 0 0 0 0 0 0
343 2 0 0 0 0 0 0 0 0
346 2 0 0 0 0 0 1 0 0
347 6 2 2 1 0 0 0 0 0
354 1 0 0 0 0 0 2 0 0
355 2 0 0 2 0 0 0 0 0
fn=_dl_init_static_tls
1081 6 3 3 3 0 0 0 0 0
1087 30 0 0 12 0 0 0 0 0
1093 18 3 3 0 0 0 21 0 0
1094 21 3 3 0 0 0 0 0 0
1098 21 0 0 3 0 0 0 0 0
1102 30 3 3 6 3 1 0 0 0
1105 18 3 3 0 0 0 0 0 0
1106 15 0 0 21 0 0 0 0 0
fn=_dl_tls_static_surplus_init
83 4 0 0 0 0 0 0 0 0
97 4 1 1 0 0 0 4 0 0
100 6 1 1 1 0 0 0 0 0
101 5 0 0 1 0 0 0 0 0
102 3 0 0 0 0 0 0 0 0
104 3 0 0 0 0 0 0 0 0
107 1 0 0 0 0 0 0 0 0
109 2 0 0 0 0 0 1 0 0
111 4 0 0 0 0 0 1 1 1
112 3 0 0 4 0 0 0 0 0
fn=_dl_update_slotinfo
720 21 6 6 0 0 0 21 0 0
721 3 0 0 0 0 0 3 0 0
722 9 0 0 3 3 3 3 0 0
768 9 0 0 3 3 3 0 0 0
770 3 0 0 0 0 0 0 0 0
771 18 0 0 3 0 0 18 0 0
772 6 3 3 0 0 0 0 0 0
775 9 0 0 3 0 0 0 0 0
778 41 3 3 3 0 0 0 0 0
780 16 0 0 0 0 0 0 0 0
783 77 3 3 0 0 0 0 0 0
786 13 0 0 13 2 2 0 0 0
789 26 0 0 0 0 0 0 0 0
793 39 0 0 13 0 0 0 0 0
800 11 3 3 4 0 0 3 0 0
802 12 0 0 4 0 0 0 0 0
822 12 0 0 0 0 0 4 0 0
823 12 0 0 4 3 3 4 0 0
826 16 0 0 12 0 0 0 0 0
830 3 0 0 0 0 0 0 0 0
831 6 3 3 0 0 0 0 0 0
844 12 0 0 18 0 0 3 0 0
848 15 0 0 21 0 0 0 0 0
fn=allocate_dtv
360 4 1 1 0 0 0 4 0 0
365 3 0 0 1 0 0 0 0 0
369 1 0 0 0 0 0 0 0 0
371 1 0 0 0 0 0 0 0 0
374 3 0 0 0 0 0 1 1 1
380 1 0 0 0 0 0 1 0 0
386 3 0 0 4 0 0 0 0 0
fn=tls_get_addr_tail
676 4 0 0 0 0 0 0 0 0
680 2 0 0 0 0 0 0 0 0
704 2 0 0 2 1 1 0 0 0
706 1 1 1 0 0 0 0 0 0
710 10 1 1 4 0 0 0 0 0
854 7 2 2 0 0 0 6 0 0
856 1 0 0 0 0 0 0 0 0
859 1 0 0 1 0 0 0 0 0
860 2 1 1 1 1 1 0 0 0
862 3 0 0 1 1 1 0 0 0
868 2 1 1 1 1 1 0 0 0
875 3 0 0 1 1 1 0 0 0
878 5 0 0 1 1 1 0 0 0
879 2 0 0 1 0 0 0 0 0
881 2 0 0 0 0 0 1 0 0
882 6 1 1 1 0 0 2 0 0
905 5 0 0 1 0 0 2 0 0
906 1 0 0 0 0 0 0 0 0
908 3 0 0 3 0 0 0 0 0
909 4 0 0 6 0 0 0 0 0
fl=./elf/./elf/dl-tunables.c
fn=__GI___tunable_set_val
153 2 0 0 0 0 0 2 0 0
154 3 0 0 0 0 0 0 0 0
156 2 0 0 0 0 0 0 0 0
157 1 0 0 2 0 0 0 0 0
fn=__GI___tunables_init
42 49 1 1 18 0 0 0 0 0
45 15 0 0 0 0 0 0 0 0
48 801 1 1 136 9 9 0 0 0
52 15 0 0 0 0 0 0 0 0
56 62 0 0 0 0 0 0 0 0
261 4 2 2 0 0 0 4 0 0
267 3 0 0 1 0 0 0 0 0
281 1920 0 0 0 0 0 0 0 0
283 3 0 0 0 0 0 2 0 0
287 3015 1 1 960 31 31 0 0 0
304 3 0 0 4 0 0 0 0 0
fn=__tunable_get_val
387 74 0 0 0 0 0 74 0 0
390 332 30 18 37 32 30 0 0 0
399 46 0 0 36 29 13 10 0 0
409 30 1 1 0 0 0 27 2 2
416 296 4 2 37 0 0 0 0 0
418 74 0 0 74 0 0 0 0 0
fn=do_tunable_update_val
69 2 1 1 0 0 0 2 0 0
72 4 1 1 1 0 0 0 0 0
79 1 1 1 1 0 0 0 0 0
93 2 0 0 0 0 0 0 0 0
94 3 2 2 2 0 0 0 0 0
100 2 0 0 0 0 0 0 0 0
104 3 0 0 0 0 0 0 0 0
111 2 0 0 0 0 0 0 0 0
112 2 0 0 0 0 0 0 0 0
115 1 0 0 0 0 0 1 0 0
117 1 0 0 0 0 0 2 0 0
118 2 0 0 0 0 0 1 0 0
119 2 0 0 2 0 0 0 0 0
fl=./elf/./elf/dl-tunables.h
fn=__GI___tunables_init
160 428 1 1 184 1 1 0 0 0
161 516 0 0 0 0 0 0 0 0
fn=do_tunable_update_val
141 2 0 0 0 0 0 0 0 0
fl=./elf/./elf/dl-version.c
fn=_dl_check_all_versions
392 3 1 1 0 0 0 4 1 0
394 5 0 0 0 0 0 2 0 0
396 17 0 0 9 0 0 0 0 0
397 14 0 0 7 1 0 0 0 0
398 49 1 1 0 0 0 0 0 0
401 4 0 0 4 0 0 0 0 0
fn=_dl_check_map_versions
36 1262 20 20 176 9 0 0 0 0
37 558 0 0 558 0 0 0 0 0
38 2672 0 0 0 0 0 0 0 0
56 501 0 0 334 51 8 0 0 0
64 501 0 0 167 15 0 0 0 0
70 334 20 20 167 60 49 0 0 0
86 167 0 0 167 43 20 0 0 0
87 167 0 0 0 0 0 0 0 0
89 334 0 0 167 0 0 0 0 0
94 3555 20 20 1185 154 139 0 0 0
108 3555 0 0 1185 66 63 0 0 0
110 167 20 20 167 0 0 0 0 0
113 835 0 0 167 14 14 0 0 0
120 2036 0 0 1018 39 36 0 0 0
124 1018 0 0 0 0 0 0 0 0
147 165 0 0 0 0 0 99 7 0
155 148 22 21 0 0 0 148 32 0
156 37 2 2 0 0 0 37 19 0
164 37 0 0 0 0 0 0 0 0
170 74 0 0 37 8 0 0 0 0
172 111 0 0 37 16 1 0 0 0
174 37 0 0 37 17 1 0 0 0
175 37 0 0 37 4 0 0 0 0
177 37 0 0 0 0 0 0 0 0
180 99 0 0 66 18 0 0 0 0
184 99 0 0 33 32 32 0 0 0
198 55 0 0 0 0 0 0 0 0
200 264 0 0 176 6 6 0 0 0
208 88 0 0 0 0 0 0 0 0
213 440 0 0 88 12 12 352 2 0
215 79 0 0 0 0 0 0 0 0
217 501 0 0 334 41 41 0 0 0
218 1356 40 36 880 9 0 88 0 0
221 334 0 0 167 0 0 167 0 0
224 835 0 0 167 0 0 0 0 0
231 668 20 20 167 0 0 0 0 0
234 510 20 20 431 0 0 0 0 0
239 79 0 0 0 0 0 0 0 0
243 176 20 20 88 0 0 0 0 0
248 55 0 0 0 0 0 0 0 0
257 172 20 20 66 0 0 0 0 0
260 40 0 0 20 0 0 0 0 0
263 608 0 0 152 17 13 0 0 0
266 304 0 0 152 7 7 0 0 0
270 142 0 0 0 0 0 0 0 0
274 34 20 20 0 0 0 0 0 0
279 34 20 20 0 0 0 34 7 0
280 34 0 0 0 0 0 0 0 0
281 68 0 0 34 0 0 0 0 0
291 34 0 0 0 0 0 34 0 0
294 138 0 0 69 31 0 34 12 0
296 34 0 0 0 0 0 0 0 0
299 132 0 0 66 2 0 0 0 0
301 55 0 0 0 0 0 0 0 0
303 264 20 20 88 1 0 0 0 0
306 334 0 0 167 0 0 0 0 0
308 334 0 0 0 0 0 0 0 0
310 534 0 0 167 0 0 0 0 0
311 334 20 20 0 0 0 334 10 10
312 501 0 0 167 1 0 167 3 3
313 501 0 0 167 1 0 167 1 1
316 334 0 0 167 0 0 0 0 0
321 79 0 0 0 0 0 0 0 0
324 176 0 0 88 0 0 0 0 0
329 55 0 0 0 0 0 0 0 0
334 34 0 0 0 0 0 0 0 0
337 30 0 0 10 0 0 0 0 0
341 142 0 0 284 0 0 0 0 0
343 304 0 0 152 0 0 0 0 0
347 142 0 0 142 0 0 0 0 0
348 578 0 0 0 0 0 142 14 14
349 426 0 0 142 0 0 142 0 0
350 142 0 0 0 0 0 142 6 6
353 304 0 0 152 0 0 0 0 0
357 142 0 0 0 0 0 0 0 0
365 10 0 0 0 0 0 0 0 0
366 66 20 20 33 0 0 0 0 0
367 66 20 20 33 21 0 0 0 0
368 148 2 2 296 2 0 0 0 0
387 148 0 0 185 0 0 0 0 0
fl=./elf/./elf/do-rel.h
fn=_dl_relocate_object
49 222 0 0 74 0 0 0 0 0
50 148 0 0 148 32 5 0 0 0
51 74 0 0 37 19 1 0 0 0
53 370 22 22 148 15 0 0 0 0
80 74 0 0 0 0 0 0 0 0
83 1692 0 0 0 0 0 0 0 0
114 177 22 22 0 0 0 0 0 0
123 84424 0 0 0 0 0 0 0 0
126 140 0 0 70 48 7 0 0 0
129 130 0 0 65 35 4 0 0 0
131 37218 2 2 148 21 0 0 0 0
133 49204 20 20 36903 8462 3655 0 0 0
134 36903 0 0 0 0 0 24602 5 1
135 12301 0 0 0 0 0 0 0 0
136 36903 0 0 12301 94 1 0 0 0
150 50650 21 21 12296 61 0 0 0 0
151 20085 20 20 13390 345 4 0 0 0
180 277 3 3 0 0 0 0 0 0
182 440 0 0 176 23 23 176 0 0
183 88 0 0 0 0 0 0 0 0
196 492 9 9 88 1 0 0 0 0
197 116 0 0 58 1 0 0 0 0
fn=_dl_start
49 6 0 0 2 0 0 0 0 0
50 4 0 0 4 0 0 0 0 0
51 2 0 0 1 0 0 0 0 0
53 11 1 1 4 0 0 0 0 0
56 74 0 0 0 0 0 0 0 0
61 17 0 0 0 0 0 0 0 0
63 8 1 1 8 1 1 0 0 0
64 8 0 0 0 0 0 0 0 0
65 4 0 0 0 0 0 0 0 0
fl=./elf/./elf/get-dynamic-info.h
fn=_dl_map_object_from_fd
39 35 0 0 0 0 0 0 0 0
43 35 0 0 0 0 0 0 0 0
45 1874 0 0 937 262 262 0 0 0
49 1804 0 0 0 0 0 0 0 0
51 400 0 0 0 0 0 0 0 0
52 270 34 20 0 0 0 0 0 0
53 70 0 0 0 0 0 0 0 0
54 635 29 20 0 0 0 0 0 0
55 349 0 0 0 0 0 0 0 0
56 172 24 20 0 0 0 0 0 0
59 215 22 22 0 0 0 0 0 0
62 172 0 0 0 0 0 0 0 0
64 129 18 16 0 0 0 0 0 0
68 902 0 0 0 0 0 902 34 33
72 70 0 0 0 0 0 0 0 0
84 70 0 0 35 0 0 0 0 0
85 175 0 0 70 0 0 35 0 0
86 175 24 22 70 0 0 35 0 0
87 175 0 0 70 0 0 35 0 0
88 70 0 0 35 4 4 0 0 0
89 175 0 0 70 0 0 35 0 0
90 166 35 22 67 1 1 32 0 0
91 175 0 0 70 0 0 35 0 0
103 210 22 22 70 0 0 35 0 0
110 70 0 0 35 0 0 0 0 0
115 105 0 0 35 0 0 0 0 0
122 70 0 0 35 0 0 0 0 0
123 140 0 0 70 0 0 0 0 0
129 70 0 0 35 0 0 0 0 0
147 70 22 19 35 0 0 0 0 0
152 14 0 0 7 0 0 7 0 0
154 7 0 0 0 0 0 0 0 0
156 7 0 0 0 0 0 0 0 0
158 7 0 0 0 0 0 0 0 0
159 14 0 0 0 0 0 7 0 0
162 70 0 0 35 0 0 0 0 0
164 24 1 1 8 0 0 8 0 0
165 8 0 0 0 0 0 0 0 0
166 2 0 0 0 0 0 1 0 0
174 16 0 0 8 0 0 0 0 0
180 8 0 0 0 0 0 0 0 0
181 21 0 0 7 0 0 7 0 0
184 70 21 21 35 0 0 0 0 0
186 1 0 0 0 0 0 1 0 0
fl=./elf/./elf/libc-dl-profstub.c
fn=_dl_mcount_wrapper_check
36 1575 0 0 0 0 0 0 0 0
37 6300 662 211 3150 1175 415 0 0 0
38 1575 0 0 0 0 0 0 0 0
fl=./elf/./elf/libc-dl_find_object.c
fn=_dl_find_object
24 36 2 2 0 0 0 36 0 0
25 90 0 0 36 4 2 0 0 0
26 18 0 0 36 0 0 0 0 0
fl=./elf/./elf/libc_early_init.c
fn=__libc_early_init
33 10 2 2 2 2 1 4 0 0
35 1 0 0 0 0 0 0 0 0
38 3 0 0 1 0 0 1 0 0
41 4 0 0 0 0 0 2 2 2
49 11 1 1 6 0 0 0 0 0
fl=./elf/./elf/rtld.c
fn=_dl_start
458 5 0 0 0 0 0 1 0 0
476 3 0 0 0 0 0 0 0 0
477 2 0 0 0 0 0 1 0 0
478 1 0 0 0 0 0 1 1 1
479 3 0 0 0 0 0 1 0 0
488 2 1 1 0 0 0 1 0 0
494 4 0 0 1 0 0 0 0 0
496 2 1 0 1 0 0 0 0 0
517 9 2 2 0 0 0 13 2 2
543 3 0 0 0 0 0 1 1 1
546 3 0 0 0 0 0 1 0 0
547 3 1 1 1 1 1 1 0 0
563 48 4 4 10 0 0 9 2 2
565 4 2 2 1 0 0 1 0 0
578 1 0 0 0 0 0 0 0 0
585 7 0 0 12 2 2 0 0 0
fn=dl_main
197 2 1 1 0 0 0 1 0 0
199 1 0 0 0 0 0 1 0 0
224 2 1 1 2 0 0 0 0 0
225 3 0 0 2 0 0 0 0 0
226 3 1 1 0 0 0 0 0 0
296 4 0 0 0 0 0 3 0 0
302 1 0 0 0 0 0 1 0 0
303 1 0 0 0 0 0 1 0 0
837 2 1 1 1 0 0 0 0 0
841 3 0 0 1 0 0 1 0 0
850 4 0 0 2 1 0 1 1 0
855 1 0 0 0 0 0 1 0 0
1115 1 0 0 1 0 0 0 0 0
1116 1 0 0 1 0 0 0 0 0
1118 1 0 0 0 0 0 0 0 0
1122 6 0 0 1 1 1 2 0 0
1124 3 1 1 1 0 0 1 0 0
1125 3 0 0 1 0 0 1 0 0
1140 1 0 0 0 0 0 0 0 0
1143 36 2 2 0 0 0 0 0 0
1144 84 2 2 10 4 4 0 0 0
1148 4 1 1 2 0 0 1 0 0
1149 1 0 0 0 0 0 0 0 0
1153 4 0 0 2 0 0 1 0 0
1154 6 0 0 2 0 0 1 0 0
1155 1 0 0 0 0 0 0 0 0
1163 4 1 1 0 0 0 1 1 1
1164 3 2 2 2 1 1 0 0 0
1166 1 0 0 0 0 0 1 0 0
1173 2 0 0 1 0 0 0 0 0
1191 2 0 0 0 0 0 0 0 0
1199 4 0 0 2 0 0 0 0 0
1200 7 0 0 3 1 1 0 0 0
1201 6 0 0 2 0 0 0 0 0
1202 1 0 0 0 0 0 1 0 0
1204 4 0 0 2 0 0 0 0 0
1205 6 0 0 0 0 0 0 0 0
1206 3 1 1 0 0 0 1 0 0
1209 6 0 0 2 1 1 0 0 0
1210 6 0 0 2 0 0 0 0 0
1211 2 0 0 0 0 0 2 0 0
1215 4 0 0 0 0 0 0 0 0
1221 2 0 0 1 0 0 0 0 0
1227 1 0 0 0 0 0 1 1 1
1228 2 0 0 1 1 1 1 0 0
1233 5 0 0 0 0 0 1 0 0
1234 2 0 0 1 0 0 1 0 0
1235 1 0 0 0 0 0 1 1 1
1238 6 0 0 1 0 0 2 1 1
1243 4 0 0 2 0 0 1 0 0
1244 1 0 0 0 0 0 0 0 0
1247 2 0 0 1 1 1 1 0 0
1248 2 0 0 1 0 0 1 0 0
1249 1 0 0 0 0 0 0 0 0
1253 21 1 1 0 0 0 0 0 0
1254 34 0 0 10 0 0 0 0 0
1266 2 0 0 1 0 0 0 0 0
1268 3 0 0 1 0 0 1 0 0
1269 2 0 0 1 0 0 0 0 0
1271 4 0 0 2 0 0 0 0 0
1346 12 1 1 0 0 0 13 3 3
1351 1 0 0 0 0 0 0 0 0
1352 1 0 0 0 0 0 0 0 0
1357 1 0 0 0 0 0 0 0 0
1373 5 0 0 2 0 0 1 0 0
1374 5 0 0 1 0 0 0 0 0
1637 9 1 1 0 0 0 1 0 0
1639 1 0 0 0 0 0 0 0 0
1640 1 1 1 0 0 0 1 0 0
1641 3 0 0 1 0 0 2 1 1
1642 2 0 0 1 0 0 1 0 0
1646 2 0 0 0 0 0 0 0 0
1647 6 0 0 2 0 0 1 0 0
1672 4 1 1 2 0 0 0 0 0
1673 6 1 1 3 0 0 0 0 0
1674 4 0 0 2 0 0 0 0 0
1675 4 0 0 1 0 0 1 0 0
1678 3 0 0 0 0 0 0 0 0
1680 1 0 0 0 0 0 2 0 0
1681 2 0 0 0 0 0 1 0 0
1683 2 0 0 1 0 0 0 0 0
1684 1 0 0 0 0 0 1 0 0
1688 4 0 0 2 0 0 0 0 0
1690 1 0 0 0 0 0 0 0 0
1698 2 1 1 1 0 0 0 0 0
1705 4 1 1 1 0 0 1 0 0
1708 3 0 0 1 0 0 0 0 0
1733 6 0 0 2 0 0 0 0 0
1735 1 1 1 0 0 0 1 0 0
1740 3 0 0 2 0 0 0 0 0
1743 4 1 1 2 0 0 1 0 0
1744 6 0 0 2 0 0 1 0 0
1745 3 0 0 1 0 0 1 0 0
1746 1 0 0 0 0 0 1 0 0
1747 3 0 0 1 0 0 1 0 0
1748 3 0 0 1 0 0 1 0 0
1759 5 1 1 1 1 1 0 0 0
1760 3 0 0 1 0 0 0 0 0
1762 2 0 0 1 0 0 0 0 0
1764 1 0 0 0 0 0 1 0 0
1765 4 1 1 1 0 0 1 1 1
1770 3 0 0 0 0 0 0 0 0
1771 8 0 0 1 1 1 0 0 0
1773 4 0 0 2 0 0 1 1 1
1774 2 1 1 1 0 0 1 0 0
1779 4 0 0 2 0 0 0 0 0
1788 3 1 1 0 0 0 0 0 0
1792 1 1 1 0 0 0 0 0 0
1793 2 0 0 1 0 0 0 0 0
1817 3 0 0 0 0 0 2 0 0
1823 2 0 0 0 0 0 1 0 0
1824 2 0 0 0 0 0 1 0 0
1825 1 0 0 0 0 0 0 0 0
1829 4 1 1 1 0 0 0 0 0
1834 3 0 0 2 0 0 0 0 0
1836 1 0 0 0 0 0 0 0 0
1838 2 0 0 1 0 0 0 0 0
1842 8 2 2 1 0 0 1 0 0
1847 2 0 0 1 0 0 0 0 0
1863 8 1 1 1 0 0 1 0 0
1939 2 0 0 1 0 0 0 0 0
1943 14 3 3 0 0 0 1 0 0
1944 1 0 0 0 0 0 0 0 0
1947 3 0 0 0 0 0 1 0 0
1948 1 0 0 1 0 0 0 0 0
1949 1 1 1 0 0 0 0 0 0
1950 2 0 0 0 0 0 0 0 0
1955 3 0 0 1 0 0 0 0 0
1965 9 1 1 1 0 0 1 0 0
1971 24 1 0 2 1 1 0 0 0
1972 32 1 1 15 0 0 7 0 0
1975 5 0 0 3 0 0 1 0 0
1976 1 0 0 0 0 0 0 0 0
1977 1 0 0 0 0 0 1 0 0
1979 19 0 0 0 0 0 0 0 0
1980 26 1 1 7 1 1 0 0 0
1984 2 0 0 0 0 0 0 0 0
1990 1 0 0 0 0 0 0 0 0
1992 5 0 0 2 0 0 1 0 0
1993 1 0 0 0 0 0 0 0 0
1995 4 1 1 1 0 0 1 0 0
1997 3 0 0 0 0 0 0 0 0
1999 3 0 0 1 0 0 0 0 0
2000 1 0 0 1 0 0 0 0 0
2001 3 0 0 0 0 0 0 0 0
2013 2 1 1 0 0 0 0 0 0
2014 3 0 0 1 0 0 1 0 0
2015 4 0 0 2 0 0 0 0 0
2026 4 0 0 1 1 0 1 1 1
2027 3 1 1 0 0 0 1 0 0
2028 8 0 0 0 0 0 1 0 0
2038 2 1 0 1 0 0 0 0 0
2039 2 0 0 1 0 0 0 0 0
2040 5 1 1 1 0 0 0 0 0
2042 1 0 0 0 0 0 0 0 0
2047 2 0 0 1 0 0 0 0 0
2246 4 1 1 1 0 0 1 0 0
2250 4 0 0 3 0 0 2 1 0
2256 2 0 0 1 0 0 1 1 0
2259 2 0 0 1 0 0 0 0 0
2267 2 0 0 1 0 0 0 0 0
2279 4 1 1 1 0 0 0 0 0
2282 3 0 0 1 0 0 1 0 0
2284 4 0 0 3 0 0 0 0 0
2285 7 1 1 2 2 0 1 0 0
2292 1 0 0 1 0 0 0 0 0
2293 24 0 0 0 0 0 0 0 0
2295 14 0 0 14 1 0 0 0 0
2300 14 1 1 14 7 0 0 0 0
2302 8 0 0 0 0 0 0 0 0
2304 8 1 0 0 0 0 1 1 0
2305 1 0 0 1 0 0 0 0 0
2308 21 0 0 7 0 0 7 0 0
2310 18 0 0 1 1 0 0 0 0
2311 43 0 0 12 6 1 0 0 0
2315 20 1 1 9 3 0 0 0 0
2316 6 0 0 0 0 0 0 0 0
2325 4 0 0 2 2 0 0 0 0
2329 5 1 1 2 0 0 0 0 0
2331 6 0 0 2 0 0 2 0 0
2338 3 0 0 0 0 0 0 0 0
2341 4 1 1 2 0 0 0 0 0
2345 7 0 0 3 2 0 0 0 0
2347 1 0 0 0 0 0 0 0 0
2357 2 1 0 0 0 0 1 0 0
2362 3 1 1 1 1 0 0 0 0
2365 1 0 0 0 0 0 0 0 0
2371 3 0 0 1 0 0 1 0 0
2372 8 0 0 3 1 1 0 0 0
2380 5 0 0 2 0 0 0 0 0
2387 1 0 0 0 0 0 0 0 0
2390 3 1 1 0 0 0 0 0 0
2394 3 0 0 0 0 0 0 0 0
2395 1 0 0 0 0 0 1 0 0
2396 1 0 0 0 0 0 0 0 0
2397 1 0 0 0 0 0 0 0 0
2401 1 0 0 0 0 0 0 0 0
2406 9 1 1 12 2 2 0 0 0
2598 5 0 0 1 0 0 2 0 0
2600 1 0 0 0 0 0 0 0 0
2602 10 0 0 0 0 0 0 0 0
2604 2 0 0 0 0 0 0 0 0
2606 84 0 0 21 0 0 0 0 0
2607 19 1 1 0 0 0 0 0 0
2609 4 0 0 0 0 0 0 0 0
2615 15 2 2 0 0 0 0 0 0
2640 5 1 1 1 0 0 0 0 0
2650 11 2 2 2 0 0 0 0 0
2652 2 0 0 0 0 0 1 0 0
2653 1 0 0 0 0 0 0 0 0
2687 12 1 1 2 0 0 0 0 0
2689 2 0 0 0 0 0 1 0 0
2690 3 1 1 0 0 0 1 0 0
2691 1 0 0 0 0 0 0 0 0
2727 5 2 2 1 0 0 0 0 0
2749 3 1 1 1 0 0 0 0 0
fn=do_preload
804 7 1 1 0 0 0 6 0 0
810 1 0 0 0 0 0 2 0 0
811 1 0 0 0 0 0 1 0 0
812 2 0 0 0 0 0 1 0 0
814 3 0 0 1 0 0 0 0 0
816 7 1 1 0 0 0 0 0 0
817 2 0 0 1 0 0 0 0 0
825 3 0 0 1 0 0 0 0 0
831 4 0 0 6 0 0 0 0 0
fn=handle_preload_list
183 7 0 0 1 0 0 2 0 0
869 7 1 1 0 0 0 6 2 2
870 4 1 1 0 0 0 2 0 0
874 4 0 0 2 0 0 0 0 0
877 5 1 1 0 0 0 0 0 0
878 3 0 0 0 0 0 0 0 0
880 5 0 0 0 0 0 0 0 0
881 1 0 0 0 0 0 1 0 0
887 1 1 1 0 0 0 0 0 0
888 1 0 0 1 0 0 0 0 0
889 2 0 0 0 0 0 0 0 0
891 2 0 0 1 0 0 0 0 0
892 5 0 0 0 0 0 0 0 0
895 9 1 1 10 0 0 0 0 0
fn=init_tls
734 5 1 1 0 0 0 6 0 0
736 4 1 1 1 0 0 1 0 0
740 2 0 0 1 0 0 0 0 0
746 1 0 0 0 0 0 0 0 0
749 1 1 1 0 0 0 1 0 0
751 1 0 0 0 0 0 0 0 0
755 1 0 0 0 0 0 0 0 0
756 1 0 0 0 0 0 1 0 0
757 1 0 0 0 0 0 1 0 0
761 2 0 0 1 1 1 0 0 0
762 2 0 0 0 0 0 0 0 0
763 9 0 0 1 1 0 0 0 0
764 7 0 0 7 1 0 0 0 0
765 14 0 0 7 7 0 0 0 0
769 6 0 0 0 0 0 2 1 1
773 5 1 1 1 0 0 0 0 0
776 2 0 0 0 0 0 0 0 0
779 1 0 0 0 0 0 0 0 0
786 2 0 0 0 0 0 0 0 0
787 1 0 0 0 0 0 0 0 0
793 2 0 0 1 0 0 1 0 0
797 3 0 0 0 0 0 1 0 0
800 5 1 1 6 0 0 0 0 0
fn=map_doit
641 4 1 1 0 0 0 3 1 1
643 3 0 0 1 0 0 0 0 0
644 6 1 1 2 0 0 1 0 0
646 3 0 0 3 0 0 0 0 0
fn=version_check_doit
674 4 1 1 0 0 0 3 0 0
676 6 1 1 2 0 0 0 0 0
680 3 0 0 3 0 0 0 0 0
fl=./elf/./get-dynamic-info.h
fn=_dl_start
45 44 0 0 22 6 6 0 0 0
49 42 0 0 0 0 0 0 0 0
51 12 0 0 0 0 0 0 0 0
52 8 0 0 0 0 0 0 0 0
53 1 0 0 0 0 0 0 0 0
54 19 1 1 0 0 0 0 0 0
55 12 0 0 0 0 0 0 0 0
56 4 1 1 0 0 0 0 0 0
59 5 0 0 0 0 0 0 0 0
62 4 1 1 0 0 0 0 0 0
64 3 0 0 0 0 0 0 0 0
68 23 1 1 0 0 0 21 8 8
72 2 0 0 0 0 0 0 0 0
84 2 0 0 1 0 0 0 0 0
85 6 1 1 2 0 0 1 0 0
86 6 0 0 2 0 0 1 0 0
87 6 0 0 2 0 0 1 0 0
88 3 1 1 1 1 1 0 0 0
89 6 0 0 2 0 0 1 0 0
90 6 1 1 2 0 0 1 0 0
91 6 0 0 2 0 0 1 0 0
103 8 1 1 2 0 0 1 0 0
110 2 0 0 1 0 0 0 0 0
115 3 0 0 1 0 0 0 0 0
122 2 1 1 1 0 0 0 0 0
123 5 0 0 2 0 0 0 0 0
129 2 0 0 1 0 0 0 0 0
133 3 1 1 1 0 0 0 0 0
134 2 0 0 1 0 0 0 0 0
139 5 0 0 2 0 0 0 0 0
142 6 0 0 2 0 0 0 0 0
fn=dl_main
39 2 1 1 1 0 0 0 0 0
43 1 0 0 0 0 0 0 0 0
45 56 0 0 28 8 8 0 0 0
49 54 0 0 0 0 0 0 0 0
51 8 0 0 0 0 0 0 0 0
52 6 0 0 0 0 0 0 0 0
53 1 0 0 0 0 0 0 0 0
54 13 1 1 0 0 0 0 0 0
55 7 1 1 0 0 0 0 0 0
56 4 1 1 0 0 0 0 0 0
59 5 0 0 0 0 0 0 0 0
62 4 1 1 0 0 0 0 0 0
64 3 0 0 0 0 0 0 0 0
68 27 1 1 0 0 0 27 6 6
72 2 0 0 1 0 0 0 0 0
110 2 0 0 1 0 0 0 0 0
115 3 0 0 1 0 0 0 0 0
122 2 1 1 1 0 0 0 0 0
123 4 0 0 2 0 0 0 0 0
129 2 1 1 1 1 1 0 0 0
147 2 0 0 1 0 0 0 0 0
162 2 1 1 1 1 1 0 0 0
184 2 0 0 1 0 0 0 0 0
fl=./elf/./setup-vdso.h
fn=dl_main
24 3 0 0 1 0 0 0 0 0
fl=./elf/./tlsdeschtab.h
fn=_dl_make_tlsdesc_dynamic
49 1 0 0 1 0 0 0 0 0
50 4 0 0 1 0 0 0 0 0
56 3 1 1 1 1 1 0 0 0
62 4 0 0 1 1 1 0 0 0
77 3 0 0 1 1 1 0 0 0
86 6 1 1 0 0 0 6 0 0
91 1 0 0 1 0 0 0 0 0
92 1 0 0 0 0 0 0 0 0
97 2 0 0 0 0 0 1 0 0
100 1 1 1 1 0 0 0 0 0
112 1 0 0 0 0 0 1 0 0
113 1 0 0 0 0 0 0 0 0
118 3 0 0 3 0 0 1 0 0
119 1 0 0 0 0 0 2 0 0
121 4 1 1 6 0 0 0 0 0
fl=./iconv/../iconv/loop.c
fn=__gconv_transform_ascii_internal
230 264 1 1 0 0 0 0 0 0
232 132 0 0 0 0 0 0 0 0
238 448 0 0 0 0 0 0 0 0
251 660 0 0 0 0 0 0 0 0
252 220 0 0 0 0 0 0 0 0
265 1704 2 2 348 0 0 92 2 2
269 132 0 0 0 0 0 132 0 0
fn=__gconv_transform_internal_utf8
230 5 5 1 0 0 0 0 0 0
232 5 0 0 0 0 0 10 0 0
238 50 5 1 0 0 0 0 0 0
243 30 0 0 0 0 0 0 0 0
244 15 0 0 0 0 0 0 0 0
251 30 0 0 0 0 0 0 0 0
265 135 0 0 15 0 0 45 0 0
269 5 0 0 0 0 0 5 0 0
270 15 0 0 30 0 0 0 0 0
297 65 5 1 5 0 0 35 0 0
fn=__gconv_transform_utf8_internal
230 2620 0 0 0 0 0 0 0 0
231 1310 0 0 0 0 0 0 0 0
232 1310 0 0 0 0 0 0 0 0
238 70424 0 0 0 0 0 0 0 0
251 67804 0 0 0 0 0 0 0 0
252 33902 0 0 0 0 0 0 0 0
265 237314 655 211 33902 0 0 33902 981 235
269 1310 655 210 0 0 0 1310 0 0
297 2620 655 211 1310 0 0 0 0 0
fl=./iconv/../iconv/skeleton.c
fn=__gconv_transform_ascii_internal
331 2376 2 2 264 0 0 1584 0 0
332 264 0 0 0 0 0 264 0 0
333 132 0 0 0 0 0 0 0 0
334 132 0 0 0 0 0 0 0 0
337 264 0 0 132 0 0 0 0 0
347 132 1 1 0 0 0 0 0 0
443 528 1 1 132 0 0 264 0 0
444 132 0 0 132 0 0 0 0 0
448 132 0 0 0 0 0 132 0 0
449 660 0 0 0 0 0 132 0 0
493 132 0 0 132 0 0 0 0 0
499 264 0 0 132 0 0 0 0 0
500 132 0 0 0 0 0 0 0 0
518 132 0 0 0 0 0 0 0 0
525 396 0 0 264 0 0 132 0 0
529 132 0 0 0 0 0 0 0 0
532 132 0 0 0 0 0 132 0 0
536 528 1 1 264 0 0 132 0 0
538 264 0 0 264 0 0 0 0 0
547 264 0 0 0 0 0 132 0 0
663 2108 2 2 1716 0 0 0 0 0
fn=__gconv_transform_internal_utf8
331 95 10 2 10 0 0 55 4 0
332 5 0 0 0 0 0 0 0 0
333 5 0 0 0 0 0 0 0 0
334 5 0 0 0 0 0 0 0 0
337 10 0 0 5 0 0 0 0 0
347 5 5 1 0 0 0 0 0 0
443 20 0 0 5 0 0 10 0 0
444 5 0 0 5 0 0 0 0 0
448 5 0 0 0 0 0 5 1 0
449 15 0 0 0 0 0 0 0 0
459 5 0 0 0 0 0 0 0 0
462 20 5 1 10 0 0 0 0 0
518 5 0 0 0 0 0 0 0 0
525 15 0 0 10 0 0 5 0 0
529 5 0 0 0 0 0 0 0 0
532 5 0 0 0 0 0 5 0 0
536 55 10 2 25 0 0 5 0 0
637 25 0 0 10 0 0 0 0 0
663 75 10 2 65 0 0 0 0 0
fn=__gconv_transform_utf8_internal
331 23580 1310 417 2620 0 0 18340 1569 12
332 2620 0 0 0 0 0 2620 0 0
333 2620 0 0 0 0 0 1310 0 0
334 1310 0 0 0 0 0 0 0 0
337 2620 0 0 1310 0 0 0 0 0
347 1310 655 209 0 0 0 0 0 0
443 3930 0 0 1310 0 0 0 0 0
444 1310 0 0 1310 0 0 0 0 0
448 1310 0 0 0 0 0 2620 0 0
449 5240 0 0 1310 0 0 0 0 0
459 2620 0 0 1310 0 0 0 0 0
462 5240 655 210 2620 0 0 0 0 0
518 1310 0 0 0 0 0 0 0 0
525 3930 0 0 2620 0 0 1310 0 0
529 1310 655 210 0 0 0 0 0 0
532 1310 0 0 0 0 0 1310 0 0
536 6550 1309 415 3930 0 0 1310 0 0
637 5240 0 0 1310 0 0 0 0 0
663 20960 1310 418 19650 0 0 0 0 0
fl=./iconv/../sysdeps/unix/sysv/linux/not-cancel.h
fn=__gconv_load_cache
75 2 0 0 0 0 0 0 0 0
fl=./iconv/./iconv/gconv_builtin.c
fn=__gconv_get_builtin_trans
62 16 1 1 0 0 0 14 0 0
65 29 0 0 0 0 0 0 0 0
66 57 1 1 11 4 4 0 0 0
71 6 1 1 2 0 0 2 0 0
73 4 0 0 0 0 0 2 0 0
75 2 0 0 0 0 0 2 0 0
78 2 0 0 2 0 0 0 0 0
79 4 0 0 2 0 0 4 0 0
80 2 0 0 2 0 0 0 0 0
81 4 0 0 2 0 0 4 0 0
84 2 0 0 0 0 0 2 0 0
85 10 0 0 14 0 0 0 0 0
fl=./iconv/./iconv/gconv_cache.c
fn=__gconv_compare_alias_cache
223 48 12 2 12 0 0 18 0 0
227 18 0 0 6 0 0 0 0 0
230 48 0 0 0 0 0 18 0 0
231 24 5 1 0 0 0 0 0 0
232 6 0 0 12 0 0 0 0 0
234 24 3 1 12 0 0 6 0 0
236 12 0 0 6 0 0 0 0 0
237 60 0 0 30 0 0 0 0 0
fn=__gconv_load_cache
49 8 1 1 2 0 0 3 0 0
56 5 1 1 0 0 0 1 0 0
57 1 0 0 0 0 0 0 0 0
61 7 1 1 0 0 0 2 0 0
62 2 0 0 0 0 0 0 0 0
67 3 0 0 0 0 0 0 0 0
70 3 0 0 1 0 0 0 0 0
78 4 0 0 0 0 0 3 0 0
80 7 1 1 0 0 0 1 0 0
81 2 0 0 0 0 0 0 0 0
113 2 0 0 1 0 0 0 0 0
114 5 0 0 1 1 1 0 0 0
115 4 1 1 2 0 0 0 0 0
116 3 0 0 1 0 0 0 0 0
117 2 0 0 1 0 0 0 0 0
118 2 0 0 0 0 0 0 0 0
119 1 0 0 0 0 0 0 0 0
121 3 0 0 1 0 0 0 0 0
122 5 1 1 5 0 0 0 0 0
139 1 0 0 0 0 0 0 0 0
140 10 0 0 5 0 0 0 0 0
fn=__gconv_lookup_cache
243 22 2 2 4 0 0 18 0 0
253 6 0 0 2 1 1 0 0 0
258 10 0 0 2 1 1 0 0 0
259 2 0 0 0 0 0 0 0 0
260 2 1 1 2 0 0 0 0 0
262 14 0 0 0 0 0 8 0 0
263 22 0 0 6 0 0 2 0 0
266 2 0 0 0 0 0 0 0 0
268 10 2 2 0 0 0 0 0 0
269 18 0 0 6 0 0 0 0 0
272 6 0 0 0 0 0 2 0 0
275 10 1 1 2 0 0 0 0 0
279 3 0 0 0 0 0 0 0 0
354 2 0 0 1 1 1 0 0 0
355 4 1 1 1 0 0 0 0 0
361 8 1 1 0 0 0 3 0 0
362 2 0 0 0 0 0 0 0 0
365 3 0 0 1 0 0 2 0 0
366 3 0 0 0 0 0 3 0 0
369 1 0 0 0 0 0 0 0 0
371 3 0 0 3 0 0 0 0 0
372 3 0 0 0 0 0 2 0 0
374 2 0 0 0 0 0 1 0 0
375 1 1 1 0 0 0 1 1 1
378 4 0 0 2 0 0 0 0 0
381 1 0 0 0 0 0 0 0 0
382 1 0 0 1 0 0 0 0 0
394 6 1 1 1 0 0 1 0 0
397 2 0 0 1 0 0 0 0 0
401 4 0 0 4 0 0 0 0 0
403 1 0 0 0 0 0 0 0 0
405 4 0 0 0 0 0 0 0 0
406 3 0 0 1 0 0 2 0 0
408 2 0 0 0 0 0 1 1 1
409 1 0 0 0 0 0 1 1 1
412 5 1 1 3 0 0 0 0 0
415 1 0 0 0 0 0 0 0 0
416 1 0 0 1 0 0 0 0 0
430 2 0 0 0 0 0 0 0 0
433 6 1 1 5 0 0 1 0 0
437 28 0 0 22 0 0 0 0 0
fn=find_module_idx
145 144 2 2 0 0 0 192 1 0
154 48 0 0 16 0 0 0 0 0
155 16 0 0 16 1 0 0 0 0
157 16 0 0 16 0 0 0 0 0
159 16 0 0 0 0 0 0 0 0
160 48 0 0 16 0 0 0 0 0
161 64 0 0 0 0 0 0 0 0
163 48 2 2 32 0 0 0 0 0
164 144 2 2 32 7 6 0 0 0
165 64 0 0 0 0 0 0 0 0
166 160 0 0 0 0 0 0 0 0
168 32 4 2 16 1 1 16 0 0
172 16 0 0 0 0 0 0 0 0
173 64 0 0 0 0 0 0 0 0
177 112 0 0 192 0 0 0 0 0
fl=./iconv/./iconv/gconv_conf.c
fn=__gconv_load_conf
527 16 7 2 0 0 0 16 0 0
528 48 0 0 0 0 0 0 0 0
529 8 7 2 16 0 0 0 0 0
fn=__gconv_read_conf
463 8 2 2 2 0 0 3 0 0
464 6 0 0 2 0 0 3 0 0
468 2 0 0 0 0 0 0 0 0
471 3 0 0 3 0 0 1 0 0
514 10 1 1 5 0 0 0 0 0
fl=./iconv/./iconv/gconv_db.c
fn=__gconv_compare_alias
688 66 6 1 12 0 0 30 0 0
692 6 0 0 0 0 0 0 0 0
694 30 4 1 0 0 0 0 0 0
698 6 0 0 6 0 0 0 0 0
699 66 0 0 42 0 0 0 0 0
fn=__gconv_find_transform
706 34 2 2 4 0 0 22 0 0
712 2 0 0 0 0 0 0 0 0
715 16 0 0 0 0 0 0 0 0
717 14 1 1 0 0 0 0 0 0
718 4 0 0 0 0 0 0 0 0
721 14 1 1 0 0 0 0 0 0
763 30 1 1 26 0 0 0 0 0
fl=./iconv/./iconv/gconv_simple.c
fn=__gconv_btwoc_ascii
49 384 1 1 0 0 0 256 0 0
51 128 0 0 0 0 0 0 0 0
54 384 0 0 256 0 0 0 0 0
fl=./intl/../include/../locale/localeinfo.h
fn=__dcigettext
222 3918 653 209 653 653 210 0 0 0
fl=./intl/../string/argz.h
fn=_nl_make_l10nflist
138 20 0 0 5 0 0 5 0 0
139 20 0 0 0 0 0 0 0 0
141 20 0 0 5 0 0 0 0 0
144 20 1 1 0 0 0 0 0 0
fl=./intl/../string/bits/string_fortified.h
fn=__dcigettext
45 4571 0 0 653 0 0 653 0 0
fn=_nl_make_l10nflist
29 48 4 1 0 0 0 0 0 0
fl=./intl/./intl/dcgettext.c
fn=dcgettext
46 1306 653 209 0 0 0 1306 0 0
47 3265 0 0 0 0 0 0 0 0
48 653 0 0 1306 0 0 0 0 0
fl=./intl/./intl/dcigettext.c
fn=__dcigettext
485 9795 1306 417 1306 651 9 10448 711 1
494 653 0 0 0 0 0 653 10 0
508 653 0 0 0 0 0 0 0 0
512 3265 0 0 0 0 0 0 0 0
517 653 653 204 0 0 0 0 0 0
521 4571 653 208 1306 0 0 1959 205 0
525 1959 0 0 0 0 0 0 0 0
528 2612 0 0 0 0 0 0 0 0
534 2612 653 208 653 281 207 0 0 0
544 653 0 0 0 0 0 653 0 0
545 653 0 0 0 0 0 653 0 0
546 653 0 0 0 0 0 653 0 0
547 653 0 0 0 0 0 653 0 0
551 2612 0 0 0 0 0 653 10 0
560 653 0 0 0 0 0 653 0 0
567 1959 0 0 0 0 0 0 0 0
569 5224 653 207 0 0 0 653 0 0
571 1306 0 0 0 0 0 0 0 0
573 653 0 0 0 0 0 0 0 0
601 3265 653 209 1306 652 209 0 0 0
616 1959 653 207 0 0 0 0 0 0
650 3265 653 208 0 0 0 653 0 0
651 9795 653 207 0 0 0 653 0 0
655 3918 653 206 0 0 0 653 0 0
660 9142 653 207 0 0 0 653 0 0
669 1959 0 0 653 0 0 0 0 0
671 653 0 0 0 0 0 0 0 0
682 653 653 204 0 0 0 0 0 0
683 2612 0 0 653 0 0 0 0 0
684 653 653 203 0 0 0 653 0 0
685 653 0 0 0 0 0 653 0 0
689 4571 0 0 1959 904 411 653 0 0
696 1959 0 0 653 0 0 0 0 0
697 2612 653 206 653 0 0 0 0 0
698 1959 0 0 0 0 0 653 0 0
710 1306 0 0 0 0 0 653 0 0
832 653 0 0 0 0 0 0 0 0
834 1306 653 207 653 0 0 0 0 0
836 2612 0 0 0 0 0 0 0 0
838 1959 0 0 0 0 0 0 0 0
853 1959 0 0 1959 0 0 653 0 0
857 3265 653 207 1306 0 0 0 0 0
858 10448 0 0 9795 0 0 0 0 0
1536 1959 0 0 0 0 0 0 0 0
1569 4571 653 207 1306 653 206 0 0 0
1570 653 0 0 0 0 0 0 0 0
fl=./intl/./intl/explodename.c
fn=_nl_explode_name
46 126 6 1 12 0 0 12 0 0
47 6 0 0 0 0 0 0 0 0
58 30 6 1 0 0 0 36 0 0
62 6 0 0 0 0 0 6 0 0
63 6 0 0 0 0 0 6 0 0
64 6 0 0 0 0 0 6 0 0
65 6 0 0 0 0 0 6 0 0
69 12 6 1 0 0 0 0 0 0
70 6 0 0 0 0 0 6 0 0
73 12 0 0 0 0 0 0 0 0
91 18 0 0 6 0 0 0 0 0
94 12 4 1 0 0 0 6 0 0
95 18 0 0 0 0 0 6 0 0
97 150 0 0 36 0 0 6 0 0
98 30 1 1 0 0 0 0 0 0
100 6 0 0 0 0 0 0 0 0
102 12 0 0 0 0 0 0 0 0
104 42 0 0 6 0 0 18 0 0
106 6 0 0 0 0 0 0 0 0
108 30 2 1 12 0 0 0 0 0
111 12 0 0 6 0 0 0 0 0
116 42 0 0 18 0 0 0 0 0
126 12 0 0 6 0 0 0 0 0
129 18 4 1 12 0 0 0 0 0
130 18 0 0 0 0 0 0 0 0
133 30 0 0 36 0 0 0 0 0
fl=./intl/./intl/hash-string.c
fn=__hash_string
32 32 5 2 0 0 0 32 0 0
37 16 0 0 0 0 0 0 0 0
38 276 0 0 130 1 1 0 0 0
41 228 4 2 0 0 0 0 0 0
42 114 0 0 0 0 0 0 0 0
46 342 0 0 0 0 0 0 0 0
50 32 0 0 32 0 0 0 0 0
fl=./intl/./intl/l10nflist.c
fn=_nl_make_l10nflist
73 4 0 0 0 0 0 0 0 0
74 39 0 0 0 0 0 0 0 0
76 36 1 1 0 0 0 0 0 0
77 24 1 1 0 0 0 0 0 0
79 12 0 0 0 0 0 0 0 0
96 36 0 0 0 0 0 0 0 0
98 24 0 0 0 0 0 0 0 0
99 24 0 0 0 0 0 0 0 0
101 24 0 0 0 0 0 0 0 0
102 36 0 0 0 0 0 0 0 0
140 20 0 0 0 0 0 0 0 0
141 20 0 0 0 0 0 0 0 0
142 12 1 1 0 0 0 0 0 0
143 4 0 0 0 0 0 0 0 0
157 192 5 2 0 0 0 192 0 0
166 60 0 0 0 0 0 0 0 0
167 48 0 0 0 0 0 0 0 0
169 48 0 0 0 0 0 12 0 0
171 72 3 1 8 0 0 0 0 0
173 84 0 0 8 0 0 12 0 0
175 60 3 1 0 0 0 12 0 0
176 36 0 0 12 0 0 0 0 0
178 12 0 0 0 0 0 0 0 0
188 36 2 1 0 0 0 12 0 0
189 24 0 0 0 0 0 0 0 0
191 24 0 0 12 0 0 0 0 0
196 12 0 0 0 0 0 0 0 0
198 16 0 0 0 0 0 8 0 0
199 16 6 1 8 0 0 0 0 0
201 24 6 1 12 0 0 0 0 0
203 16 0 0 0 0 0 8 0 0
204 16 0 0 8 0 0 0 0 0
206 24 0 0 12 0 0 0 0 0
212 24 0 0 0 0 0 12 0 0
213 36 0 0 12 0 0 0 0 0
217 12 6 1 0 0 0 0 0 0
218 80 0 0 40 1 1 12 0 0
219 52 0 0 26 0 0 0 0 0
221 52 0 0 0 0 0 0 0 0
222 52 0 0 0 0 0 0 0 0
225 19 0 0 0 0 0 0 0 0
232 16 0 0 0 0 0 0 0 0
235 10 1 1 5 0 0 0 0 0
237 16 5 0 0 0 0 0 0 0
238 8 0 0 0 0 0 0 0 0
242 12 0 0 0 0 0 0 0 0
243 16 0 0 0 0 0 4 0 0
244 12 1 1 4 0 0 0 0 0
245 4 0 0 0 0 0 0 0 0
251 12 0 0 0 0 0 4 1 1
255 4 0 0 0 0 0 4 0 0
256 36 0 0 0 0 0 0 0 0
258 4 0 0 0 0 0 4 1 1
260 8 1 1 0 0 0 0 0 0
262 6 0 0 3 0 0 3 0 0
263 6 0 0 3 0 0 3 0 0
267 2 0 0 1 0 0 1 0 0
268 1 0 0 0 0 0 1 0 0
275 12 0 0 0 0 0 0 0 0
276 25 0 0 0 0 0 0 0 0
277 20 0 0 0 0 0 0 0 0
284 5 0 0 0 0 0 0 0 0
285 95 1 1 35 0 0 30 0 0
290 24 1 1 4 0 0 0 0 0
291 4 0 0 0 0 0 0 0 0
292 8 0 0 0 0 0 0 0 0
300 8 0 0 0 0 0 4 0 0
303 108 4 1 144 0 0 0 0 0
fn=_nl_normalize_codeset
311 72 7 1 0 0 0 72 0 0
312 12 6 1 0 0 0 0 0 0
313 12 0 0 0 0 0 0 0 0
323 192 0 0 0 0 0 0 0 0
324 300 0 0 132 5 2 0 0 0
326 48 0 0 0 0 0 0 0 0
328 60 0 0 0 0 0 0 0 0
329 96 0 0 0 0 0 0 0 0
332 48 7 1 0 0 0 0 0 0
334 12 0 0 0 0 0 0 0 0
341 180 0 0 0 0 0 0 0 0
342 264 7 1 120 0 0 0 0 0
343 192 0 0 60 3 2 36 0 0
344 108 0 0 0 0 0 0 0 0
345 24 0 0 0 0 0 12 0 0
347 12 0 0 0 0 0 12 0 0
351 48 0 0 72 0 0 0 0 0
fl=./intl/./intl/localealias.c
fn=_nl_expand_alias
146 42 1 1 0 0 0 60 0 0
149 6 0 0 0 0 0 0 0 0
152 48 0 0 0 0 0 0 0 0
154 24 1 1 6 0 0 0 0 0
155 4 1 1 0 0 0 1 0 0
163 24 0 0 6 1 0 0 0 0
181 28 2 0 7 1 1 0 0 0
185 5 2 2 0 0 0 0 0 0
189 30 0 0 24 0 0 0 0 0
190 53 0 0 0 0 0 0 0 0
191 17 0 0 0 0 0 0 0 0
193 2 1 1 0 0 0 0 0 0
194 4 0 0 0 0 0 1 0 0
199 42 0 0 0 0 0 0 0 0
202 43 1 0 60 0 0 0 0 0
413 6 0 0 0 0 0 0 0 0
fn=read_alias_file
207 15 2 2 2 0 0 13 0 0
213 12 1 1 0 0 0 1 0 0
215 11 0 0 2 0 0 2 0 0
225 4 1 1 0 0 0 0 0 0
230 1 0 0 0 0 0 0 0 0
231 2 1 1 0 0 0 0 0 0
387 16 2 2 15 0 0 0 0 0
fl=./io/../sysdeps/posix/isatty.c
fn=isatty
24 6960 870 865 1740 21 0 2610 0 0
27 3480 0 0 0 0 0 0 0 0
28 8700 870 854 4350 0 0 0 0 0
fl=./io/../sysdeps/unix/syscall-template.S
fn=chdir
120 10 2 2 0 0 0 0 0 0
122 2 0 0 0 0 0 0 0 0
fl=./io/../sysdeps/unix/sysv/linux/access.c
fn=access
25 3 1 1 0 0 0 2 1 0
29 9 1 1 0 0 0 1 0 0
31 3 0 0 2 0 0 0 0 0
fl=./io/../sysdeps/unix/sysv/linux/close.c
fn=close
26 2592 864 861 0 0 0 2592 0 0
27 8640 864 864 864 0 0 0 0 0
28 3456 0 0 2592 0 0 0 0 0
fl=./io/../sysdeps/unix/sysv/linux/close_nocancel.c
fn=__GI___close_nocancel
25 86 33 22 0 0 0 86 0 0
26 215 0 0 0 0 0 0 0 0
27 86 22 22 86 0 0 0 0 0
fn=__close_nocancel
25 426 212 197 0 0 0 426 0 0
26 1065 211 185 0 0 0 0 0 0
27 426 0 0 426 0 0 0 0 0
fl=./io/../sysdeps/unix/sysv/linux/fcntl64.c
fn=fcntl
38 40 4 2 8 7 0 24 0 0
42 24 0 0 0 0 0 20 0 0
48 12 4 2 0 0 0 0 0 0
51 12 4 2 0 0 0 0 0 0
52 48 4 2 28 0 0 0 0 0
fl=./io/../sysdeps/unix/sysv/linux/fcntl_nocancel.c
fn=__fcntl64_nocancel_adjusted
51 32 4 2 8 0 0 12 0 0
52 8 0 0 0 0 0 0 0 0
55 4 0 0 0 0 0 0 0 0
63 20 4 2 0 0 0 0 0 0
64 40 0 0 20 0 0 0 0 0
fl=./io/../sysdeps/unix/sysv/linux/fstat64.c
fn=fstat
30 3976 1977 900 0 0 0 3976 22 22
39 9940 0 0 0 0 0 0 0 0
72 3976 1939 11 3976 0 0 0 0 0
fl=./io/../sysdeps/unix/sysv/linux/fstatat64.c
fn=fstatat
91 16072 4016 886 0 0 0 0 0 0
146 8036 4018 880 0 0 0 8036 0 0
160 3906 0 0 651 638 0 651 140 0
161 12054 0 0 0 0 0 0 0 0
162 8036 0 0 8036 0 0 0 0 0
fl=./io/../sysdeps/unix/sysv/linux/getcwd.c
fn=getcwd
49 33 3 3 6 3 1 15 2 2
55 3 0 0 0 0 0 0 0 0
66 6 3 3 6 0 0 0 0 0
76 3 0 0 0 0 0 3 0 0
80 15 3 3 3 0 0 0 0 0
81 18 3 3 6 0 0 0 0 0
84 9 3 3 6 0 0 0 0 0
88 15 3 3 6 0 0 3 0 0
131 33 3 3 18 0 0 0 0 0
fl=./io/../sysdeps/unix/sysv/linux/lseek64.c
fn=lseek
28 3474 873 778 0 0 0 3474 0 0
40 10440 3 1 3 0 0 3 0 0
42 3474 871 721 3474 0 0 0 0 0
fl=./io/../sysdeps/unix/sysv/linux/lstat64.c
fn=lstat
28 4 2 2 0 0 0 4 0 0
29 10 0 0 0 0 0 0 0 0
30 2 2 2 4 0 0 0 0 0
fl=./io/../sysdeps/unix/sysv/linux/open64.c
fn=open
30 11375 874 735 1750 867 858 6125 0 0
33 6119 873 794 0 0 0 0 0 0
36 6 1 1 0 0 0 5 0 0
41 11424 875 819 884 5 0 8 1 0
43 11375 8 4 7000 0 0 0 0 0
fl=./io/../sysdeps/unix/sysv/linux/open64_nocancel.c
fn=__open_nocancel
28 2639 444 424 428 211 175 1027 27 25
31 1897 0 0 0 0 0 0 0 0
39 1446 33 33 5 0 0 19 3 0
41 2254 210 200 1184 0 0 0 0 0
fl=./io/../sysdeps/unix/sysv/linux/read.c
fn=read
25 5220 872 513 0 0 0 6960 1 0
26 17400 875 654 1740 0 0 0 0 0
27 6960 0 0 6960 0 0 0 0 0
fl=./io/../sysdeps/unix/sysv/linux/read_nocancel.c
fn=__read_nocancel
25 74 36 23 0 0 0 74 0 0
26 185 33 23 0 0 0 0 0 0
27 74 0 0 74 0 0 0 0 0
fl=./io/../sysdeps/unix/sysv/linux/readlink.c
fn=readlink
28 24 2 2 0 0 0 12 0 0
32 72 2 2 5 1 0 5 1 0
34 12 2 2 12 0 0 0 0 0
fl=./io/../sysdeps/unix/sysv/linux/stat64.c
fn=stat
28 8032 4014 877 0 0 0 8032 0 0
29 20080 0 0 0 0 0 0 0 0
30 4016 0 0 8032 0 0 0 0 0
fl=./io/../sysdeps/unix/sysv/linux/statfs64.c
fn=statfs
30 2 1 1 0 0 0 2 0 0
34 10 1 1 1 0 0 1 0 0
36 2 0 0 2 0 0 0 0 0
fl=./io/../sysdeps/unix/sysv/linux/write.c
fn=write
25 60 20 13 0 0 0 80 0 0
26 200 20 13 20 0 0 0 0 0
27 80 0 0 80 0 0 0 0 0
fl=./libio/../include/printf_buffer.h
fn=__vsnprintf_internal
125 1256 0 0 0 0 0 2512 217 4
127 1256 0 0 0 0 0 2512 0 0
128 2512 0 0 0 0 0 1256 16 3
137 1256 0 0 0 0 0 0 0 0
fn=__vsprintf_internal
125 13029 0 0 0 0 0 26058 3825 0
127 13029 0 0 0 0 0 26058 0 0
128 26058 0 0 0 0 0 13029 0 0
fl=./libio/../libio/libioP.h
fn=_IO_seekoff_unlocked
1025 12 0 0 0 0 0 0 0 0
1026 8 0 0 0 0 0 0 0 0
fn=ftello
979 2 1 1 0 0 0 0 0 0
fl=./libio/../string/bits/string_fortified.h
fn=_IO_file_xsgetn
29 39 2 2 0 0 0 0 0 0
fn=_IO_getline_info
29 2742 4 0 0 0 0 0 0 0
fn=getdelim
29 336 1 1 0 0 0 0 0 0
fl=./libio/./libio/filedoalloc.c
fn=_IO_file_doallocate
78 50 4 4 10 0 0 25 1 0
84 40 0 0 15 0 0 0 0 0
86 20 0 0 5 1 1 0 0 0
97 25 0 0 5 1 0 0 0 0
98 5 4 4 0 0 0 0 0 0
101 15 0 0 0 0 0 0 0 0
102 5 0 0 0 0 0 0 0 0
104 20 4 4 0 0 0 0 0 0
105 5 0 0 0 0 0 0 0 0
106 55 0 0 35 0 0 0 0 0
fl=./libio/./libio/fileno.c
fn=fileno
32 22 7 5 0 0 0 22 0 0
35 44 0 0 22 12 12 0 0 0
42 22 0 0 22 0 0 0 0 0
fl=./libio/./libio/fileops.c
fn=_IO_file_close
1165 10 4 4 0 0 0 10 0 0
1168 10 0 0 5 0 0 0 0 0
1169 5 0 0 10 0 0 0 0 0
fn=_IO_file_close_it@@GLIBC_2.17
128 15 4 4 0 0 0 15 0 0
130 15 4 4 5 0 0 0 0 0
133 10 0 0 0 0 0 0 0 0
134 25 0 0 5 0 0 10 0 0
137 5 0 0 0 0 0 0 0 0
139 10 0 0 0 0 0 0 0 0
141 5 0 0 5 0 0 0 0 0
142 35 0 0 10 2 0 0 0 0
145 15 0 0 5 0 0 0 0 0
153 25 5 4 0 0 0 0 0 0
154 20 0 0 0 0 0 15 0 0
157 10 5 4 0 0 0 0 0 0
158 15 0 0 0 0 0 5 0 0
159 10 0 0 0 0 0 5 0 0
160 15 0 0 10 0 0 5 0 0
162 10 0 0 0 0 0 0 0 0
163 20 5 4 15 0 0 0 0 0
fn=_IO_file_finish@@GLIBC_2.17
168 20 5 4 0 0 0 20 0 0
169 15 0 0 5 0 0 0 0 0
175 15 5 4 0 0 0 0 0 0
176 10 4 1 20 0 0 0 0 0
fn=_IO_file_fopen@@GLIBC_2.17
213 110 11 6 22 0 0 55 0 0
214 11 10 6 0 0 0 0 0 0
222 33 10 6 11 0 0 0 0 0
223 6 6 2 0 0 0 0 0 0
224 44 0 0 11 5 5 0 0 0
227 11 0 0 0 0 0 0 0 0
228 55 0 0 22 0 0 22 0 0
238 22 0 0 0 0 0 0 0 0
245 22 0 0 0 0 0 0 0 0
247 184 19 11 22 0 0 0 0 0
268 6 2 2 2 0 0 2 0 0
269 2 0 0 0 0 0 0 0 0
271 2 0 0 0 0 0 0 0 0
272 6 0 0 2 0 0 2 0 0
273 2 0 0 0 0 0 0 0 0
281 55 10 6 0 0 0 0 0 0
284 11 0 0 0 0 0 0 0 0
287 20 0 0 0 0 0 0 0 0
288 5 0 0 0 0 0 0 0 0
357 132 12 8 77 0 0 0 0 0
fn=_IO_file_open
182 99 10 6 0 0 0 55 0 0
184 22 11 6 11 0 0 0 0 0
185 6 0 0 0 0 0 0 0 0
188 18 0 0 0 0 0 0 0 0
189 11 0 0 0 0 0 0 0 0
190 12 6 2 0 0 0 0 0 0
191 5 0 0 0 0 0 5 0 0
192 35 0 0 5 0 0 5 0 0
195 15 4 4 0 0 0 0 0 0
205 10 5 4 0 0 0 0 0 0
206 5 0 0 0 0 0 0 0 0
207 44 0 0 55 0 0 0 0 0
fn=_IO_file_read
1131 34 7 1 0 0 0 34 0 0
1133 19 0 0 34 0 0 0 0 0
1134 32 0 0 0 0 0 0 0 0
1135 17 0 0 34 0 0 0 0 0
fn=_IO_file_seek
1140 6 1 1 0 0 0 6 0 0
1141 6 0 0 3 0 0 0 0 0
1142 3 0 0 6 0 0 0 0 0
fn=_IO_file_seekoff@@GLIBC_2.17
843 1 0 0 0 0 0 0 0 0
847 4 2 2 2 1 0 0 0 0
849 3 0 0 6 0 0 0 0 0
851 1 1 1 1 0 0 0 0 0
856 3 0 0 0 0 0 0 0 0
866 2 0 0 0 0 0 0 0 0
867 3 0 0 2 0 0 0 0 0
880 7 3 3 2 0 0 2 0 0
883 6 0 0 2 1 1 0 0 0
885 3 0 0 2 0 0 0 0 0
890 4 2 2 0 0 0 0 0 0
901 40 2 2 8 1 0 20 0 0
909 8 2 2 0 0 0 4 0 0
914 2 0 0 0 0 0 0 0 0
915 10 0 0 4 0 0 4 0 0
918 8 0 0 2 0 0 0 0 0
930 4 0 0 2 0 0 0 0 0
943 6 1 1 0 0 0 0 0 0
947 3 2 2 2 0 0 0 0 0
949 3 0 0 1 0 0 0 0 0
976 2 1 1 0 0 0 0 0 0
981 3 0 0 1 0 0 0 0 0
982 4 1 1 1 0 0 0 0 0
998 1 0 0 0 0 0 0 0 0
1002 3 1 1 2 0 0 0 0 0
1003 1 0 0 0 0 0 0 0 0
1004 1 0 0 0 0 0 0 0 0
1007 3 0 0 0 0 0 0 0 0
1009 6 1 1 2 0 0 0 0 0
1010 1 0 0 0 0 0 0 0 0
1012 1 0 0 0 0 0 0 0 0
1027 4 1 1 1 0 0 2 0 0
1029 2 0 0 0 0 0 4 0 0
1030 1 0 0 0 0 0 1 0 0
1031 3 0 0 1 0 0 1 0 0
1032 4 1 1 4 0 0 0 0 0
1035 2 0 0 0 0 0 0 0 0
1036 6 0 0 2 0 0 0 0 0
1037 2 0 0 0 0 0 0 0 0
1039 5 0 0 5 0 0 1 0 0
1040 1 0 0 0 0 0 1 0 0
1041 2 0 0 1 0 0 2 0 0
1042 2 0 0 0 0 0 4 0 0
1055 44 1 1 28 0 0 0 0 0
fn=_IO_file_stat
1147 10 3 3 0 0 0 10 1 1
1148 10 4 4 5 0 0 0 0 0
1149 5 0 0 10 0 0 0 0 0
fn=_IO_file_sync@@GLIBC_2.17
793 48 2 2 0 0 0 48 0 0
798 36 0 0 24 2 1 0 0 0
800 12 0 0 24 0 0 0 0 0
801 24 0 0 0 0 0 0 0 0
812 36 1 1 0 0 0 12 0 0
816 36 1 1 48 0 0 0 0 0
fn=_IO_file_underflow@@GLIBC_2.17
462 76 8 5 0 0 0 76 2 0
466 38 0 0 19 0 0 0 0 0
467 12 1 0 0 0 0 0 0 0
469 17 0 0 0 0 0 0 0 0
475 51 0 0 34 0 0 0 0 0
478 68 8 5 17 0 0 68 0 0
481 6 2 2 3 0 0 0 0 0
486 6 0 0 0 0 0 0 0 0
490 57 2 2 3 0 0 0 0 0
499 34 7 5 0 0 0 0 0 0
506 34 0 0 0 0 0 0 0 0
512 17 0 0 17 0 0 0 0 0
513 17 0 0 0 0 0 34 0 0
514 17 0 0 0 0 0 34 0 0
515 17 0 0 0 0 0 34 0 0
517 102 0 0 51 5 1 0 0 0
519 34 11 5 0 0 0 0 0 0
522 20 1 1 4 0 0 4 0 0
526 39 0 0 13 0 0 13 0 0
532 8 0 0 0 0 0 4 0 0
533 8 0 0 16 0 0 0 0 0
535 39 0 0 13 0 0 0 0 0
536 6 0 0 0 0 0 3 0 0
537 52 0 0 78 4 1 0 0 0
538 57 3 0 76 0 0 0 0 0
fn=_IO_file_xsgetn
1273 104 2 2 0 0 0 104 0 0
1280 26 0 0 13 0 0 0 0 0
1283 4 2 2 2 0 0 0 0 0
1288 6 2 2 0 0 0 0 0 0
1291 52 0 0 0 0 0 0 0 0
1293 32 0 0 32 0 0 0 0 0
1294 32 0 0 0 0 0 0 0 0
1297 39 0 0 13 0 0 13 0 0
1302 3 0 0 0 0 0 0 0 0
1310 6 0 0 3 0 0 0 0 0
1319 6 0 0 3 0 0 0 0 0
1320 12 0 0 3 0 0 0 0 0
1322 12 0 0 0 0 0 0 0 0
1361 65 2 2 104 0 0 0 0 0
fn=_IO_new_file_init_internal
106 44 10 6 0 0 0 44 0 0
110 22 0 0 0 0 0 11 0 0
111 44 0 0 11 0 0 11 0 0
113 11 0 0 0 0 0 0 0 0
114 11 0 0 0 0 0 11 0 0
115 33 10 6 44 0 0 0 0 0
fl=./libio/./libio/fseek.c
fn=fseek
32 8 2 2 0 0 0 7 0 0
35 2 0 0 1 0 0 0 0 0
36 7 1 1 0 0 0 0 0 0
39 6 1 1 7 0 0 0 0 0
fl=./libio/./libio/ftello.c
fn=ftello
38 5 1 1 0 0 0 5 0 0
41 2 0 0 1 0 0 0 0 0
42 6 1 1 0 0 0 0 0 0
43 2 1 1 1 0 0 0 0 0
49 2 0 0 0 0 0 0 0 0
61 5 0 0 5 0 0 0 0 0
fl=./libio/./libio/genops.c
fn=_IO_cleanup
776 6 0 0 0 0 0 2 0 0
777 12 1 1 2 0 0 2 0 0
780 10 2 2 6 0 0 0 0 0
784 3 0 0 0 0 0 3 0 0
785 30 0 0 12 0 0 6 0 0
792 4 0 0 0 0 0 0 0 0
794 4 1 1 2 0 0 0 0 0
808 2 0 0 2 0 0 0 0 0
814 5 0 0 0 0 0 3 0 0
816 25 2 2 6 0 0 6 0 0
817 3 0 0 0 0 0 3 0 0
821 10 1 1 3 0 0 2 0 0
822 2 1 1 0 0 0 0 0 0
842 12 2 2 2 2 2 11 0 0
843 2 0 0 0 0 0 0 0 0
855 15 0 0 13 0 0 0 0 0
fn=_IO_default_finish
54 10 0 0 5 0 0 0 0 0
601 20 5 4 0 0 0 15 0 0
603 10 0 0 5 0 0 0 0 0
609 10 0 0 5 0 0 0 0 0
612 10 5 4 5 0 0 0 0 0
624 15 0 0 15 0 0 0 0 0
fn=_IO_default_uflow
361 40 5 4 0 0 0 40 0 0
362 40 0 0 20 8 2 0 0 0
363 20 0 0 0 0 0 0 0 0
365 24 0 0 12 0 0 6 0 0
366 30 0 0 40 0 0 0 0 0
fn=_IO_doallocbuf
343 20 4 4 0 0 0 20 1 0
344 10 0 0 5 0 0 0 0 0
346 15 0 0 5 0 0 5 0 0
347 30 4 4 10 3 3 0 0 0
350 20 4 4 25 0 0 0 0 0
fn=_IO_flush_all
686 12 1 1 2 0 0 11 0 0
687 2 1 1 0 0 0 0 0 0
691 6 2 2 0 0 0 2 0 0
692 12 0 0 2 1 1 2 0 0
695 10 2 2 6 3 3 0 0 0
697 3 0 0 0 0 0 3 0 0
698 34 1 1 12 6 5 6 0 0
700 18 1 1 9 4 4 0 0 0
705 2 0 0 0 0 0 2 0 0
708 30 1 1 12 0 0 6 0 0
709 3 0 0 0 0 0 3 0 0
713 10 1 1 3 0 0 2 0 0
714 2 1 1 0 0 0 0 0 0
718 15 1 1 13 0 0 0 0 0
fn=_IO_free_backup_area
187 4 1 1 0 0 0 3 0 0
188 2 0 0 1 0 0 0 0 0
190 2 0 0 1 0 0 0 0 0
191 1 0 0 0 0 0 2 0 0
192 1 0 0 0 0 0 1 0 0
194 3 0 0 3 0 0 0 0 0
fn=_IO_link_in
87 160 7 6 32 0 0 80 0 0
88 32 0 0 16 0 0 0 0 0
90 33 11 6 0 0 0 33 0 0
92 66 0 0 0 0 0 22 1 0
93 143 21 12 22 9 6 44 0 0
94 11 0 0 0 0 0 11 0 0
95 88 20 12 33 0 0 22 0 0
97 33 0 0 11 6 5 11 0 0
98 11 0 0 0 0 0 11 0 0
100 44 0 0 11 0 0 22 0 0
101 22 0 0 0 0 0 11 0 0
102 77 10 6 11 0 0 22 0 0
103 22 10 6 0 0 0 0 0 0
106 209 0 0 156 0 0 0 0 0
fn=_IO_no_init
563 88 11 6 0 0 0 66 0 0
564 11 0 0 0 0 0 0 0 0
565 11 0 0 0 0 0 11 8 6
566 11 0 0 0 0 0 0 0 0
568 11 0 0 0 0 0 11 0 0
572 44 11 6 0 0 0 55 0 0
579 11 0 0 0 0 0 11 10 6
581 11 0 0 0 0 0 11 9 5
587 11 0 0 0 0 0 11 0 0
588 44 0 0 66 0 0 0 0 0
fn=_IO_old_init
531 22 10 6 0 0 0 22 0 0
532 33 11 6 0 0 0 11 0 0
534 55 0 0 11 9 6 0 0 0
539 66 0 0 0 0 0 66 7 6
544 22 0 0 0 0 0 22 0 0
550 11 0 0 0 0 0 11 0 0
555 22 0 0 11 0 0 0 0 0
556 22 0 0 0 0 0 22 10 6
558 22 0 0 22 0 0 0 0 0
fn=_IO_setb
329 80 11 10 0 0 0 60 0 0
330 35 0 0 20 0 0 0 0 0
331 5 0 0 0 0 0 0 0 0
333 10 0 0 0 0 0 20 0 0
335 60 2 1 5 0 0 10 0 0
338 40 0 0 60 0 0 0 0 0
fn=_IO_sgetn
409 39 2 2 0 0 0 39 0 0
411 52 0 0 26 1 1 0 0 0
412 26 2 2 39 0 0 0 0 0
fn=_IO_sputbackc
635 4 1 1 0 0 0 4 0 0
638 4 0 0 2 1 0 0 0 0
639 3 0 0 1 0 0 0 0 0
641 3 1 1 0 0 0 1 0 0
647 1 0 0 0 0 0 0 0 0
648 3 1 1 1 0 0 1 0 0
651 3 0 0 4 0 0 0 0 0
fn=_IO_switch_to_get_mode
164 68 7 5 0 0 0 68 1 0
165 68 0 0 34 0 0 0 0 0
168 34 7 5 17 0 0 0 0 0
172 34 0 0 17 0 0 17 0 0
173 51 0 0 17 0 0 0 0 0
176 17 0 0 0 0 0 17 0 0
178 34 0 0 0 0 0 34 0 0
180 34 7 5 0 0 0 17 0 0
181 17 0 0 0 0 0 0 0 0
182 51 0 0 68 0 0 0 0 0
fn=_IO_un_link
53 32 11 6 0 0 0 32 0 0
54 32 0 0 16 0 0 0 0 0
82 32 3 1 32 0 0 0 0 0
fn=_IO_unsave_markers
937 24 4 4 0 0 0 18 0 0
939 12 0 0 6 0 0 0 0 0
944 12 6 4 6 1 0 0 0 0
946 18 0 0 18 0 0 0 0 0
fn=__GI__IO_un_link.part.0
52 132 21 12 22 4 2 99 1 0
58 66 0 0 0 0 0 22 0 0
59 132 10 6 22 2 1 22 0 0
60 11 0 0 0 0 0 11 0 0
61 82 11 6 31 2 0 20 0 0
63 44 21 11 11 2 1 0 0 0
65 32 1 1 0 0 0 0 0 0
66 33 11 6 11 0 0 11 0 0
74 22 11 6 0 0 0 11 0 0
76 81 0 0 20 0 0 20 0 0
77 22 0 0 0 0 0 11 0 0
78 67 10 5 11 0 0 22 0 0
79 22 11 6 0 0 0 0 0 0
82 143 0 0 121 0 0 0 0 0
fn=__uflow
299 40 9 4 0 0 0 40 0 0
300 40 6 4 10 4 1 0 0 0
305 20 0 0 10 0 0 0 0 0
308 30 9 4 20 0 0 0 0 0
310 20 0 0 10 0 0 0 0 0
316 20 0 0 10 0 0 0 0 0
321 20 0 0 10 6 1 0 0 0
323 50 0 0 20 8 2 0 0 0
324 20 0 0 40 0 0 0 0 0
fn=__underflow
269 36 3 3 0 0 0 36 0 0
270 36 0 0 9 0 0 4 0 0
275 18 0 0 9 0 0 0 0 0
278 27 0 0 18 0 0 0 0 0
280 18 0 0 9 0 0 0 0 0
286 18 3 3 9 0 0 0 0 0
291 18 3 3 9 0 0 0 0 0
293 45 0 0 18 3 3 0 0 0
294 18 0 0 36 0 0 0 0 0
fl=./libio/./libio/getc.c
fn=getc
34 5 1 1 0 0 0 5 0 0
37 2 0 0 1 1 0 0 0 0
38 4 1 1 2 1 0 0 0 0
43 3 1 1 5 0 0 0 0 0
fl=./libio/./libio/iofclose.c
fn=fclose@@GLIBC_2.17
34 30 9 8 0 0 0 35 1 0
48 10 0 0 5 1 0 0 0 0
49 5 5 4 0 0 0 0 0 0
51 59 8 6 17 0 0 8 0 0
52 9 5 4 0 0 0 0 0 0
53 15 5 4 0 0 0 0 0 0
57 25 0 0 10 1 0 0 0 0
58 15 5 4 5 0 0 0 0 0
71 10 0 0 5 0 0 0 0 0
76 30 0 0 35 0 0 0 0 0
fl=./libio/./libio/iofflush.c
fn=fflush
32 60 2 1 0 0 0 60 0 0
33 12 2 1 0 0 0 0 0 0
39 168 4 3 48 8 5 24 0 0
40 72 0 0 24 3 2 0 0 0
44 60 0 0 60 0 0 0 0 0
fl=./libio/./libio/iofgets.c
fn=fgets
32 1564 1 1 0 0 0 1955 0 0
37 1564 0 0 0 0 0 0 0 0
39 782 0 0 0 0 0 0 0 0
47 6256 2 2 1564 0 0 1564 0 0
51 391 0 0 0 0 0 0 0 0
52 782 26 1 0 0 0 391 0 0
53 2737 0 0 0 0 0 0 0 0
56 1172 2 1 391 0 0 0 0 0
57 391 0 0 0 0 0 0 0 0
60 390 0 0 0 0 0 390 0 0
61 390 0 0 0 0 0 0 0 0
63 1172 0 0 390 0 0 391 0 0
66 1955 0 0 1955 0 0 0 0 0
fl=./libio/./libio/iofopen.c
fn=__fopen_internal
37 10 0 0 5 0 0 0 0 0
57 88 10 6 0 0 0 77 1 0
65 22 10 6 0 0 0 0 0 0
67 11 0 0 0 0 0 0 0 0
68 6 0 0 0 0 0 0 0 0
70 22 0 0 0 0 0 11 8 6
72 88 0 0 0 0 0 0 0 0
73 33 0 0 0 0 0 11 0 0
74 22 10 6 0 0 0 0 0 0
75 66 0 0 0 0 0 0 0 0
78 12 6 2 0 0 0 0 0 0
79 12 0 0 0 0 0 0 0 0
81 66 4 4 77 0 0 0 0 0
fn=fopen@@GLIBC_2.17
85 22 10 6 0 0 0 22 0 0
86 22 0 0 0 0 0 0 0 0
87 11 0 0 22 0 0 0 0 0
fl=./libio/./libio/iofread.c
fn=fread
31 4 1 1 0 0 0 5 0 0
32 1 0 0 0 0 0 0 0 0
35 1 0 0 0 0 0 0 0 0
37 20 2 2 4 0 0 6 0 0
38 5 1 1 0 0 0 0 0 0
40 4 1 1 2 0 0 0 0 0
41 6 0 0 7 0 0 0 0 0
fl=./libio/./libio/iofread_u.c
fn=fread_unlocked
34 36 1 1 0 0 0 48 0 0
35 12 0 0 0 0 0 0 0 0
38 12 0 0 0 0 0 0 0 0
40 72 0 0 0 0 0 12 0 0
41 48 1 1 12 0 0 0 0 0
42 60 0 0 48 0 0 0 0 0
fl=./libio/./libio/ioftell.c
fn=ftell
34 5 1 1 0 0 0 5 0 0
37 14 2 2 4 2 0 2 0 0
38 6 1 1 0 0 0 0 0 0
39 2 0 0 1 0 0 0 0 0
45 2 0 0 0 0 0 0 0 0
57 5 0 0 5 0 0 0 0 0
fl=./libio/./libio/iogetdelim.c
fn=getdelim
41 1006 1 1 0 0 0 1008 0 0
47 1092 2 2 336 0 0 168 0 0
48 84 0 0 0 0 0 0 0 0
50 2 0 0 0 0 0 0 0 0
54 252 1 1 0 0 0 0 0 0
62 332 0 0 166 0 0 0 0 0
64 4 1 1 0 0 0 2 0 0
65 4 0 0 0 0 0 2 0 0
66 2 0 0 0 0 0 0 0 0
74 168 1 1 168 0 0 0 0 0
75 168 0 0 0 0 0 0 0 0
77 16 1 1 0 0 0 0 0 0
82 6 0 0 4 0 0 0 0 0
89 420 1 1 0 0 0 0 0 0
91 252 0 0 0 0 0 0 0 0
92 416 1 1 0 0 0 0 0 0
100 168 0 0 0 0 0 0 0 0
101 252 0 0 84 0 0 0 0 0
105 3 0 0 0 0 0 0 0 0
107 86 0 0 84 0 0 0 0 0
108 1 0 0 0 0 0 0 0 0
114 1 0 0 0 0 0 1 0 0
115 1 0 0 0 0 0 1 0 0
117 1 0 0 1 0 0 0 0 0
118 252 0 0 84 0 0 84 0 0
119 2 0 0 0 0 0 0 0 0
120 92 0 0 0 0 0 0 0 0
122 4 0 0 4 0 0 0 0 0
124 164 1 1 82 0 0 82 0 0
130 672 0 0 1008 0 0 0 0 0
fl=./libio/./libio/iogetline.c
fn=_IO_getline
33 782 1 1 0 0 0 782 0 0
34 782 0 0 0 0 0 0 0 0
35 391 0 0 782 0 0 0 0 0
fn=_IO_getline_info
49 4692 23 2 0 0 0 3910 0 0
51 391 0 0 0 0 0 0 0 0
53 782 0 0 391 0 0 0 0 0
54 3 1 1 0 0 0 1 0 0
55 1572 0 0 2 0 0 782 0 0
57 796 0 0 796 0 0 0 0 0
58 796 0 0 0 0 0 0 0 0
60 10 1 1 0 0 0 0 0 0
61 10 0 0 0 0 0 0 0 0
63 1 1 1 0 0 0 0 0 0
67 8 0 0 0 0 0 0 0 0
77 13 1 1 0 0 0 4 0 0
78 5 0 0 0 0 0 0 0 0
83 786 0 0 0 0 0 0 0 0
85 1975 21 1 0 0 0 0 0 0
86 393 0 0 0 0 0 0 0 0
88 390 0 0 0 0 0 0 0 0
89 390 0 0 0 0 0 0 0 0
90 780 0 0 0 0 0 0 0 0
92 390 0 0 0 0 0 0 0 0
94 390 0 0 0 0 0 0 0 0
97 390 0 0 0 0 0 390 0 0
98 780 0 0 780 0 0 0 0 0
101 9 0 0 3 0 0 3 0 0
102 3 3 0 0 0 0 0 0 0
103 3 0 0 0 0 0 0 0 0
106 1 0 0 0 0 0 0 0 0
107 2346 0 0 3910 0 0 0 0 0
fl=./libio/./libio/ioseekoff.c
fn=_IO_seekoff_unlocked
33 36 2 2 0 0 0 28 0 0
34 8 2 2 0 0 0 0 0 0
43 14 1 1 4 0 0 0 0 0
59 32 2 2 8 1 1 0 0 0
60 16 1 1 28 0 0 0 0 0
fl=./libio/./libio/ioungetc.c
fn=ungetc
31 4 1 1 0 0 0 4 0 0
34 2 0 0 0 0 0 0 0 0
36 4 1 1 1 0 0 2 0 0
37 4 1 1 2 0 0 0 0 0
42 2 0 0 4 0 0 0 0 0
fl=./libio/./libio/iovsprintf.c
fn=__vsprintf_internal
37 182406 10029 1289 26058 0 0 52116 4285 6
45 13029 0 0 0 0 0 0 0 0
47 13029 0 0 0 0 0 13029 1 0
52 26058 0 0 0 0 0 0 0 0
62 78174 0 0 26058 0 0 26058 383 0
66 39087 4973 791 26058 0 0 0 0 0
68 13079 19 4 0 0 0 13029 0 0
70 26058 0 0 0 0 0 0 0 0
71 143319 4953 2051 78174 0 0 0 0 0
fl=./libio/./libio/libioP.h
fn=_IO_cleanup
1025 3 1 1 0 0 0 2 0 0
fn=_IO_default_uflow
1025 30 5 4 0 0 0 0 0 0
1026 20 0 0 0 0 0 0 0 0
fn=_IO_doallocbuf
1025 15 0 0 0 0 0 0 0 0
1026 10 0 0 0 0 0 0 0 0
fn=_IO_file_close_it@@GLIBC_2.17
1025 15 5 4 0 0 0 0 0 0
1026 10 0 0 0 0 0 0 0 0
fn=_IO_file_doallocate
1025 15 0 0 0 0 0 0 0 0
1026 10 4 4 0 0 0 0 0 0
fn=_IO_file_seekoff@@GLIBC_2.17
1025 9 2 2 0 0 0 0 0 0
1026 6 1 1 0 0 0 0 0 0
fn=_IO_file_underflow@@GLIBC_2.17
1025 34 11 5 0 0 0 0 0 0
1026 34 0 0 0 0 0 0 0 0
fn=_IO_file_xsgetn
1025 26 2 2 0 0 0 0 0 0
fn=_IO_flush_all
1025 3 0 0 0 0 0 0 0 0
fn=_IO_sgetn
1025 39 0 0 0 0 0 0 0 0
1026 26 0 0 0 0 0 0 0 0
fn=__uflow
1025 30 0 0 0 0 0 0 0 0
1026 20 0 0 0 0 0 0 0 0
fn=__underflow
1025 27 0 0 0 0 0 0 0 0
1026 18 0 0 0 0 0 0 0 0
fn=fclose@@GLIBC_2.17
952 50 5 4 15 7 6 0 0 0
958 10 0 0 0 0 0 0 0 0
979 15 0 0 5 0 0 0 0 0
980 40 0 0 15 0 0 10 0 0
1025 15 0 0 0 0 0 0 0 0
1026 10 1 1 0 0 0 0 0 0
fn=fflush
979 24 0 0 12 0 0 0 0 0
980 96 0 0 36 0 0 24 0 0
1025 36 0 0 0 0 0 0 0 0
1026 24 0 0 0 0 0 0 0 0
fn=fgets
979 781 0 0 0 0 0 0 0 0
980 3910 46 1 1955 0 0 782 0 0
fn=fread
979 2 0 0 1 0 0 0 0 0
980 8 1 1 3 0 0 2 0 0
fn=fseek
979 2 0 0 1 0 0 0 0 0
fn=ftell
979 2 1 1 0 0 0 0 0 0
980 8 1 1 3 0 0 2 0 0
fn=getdelim
979 168 2 1 84 0 0 0 0 0
980 672 0 0 252 0 0 168 0 0
fn=rewind
979 1 0 0 0 0 0 0 0 0
980 8 1 1 3 0 0 2 0 0
fl=./libio/./libio/rewind.c
fn=rewind
32 5 1 1 0 0 0 5 0 0
34 14 3 3 4 0 0 2 0 0
35 5 1 1 0 0 0 0 0 0
36 3 0 0 1 0 0 1 0 0
38 4 0 0 5 0 0 0 0 0
fl=./libio/./libio/vsnprintf.c
fn=__vsnprintf_internal
63 1256 0 0 0 0 0 0 0 0
66 1256 0 0 0 0 0 1256 4 2
75 3768 0 0 2512 0 0 0 0 0
76 1256 0 0 0 0 0 1256 0 0
87 2512 0 0 0 0 0 0 0 0
93 16328 1347 46 2512 1 0 5024 10 3
96 7536 26 23 2512 0 0 2512 115 2
98 13816 38 23 7536 0 0 0 0 0
fl=./libio/./libio/vtables.c
fn=check_stdfiles_vtables
545 2 0 0 0 0 0 2 0 0
546 8 1 1 2 1 0 0 0 0
547 5 1 1 2 1 0 0 0 0
548 6 0 0 2 1 0 0 0 0
550 2 0 0 2 0 0 0 0 0
fl=./locale/../iconv/gconv_charset.h
fn=_nl_find_locale
58 12 0 0 0 0 0 0 0 0
60 144 6 1 72 0 0 0 0 0
62 396 6 1 72 1 0 0 0 0
63 570 6 1 0 0 0 0 0 0
64 240 0 0 60 5 4 60 0 0
74 36 12 2 0 0 0 0 0 0
75 84 0 0 0 0 0 0 0 0
77 12 0 0 0 0 0 12 0 0
78 6 0 0 0 0 0 0 0 0
85 504 10 2 198 1 1 96 0 0
fl=./locale/../string/bits/string_fortified.h
fn=_nl_find_locale
29 24 0 0 0 0 0 0 0 0
fn=_nl_intern_locale_data
59 11 0 0 0 0 0 2 0 0
fn=_nl_load_locale_from_archive
29 24 0 0 0 0 0 0 0 0
fl=./locale/../sysdeps/unix/sysv/linux/not-cancel.h
fn=_nl_load_locale
75 2 0 0 0 0 0 0 0 0
fl=./locale/./locale/findlocale.c
fn=_nl_find_locale
65 162 0 0 8 0 0 0 0 0
74 18 0 0 0 0 0 0 0 0
77 12 0 0 0 0 0 0 0 0
81 42 4 1 0 0 0 0 0 0
84 12 0 0 0 0 0 0 0 0
86 6 0 0 0 0 0 0 0 0
87 42 0 0 12 0 0 0 0 0
95 30 0 0 0 0 0 0 0 0
103 901 6 2 106 0 0 583 0 0
106 106 0 0 53 0 0 53 0 0
114 106 0 0 53 0 0 0 0 0
118 200 5 1 0 0 0 50 0 0
120 150 0 0 0 0 0 50 0 0
122 184 0 0 0 0 0 46 0 0
123 4 1 0 4 0 0 0 0 0
124 230 1 1 0 0 0 46 0 0
131 220 4 1 4 0 0 0 0 0
132 30 0 0 0 0 0 0 0 0
136 94 0 0 0 0 0 47 0 0
137 188 5 1 47 3 1 0 0 0
145 12 0 0 6 0 0 6 0 0
149 6 0 0 0 0 0 0 0 0
152 18 0 0 0 0 0 0 0 0
153 6 0 0 0 0 0 0 0 0
158 18 6 1 6 0 0 6 0 0
159 6 6 1 0 0 0 0 0 0
167 12 0 0 0 0 0 0 0 0
168 6 0 0 0 0 0 0 0 0
178 18 0 0 6 0 0 6 0 0
181 84 6 1 0 0 0 6 0 0
196 42 3 1 0 0 0 0 0 0
198 12 0 0 0 0 0 0 0 0
204 90 0 0 30 0 0 18 0 0
210 6 0 0 0 0 0 0 0 0
214 15 1 1 5 0 0 3 0 0
219 1 0 0 0 0 0 0 0 0
225 6 0 0 0 0 0 0 0 0
226 18 4 1 6 0 0 0 0 0
228 12 3 1 6 0 0 0 0 0
231 12 0 0 6 0 0 0 0 0
234 26 4 1 7 0 0 0 0 0
236 14 0 0 7 0 0 0 0 0
237 6 0 0 0 0 0 0 0 0
238 21 0 0 14 0 0 0 0 0
243 6 0 0 0 0 0 6 0 0
244 12 0 0 0 0 0 0 0 0
256 12 0 0 6 0 0 0 0 0
279 6 0 0 0 0 0 0 0 0
280 18 0 0 12 2 1 0 0 0
281 12 0 0 0 0 0 0 0 0
282 6 0 0 0 0 0 0 0 0
285 84 3 1 0 0 0 6 0 0
288 84 6 1 0 0 0 6 0 0
291 24 0 0 0 0 0 0 0 0
301 18 0 0 12 0 0 0 0 0
305 4 1 1 1 0 0 0 0 0
306 1 0 0 0 0 0 0 0 0
307 18 0 0 6 0 0 0 0 0
308 5 0 0 0 0 0 0 0 0
310 4 0 0 0 0 0 1 0 0
314 12 6 1 6 0 0 0 0 0
316 12 6 1 6 0 0 0 0 0
319 18 0 0 6 0 0 0 0 0
321 3 0 0 0 0 0 1 0 0
324 742 6 2 689 0 0 0 0 0
fl=./locale/./locale/freelocale.c
fn=freelocale
36 84 21 4 0 0 0 0 0 0
51 21 21 3 0 0 0 0 0 0
fl=./locale/./locale/lc-ctype.c
fn=_nl_postload_ctype
33 18 1 1 0 0 0 18 0 0
38 27 1 1 9 0 0 0 0 0
57 9 0 0 0 0 0 0 0 0
58 9 0 0 0 0 0 18 1 0
59 18 0 0 9 0 0 0 0 0
60 9 0 0 0 0 0 9 0 0
61 18 0 0 18 1 0 0 0 0
65 54 0 0 18 6 0 0 0 0
67 27 1 1 9 1 0 9 0 0
69 27 0 0 9 0 0 9 0 0
71 27 0 0 9 1 0 9 0 0
112 18 0 0 18 0 0 0 0 0
fl=./locale/./locale/loadarchive.c
fn=_nl_load_locale_from_archive
134 90 3 1 12 0 0 84 0 0
135 6 3 1 6 0 0 0 0 0
153 12 0 0 0 0 0 0 0 0
159 24 0 0 6 4 0 0 0 0
169 18 4 1 0 0 0 0 0 0
170 30 0 0 6 0 0 0 0 0
172 30 1 1 0 0 0 0 0 0
173 30 0 0 0 0 0 0 0 0
174 6 1 1 0 0 0 0 0 0
175 12 1 1 0 0 0 0 0 0
176 24 0 0 0 0 0 0 0 0
181 18 0 0 0 0 0 0 0 0
182 18 0 0 0 0 0 0 0 0
183 90 3 2 0 0 0 6 0 0
184 48 0 0 0 0 0 0 0 0
187 6 0 0 0 0 0 0 0 0
189 18 1 1 0 0 0 0 0 0
194 24 2 1 6 0 0 0 0 0
202 2 0 0 0 0 0 1 0 0
205 5 0 0 0 0 0 0 0 0
206 1 0 0 0 0 0 0 0 0
265 10 0 0 5 0 0 0 0 0
499 90 2 1 90 0 0 0 0 0
fl=./locale/./locale/loadlocale.c
fn=_nl_intern_locale_data
69 1 0 0 1 0 0 0 0 0
72 1 0 0 0 0 0 0 0 0
74 33 1 1 6 0 0 0 0 0
76 10 0 0 10 0 0 0 0 0
79 60 2 2 20 0 0 0 0 0
81 1 0 0 0 0 0 0 0 0
86 10 0 0 0 0 0 0 0 0
87 10 0 0 0 0 0 10 0 0
88 10 0 0 0 0 0 0 0 0
89 1 0 0 0 0 0 1 0 0
90 27 0 0 9 0 0 0 0 0
99 3 1 1 0 0 0 0 0 0
112 1 0 0 0 0 0 0 0 0
115 2 0 0 0 0 0 0 0 0
123 3 1 1 0 0 0 4 0 0
133 7 1 1 0 0 0 4 0 0
134 12 1 1 1 1 1 0 0 0
141 8 0 0 2 1 1 2 0 0
143 2 0 0 0 0 0 0 0 0
144 1 0 0 0 0 0 0 0 0
152 1 0 0 0 0 0 0 0 0
153 1 0 0 0 0 0 0 0 0
156 4 1 1 0 0 0 0 0 0
157 1 0 0 0 0 0 0 0 0
161 1 0 0 0 0 0 2 1 1
166 2 0 0 0 0 0 1 0 0
169 1 1 1 0 0 0 1 0 0
171 2 0 0 1 0 0 1 0 0
172 270 0 0 0 0 0 0 0 0
174 176 1 1 89 5 5 0 0 0
175 179 1 1 1 0 0 0 0 0
186 7 1 1 0 0 0 0 0 0
206 1 0 0 0 0 0 0 0 0
210 174 0 0 0 0 0 0 0 0
213 430 1 1 86 6 6 0 0 0
214 207 1 1 69 0 0 69 9 9
217 40 0 0 0 0 0 0 0 0
219 20 0 0 0 0 0 20 2 2
220 40 0 0 40 5 5 0 0 0
228 4 0 0 4 0 0 0 0 0
fn=_nl_load_locale
232 30 2 2 4 0 0 26 0 0
240 4 0 0 0 0 0 2 0 0
241 2 0 0 0 0 0 2 0 0
243 6 0 0 2 0 0 0 0 0
244 2 0 0 0 0 0 0 0 0
248 5 1 1 0 0 0 0 0 0
254 4 0 0 1 0 0 0 0 0
279 4 0 0 2 0 0 0 0 0
289 8 1 1 1 0 0 0 0 0
291 2 0 0 0 0 0 0 0 0
328 1 0 0 0 0 0 0 0 0
332 4 0 0 1 0 0 0 0 0
333 2 0 0 0 0 0 0 0 0
344 1 0 0 0 0 0 1 0 0
345 1 0 0 0 0 0 1 0 0
347 1 0 0 0 0 0 1 0 0
348 30 2 2 30 0 0 0 0 0
fl=./locale/./locale/localeinfo.h
fn=_nl_find_locale
222 286 8 2 56 3 1 0 0 0
fn=new_composite_name
222 84 0 0 72 0 0 0 0 0
fl=./locale/./locale/localename.c
fn=__current_locale_name
24 2612 653 209 0 0 0 2612 219 0
25 6530 653 208 2612 0 0 0 0 0
26 3918 0 0 3918 0 0 0 0 0
fl=./locale/./locale/newlocale.c
fn=newlocale
43 352 44 9 44 17 2 286 0 0
55 44 0 0 0 0 0 0 0 0
56 1 0 0 0 0 0 0 0 0
59 63 0 0 0 0 0 0 0 0
63 22 1 1 0 0 0 0 0 0
66 88 1 1 0 0 0 0 0 0
72 84 21 3 0 0 0 0 0 0
73 146 39 7 42 18 2 0 0 0
75 42 21 3 0 0 0 0 0 0
277 352 22 4 330 0 0 0 0 0
fl=./locale/./locale/nl_langinfo.c
fn=nl_langinfo
30 10 5 3 0 0 0 10 0 0
31 25 0 0 10 2 1 0 0 0
32 5 0 0 10 0 0 0 0 0
fn=nl_langinfo_l
31 5 5 3 0 0 0 10 0 0
fl=./locale/./locale/nl_langinfo_l.c
fn=nl_langinfo_l
31 5 0 0 0 0 0 0 0 0
32 5 0 0 0 0 0 0 0 0
36 15 0 0 0 0 0 0 0 0
42 20 0 0 0 0 0 0 0 0
58 5 0 0 5 2 1 0 0 0
61 15 2 2 5 2 1 0 0 0
66 10 0 0 5 4 2 0 0 0
67 10 0 0 10 0 0 0 0 0
fl=./locale/./locale/setlocale.c
fn=new_composite_name
139 108 9 2 0 0 0 108 0 0
144 9 0 0 0 0 0 0 0 0
146 756 4 1 0 0 0 0 0 0
150 312 2 1 48 0 0 0 0 0
151 203 2 1 60 1 0 0 0 0
152 324 0 0 0 0 0 0 0 0
153 441 0 0 108 0 0 0 0 0
154 318 0 0 48 0 0 0 0 0
158 9 0 0 0 0 0 0 0 0
161 21 0 0 3 0 0 0 0 0
170 18 3 1 0 0 0 0 0 0
171 12 0 0 0 0 0 0 0 0
174 432 0 0 0 0 0 0 0 0
179 216 4 1 36 0 0 0 0 0
180 129 2 1 36 0 0 0 0 0
181 144 0 0 0 0 0 0 0 0
182 84 0 0 0 0 0 72 0 0
183 216 0 0 0 0 0 0 0 0
184 144 0 0 0 0 0 72 0 0
186 6 0 0 0 0 0 6 0 0
188 72 0 0 108 0 0 0 0 0
fn=setlocale
195 205 1 1 62 0 0 0 0 0
198 60 1 0 0 0 0 0 0 0
199 8 0 0 0 0 0 0 0 0
201 30 2 1 0 0 0 14 0 0
210 106 0 0 48 0 0 53 3 0
211 168 0 0 53 7 1 0 0 0
212 9 0 0 0 0 0 0 0 0
218 150 11 2 30 5 0 75 0 0
225 30 0 0 0 0 0 0 0 0
230 45 0 0 0 0 0 30 0 0
231 36 3 2 18 2 0 0 0 0
234 36 0 0 0 0 0 0 0 0
236 81 8 1 9 0 0 36 0 0
250 9 0 0 0 0 0 18 0 0
252 36 0 0 0 0 0 0 0 0
253 9 0 0 0 0 0 0 0 0
265 34 6 1 0 0 0 12 0 0
277 160 1 1 0 0 0 0 0 0
278 96 0 0 0 0 0 0 0 0
279 48 0 0 0 0 0 48 1 0
281 20 0 0 0 0 0 4 0 0
327 176 1 1 0 0 0 0 0 0
334 104 0 0 0 0 0 0 0 0
335 96 0 0 0 0 0 0 0 0
337 336 3 1 96 0 0 48 0 0
341 48 0 0 0 0 0 0 0 0
355 144 0 0 48 17 2 0 0 0
359 240 5 1 48 0 0 0 0 0
361 21 0 0 3 1 0 0 0 0
363 4 0 0 0 0 0 2 0 0
366 3 1 1 0 0 0 1 0 0
367 1 0 0 0 0 0 0 0 0
375 16 4 0 0 0 0 0 0 0
376 12 0 0 0 0 0 0 0 0
379 204 6 1 0 0 0 0 0 0
380 96 0 0 0 0 0 0 0 0
382 96 4 1 0 0 0 0 0 0
383 96 0 0 48 0 0 0 0 0
389 20 4 1 8 0 0 4 0 0
398 8 0 0 0 0 0 0 0 0
401 8 0 0 4 0 0 0 0 0
402 8 0 0 4 0 0 0 0 0
404 20 0 0 32 0 0 0 0 0
409 5 0 0 0 0 0 5 0 0
414 30 5 1 10 0 0 0 0 0
416 5 0 0 0 0 0 0 0 0
424 15 1 1 5 1 0 0 0 0
425 2 0 0 0 0 0 1 0 0
429 25 0 0 5 0 0 0 0 0
431 6 0 0 0 0 0 3 0 0
432 3 0 0 0 0 0 0 0 0
437 20 0 0 0 0 0 0 0 0
438 5 3 1 0 0 0 0 0 0
452 5 0 0 5 0 0 0 0 0
457 25 5 1 10 2 1 5 0 0
461 10 0 0 0 0 0 0 0 0
464 10 0 0 5 0 0 0 0 0
466 25 0 0 35 0 0 0 0 0
468 180 6 0 105 4 0 0 0 0
fl=./locale/./locale/uselocale.c
fn=uselocale
30 3924 0 0 0 0 0 2616 0 0
31 5232 654 209 2616 1 1 0 0 0
33 1308 0 0 0 0 0 0 0 0
36 3924 0 0 0 0 0 0 0 0
37 1308 0 0 0 0 0 1308 0 0
65 3924 0 0 1308 0 0 1308 0 0
66 5232 0 0 3924 1599 416 1308 0 0
68 5232 654 209 2616 503 204 1308 0 0
72 2616 0 0 0 0 0 0 0 0
73 3924 0 0 2616 0 0 0 0 0
fl=./malloc/../string/bits/string_fortified.h
fn=_int_realloc
29 4743 0 0 0 0 0 0 0 0
fn=calloc
59 4742 176 90 4740 0 0 0 0 0
fn=tcache_init.part.0
59 4 0 0 0 0 0 0 0 0
fl=./malloc/../sysdeps/unix/sysv/linux/not-cancel.h
fn=ptmalloc_init.part.0
97 6 0 0 0 0 0 0 0 0
fl=./malloc/./malloc/alloc_buffer_alloc_array.c
fn=__libc_alloc_buffer_alloc_array
25 18 1 1 0 0 0 12 0 0
26 6 0 0 6 0 0 0 0 0
28 24 1 1 0 0 0 0 0 0
30 24 0 0 0 0 0 0 0 0
31 6 0 0 0 0 0 0 0 0
32 6 0 0 0 0 0 0 0 0
33 12 0 0 0 0 0 0 0 0
34 24 0 0 0 0 0 0 0 0
35 18 0 0 6 0 0 0 0 0
38 12 1 1 0 0 0 6 0 0
45 12 0 0 12 0 0 0 0 0
fl=./malloc/./malloc/arena.c
fn=calloc
153 1584 0 0 792 0 0 0 0 0
fn=free
153 306924 17167 801 0 0 0 0 0 0
fn=malloc
153 52384 0 0 26192 0 0 0 0 0
264 1 1 1 0 0 0 0 0 0
fn=ptmalloc_init.part.0
262 10 2 2 2 1 0 7 0 0
267 4 0 0 0 0 0 1 0 0
274 6 2 2 1 0 0 0 0 0
292 3 0 0 1 0 0 0 0 0
296 8 1 1 1 1 0 1 1 0
300 5 0 0 0 0 0 0 0 0
301 5 0 0 0 0 0 0 0 0
302 5 1 1 0 0 0 0 0 0
303 5 0 0 0 0 0 0 0 0
304 5 0 0 0 0 0 0 0 0
305 5 1 1 0 0 0 0 0 0
306 5 0 0 0 0 0 0 0 0
308 5 0 0 0 0 0 0 0 0
309 5 0 0 0 0 0 0 0 0
310 5 1 1 0 0 0 0 0 0
313 5 0 0 0 0 0 0 0 0
314 5 1 1 0 0 0 0 0 0
316 4 0 0 1 1 1 0 0 0
326 12 0 0 9 0 0 0 0 0
fn=realloc
153 25672 0 0 3209 0 0 0 0 0
fl=./malloc/./malloc/malloc.c
fn=_int_free
1792 30441 0 0 30441 2297 68 0 0 0
1992 20643 0 0 6881 0 0 0 0 0
3163 196748 15385 1072 49187 0 0 98374 0 0
3165 98374 13637 227 49187 6659 1225 0 0 0
3166 49187 0 0 0 0 0 49187 0 0
3167 98374 0 0 0 0 0 49187 0 0
4495 477768 18796 1977 0 0 0 477768 3272 84
4499 159256 0 0 79628 11 0 0 0 0
4505 318512 0 0 0 0 0 159256 7 0
4506 159256 0 0 0 0 0 0 0 0
4510 318512 17157 1802 0 0 0 0 0 0
4517 159256 0 0 0 0 0 0 0 0
4518 955536 19093 376 238884 5525 49 0 0 0
4521 69083 0 0 0 0 0 0 0 0
4527 425043 0 0 138166 1446 423 0 0 0
4547 345415 0 0 138166 24024 4224 0 0 0
4550 49187 0 0 0 0 0 0 0 0
4561 60882 0 0 0 0 0 0 0 0
4572 27524 249 148 6881 1911 989 0 0 0
4574 27524 0 0 6881 140 5 0 0 0
4593 6881 0 0 0 0 0 0 0 0
4595 20643 0 0 0 0 0 6881 164 13
4596 6881 0 0 0 0 0 0 0 0
4600 6881 0 0 6881 2 0 0 0 0
4602 34405 264 159 6881 114 4 0 0 0
4606 13762 0 0 0 0 0 0 0 0
4608 13762 0 0 0 0 0 6881 0 0
4609 6881 0 0 0 0 0 6881 0 0
4628 27524 0 0 0 0 0 0 0 0
4629 36 8 0 12 10 1 0 0 0
4637 47120 4975 830 23560 0 0 0 0 0
4640 70680 0 0 23560 1851 47 0 0 0
4643 23560 0 0 0 0 0 0 0 0
4646 117800 4770 655 47120 0 0 0 0 0
4658 351020 13957 826 589904 0 0 0 0 0
fn=_int_free_create_chunk
4713 188480 6591 2360 0 0 0 141360 1145 39
4714 70680 0 0 23560 0 0 0 0 0
4717 44994 4062 1856 22497 15239 8530 0 0 0
4720 22497 0 0 0 0 0 0 0 0
4721 17270 2329 681 0 0 0 0 0 0
4722 17270 0 0 0 0 0 0 0 0
4724 55448 0 0 13862 0 0 13862 0 0
4732 22497 0 0 0 0 0 0 0 0
4733 22497 0 0 22497 3004 108 0 0 0
4734 67491 0 0 22497 1985 62 0 0 0
4737 22497 0 0 0 0 0 44994 382 178
4738 44994 0 0 0 0 0 0 0 0
4740 13723 0 0 0 0 0 27446 977 466
4743 22497 0 0 0 0 0 22497 0 0
4744 22497 2192 635 0 0 0 22497 0 0
4746 44994 0 0 0 0 0 22497 0 0
4747 22497 0 0 0 0 0 22497 0 0
4756 1063 555 141 0 0 0 0 0 0
4757 2126 0 0 0 0 0 1063 0 0
4758 1063 0 0 0 0 0 1063 0 0
4763 94240 773 443 141360 0 0 0 0 0
fn=_int_free_maybe_consolidate.part.0
4769 16110 2069 1047 3222 2089 369 8055 0 0
4778 4833 0 0 1611 0 0 0 0 0
4779 15 13 11 0 0 0 0 0 0
4781 6444 0 0 0 0 0 0 0 0
4784 12888 891 522 4833 1768 649 0 0 0
4785 2232 135 32 992 0 0 0 0 0
4798 15737 836 432 10533 10 0 0 0 0
fn=_int_free_merge_chunk
1992 70680 0 0 23560 0 0 0 0 0
4665 141360 4484 1322 0 0 0 164920 9 0
4666 23560 0 0 0 0 0 0 0 0
4670 70680 0 0 23560 4127 654 0 0 0
4673 116658 0 0 23560 3394 143 0 0 0
4675 33627 5291 1267 11209 2059 256 0 0 0
4678 47120 5136 1226 23560 10362 3662 0 0 0
4681 23560 0 0 0 0 0 0 0 0
4682 47120 0 0 0 0 0 0 0 0
4683 70680 0 0 23560 3326 59 0 0 0
4689 47120 0 0 23560 0 0 0 0 0
4691 6677 0 0 6677 0 0 0 0 0
4692 6677 0 0 0 0 0 0 0 0
4693 6677 0 0 0 0 0 0 0 0
4694 26708 431 28 6677 3215 1123 0 0 0
4696 13354 0 0 0 0 0 0 0 0
4700 141360 4996 1580 0 0 0 0 0 0
4702 119411 2778 802 164920 0 0 0 0 0
4776 70680 0 0 0 0 0 0 0 0
fn=_int_malloc
1326 28583 0 0 0 0 0 0 0 0
1336 285830 6831 1746 28583 43 1 171498 2322 200
1345 114332 0 0 0 0 0 0 0 0
1794 28244 0 0 28244 0 0 0 0 0
1985 107134 5922 585 135723 12 0 0 0 0
3159 3271 0 0 0 0 0 0 0 0
3163 11686 107 83 3679 0 0 7267 0 0
3165 7540 3 2 3770 90 28 91 0 0
3166 3679 2 0 0 0 0 3679 0 0
3167 10811 0 0 91 0 0 3679 0 0
3168 3271 0 0 0 0 0 0 0 0
3178 634 0 0 317 0 0 0 0 0
3182 634 0 0 0 0 0 0 0 0
3186 1585 168 64 317 0 0 317 0 0
3190 951 103 84 317 0 0 317 0 0
3191 317 0 0 0 0 0 317 0 0
3199 634 129 65 317 0 0 0 0 0
3846 85749 8044 1493 0 0 0 114332 6905 673
3887 28583 118 29 0 0 0 0 0 0
3914 59200 254 30 339 0 0 678 0 0
3916 12590 0 0 0 0 0 0 0 0
3917 18 0 0 0 0 0 0 0 0
3919 12929 0 0 6634 314 30 0 0 0
3921 6634 0 0 0 0 0 0 0 0
3923 36 0 0 0 0 0 0 0 0
3926 54 0 0 18 0 0 0 0 0
3927 72 0 0 18 17 4 18 0 0
3930 33080 399 145 13232 0 0 0 0 0
3932 18 6 3 18 4 2 0 0 0
3933 36 0 0 0 0 0 0 0 0
3934 57380 2160 346 0 0 0 0 0 0
3939 36 0 0 0 0 0 0 0 0
3940 198 0 0 54 0 0 0 0 0
3945 291 0 0 109 0 0 0 0 0
3946 513 11 5 202 3 1 0 0 0
3948 182 0 0 0 0 0 0 0 0
3950 363 0 0 182 0 0 30 0 0
3951 455 0 0 91 86 40 91 0 0
3977 43898 8415 1536 0 0 0 0 0 0
3979 57822 421 205 0 0 0 12590 0 0
3980 35848 4909 1468 0 0 0 0 0 0
3982 53772 0 0 17924 7185 2699 0 0 0
3984 943 0 0 943 522 273 0 0 0
3985 2829 0 0 943 571 204 0 0 0
3987 3772 0 0 943 659 292 943 0 0
3988 943 0 0 0 0 0 943 0 0
3989 943 0 0 0 0 0 943 0 0
3991 3772 474 369 0 0 0 0 0 0
3997 1886 0 0 0 0 0 0 0 0
3998 11316 473 368 2829 11 0 0 0 0
4003 11257 0 0 1886 526 116 0 0 0
4004 19786 465 347 3786 0 0 0 0 0
4006 3271 0 0 0 0 0 0 0 0
4008 3271 0 0 3271 0 0 0 0 0
4009 13084 273 206 3271 2642 714 3271 0 0
4010 9813 290 213 0 0 0 0 0 0
4012 6542 79 40 0 0 0 3271 0 0
4013 3271 0 0 0 0 0 3271 2641 777
4020 943 0 0 0 0 0 0 0 0
4039 73333 983 536 0 0 0 21282 0 0
4040 31923 0 0 10641 6337 1337 0 0 0
4041 438 134 87 0 0 0 0 0 0
4058 82864 0 0 0 0 0 0 0 0
4059 55244 0 0 0 0 0 0 0 0
4060 220974 8174 1578 82865 514 0 0 0 0
4069 40758 0 0 0 0 0 0 0 0
4070 223169 20393 2974 52201 11969 1118 0 0 0
4072 29937 0 0 29937 2092 189 0 0 0
4073 59874 0 0 29937 9762 1526 0 0 0
4074 29937 0 0 0 0 0 0 0 0
4076 59874 0 0 0 0 0 0 0 0
4077 89811 0 0 29937 8841 232 0 0 0
4079 29937 0 0 29937 16508 4010 0 0 0
4080 89811 0 0 0 0 0 0 0 0
4081 33962 4941 416 0 0 0 33962 0 0
4082 119748 7112 1048 29937 0 0 0 0 0
4084 89811 0 0 29937 7604 3093 0 0 0
4085 89811 0 0 29937 0 0 0 0 0
4087 29937 0 0 0 0 0 0 0 0
4098 89811 0 0 0 0 0 0 0 0
4099 36066 2644 771 12022 3502 219 0 0 0
4100 17748 2616 618 0 0 0 0 0 0
4101 8874 0 0 0 0 0 0 0 0
4104 5316 0 0 0 0 0 0 0 0
4105 5316 2374 656 0 0 0 0 0 0
4106 5316 0 0 0 0 0 10632 0 0
4107 5316 0 0 0 0 0 5316 0 0
4108 5316 0 0 0 0 0 10632 3647 2687
4109 10632 0 0 0 0 0 0 0 0
4111 2852 0 0 0 0 0 5704 682 405
4115 37212 2339 654 0 0 0 5316 0 0
4117 10632 0 0 0 0 0 5316 628 491
4118 5316 0 0 0 0 0 5316 0 0
4121 5676 0 0 0 0 0 0 0 0
4122 15948 0 0 0 0 0 0 0 0
4127 24621 0 0 0 0 0 24621 0 0
4128 24621 5384 979 0 0 0 24621 0 0
4132 49242 0 0 0 0 0 0 0 0
4134 720 91 70 0 0 0 360 0 0
4135 1440 184 113 0 0 0 0 0 0
4140 360 0 0 0 0 0 0 0 0
4141 2576 53 1 966 51 6 0 0 0
4144 26 0 0 0 0 0 0 0 0
4161 48528 0 0 0 0 0 0 0 0
4163 12735 885 348 0 0 0 0 0 0
4164 50940 0 0 0 0 0 0 0 0
4165 12735 0 0 12735 3712 2501 0 0 0
4169 132024 7018 2780 0 0 0 0 0 0
4170 22772 6383 1485 0 0 0 0 0 0
4171 11526 4498 1029 11526 9143 2457 0 0 0
4174 23052 0 0 0 0 0 0 0 0
4177 280 0 0 0 0 0 0 0 0
4179 840 0 0 560 105 31 0 0 0
4180 560 0 0 0 0 0 0 0 0
4187 206 0 0 103 47 13 206 25 5
4188 309 0 0 0 0 0 206 3 1
4192 354 71 66 177 8 3 0 0 0
4193 396 0 0 0 0 0 0 0 0
4195 21 0 0 21 6 3 0 0 0
4196 42 0 0 21 3 1 0 0 0
4199 177 0 0 0 0 0 0 0 0
4202 222 17 10 111 1 1 0 0 0
4206 132 0 0 66 18 8 132 17 9
4207 198 45 34 66 1 0 0 0 0
4209 66 0 0 0 0 0 66 0 0
4210 198 0 0 66 0 0 66 0 0
4212 177 16 10 177 1 0 0 0 0
4213 531 0 0 177 0 0 0 0 0
4218 22492 4434 1587 0 0 0 22492 1776 269
4221 145566 9428 2753 24261 8848 537 24261 0 0
4222 24261 0 0 0 0 0 48522 0 0
4224 24261 0 0 0 0 0 24261 2840 2361
4225 24261 0 0 0 0 0 24261 0 0
4230 48522 0 0 0 0 0 0 0 0
4231 24261 0 0 0 0 0 0 0 0
4232 168 0 0 84 0 0 0 0 0
4233 252 0 0 0 0 0 0 0 0
4240 97044 11251 2503 0 0 0 0 0 0
4246 14716 0 0 0 0 0 0 0 0
4248 1585 146 83 2536 0 0 0 0 0
4257 43894 1626 117 0 0 0 0 0 0
4259 31809 0 0 0 0 0 0 0 0
4262 42412 0 0 10603 8658 3393 0 0 0
4263 1017 0 0 339 158 61 0 0 0
4266 206 203 166 206 44 15 0 0 0
4267 1038 0 0 208 4 3 0 0 0
4269 2 0 0 2 1 0 0 0 0
4273 618 0 0 206 0 0 0 0 0
4274 4 0 0 4 2 0 0 0 0
4275 4 0 0 4 0 0 0 0 0
4276 8 0 0 0 0 0 0 0 0
4278 206 0 0 0 0 0 0 0 0
4279 412 203 177 0 0 0 0 0 0
4282 412 0 0 0 0 0 0 0 0
4284 336 84 74 84 0 0 84 0 0
4285 336 0 0 0 0 0 0 0 0
4291 122 0 0 0 0 0 0 0 0
4295 122 0 0 122 0 0 0 0 0
4296 366 0 0 122 0 0 0 0 0
4298 122 0 0 0 0 0 244 105 93
4300 122 0 0 0 0 0 122 0 0
4301 122 0 0 0 0 0 122 0 0
4302 244 0 0 0 0 0 0 0 0
4304 16 0 0 0 0 0 32 3 1
4307 854 121 107 0 0 0 122 0 0
4309 244 0 0 0 0 0 122 27 24
4310 122 0 0 0 0 0 122 0 0
4313 206 83 70 0 0 0 0 0 0
4314 618 0 0 0 0 0 0 0 0
4330 21741 0 0 0 0 0 0 0 0
4331 108705 6894 1653 0 0 0 0 0 0
4332 21741 0 0 0 0 0 0 0 0
4333 65223 0 0 21741 2739 33 0 0 0
4334 43482 0 0 0 0 0 0 0 0
4339 116536 0 0 0 0 0 0 0 0
4343 79629 0 0 0 0 0 0 0 0
4346 70719 0 0 19507 0 0 0 0 0
4348 36545 6972 2013 0 0 0 0 0 0
4349 14618 0 0 0 0 0 0 0 0
4353 368406 492 33 0 0 0 0 0 0
4355 160256 0 0 0 0 0 0 0 0
4356 160256 0 0 0 0 0 0 0 0
4357 160256 0 0 0 0 0 0 0 0
4361 23947 0 0 23947 8736 1695 0 0 0
4364 47894 0 0 0 0 0 0 0 0
4366 36968 0 0 0 0 0 9242 0 0
4367 9242 0 0 0 0 0 0 0 0
4368 9242 0 0 0 0 0 0 0 0
4373 29410 5670 1702 14705 5379 1972 0 0 0
4376 29410 0 0 0 0 0 0 0 0
4378 14705 0 0 0 0 0 0 0 0
4381 29410 0 0 0 0 0 0 0 0
4384 29410 0 0 0 0 0 0 0 0
4386 3532 294 217 883 0 0 883 0 0
4387 3532 0 0 0 0 0 0 0 0
4394 13822 6294 1587 0 0 0 0 0 0
4399 13822 0 0 13822 0 0 0 0 0
4400 41466 0 0 13822 0 0 0 0 0
4402 13822 0 0 0 0 0 27644 12484 9515
4404 13822 0 0 0 0 0 13822 0 0
4405 13822 0 0 0 0 0 13822 0 0
4408 27644 0 0 0 0 0 0 0 0
4409 6644 0 0 0 0 0 6644 166 6
4410 27644 0 0 0 0 0 0 0 0
4412 7623 0 0 0 0 0 15246 1994 1438
4415 96754 7073 1436 0 0 0 13822 0 0
4417 27644 0 0 0 0 0 13822 3418 2671
4418 13822 0 0 0 0 0 13822 0 0
4421 14705 0 0 0 0 0 0 0 0
4443 7036 0 0 7036 2148 230 0 0 0
4444 14072 0 0 7036 2575 421 0 0 0
4446 21108 2418 786 7036 1625 36 0 0 0
4449 21108 0 0 0 0 0 0 0 0
4451 6949 0 0 0 0 0 0 0 0
4452 6949 0 0 0 0 0 0 0 0
4453 6949 0 0 0 0 0 6949 0 0
4454 48643 2881 742 0 0 0 6949 0 0
4456 13898 0 0 0 0 0 6949 6030 5437
4459 6949 3143 602 0 0 0 0 0 0
4460 13898 0 0 0 0 0 0 0 0
4466 348 0 0 87 3 1 174 0 0
4468 2 0 0 0 0 0 0 0 0
4470 3 1 0 2 0 0 0 0 0
4471 1 0 0 0 0 0 0 0 0
4481 344 79 65 0 0 0 0 0 0
4482 86 0 0 0 0 0 0 0 0
4483 75514 2466 696 100456 3 0 0 0 0
4487 116218 3516 200 118104 0 0 0 0 0
fn=_int_realloc
441 4239 0 0 1467 0 0 0 0 0
461 7905 0 0 1581 2 0 1581 2 0
1461 4884 244 54 1628 0 0 0 0 0
4914 16045 962 562 0 0 0 19254 389 26
4925 9627 0 0 3209 0 0 0 0 0
4926 16045 888 575 3209 1723 7 0 0 0
4927 9627 0 0 0 0 0 0 0 0
4933 9627 0 0 0 0 0 12836 43 3
4935 3209 0 0 0 0 0 0 0 0
4936 6418 0 0 3209 0 0 0 0 0
4938 12836 0 0 0 0 0 0 0 0
4941 9627 847 546 0 0 0 0 0 0
4951 8605 1416 904 2761 1399 13 0 0 0
4952 161 88 52 0 0 0 0 0 0
4953 161 0 0 0 0 0 0 0 0
4955 7156 0 0 0 0 0 161 0 0
4956 322 0 0 0 0 0 161 0 0
4957 483 66 53 0 0 0 161 161 156
4959 161 0 0 0 0 0 0 0 0
4963 2600 0 0 0 0 0 0 0 0
4964 10400 0 0 2600 1737 401 0 0 0
4965 4638 1141 393 0 0 0 0 0 0
4969 2038 0 0 0 0 0 0 0 0
4975 6324 0 0 0 0 0 0 0 0
4976 1581 0 0 0 0 0 0 0 0
4979 1581 0 0 0 0 0 0 0 0
4980 3162 604 449 1581 5 4 0 0 0
4985 3162 0 0 0 0 0 0 0 0
4992 1581 0 0 0 0 0 0 0 0
4993 9486 0 0 1581 2 0 0 0 0
4997 6324 559 438 0 0 0 0 0 0
4999 1581 0 0 1581 10 0 0 0 0
5006 1019 0 0 0 0 0 0 0 0
5008 1467 0 0 0 0 0 0 0 0
5010 2934 0 0 0 0 0 0 0 0
5012 2277 115 77 162 0 0 162 0 0
5013 648 0 0 162 0 0 162 0 0
5017 1305 810 393 0 0 0 0 0 0
5020 6525 0 0 1305 0 0 1305 0 0
5021 3915 0 0 0 0 0 1305 1025 906
5024 5220 0 0 1305 0 0 1305 0 0
5025 5220 236 53 0 0 0 0 0 0
5029 1467 0 0 0 0 0 0 0 0
5030 22463 0 0 32090 35 0 0 0 0
fn=alloc_perturb
1984 25114 5792 1190 0 0 0 25114 373 21
1985 37671 5138 1121 12557 0 0 0 0 0
1987 25114 0 0 25114 0 0 0 0 0
fn=calloc
461 4758 394 132 1586 0 0 0 0 0
463 792 0 0 0 0 0 0 0 0
3699 2382 408 136 0 0 0 3176 91 41
3709 4764 0 0 0 0 0 0 0 0
3717 5558 411 100 794 46 3 4764 0 0
3720 4764 0 0 1588 327 1 0 0 0
3722 2382 0 0 794 42 1 0 0 0
3732 2382 242 118 794 86 9 0 0 0
3733 2382 420 128 794 163 25 0 0 0
3754 3176 0 0 0 0 0 0 0 0
3756 6344 361 133 794 20 14 0 0 0
3759 1588 1 1 794 0 0 0 0 0
3784 1586 508 133 794 0 0 0 0 0
3787 794 0 0 0 0 0 0 0 0
3789 1599 0 0 812 0 0 0 0 0
3796 1584 429 118 0 0 0 0 0 0
3799 2376 463 158 0 0 0 0 0 0
3807 792 0 0 0 0 0 0 0 0
3809 1584 0 0 0 0 0 0 0 0
3811 1584 0 0 0 0 0 0 0 0
3816 4 0 0 0 0 0 2 0 0
3818 2 0 0 0 0 0 2 0 0
3819 4 0 0 0 0 0 0 0 0
3821 2 0 0 0 0 0 2 0 0
3823 4 0 0 0 0 0 0 0 0
3825 1 0 0 0 0 0 1 0 0
3827 2 0 0 0 0 0 0 0 0
3829 2 0 0 0 0 0 1 0 0
3830 3 0 0 6 0 0 0 0 0
3837 1596 0 0 3176 0 0 0 0 0
fn=free
3359 383730 0 0 0 0 0 537222 1144 20
3363 127507 44632 2992 0 0 0 0 0 0
3368 306984 16984 782 76746 3921 87 0 0 0
3371 306984 0 0 153492 30891 756 0 0 0
3373 76746 0 0 0 0 0 0 0 0
3375 153492 0 0 76746 16989 5896 0 0 0
3379 60 9 5 15 8 6 0 0 0
3381 75 0 0 15 11 9 0 0 0
3383 24 5 4 0 0 0 12 0 0
3384 24 0 0 0 0 0 12 0 0
3385 50785 30935 4819 0 0 0 0 0 0
3388 30 0 0 0 0 0 0 0 0
3392 383655 34927 2536 153462 9660 170 0 0 0
3395 230193 0 0 76731 0 0 0 0 0
3398 230193 0 0 0 0 0 0 0 0
3401 76746 0 0 0 0 0 76746 4 0
3402 383730 0 0 537222 6 1 0 0 0
fn=malloc
461 78621 0 0 26207 0 0 0 0 0
1326 78325 0 0 0 0 0 0 0 0
1336 313300 0 0 78325 20324 1609 0 0 0
1345 78325 0 0 0 0 0 0 0 0
1461 234975 12921 4464 78325 2 0 0 0 0
3178 104236 0 0 52118 24939 6391 0 0 0
3182 104236 0 0 0 0 0 0 0 0
3186 156354 0 0 52118 45370 18013 52118 0 0
3190 104236 0 0 0 0 0 52118 0 0
3191 52118 0 0 0 0 0 52118 0 0
3248 3 1 1 1 0 0 0 0 0
3294 469950 20722 498 0 0 0 626600 20170 193
3301 313300 19921 682 78325 20979 5194 0 0 0
3311 391625 21862 810 0 0 0 0 0 0
3313 469950 0 0 156650 42014 5073 0 0 0
3316 313300 0 0 78325 18722 4511 0 0 0
3317 138216 17647 4566 1 0 0 0 0 0
3318 138214 0 0 69107 24673 1551 0 0 0
3326 78621 0 0 26207 6722 115 0 0 0
3328 131035 16475 2169 0 0 0 0 0 0
3329 104828 0 0 26207 177 77 0 0 0
3354 469950 22779 5615 626600 6 0 0 0 0
fn=malloc_consolidate
4811 972 159 145 0 0 0 1296 106 23
4826 324 0 0 0 0 0 162 0 0
4828 162 0 0 0 0 0 0 0 0
4839 162 0 0 0 0 0 0 0 0
4841 5463 0 0 0 0 0 402 0 0
4842 1620 0 0 0 0 0 0 0 0
4845 7536 161 151 0 0 0 0 0 0
4849 7536 0 0 3768 2608 456 0 0 0
4850 18840 161 150 0 0 0 0 0 0
4855 15072 0 0 3768 650 109 0 0 0
4858 3768 0 0 0 0 0 0 0 0
4859 3768 0 0 0 0 0 0 0 0
4860 7536 0 0 3768 1182 181 0 0 0
4862 3768 0 0 0 0 0 0 0 0
4863 1706 0 0 1706 0 0 0 0 0
4864 1706 9 9 0 0 0 0 0 0
4865 1706 0 0 0 0 0 0 0 0
4866 6824 0 0 1706 740 92 0 0 0
4868 6824 0 0 1706 0 0 1706 0 0
4871 11304 152 146 3768 92 26 0 0 0
4872 7528 0 0 3764 2423 661 0 0 0
4874 3764 0 0 0 0 0 0 0 0
4875 1567 0 0 0 0 0 0 0 0
4876 7835 25 24 1567 0 0 1567 0 0
4878 4394 0 0 0 0 0 2197 0 0
4880 3764 0 0 3764 125 42 0 0 0
4881 3764 0 0 0 0 0 3764 0 0
4882 3764 0 0 0 0 0 3764 82 26
4884 7528 0 0 0 0 0 0 0 0
4885 373 0 0 0 0 0 746 19 3
4889 3764 0 0 0 0 0 0 0 0
4890 3764 0 0 0 0 0 3764 0 0
4891 3764 0 0 0 0 0 7528 0 0
4892 3764 0 0 0 0 0 3764 0 0
4896 4 0 0 0 0 0 0 0 0
4897 8 0 0 0 0 0 4 0 0
4898 4 0 0 0 0 0 4 0 0
4901 11706 136 132 804 6 0 0 0 0
4904 4860 142 131 0 0 0 0 0 0
4905 1011 17 16 1296 0 0 402 0 0
fn=munmap_chunk
3024 60 8 4 0 0 0 75 3 3
3025 45 0 0 30 21 19 0 0 0
3026 15 0 0 15 0 0 0 0 0
3028 15 11 10 0 0 0 0 0 0
3030 15 0 0 0 0 0 0 0 0
3031 45 0 0 15 0 0 0 0 0
3032 15 0 0 0 0 0 0 0 0
3038 45 0 0 0 0 0 0 0 0
3039 75 0 0 0 0 0 0 0 0
3042 75 12 11 0 0 0 0 0 0
3043 45 0 0 0 0 0 0 0 0
3048 45 0 0 0 0 0 0 0 0
3049 45 0 0 75 0 0 0 0 0
fn=ptmalloc_init.part.0
1946 382 0 0 0 0 0 0 0 0
1949 127 0 0 0 0 0 254 32 32
1957 2 0 0 0 0 0 1 0 0
1958 3 1 1 0 0 0 1 1 0
1960 2 0 0 0 0 0 1 1 1
3143 2 0 0 0 0 0 0 0 0
fn=realloc
461 9655 868 516 3229 20 0 0 0 0
463 4108 0 0 0 0 0 0 0 0
1326 3213 0 0 0 0 0 0 0 0
1336 16065 0 0 3213 0 0 0 0 0
1345 16065 0 0 0 0 0 0 0 0
2008 28 0 0 8 4 4 0 0 0
3056 12 4 4 8 0 0 0 0 0
3057 4 0 0 4 0 0 0 0 0
3058 4 0 0 0 0 0 0 0 0
3063 8 4 4 0 0 0 8 0 0
3064 4 0 0 0 0 0 0 0 0
3065 4 0 0 0 0 0 0 0 0
3066 16 0 0 0 0 0 0 0 0
3067 24 0 0 0 0 0 0 0 0
3071 16 0 0 0 0 0 8 0 0
3074 8 4 4 0 0 0 0 0 0
3077 20 0 0 0 0 0 0 0 0
3080 8 0 0 0 0 0 0 0 0
3085 4 4 4 0 0 0 0 0 0
3087 12 0 0 0 0 0 0 0 0
3089 12 0 0 4 0 0 0 0 0
3090 12 0 0 0 0 0 4 0 0
3093 24 4 4 0 0 0 0 0 0
3095 16 0 0 4 0 0 0 0 0
3407 28798 2400 947 0 0 0 32912 285 8
3413 16456 2495 891 4114 1021 13 0 0 0
3417 12342 0 0 0 0 0 0 0 0
3424 4114 0 0 0 0 0 0 0 0
3425 12 0 0 0 0 0 0 0 0
3429 16432 0 0 4108 1261 7 8216 0 0
3433 4108 0 0 0 0 0 0 0 0
3441 9111 3622 593 1790 0 0 0 0 0
3443 1347 0 0 0 0 0 0 0 0
3444 2694 0 0 0 0 0 0 0 0
3445 980 367 166 481 10 8 0 0 0
3446 895 0 0 0 0 0 0 0 0
3450 5981 0 0 2761 0 0 0 0 0
3452 2761 0 0 0 0 0 0 0 0
3453 4 2 2 0 0 0 0 0 0
3456 19254 1905 427 6418 2581 5 0 0 0
3464 9639 1948 514 0 0 0 0 0 0
3465 6426 0 0 0 0 0 0 0 0
3475 3213 2691 490 0 0 0 0 0 0
3506 9627 0 0 3209 1174 5 0 0 0
3508 19254 1675 549 0 0 0 0 0 0
3509 19254 0 0 3209 13 0 0 0 0
3538 27881 928 515 39330 50 1 0 0 0
5238 8216 0 0 4108 1883 120 0 0 0
5239 4119 11 8 0 0 0 0 0 0
5240 12291 2467 744 4097 721 95 0 0 0
5241 28679 3488 958 4097 0 0 0 0 0
fn=sysmalloc
2008 297 0 0 59 0 0 0 0 0
2532 1204 165 161 172 103 43 774 64 18
2552 258 0 0 172 78 75 0 0 0
2553 207 0 0 0 0 0 345 9 2
2563 86 0 0 0 0 0 0 0 0
2564 344 83 82 86 83 71 0 0 0
2565 51 14 12 34 0 0 0 0 0
2568 85 14 13 17 0 0 0 0 0
2576 85 0 0 0 0 0 17 0 0
2577 34 0 0 0 0 0 0 0 0
2588 138 0 0 69 0 0 0 0 0
2589 138 0 0 69 0 0 0 0 0
2590 69 0 0 0 0 0 0 0 0
2599 546 68 68 0 0 0 0 0 0
2605 207 1 1 0 0 0 0 0 0
2608 276 0 0 0 0 0 0 0 0
2669 276 68 68 69 0 0 0 0 0
2677 69 0 0 69 0 0 0 0 0
2678 207 0 0 0 0 0 0 0 0
2691 138 68 68 69 0 0 0 0 0
2695 1 1 1 0 0 0 0 0 0
2699 345 0 0 0 0 0 69 0 0
2707 138 0 0 0 0 0 0 0 0
2709 276 68 68 0 0 0 138 0 0
2710 138 0 0 138 0 0 0 0 0
2711 58 0 0 0 0 0 0 0 0
2712 69 68 68 0 0 0 0 0 0
2715 69 0 0 0 0 0 0 0 0
2727 44 0 0 11 0 0 0 0 0
2732 99 11 11 0 0 0 22 0 0
2734 33 0 0 22 0 0 0 0 0
2738 22 11 11 11 0 0 0 0 0
2742 11 0 0 0 0 0 0 0 0
2744 322 0 0 69 0 0 0 0 0
2745 3 1 1 0 0 0 1 0 0
2746 334 11 11 127 0 0 69 0 0
2752 185 58 58 0 0 0 0 0 0
2753 228 0 0 0 0 0 57 0 0
2755 39 1 1 12 0 0 0 0 0
2782 11 0 0 0 0 0 0 0 0
2783 2 0 0 0 0 0 0 0 0
2789 1 0 0 0 0 0 0 0 0
2795 2 0 0 0 0 0 0 0 0
2817 2 1 1 0 0 0 0 0 0
2818 7 0 0 0 0 0 0 0 0
2820 1 0 0 0 0 0 0 0 0
2821 4 0 0 0 0 0 2 0 0
2833 2 1 1 2 0 0 0 0 0
2847 22 11 11 0 0 0 0 0 0
2866 11 0 0 0 0 0 0 0 0
2875 24 0 0 0 0 0 12 0 0
2876 48 12 12 0 0 0 12 12 12
2877 36 0 0 12 0 0 12 0 0
2888 12 0 0 0 0 0 0 0 0
2895 22 0 0 0 0 0 0 0 0
2896 22 0 0 0 0 0 11 0 0
2904 33 0 0 0 0 0 11 11 11
2906 11 0 0 0 0 0 11 0 0
2911 22 11 11 0 0 0 0 0 0
2913 44 0 0 0 0 0 0 0 0
2921 229 69 69 80 0 0 0 0 0
2922 69 0 0 0 0 0 69 0 0
2926 68 0 0 68 0 0 0 0 0
2927 138 0 0 69 0 0 0 0 0
2930 138 69 69 0 0 0 0 0 0
2932 69 0 0 0 0 0 0 0 0
2933 69 0 0 0 0 0 0 0 0
2934 69 0 0 0 0 0 69 0 0
2935 414 0 0 0 0 0 69 0 0
2936 138 0 0 0 0 0 69 68 68
2938 207 0 0 276 0 0 0 0 0
2944 1118 69 69 946 0 0 0 0 0
fn=sysmalloc_mmap.isra.0
2008 85 28 26 17 0 0 0 0 0
2400 68 13 12 0 0 0 102 8 5
2413 68 13 12 0 0 0 0 0 0
2418 34 0 0 0 0 0 0 0 0
2421 204 12 11 17 0 0 0 0 0
2424 34 0 0 0 0 0 0 0 0
2428 51 0 0 0 0 0 51 0 0
2432 85 13 12 0 0 0 0 0 0
2448 51 0 0 0 0 0 0 0 0
2467 34 0 0 0 0 0 34 17 16
2471 102 0 0 0 0 0 0 0 0
2472 104 14 13 17 0 0 0 0 0
2475 85 0 0 0 0 0 0 0 0
2476 158 0 0 17 0 0 0 0 0
2481 119 0 0 153 0 0 0 0 0
fn=sysmalloc_mmap_fallback.constprop.0
2008 55 11 11 11 0 0 0 0 0
2490 77 11 11 0 0 0 88 0 0
2494 11 0 0 11 0 0 0 0 0
2497 55 0 0 11 0 0 0 0 0
2498 6 1 1 0 0 0 0 0 0
2502 44 10 10 0 0 0 0 0 0
2505 22 0 0 0 0 0 0 0 0
2506 11 0 0 0 0 0 0 0 0
2508 121 11 11 11 0 0 0 0 0
2511 22 0 0 0 0 0 0 0 0
2515 11 0 0 0 0 0 0 0 0
2519 55 0 0 0 0 0 0 0 0
2524 44 0 0 11 0 0 11 0 0
2526 11 0 0 0 0 0 11 0 0
2528 66 0 0 88 0 0 0 0 0
fn=systrim.constprop.0
2957 992 135 34 0 0 0 1488 0 0
2966 1240 130 32 496 0 0 0 0 0
2968 248 0 0 0 0 0 0 0 0
2969 496 0 0 0 0 0 0 0 0
2970 245 0 0 0 0 0 0 0 0
2974 744 0 0 248 0 0 0 0 0
2975 248 0 0 0 0 0 0 0 0
2978 1240 0 0 496 123 52 0 0 0
2980 248 0 0 0 0 0 0 0 0
2987 729 0 0 0 0 0 0 0 0
2988 1215 121 27 243 0 0 0 0 0
3000 6 0 0 0 0 0 0 0 0
3001 6 0 0 0 0 0 0 0 0
3003 3 0 0 0 0 0 0 0 0
3005 3 0 0 0 0 0 0 0 0
3009 6 0 0 0 0 0 0 0 0
3012 9 0 0 3 0 0 3 0 0
3013 12 0 0 3 0 0 3 0 0
3015 6 0 0 0 0 0 0 0 0
3020 992 5 5 1488 0 0 0 0 0
fn=tcache_init.part.0
3242 4 1 1 0 0 0 6 0 0
3251 10 1 1 2 0 0 0 0 0
3252 4 0 0 0 0 0 0 0 0
3253 1 0 0 0 0 0 0 0 0
3261 5 1 1 0 0 0 0 0 0
3270 2 0 0 0 0 0 1 0 0
3274 3 0 0 6 0 0 0 0 0
fn=unlink_chunk.isra.0
1608 69030 9093 1928 0 0 0 69030 1105 73
1610 172575 10632 1789 69030 7003 2950 0 0 0
1614 34515 0 0 69030 3346 998 0 0 0
1616 207090 0 0 69030 18791 6548 0 0 0
1619 34515 0 0 0 0 0 34515 0 0
1620 34515 0 0 0 0 0 34515 0 0
1621 110416 0 0 20693 2262 570 0 0 0
1623 34254 6530 1532 11418 43 16 0 0 0
1624 45672 0 0 22836 10 8 0 0 0
1627 22836 0 0 11418 2166 737 0 0 0
1629 16 0 0 0 0 0 0 0 0
1630 10 5 5 0 0 0 10 0 0
1634 3 0 0 0 0 0 6 0 0
1635 3 3 3 0 0 0 3 0 0
1636 9 0 0 3 0 0 3 0 0
1641 11410 0 0 0 0 0 11410 0 0
1642 11410 0 0 0 0 0 11410 0 0
1645 69030 2933 287 69030 0 0 0 0 0
fl=./malloc/./malloc/morecore.c
fn=__glibc_morecore
25 638 0 0 0 0 0 638 7 0
26 957 198 93 319 0 0 0 0 0
27 11 0 0 0 0 0 0 0 0
29 319 0 0 0 0 0 0 0 0
30 638 69 68 0 0 0 0 0 0
34 638 0 0 638 0 0 0 0 0
fl=./malloc/./malloc/scratch_buffer_set_array_size.c
fn=__libc_scratch_buffer_set_array_size
30 56 9 8 0 0 0 56 0 0
31 14 0 0 0 0 0 0 0 0
34 14 0 0 0 0 0 0 0 0
35 42 9 8 0 0 0 0 0 0
45 42 0 0 14 0 0 0 0 0
46 14 9 8 0 0 0 0 0 0
63 42 0 0 56 0 0 0 0 0
fl=./math/../sysdeps/aarch64/fpu/fenv_private.h
fn=fetestexcept
107 112845 0 0 0 0 0 0 0 0
108 112845 0 0 0 0 0 0 0 0
fl=./math/../sysdeps/aarch64/fpu/ftestexcept.c
fn=fetestexcept
24 225690 45405 151 0 0 0 225690 1152 0
26 338535 0 0 225690 0 0 0 0 0
fl=./math/../sysdeps/aarch64/fpu/math_private.h
fn=exp@@GLIBC_2.29
31 1 0 0 0 0 0 0 0 0
37 1 0 0 0 0 0 0 0 0
fn=pow@@GLIBC_2.29
31 2 0 0 0 0 0 0 0 0
37 2 0 0 0 0 0 0 0 0
fn=powf@@GLIBC_2.27
31 2 0 0 0 0 0 0 0 0
37 2 0 0 0 0 0 0 0 0
fl=./math/../sysdeps/ieee754/dbl-64/e_exp.c
fn=exp@@GLIBC_2.29
98 2 0 0 0 0 0 2 0 0
104 1 0 0 0 0 0 0 0 0
105 3 0 0 0 0 0 0 0 0
129 4 0 0 1 1 1 0 0 0
139 3 0 0 2 0 0 0 0 0
141 1 0 0 0 0 0 0 0 0
143 1 0 0 0 0 0 0 0 0
145 3 0 0 1 0 0 0 0 0
148 1 0 0 0 0 0 0 0 0
151 8 2 2 4 1 1 0 0 0
152 1 0 0 0 0 0 0 0 0
157 1 0 0 0 0 0 0 0 0
158 2 0 0 2 0 0 0 0 0
fl=./math/../sysdeps/ieee754/dbl-64/e_log.c
fn=log@@GLIBC_2.29
49 10 0 0 0 0 0 10 0 0
61 35 0 0 0 0 0 0 0 0
85 20 4 4 0 0 0 0 0 0
102 10 0 0 0 0 0 0 0 0
104 5 0 0 0 0 0 0 0 0
105 10 0 0 0 0 0 0 0 0
106 30 0 0 0 0 0 0 0 0
114 20 0 0 5 5 5 0 0 0
119 5 0 0 0 0 0 0 0 0
122 15 0 0 10 4 4 0 0 0
123 5 0 0 0 0 0 0 0 0
124 15 4 4 0 0 0 0 0 0
127 5 0 0 0 0 0 0 0 0
130 50 4 4 30 0 0 0 0 0
132 10 0 0 10 0 0 0 0 0
fl=./math/../sysdeps/ieee754/dbl-64/e_log10.c
fn=__log10_finite@GLIBC_2.17
59 3 0 0 0 0 0 3 0 0
64 1 1 1 0 0 0 0 0 0
66 1 1 1 0 0 0 0 0 0
67 3 0 0 0 0 0 0 0 0
78 3 0 0 0 0 0 0 0 0
80 3 0 0 0 0 0 0 0 0
81 1 0 0 0 0 0 0 0 0
82 2 0 0 0 0 0 0 0 0
83 2 1 1 0 0 0 0 0 0
87 9 0 0 2 1 1 0 0 0
88 3 0 0 1 0 0 0 0 0
89 3 1 1 3 0 0 0 0 0
fl=./math/../sysdeps/ieee754/dbl-64/e_pow.c
fn=pow@@GLIBC_2.29
45 4 0 0 0 0 0 0 0 0
62 6 0 0 0 0 0 0 0 0
64 2 0 0 0 0 0 0 0 0
65 4 0 0 0 0 0 0 0 0
67 2 0 0 0 0 0 0 0 0
70 2 0 0 0 0 0 0 0 0
72 8 2 2 2 0 0 0 0 0
77 8 0 0 2 2 2 0 0 0
88 6 2 2 4 2 2 0 0 0
89 2 0 0 0 0 0 0 0 0
90 4 0 0 2 0 0 0 0 0
91 4 0 0 0 0 0 0 0 0
95 4 0 0 2 0 0 0 0 0
96 2 0 0 0 0 0 0 0 0
97 2 0 0 0 0 0 0 0 0
100 2 0 0 0 0 0 0 0 0
101 2 2 2 0 0 0 0 0 0
102 4 0 0 0 0 0 0 0 0
112 18 0 0 12 2 2 0 0 0
113 8 0 0 0 0 0 0 0 0
114 2 0 0 0 0 0 0 0 0
115 4 0 0 0 0 0 0 0 0
193 2 0 0 0 0 0 0 0 0
194 6 0 0 0 0 0 0 0 0
218 8 0 0 2 1 1 0 0 0
229 6 2 2 4 0 0 0 0 0
231 2 0 0 0 0 0 0 0 0
233 2 0 0 0 0 0 0 0 0
234 2 0 0 0 0 0 0 0 0
235 2 0 0 0 0 0 0 0 0
237 6 0 0 2 0 0 0 0 0
240 2 0 0 0 0 0 0 0 0
243 16 2 2 8 2 1 0 0 0
244 2 0 0 0 0 0 0 0 0
249 2 0 0 0 0 0 0 0 0
283 6 0 0 0 0 0 4 0 0
284 2 0 0 0 0 0 0 0 0
292 14 0 0 0 0 0 0 0 0
369 2 0 0 0 0 0 0 0 0
370 4 0 0 0 0 0 0 0 0
380 4 0 0 4 0 0 0 0 0
fl=./math/../sysdeps/ieee754/dbl-64/math_config.h
fn=exp@@GLIBC_2.29
85 1 1 1 0 0 0 0 0 0
97 2 0 0 1 1 1 0 0 0
fn=log@@GLIBC_2.29
85 5 4 4 0 0 0 0 0 0
fn=pow@@GLIBC_2.29
85 6 4 4 0 0 0 0 0 0
97 4 0 0 2 2 2 0 0 0
fl=./math/../sysdeps/ieee754/dbl-64/s_frexp.c
fn=frexp
36 15664 0 0 0 0 0 15664 0 0
38 7832 2071 599 0 0 0 0 0 0
39 7832 0 0 0 0 0 0 0 0
40 60 0 0 0 0 0 0 0 0
42 31328 0 0 0 0 0 0 0 0
45 7772 0 0 0 0 0 0 0 0
46 7772 0 0 0 0 0 0 0 0
56 15544 0 0 0 0 0 0 0 0
60 120 2 2 0 0 0 0 0 0
62 7832 0 0 0 0 0 7832 0 0
64 23496 0 0 15664 0 0 0 0 0
fl=./math/../sysdeps/ieee754/dbl-64/s_scalbn.c
fn=__scalbn
30 9 0 0 0 0 0 6 0 0
33 3 3 2 0 0 0 0 0 0
34 3 0 0 0 0 0 0 0 0
35 3 0 0 0 0 0 0 0 0
41 6 0 0 0 0 0 0 0 0
42 9 0 0 0 0 0 0 0 0
44 18 3 2 0 0 0 0 0 0
49 6 0 0 0 0 0 0 0 0
50 9 0 0 0 0 0 0 0 0
57 6 0 0 6 0 0 0 0 0
fl=./math/../sysdeps/ieee754/flt-32/e_exp2f.c
fn=exp2f@@GLIBC_2.27
49 10 0 0 0 0 0 10 0 0
55 5 0 0 0 0 0 0 0 0
56 5 5 1 0 0 0 0 0 0
57 10 0 0 0 0 0 0 0 0
75 15 0 0 0 0 0 0 0 0
77 5 0 0 0 0 0 0 0 0
78 5 0 0 0 0 0 0 0 0
81 10 0 0 5 2 1 0 0 0
82 5 0 0 0 0 0 0 0 0
84 10 0 0 10 4 2 0 0 0
85 5 4 1 0 0 0 0 0 0
86 15 0 0 10 5 2 0 0 0
87 5 0 0 0 0 0 0 0 0
88 10 0 0 0 0 0 0 0 0
89 5 0 0 0 0 0 0 0 0
90 10 0 0 10 0 0 0 0 0
fl=./math/../sysdeps/ieee754/flt-32/e_log10f.c
fn=__log10f_finite@GLIBC_2.17
28 6 2 1 0 0 0 6 0 0
32 2 2 1 0 0 0 0 0 0
34 2 2 1 0 0 0 0 0 0
35 6 0 0 0 0 0 0 0 0
43 6 0 0 0 0 0 0 0 0
44 6 0 0 0 0 0 0 0 0
45 2 0 0 0 0 0 0 0 0
46 4 0 0 0 0 0 0 0 0
47 4 0 0 0 0 0 0 0 0
51 22 2 1 0 0 0 0 0 0
52 8 0 0 0 0 0 0 0 0
53 6 0 0 6 0 0 0 0 0
fl=./math/../sysdeps/ieee754/flt-32/e_logf.c
fn=logf@@GLIBC_2.27
41 4 0 0 0 0 0 4 0 0
50 6 2 1 0 0 0 0 0 0
53 8 0 0 0 0 0 0 0 0
70 4 0 0 0 0 0 0 0 0
72 2 0 0 0 0 0 0 0 0
73 4 0 0 0 0 0 0 0 0
75 12 0 0 2 0 0 0 0 0
76 4 2 1 0 0 0 0 0 0
79 6 0 0 2 2 1 0 0 0
80 4 0 0 0 0 0 0 0 0
83 2 0 0 0 0 0 0 0 0
84 4 0 0 4 2 1 0 0 0
85 4 0 0 4 2 1 0 0 0
86 4 0 0 0 0 0 0 0 0
87 2 0 0 0 0 0 0 0 0
88 4 2 1 4 0 0 0 0 0
fl=./math/../sysdeps/ieee754/flt-32/e_powf.c
fn=powf@@GLIBC_2.27
55 4 0 0 0 0 0 0 0 0
57 2 0 0 0 0 0 0 0 0
58 2 0 0 0 0 0 0 0 0
59 2 2 1 0 0 0 0 0 0
61 12 0 0 2 0 0 0 0 0
62 4 0 0 0 0 0 0 0 0
65 6 0 0 2 2 2 0 0 0
66 4 0 0 0 0 0 0 0 0
69 2 0 0 0 0 0 0 0 0
70 4 0 0 4 0 0 0 0 0
71 4 0 0 4 2 2 0 0 0
72 2 0 0 0 0 0 0 0 0
73 4 0 0 2 0 0 0 0 0
74 2 0 0 0 0 0 0 0 0
75 2 2 1 0 0 0 0 0 0
108 2 0 0 0 0 0 0 0 0
111 8 0 0 2 2 1 0 0 0
112 2 0 0 0 0 0 0 0 0
113 2 0 0 0 0 0 0 0 0
115 4 0 0 4 0 0 0 0 0
116 2 0 0 0 0 0 0 0 0
117 6 2 1 2 2 0 0 0 0
118 2 0 0 0 0 0 0 0 0
119 4 0 0 0 0 0 0 0 0
143 4 0 0 0 0 0 0 0 0
148 6 0 0 0 0 0 4 0 0
149 2 2 1 0 0 0 0 0 0
154 12 0 0 0 0 0 0 0 0
158 2 0 0 0 0 0 0 0 0
206 4 0 0 0 0 0 0 0 0
207 10 0 0 0 0 0 0 0 0
230 2 0 0 0 0 0 0 0 0
231 4 0 0 4 0 0 0 0 0
fl=./math/../sysdeps/ieee754/flt-32/math_config.h
fn=exp2f@@GLIBC_2.27
67 5 5 1 0 0 0 0 0 0
89 5 0 0 0 0 0 0 0 0
fn=logf@@GLIBC_2.27
67 2 2 1 0 0 0 0 0 0
fn=powf@@GLIBC_2.27
67 4 2 1 0 0 0 0 0 0
fl=./math/../sysdeps/ieee754/flt-32/s_nextafterf.c
fn=nextafterf
27 3 0 0 0 0 0 2 0 0
30 1 0 0 0 0 0 0 0 0
31 1 1 1 0 0 0 0 0 0
33 2 0 0 0 0 0 0 0 0
35 4 0 0 0 0 0 0 0 0
38 3 1 1 0 0 0 0 0 0
39 1 0 0 0 0 0 0 0 0
41 3 1 1 0 0 0 0 0 0
42 1 0 0 0 0 0 0 0 0
43 1 0 0 0 0 0 0 0 0
73 2 0 0 2 0 0 0 0 0
fl=./math/../sysdeps/ieee754/ldbl-128/e_log10l.c
fn=__log10l_finite@GLIBC_2.17
151 21 3 3 3 0 0 0 0 0
154 75 0 0 30 6 6 0 0 0
156 33 0 0 0 0 0 0 0 0
169 24 0 0 6 0 0 0 0 0
172 75 0 0 30 6 6 0 0 0
174 36 0 0 0 0 0 0 0 0
182 27 3 3 6 3 1 12 2 1
189 3 0 0 6 0 0 0 0 0
190 9 3 3 0 0 0 0 0 0
192 3 0 0 0 0 0 0 0 0
194 9 0 0 0 0 0 0 0 0
197 15 0 0 3 3 0 0 0 0
198 3 0 0 0 0 0 0 0 0
205 21 3 3 3 0 0 18 0 0
211 12 0 0 3 0 0 0 0 0
213 18 3 3 6 3 3 0 0 0
215 3 0 0 0 0 0 0 0 0
216 15 3 3 3 3 3 3 0 0
217 15 3 3 6 0 0 0 0 0
223 18 3 3 3 0 0 0 0 0
225 12 0 0 3 0 0 3 0 0
226 6 0 0 0 0 0 3 0 0
227 24 3 3 9 0 0 3 0 0
228 3 0 0 0 0 0 0 0 0
252 21 3 3 3 3 3 6 0 0
253 24 0 0 9 0 0 3 0 0
254 33 3 3 6 0 0 6 0 0
255 27 3 3 9 0 0 3 0 0
256 27 0 0 9 0 0 3 0 0
257 30 0 0 24 3 2 0 0 0
258 3 0 0 0 0 0 0 0 0
259 30 3 3 15 0 0 0 0 0
fl=./math/../sysdeps/ieee754/ldbl-128/e_powl.c
fn=__powl_finite@GLIBC_2.17
151 33 3 3 9 0 0 30 2 0
162 3 3 2 0 0 0 0 0 0
166 12 0 0 0 0 0 0 0 0
170 6 0 0 0 0 0 0 0 0
175 15 3 2 3 3 0 0 0 0
177 36 3 2 6 3 2 0 0 0
182 9 3 3 0 0 0 0 0 0
183 3 0 0 0 0 0 0 0 0
185 12 0 0 0 0 0 0 0 0
186 9 3 3 0 0 0 0 0 0
195 3 0 0 0 0 0 0 0 0
196 3 0 0 0 0 0 0 0 0
214 3 0 0 0 0 0 0 0 0
226 9 0 0 0 0 0 0 0 0
233 9 3 3 0 0 0 0 0 0
237 12 0 0 0 0 0 0 0 0
242 6 0 0 0 0 0 6 0 0
244 15 3 2 6 0 0 0 0 0
246 21 6 5 0 0 0 0 0 0
265 12 3 3 0 0 0 0 0 0
269 12 0 0 3 0 0 3 0 0
270 9 0 0 0 0 0 0 0 0
271 12 0 0 3 0 0 3 0 0
276 12 3 3 0 0 0 0 0 0
293 15 3 3 3 0 0 0 0 0
294 21 3 3 6 3 3 0 0 0
299 9 3 3 0 0 0 0 0 0
306 12 3 3 0 0 0 0 0 0
309 3 0 0 0 0 0 0 0 0
310 9 0 0 0 0 0 0 0 0
312 9 0 0 0 0 0 0 0 0
321 3 3 3 6 0 0 0 0 0
322 3 0 0 0 0 0 0 0 0
323 6 0 0 0 0 0 0 0 0
326 12 0 0 3 0 0 6 0 0
327 33 3 3 9 0 0 3 0 0
328 12 0 0 3 0 0 3 0 0
331 9 0 0 0 0 0 3 0 0
332 3 0 0 0 0 0 0 0 0
333 12 3 3 0 0 0 0 0 0
334 6 0 0 0 0 0 0 0 0
337 6 0 0 0 0 0 0 0 0
338 3 0 0 0 0 0 0 0 0
339 15 0 0 3 0 0 0 0 0
340 6 3 3 0 0 0 0 0 0
341 21 0 0 9 0 0 0 0 0
342 57 3 2 12 0 0 12 0 0
344 12 0 0 3 0 0 3 0 0
345 81 6 5 24 3 3 3 0 0
346 87 6 6 30 6 6 0 0 0
347 33 0 0 9 0 0 6 0 0
348 24 3 3 12 0 0 3 0 0
349 15 0 0 3 0 0 3 0 0
350 21 3 3 6 3 3 0 0 0
351 6 0 0 0 0 0 0 0 0
352 3 0 0 0 0 0 0 0 0
353 12 0 0 0 0 0 0 0 0
354 6 0 0 0 0 0 0 0 0
355 30 0 0 12 0 0 0 0 0
357 15 3 3 3 0 0 6 0 0
358 33 3 3 12 0 0 3 0 0
360 12 0 0 3 0 0 3 0 0
361 6 0 0 0 0 0 0 0 0
362 3 0 0 0 0 0 0 0 0
363 12 3 3 0 0 0 0 0 0
364 6 0 0 0 0 0 0 0 0
365 21 3 3 9 0 0 0 0 0
366 21 0 0 3 0 0 6 0 0
367 51 3 3 15 0 0 6 0 0
369 9 0 0 0 0 0 3 0 0
370 21 0 0 12 0 0 0 0 0
371 6 0 0 0 0 0 0 0 0
372 3 0 0 0 0 0 0 0 0
373 12 0 0 0 0 0 0 0 0
374 6 0 0 0 0 0 0 0 0
375 33 6 6 12 0 0 3 0 0
379 3 0 0 6 0 0 0 0 0
380 3 0 0 0 0 0 0 0 0
381 9 3 3 0 0 0 0 0 0
382 3 0 0 0 0 0 6 0 0
383 39 3 3 15 0 0 6 0 0
384 18 0 0 6 0 0 3 0 0
385 9 0 0 3 0 0 3 0 0
387 3 0 0 3 0 0 0 0 0
388 12 0 0 0 0 0 0 0 0
399 12 0 0 0 0 0 0 0 0
414 3 0 0 0 0 0 0 0 0
415 54 6 6 9 3 3 9 0 0
417 24 3 3 6 3 0 0 0 0
418 3 0 0 0 0 0 0 0 0
419 18 3 3 3 0 0 3 0 0
421 9 0 0 3 0 0 3 0 0
422 3 0 0 6 0 0 0 0 0
423 3 0 0 0 0 0 0 0 0
424 12 3 3 3 0 0 0 0 0
425 6 0 0 0 0 0 0 0 0
426 18 0 0 3 3 3 6 0 0
427 63 3 3 21 3 0 3 0 0
428 15 3 3 3 0 0 6 0 0
429 21 0 0 6 0 0 3 0 0
431 12 0 0 3 0 0 3 0 0
432 78 6 5 24 3 3 0 0 0
433 69 6 5 24 3 3 0 0 0
434 30 0 0 9 0 0 3 0 0
435 72 3 2 24 3 3 9 0 0
436 27 3 3 6 0 0 0 0 0
438 3 0 0 0 0 0 0 0 0
439 6 0 0 0 0 0 0 0 0
440 9 0 0 0 0 0 0 0 0
448 3 0 0 0 0 0 0 0 0
449 6 3 3 0 0 0 0 0 0
451 15 0 0 3 0 0 3 0 0
452 18 3 0 27 0 0 0 0 0
fl=./math/../sysdeps/ieee754/ldbl-128/s_floorl.c
fn=floorl
34 6 3 2 0 0 0 0 0 0
42 15 0 0 0 0 0 0 0 0
43 6 0 0 0 0 0 0 0 0
45 3 0 0 0 0 0 0 0 0
60 6 0 0 0 0 0 0 0 0
61 9 3 1 0 0 0 0 0 0
62 6 0 0 0 0 0 0 0 0
64 15 0 0 0 0 0 0 0 0
95 12 0 0 0 0 0 0 0 0
98 6 0 0 0 0 0 0 0 0
fl=./math/../sysdeps/ieee754/ldbl-128/s_frexpl.c
fn=frexpl
37 36 6 0 6 0 0 24 3 0
40 6 0 0 0 0 0 0 0 0
42 36 6 3 6 0 0 0 0 0
43 18 0 0 0 0 0 0 0 0
49 18 0 0 0 0 0 6 0 0
50 6 6 3 0 0 0 0 0 0
51 24 0 0 6 0 0 0 0 0
53 18 0 0 18 0 0 0 0 0
fl=./math/../sysdeps/ieee754/ldbl-128/s_nextafterl.c
fn=nextafterl
33 27 6 6 12 0 0 24 0 0
40 3 0 0 0 0 0 0 0 0
42 19 2 2 0 0 0 0 0 0
45 13 3 2 7 0 0 0 0 0
46 4 0 0 0 0 0 0 0 0
48 10 0 0 0 0 0 2 0 0
49 4 0 0 0 0 0 0 0 0
50 4 0 0 0 0 0 0 0 0
52 2 0 0 2 0 0 0 0 0
54 1 0 0 0 0 0 0 0 0
55 2 0 0 0 0 0 0 0 0
64 1 0 0 0 0 0 0 0 0
65 1 0 0 0 0 0 0 0 0
71 1 0 0 0 0 0 0 0 0
72 3 0 0 0 0 0 0 0 0
77 1 0 0 0 0 0 0 0 0
82 2 1 0 0 0 0 0 0 0
84 15 2 1 18 0 0 0 0 0
fl=./math/../sysdeps/ieee754/ldbl-128/s_scalbnl.c
fn=__scalbnl
37 98 11 2 0 0 0 42 3 0
40 14 0 0 0 0 0 0 0 0
41 14 11 2 0 0 0 0 0 0
47 42 11 2 0 0 0 0 0 0
48 42 11 2 0 0 0 0 0 0
49 98 0 0 0 0 0 0 0 0
54 28 0 0 0 0 0 0 0 0
55 70 8 3 0 0 0 0 0 0
61 56 0 0 42 0 0 0 0 0
fl=./math/./e_exp2_template.c
fn=__exp2l_finite@GLIBC_2.17
26 24 0 0 0 0 0 24 0 0
27 88 16 6 24 8 1 0 0 0
29 96 0 0 32 0 0 0 0 0
32 32 8 3 8 0 0 8 0 0
33 40 0 0 8 0 0 8 0 0
35 88 8 3 32 8 1 16 0 0
36 64 8 3 16 5 2 8 0 0
39 56 8 3 24 8 2 0 0 0
54 24 0 0 24 0 0 0 0 0
fl=./math/./math/s_nextafter.c
fn=nextafter
36 14 2 2 0 0 0 4 0 0
40 4 2 1 0 0 0 0 0 0
43 2 0 0 0 0 0 0 0 0
45 10 2 1 0 0 0 0 0 0
48 6 0 0 0 0 0 0 0 0
49 4 2 1 0 0 0 0 0 0
51 12 0 0 0 0 0 0 0 0
52 2 0 0 0 0 0 0 0 0
53 2 0 0 0 0 0 0 0 0
87 4 0 0 4 0 0 0 0 0
fl=./math/./math/w_exp2l_compat.c
fn=exp2l
13 24 8 3 0 0 0 24 0 0
14 16 0 0 0 0 0 8 0 0
15 176 16 5 56 0 0 16 0 0
21 24 0 0 24 0 0 0 0 0
fl=./math/./math/w_log10_compat.c
fn=log10
30 2 1 1 0 0 0 0 0 0
44 1 1 1 0 0 0 0 0 0
fl=./math/./math/w_log10f_compat.c
fn=log10f
30 4 2 1 0 0 0 0 0 0
44 2 2 2 0 0 0 0 0 0
fl=./math/./math/w_log10l_compat.c
fn=log10l
29 9 0 0 0 0 0 9 0 0
30 24 6 6 3 0 0 0 0 0
44 6 0 0 3 0 0 0 0 0
45 3 0 0 6 0 0 0 0 0
fl=./math/./math/w_powl_compat.c
fn=powl
28 12 3 3 0 0 0 12 0 0
29 6 3 0 0 0 0 3 0 0
30 54 3 3 18 0 0 6 0 0
54 12 0 0 3 0 0 0 0 0
61 9 0 0 9 0 0 0 0 0
fl=./math/./s_ldexp_template.c
fn=ldexp
22 12 3 2 0 0 0 9 0 0
23 21 3 2 0 0 0 0 0 0
24 3 0 0 0 0 0 0 0 0
25 15 0 0 0 0 0 0 0 0
27 9 0 0 9 0 0 0 0 0
fn=ldexpl
22 30 6 6 0 0 0 24 0 0
23 132 3 3 42 0 0 12 0 0
24 24 3 3 6 0 0 6 0 0
25 132 3 2 42 0 0 12 0 0
27 24 0 0 24 0 0 0 0 0
fl=./misc/../sysdeps/unix/syscall-template.S
fn=epoll_create1
120 5 1 1 0 0 0 0 0 0
122 1 0 0 0 0 0 0 0 0
fn=mprotect
120 360 54 25 0 0 0 0 0 0
122 72 0 0 0 0 0 0 0 0
fn=munmap
120 545 63 39 0 0 0 0 0 0
122 109 0 0 0 0 0 0 0 0
fl=./misc/../sysdeps/unix/sysv/linux/aarch64/ioctl.S
fn=ioctl
22 1 1 1 0 0 0 0 0 0
23 1 0 0 0 0 0 0 0 0
24 1 0 0 0 0 0 0 0 0
25 1 0 0 0 0 0 0 0 0
26 1 0 0 0 0 0 0 0 0
27 1 0 0 0 0 0 0 0 0
28 1 0 0 0 0 0 0 0 0
fl=./misc/../sysdeps/unix/sysv/linux/aarch64/syscall.S
fn=syscall
29 2 2 2 0 0 0 0 0 0
30 2 0 0 0 0 0 0 0 0
31 2 0 0 0 0 0 0 0 0
32 2 0 0 0 0 0 0 0 0
33 2 0 0 0 0 0 0 0 0
34 2 0 0 0 0 0 0 0 0
35 2 0 0 0 0 0 0 0 0
36 2 0 0 0 0 0 0 0 0
37 2 0 0 0 0 0 0 0 0
38 2 0 0 0 0 0 0 0 0
39 2 0 0 0 0 0 0 0 0
40 2 0 0 0 0 0 0 0 0
41 2 0 0 0 0 0 0 0 0
fl=./misc/../sysdeps/unix/sysv/linux/brk.c
fn=brk
36 219 70 70 0 0 0 146 5 0
37 219 0 0 73 0 0 73 0 0
38 146 0 0 0 0 0 0 0 0
40 55 0 0 11 1 1 11 1 1
41 22 0 0 0 0 0 0 0 0
44 62 0 0 0 0 0 0 0 0
45 146 0 0 146 0 0 0 0 0
fl=./misc/../sysdeps/unix/sysv/linux/brk_call.h
fn=brk
24 146 71 71 0 0 0 0 0 0
fl=./misc/../sysdeps/unix/sysv/linux/getclktck.c
fn=__getclktck
29 2 0 0 0 0 0 2 0 0
30 5 1 1 2 0 0 0 0 0
31 3 1 1 2 0 0 0 0 0
fl=./misc/../sysdeps/unix/sysv/linux/getpagesize.c
fn=getpagesize
28 36 7 2 18 1 1 0 0 0
30 9 0 0 0 0 0 0 0 0
fl=./misc/../sysdeps/unix/sysv/linux/mmap64.c
fn=mmap
47 388 83 70 0 0 0 388 12 11
50 388 0 0 0 0 0 0 0 0
58 1358 59 48 0 0 0 0 0 0
60 388 29 22 388 0 0 0 0 0
fl=./misc/../sysdeps/unix/sysv/linux/mremap.c
fn=mremap
26 36 4 4 8 4 4 16 0 0
30 8 0 0 0 0 0 0 0 0
37 24 4 4 0 0 0 0 0 0
39 40 0 0 20 0 0 0 0 0
fl=./misc/../sysdeps/unix/sysv/linux/setvmaname.c
fn=__set_vma_name
33 288 48 46 56 0 0 148 14 5
35 120 0 0 30 27 26 0 0 0
40 18 2 2 2 0 0 4 0 0
47 4 2 2 0 0 0 2 0 0
48 3 0 0 4 0 0 0 0 0
49 314 24 23 204 0 0 0 0 0
fl=./misc/./misc/getauxval.c
fn=__getauxval2
25 2 1 1 0 0 0 2 0 0
30 2 0 0 0 0 0 0 0 0
32 2 0 0 1 0 0 0 0 0
33 2 1 1 0 0 0 0 0 0
37 1 0 0 0 0 0 1 0 0
51 2 0 0 2 0 0 0 0 0
fn=getauxval
30 28 0 0 0 0 0 0 0 0
32 33 8 6 22 8 0 0 0 0
35 6 0 0 0 0 0 0 0 0
37 6 1 1 4 2 0 0 0 0
42 45 0 0 23 8 7 0 0 0
43 40 0 0 0 0 0 0 0 0
56 30 10 8 0 0 0 30 0 0
59 3 0 0 0 0 0 0 0 0
60 1 1 1 1 0 0 0 0 0
62 5 1 1 1 0 0 1 0 0
63 1 0 0 0 0 0 0 0 0
64 30 0 0 30 0 0 0 0 0
fl=./misc/./misc/init-misc.c
fn=__init_misc
30 4 1 1 0 0 0 4 0 0
31 3 1 1 1 0 0 0 0 0
33 3 0 0 0 0 0 0 0 0
37 4 0 0 1 1 0 0 0 0
38 5 0 0 2 0 0 2 1 0
40 3 1 1 4 0 0 0 0 0
fl=./misc/./misc/sbrk.c
fn=sbrk
37 1595 192 102 0 0 0 1595 22 8
40 957 0 0 638 387 171 0 0 0
43 957 0 0 319 160 31 0 0 0
50 11 0 0 0 0 0 0 0 0
58 319 196 99 0 0 0 0 0 0
59 3 1 1 0 0 0 0 0 0
62 638 0 0 0 0 0 0 0 0
63 2 0 0 1 0 0 0 0 0
66 219 0 0 0 0 0 0 0 0
68 3 2 2 0 0 0 0 0 0
74 144 67 65 0 0 0 0 0 0
78 1595 57 55 1595 0 0 0 0 0
fl=./misc/./misc/tsearch.c
fn=maybe_split_for_insert.isra.0
204 8 0 0 0 0 0 8 0 0
207 4 2 1 0 0 0 0 0 0
211 4 0 0 8 0 0 0 0 0
213 4 0 0 0 0 0 0 0 0
216 8 0 0 0 0 0 0 0 0
217 6 2 1 0 0 0 0 0 0
220 4 0 0 0 0 0 2 0 0
221 2 0 0 0 0 0 0 0 0
223 4 0 0 0 0 0 0 0 0
228 10 2 1 4 0 0 0 0 0
284 8 2 1 8 0 0 0 0 0
fn=tfind
372 1971 656 206 0 0 0 2628 0 0
376 657 0 0 0 0 0 0 0 0
377 656 0 0 0 0 0 0 0 0
382 4602 0 0 659 0 0 657 0 0
384 3 3 2 0 0 0 0 0 0
387 9 0 0 3 1 0 0 0 0
388 7 0 0 1 0 0 0 0 0
391 8 0 0 0 0 0 0 0 0
394 3284 656 203 3284 0 0 0 0 0
fn=tsearch
291 24 6 4 0 0 0 12 0 0
302 9 3 2 0 0 0 6 0 0
306 20 0 0 3 0 0 18 0 0
307 6 0 0 0 0 0 0 0 0
308 6 0 0 2 0 0 2 0 0
313 6 3 2 0 0 0 0 0 0
315 3 0 0 0 0 0 0 0 0
316 9 0 0 2 0 0 0 0 0
317 2 0 0 0 0 0 0 0 0
320 14 0 0 2 0 0 0 0 0
325 7 0 0 2 0 0 0 0 0
326 4 0 0 0 0 0 0 0 0
329 2 0 0 0 0 0 0 0 0
333 2 1 0 0 0 0 0 0 0
337 9 2 2 0 0 0 0 0 0
338 3 0 0 0 0 0 0 0 0
349 13 0 0 5 0 0 3 0 0
350 4 0 0 2 0 0 3 0 0
352 10 1 1 5 3 2 3 0 0
353 1 0 0 2 0 0 0 0 0
355 4 2 1 0 0 0 0 0 0
358 16 0 0 6 0 0 0 0 0
362 18 2 1 24 0 0 0 0 0
fl=./nptl/../string/bits/string_fortified.h
fn=pthread_cond_init@@GLIBC_2.17
59 6 0 0 0 0 0 12 1 0
fn=pthread_mutex_init@@GLIBC_2.17
59 9 2 2 0 0 0 18 5 5
fn=pthread_rwlock_init@@GLIBC_2.34
59 240 0 0 0 0 0 240 0 0
fl=./nptl/../sysdeps/nptl/futex-internal.h
fn=__pthread_once_slow
209 160 7 4 0 0 0 0 0 0
fn=pthread_rwlock_wrlock@@GLIBC_2.34
213 210 43 6 0 0 0 0 0 0
fl=./nptl/../sysdeps/unix/sysv/linux/sigsetops.h
fn=pthread_sigmask@@GLIBC_2.32
96 2 0 0 2 0 0 0 0 0
fl=./nptl/./nptl/cleanup_compat.c
fn=_pthread_cleanup_pop@@GLIBC_2.34
40 40 0 0 0 0 0 40 0 0
41 20 2 0 0 0 0 0 0 0
43 60 13 4 20 5 1 20 4 0
47 20 0 0 0 0 0 0 0 0
49 40 0 0 40 0 0 0 0 0
fn=_pthread_cleanup_push@@GLIBC_2.34
25 40 0 0 0 0 0 40 0 0
26 20 6 4 0 0 0 0 0 0
29 20 0 0 0 0 0 40 0 0
30 60 0 0 20 4 1 20 0 0
32 20 0 0 0 0 0 20 0 0
33 40 0 0 40 0 0 0 0 0
fl=./nptl/./nptl/libc-cleanup.c
fn=__libc_cleanup_pop_restore
54 96 14 8 0 0 0 120 0 0
55 24 0 0 0 0 0 0 0 0
57 72 0 0 24 0 0 24 0 0
59 48 0 0 24 0 0 0 0 0
60 48 0 0 24 0 0 0 0 0
61 24 0 0 0 0 0 0 0 0
77 96 13 8 120 0 0 0 0 0
fn=__libc_cleanup_push_defer
24 120 14 8 0 0 0 144 1 0
25 24 0 0 0 0 0 0 0 0
27 72 0 0 24 8 3 24 0 0
29 48 0 0 24 0 0 0 0 0
32 24 0 0 0 0 0 0 0 0
44 24 0 0 0 0 0 24 0 0
46 24 0 0 0 0 0 0 0 0
48 24 0 0 0 0 0 24 0 0
49 96 14 8 144 0 0 0 0 0
fl=./nptl/./nptl/pthread_cond_init.c
fn=pthread_cond_init@@GLIBC_2.17
27 4 1 1 0 0 0 4 0 0
38 6 0 0 2 0 0 0 0 0
44 2 0 0 0 0 0 0 0 0
45 6 0 0 2 0 0 2 0 0
47 2 0 0 0 0 0 0 0 0
50 6 0 0 4 0 0 0 0 0
fl=./nptl/./nptl/pthread_cond_signal.c
fn=pthread_cond_signal@@GLIBC_2.17
35 397630 26359 2934 0 0 0 477156 3930 36
36 79526 0 0 0 0 0 0 0 0
41 159052 0 0 79526 25867 1075 0 0 0
42 159052 0 0 0 0 0 0 0 0
96 397630 50748 5560 477156 0 0 0 0 0
fl=./nptl/./nptl/pthread_condattr_init.c
fn=pthread_condattr_init
24 3 1 1 0 0 0 2 0 0
31 1 0 0 0 0 0 1 0 0
34 3 0 0 2 0 0 0 0 0
fl=./nptl/./nptl/pthread_condattr_setclock.c
fn=pthread_condattr_setclock@@GLIBC_2.34
28 2 0 0 0 0 0 2 0 0
30 2 0 0 0 0 0 0 0 0
38 1 0 0 0 0 0 0 0 0
40 3 0 0 1 0 0 1 0 0
41 1 1 1 0 0 0 0 0 0
43 1 0 0 0 0 0 0 0 0
44 2 0 0 2 0 0 0 0 0
fl=./nptl/./nptl/pthread_getspecific.c
fn=pthread_getspecific@@GLIBC_2.34
24 507 50 7 0 0 0 338 0 0
29 338 0 0 0 0 0 0 0 0
30 676 0 0 0 0 0 0 0 0
36 288 41 4 0 0 0 0 0 0
54 169 0 0 169 49 7 0 0 0
55 169 0 0 0 0 0 0 0 0
59 175 11 3 50 12 4 0 0 0
64 338 40 3 338 0 0 0 0 0
fl=./nptl/./nptl/pthread_key_create.c
fn=pthread_key_create@@GLIBC_2.34
25 72 4 3 0 0 0 64 1 0
27 120 3 2 0 0 0 0 0 0
29 36 0 0 36 10 7 0 0 0
31 144 0 0 0 0 0 0 0 0
33 48 1 1 0 0 0 0 0 0
37 24 0 0 0 0 0 8 0 0
40 8 0 0 0 0 0 8 3 3
43 8 0 0 0 0 0 0 0 0
48 40 4 3 64 0 0 0 0 0
fl=./nptl/./nptl/pthread_key_delete.c
fn=pthread_key_delete@@GLIBC_2.34
25 24 2 2 0 0 0 24 0 0
28 16 2 1 0 0 0 0 0 0
30 40 0 0 8 5 1 0 0 0
32 8 0 0 0 0 0 0 0 0
33 48 0 0 0 0 0 0 0 0
36 8 0 0 0 0 0 0 0 0
40 24 0 0 24 0 0 0 0 0
fl=./nptl/./nptl/pthread_mutex_conf.c
fn=__pthread_tunables_init
55 9 1 1 2 0 0 4 0 0
56 6 0 0 0 0 0 0 0 0
58 5 1 1 0 0 0 0 0 0
60 5 0 0 0 0 0 0 0 0
62 11 1 1 6 0 0 0 0 0
fl=./nptl/./nptl/pthread_mutex_destroy.c
fn=pthread_mutex_destroy@@GLIBC_2.17
26 10 1 1 0 0 0 10 0 0
27 5 0 0 0 0 0 0 0 0
31 15 0 0 5 0 0 0 0 0
33 10 0 0 5 0 0 0 0 0
34 5 0 0 0 0 0 0 0 0
39 10 0 0 0 0 0 5 0 0
41 5 0 0 0 0 0 0 0 0
42 10 0 0 10 0 0 0 0 0
fl=./nptl/./nptl/pthread_mutex_init.c
fn=pthread_mutex_init@@GLIBC_2.17
53 33 2 2 6 2 0 21 0 0
65 9 2 2 0 0 0 0 0 0
92 6 0 0 0 0 0 0 0 0
94 3 0 0 0 0 0 0 0 0
105 21 2 2 0 0 0 0 0 0
134 3 2 2 0 0 0 0 0 0
136 9 0 0 0 0 0 0 0 0
140 6 0 0 0 0 0 3 0 0
149 3 0 0 0 0 0 0 0 0
151 3 0 0 0 0 0 0 0 0
152 36 0 0 27 0 0 0 0 0
fl=./nptl/./nptl/pthread_mutex_lock.c
fn=pthread_mutex_lock@@GLIBC_2.17
44 119579 0 0 119579 0 0 0 0 0
45 837053 56966 3788 239158 23863 102 0 0 0
46 358457 0 0 0 0 0 119579 0 0
77 358740 26535 473 0 0 0 478320 142 24
80 478320 26533 1305 119580 46800 3354 0 0 0
82 119580 0 0 0 0 0 0 0 0
84 239160 0 0 0 0 0 0 0 0
88 358740 0 0 0 0 0 239160 0 0
94 238598 0 0 119299 0 0 0 0 0
108 1124 154 6 281 0 0 0 0 0
112 239160 174 26 0 0 0 0 0 0
115 1124 0 0 562 156 3 0 0 0
118 3 0 0 1 0 0 0 0 0
122 2 0 0 0 0 0 1 0 0
124 119581 1 0 0 0 0 0 0 0
130 280 0 0 0 0 0 0 0 0
131 840 0 0 0 0 0 280 0 0
182 119579 0 0 119579 25503 815 0 0 0
184 358737 151 4 119579 0 0 239158 0 0
187 119579 0 0 0 0 0 0 0 0
190 478320 0 0 717480 0 0 0 0 0
fl=./nptl/./nptl/pthread_mutex_unlock.c
fn=__pthread_mutex_unlock_usercnt
39 119579 0 0 119579 0 0 0 0 0
40 597895 32349 627 119579 15 2 0 0 0
41 119579 0 0 0 0 0 119579 0 0
48 597900 0 0 0 0 0 478320 1 0
51 478320 28233 658 119580 42 9 0 0 0
52 239160 0 0 0 0 0 0 0 0
57 119580 0 0 0 0 0 0 0 0
62 119579 0 0 0 0 0 119579 0 0
63 119579 0 0 0 0 0 0 0 0
65 478316 31312 662 119579 0 0 119579 0 0
70 119579 0 0 0 0 0 0 0 0
72 119580 1 0 0 0 0 0 0 0
74 562 151 7 0 0 0 0 0 0
80 1124 129 27 281 0 0 0 0 0
84 1686 0 0 562 18 1 0 0 0
87 1404 125 28 281 0 0 281 0 0
104 358740 0 0 478320 0 0 0 0 0
fn=pthread_mutex_unlock@@GLIBC_2.17
367 239160 27133 709 0 0 0 239160 21 4
368 239160 0 0 0 0 0 0 0 0
369 119580 25285 698 239160 0 0 0 0 0
fl=./nptl/./nptl/pthread_once.c
fn=__pthread_once_slow
68 240 14 8 40 3 0 140 1 0
76 20 0 0 20 0 0 0 0 0
80 20 0 0 0 0 0 0 0 0
88 60 6 4 20 7 4 0 0 0
92 140 0 0 0 0 0 0 0 0
101 80 7 4 0 0 0 0 0 0
114 300 17 8 0 0 0 160 2 0
116 20 0 0 0 0 0 0 0 0
118 60 3 0 0 0 0 0 0 0
124 40 0 0 0 0 0 20 4 0
132 260 2 0 180 8 1 0 0 0
fn=pthread_once@@GLIBC_2.34
136 2380 212 9 0 0 0 2380 21 2
139 1190 0 0 1190 110 14 0 0 0
140 1190 0 0 0 0 0 0 0 0
143 20 0 0 0 0 0 0 0 0
144 3530 7 4 2380 0 0 0 0 0
fl=./nptl/./nptl/pthread_rwlock_common.c
fn=pthread_rwlock_rdlock@@GLIBC_2.34
298 22400 671 212 6400 1881 632 0 0 0
310 9600 0 0 3200 574 220 0 0 0
353 12800 0 0 0 0 0 0 0 0
370 3200 0 0 0 0 0 0 0 0
390 3200 0 0 0 0 0 0 0 0
391 3200 0 0 0 0 0 0 0 0
396 285 43 4 0 0 0 0 0 0
402 665 0 0 0 0 0 0 0 0
413 475 48 3 0 0 0 0 0 0
fn=pthread_rwlock_unlock@@GLIBC_2.34
221 18844 722 219 4711 0 0 0 0 0
232 3200 0 0 3200 0 0 0 0 0
236 3200 0 0 0 0 0 0 0 0
240 6400 0 0 0 0 0 0 0 0
243 9600 735 211 0 0 0 0 0 0
244 6400 0 0 0 0 0 0 0 0
254 25600 0 0 0 0 0 0 0 0
259 3200 0 0 0 0 0 0 0 0
275 6400 666 208 0 0 0 0 0 0
531 1511 0 0 0 0 0 1511 0 0
535 6044 0 0 0 0 0 0 0 0
536 1511 0 0 0 0 0 0 0 0
538 3022 43 7 1511 21 3 0 0 0
559 1511 0 0 1511 0 0 0 0 0
561 15110 0 0 0 0 0 0 0 0
569 3022 0 0 0 0 0 0 0 0
582 1511 79 5 0 0 0 0 0 0
fn=pthread_rwlock_wrlock@@GLIBC_2.34
603 10577 0 0 3022 68 11 0 0 0
622 7555 0 0 0 0 0 3022 0 0
624 3022 0 0 0 0 0 0 0 0
778 4533 61 6 0 0 0 1511 0 0
783 3022 0 0 0 0 0 0 0 0
789 420 0 0 0 0 0 0 0 0
795 1470 0 0 0 0 0 0 0 0
802 315 29 2 0 0 0 105 0 0
947 3022 48 4 1511 0 0 1511 0 0
949 3022 0 0 3022 0 0 0 0 0
fl=./nptl/./nptl/pthread_rwlock_destroy.c
fn=pthread_rwlock_destroy@@GLIBC_2.34
24 92 2 2 0 0 0 92 0 0
25 46 0 0 0 0 0 0 0 0
29 138 2 1 92 0 0 0 0 0
fl=./nptl/./nptl/pthread_rwlock_init.c
fn=pthread_rwlock_init@@GLIBC_2.34
34 180 25 2 0 0 0 120 0 0
46 240 0 0 0 0 0 0 0 0
50 120 1 1 120 27 2 60 0 0
53 180 0 0 0 0 0 60 0 0
56 180 0 0 120 0 0 0 0 0
fl=./nptl/./nptl/pthread_rwlock_rdlock.c
fn=pthread_rwlock_rdlock@@GLIBC_2.34
23 12800 667 210 0 0 0 12800 532 0
24 3200 0 0 0 0 0 0 0 0
27 3200 0 0 0 0 0 0 0 0
29 12800 872 209 12800 0 0 0 0 0
fl=./nptl/./nptl/pthread_rwlock_unlock.c
fn=pthread_rwlock_unlock@@GLIBC_2.34
30 28266 671 212 0 0 0 37688 156 1
31 4711 0 0 0 0 0 0 0 0
38 23555 0 0 9422 76 0 0 0 0
39 9422 0 0 0 0 0 0 0 0
44 28266 14 5 37688 0 0 0 0 0
fl=./nptl/./nptl/pthread_rwlock_wrlock.c
fn=pthread_rwlock_wrlock@@GLIBC_2.34
23 7555 659 11 0 0 0 9066 6 0
24 1511 0 0 0 0 0 0 0 0
27 1511 0 0 0 0 0 0 0 0
29 7555 0 0 9066 0 0 0 0 0
fl=./nptl/./nptl/pthread_self.c
fn=pthread_self
24 97090 49600 391 0 0 0 0 0 0
25 194180 0 0 0 0 0 0 0 0
fl=./nptl/./nptl/pthread_setspecific.c
fn=pthread_setspecific@@GLIBC_2.34
25 48 3 3 0 0 0 48 0 0
32 8 0 0 0 0 0 0 0 0
36 16 0 0 0 0 0 0 0 0
39 48 0 0 8 3 1 0 0 0
41 8 0 0 0 0 0 0 0 0
43 24 3 3 0 0 0 0 0 0
46 8 0 0 0 0 0 0 0 0
47 15 0 0 0 0 0 5 2 2
66 8 0 0 0 0 0 0 0 0
87 8 0 0 0 0 0 16 0 0
90 32 0 0 48 0 0 0 0 0
fl=./nptl/./nptl/pthread_sigmask.c
fn=pthread_sigmask@@GLIBC_2.32
25 20 1 1 4 0 0 6 0 0
30 2 0 0 0 0 0 0 0 0
32 4 1 1 0 0 0 0 0 0
40 10 0 0 0 0 0 0 0 0
45 4 0 0 0 0 0 0 0 0
46 20 1 1 10 0 0 0 0 0
fl=./nptl/./nptl/pthread_testcancel.c
fn=pthread_testcancel@@GLIBC_2.34
24 576 131 81 0 0 0 576 9 2
25 192 0 0 0 0 0 0 0 0
26 576 0 0 192 125 81 0 0 0
27 768 0 0 0 0 0 0 0 0
32 576 0 0 576 0 0 0 0 0
fl=./nptl/./nptl/sem_destroy.c
fn=sem_destroy@@GLIBC_2.34
25 5552 1817 1592 0 0 0 5552 1 0
30 8328 0 0 5552 0 0 0 0 0
fl=./nptl/./nptl/sem_init.c
fn=sem_init@@GLIBC_2.34
28 5568 1825 1795 0 0 0 5568 0 0
32 5568 0 0 0 0 0 0 0 0
50 5568 0 0 0 0 0 2784 0 0
58 2784 0 0 0 0 0 2784 0 0
59 8352 1825 1816 0 0 0 0 0 0
61 2784 0 0 0 0 0 0 0 0
62 5568 0 0 5568 0 0 0 0 0
fl=./nptl/./nptl/sem_post.c
fn=sem_post@@GLIBC_2.34
33 58500 9351 1166 0 0 0 70200 327 0
35 11700 0 0 11700 2554 4 0 0 0
43 11700 0 0 11700 0 0 0 0 0
46 35100 0 0 0 0 0 0 0 0
52 81900 9925 1164 0 0 0 0 0 0
55 23400 0 0 0 0 0 0 0 0
76 11700 0 0 0 0 0 0 0 0
77 46800 0 0 70200 0 0 0 0 0
fl=./nptl/./nptl/sem_wait.c
fn=sem_trywait@@GLIBC_2.34
78 46036 8522 1018 0 0 0 46036 0 0
82 11508 0 0 0 0 0 0 0 0
83 5 0 0 1 1 0 1 1 0
84 2 0 0 0 0 0 0 0 0
85 34527 0 0 46036 0 0 0 0 0
fn=sem_wait@@GLIBC_2.34
25 768 128 78 0 0 0 768 0 0
37 192 0 0 0 0 0 0 0 0
44 768 124 13 768 0 0 0 0 0
fl=./nptl/./nptl/sem_waitcommon.c
fn=sem_trywait@@GLIBC_2.34
136 11509 0 0 11509 5738 1561 0 0 0
139 11509 0 0 0 0 0 0 0 0
141 80559 8687 841 0 0 0 0 0 0
fn=sem_wait@@GLIBC_2.34
136 192 0 0 192 123 90 0 0 0
139 192 0 0 0 0 0 0 0 0
141 1152 0 0 0 0 0 0 0 0
fl=./posix/../malloc/dynarray-skeleton.c
fn=__unregister_atfork
243 68 0 0 34 1 1 0 0 0
fl=./posix/../sysdeps/posix/sysconf.c
fn=sysconf
60 160 19 8 10 3 2 0 0 0
83 3 2 1 0 0 0 0 0 0
221 27 4 2 0 0 0 0 0 0
fl=./posix/../sysdeps/unix/syscall-template.S
fn=getegid
91 3 1 1 0 0 0 0 0 0
93 1 0 0 0 0 0 0 0 0
fn=geteuid
91 3 1 1 0 0 0 0 0 0
93 1 0 0 0 0 0 0 0 0
fn=getgid
91 3 1 1 0 0 0 0 0 0
93 1 0 0 0 0 0 0 0 0
fn=getuid
91 3 1 1 0 0 0 0 0 0
93 1 0 0 0 0 0 0 0 0
fn=uname
120 15 3 3 0 0 0 0 0 0
122 3 0 0 0 0 0 0 0 0
fl=./posix/../sysdeps/unix/sysv/linux/_exit.c
fn=_Exit
27 3 1 1 0 0 0 2 0 0
30 6 0 0 1 0 0 0 0 0
fl=./posix/../sysdeps/unix/sysv/linux/aarch64/sysconf.c
fn=sysconf
29 110 9 3 22 2 0 55 1 0
39 44 0 0 0 0 0 0 0 0
50 121 0 0 77 0 0 0 0 0
fl=./posix/../sysdeps/unix/sysv/linux/sysconf-sigstksz.h
fn=sysconf
24 3 1 1 2 1 0 0 0 0
25 1 0 0 0 0 0 0 0 0
28 3 0 0 0 0 0 0 0 0
31 1 0 0 0 0 0 0 0 0
fl=./posix/../sysdeps/unix/sysv/linux/sysconf.c
fn=sysconf
49 96 17 6 0 0 0 0 0 0
91 1 0 0 0 0 0 0 0 0
fl=./posix/./posix/confstr.c
fn=confstr
33 20 2 2 4 3 0 10 0 0
41 12 3 3 0 0 0 0 0 0
253 3 1 1 0 0 0 0 0 0
254 1 0 0 0 0 0 0 0 0
259 3 2 2 0 0 0 0 0 0
260 1 0 0 0 0 0 0 0 0
280 6 2 2 0 0 0 0 0 0
282 4 0 0 0 0 0 0 0 0
283 8 1 1 0 0 0 0 0 0
291 24 2 2 14 0 0 0 0 0
fl=./posix/./posix/register-atfork.c
fn=__unregister_atfork
71 34 0 0 0 0 0 0 0 0
82 170 1 1 0 0 0 170 0 0
83 238 1 1 0 0 0 0 0 0
109 204 1 1 0 0 0 0 0 0
110 136 0 0 170 0 0 0 0 0
fl=./resource/../sysdeps/unix/sysv/linux/getrlimit64.c
fn=getrlimit
38 2 1 1 0 0 0 2 0 0
39 8 0 0 0 0 0 0 0 0
40 2 0 0 2 0 0 0 0 0
fl=./setjmp/../sysdeps/aarch64/setjmp.S
fn=__sigsetjmp
36 322 168 28 0 0 0 0 0 0
40 323 1 1 0 0 0 646 1 0
41 323 0 0 0 0 0 646 42 13
42 323 0 0 0 0 0 646 6 3
43 323 0 0 0 0 0 646 15 4
44 323 0 0 0 0 0 646 15 4
47 970 0 0 324 141 22 0 0 0
48 323 0 0 0 0 0 646 41 16
55 323 0 0 0 0 0 0 0 0
56 323 0 0 0 0 0 646 31 6
57 323 0 0 0 0 0 646 1 0
58 323 0 0 0 0 0 646 40 17
59 323 0 0 0 0 0 646 2 1
61 323 1 1 0 0 0 0 0 0
62 970 169 28 324 0 0 0 0 0
63 323 0 0 0 0 0 323 0 0
70 322 0 0 0 0 0 0 0 0
71 322 0 0 0 0 0 0 0 0
73 1 0 0 0 0 0 0 0 0
fn=_setjmp
30 1 1 1 0 0 0 0 0 0
31 1 0 0 0 0 0 0 0 0
32 1 0 0 0 0 0 0 0 0
fl=./setjmp/./setjmp/sigjmp.c
fn=__sigjmp_save
28 4 0 0 0 0 0 3 0 0
29 1 0 0 0 0 0 1 0 0
30 1 0 0 0 0 0 0 0 0
34 4 1 1 3 0 0 0 0 0
fl=./signal/../string/bits/string_fortified.h
fn=__libc_sigaction
29 657 7 7 584 0 0 584 3 0
fl=./signal/../sysdeps/unix/sysv/linux/internal-signals.h
fn=sigaction
53 70 0 0 0 0 0 0 0 0
fn=sigdelset
53 5 0 0 0 0 0 0 0 0
fl=./signal/../sysdeps/unix/sysv/linux/libc_sigaction.c
fn=__libc_sigaction
43 612 4 3 136 5 1 204 0 0
48 68 0 0 0 0 0 0 0 0
50 12 0 0 6 0 0 0 0 0
52 18 0 0 6 0 0 12 1 0
53 6 0 0 0 0 0 0 0 0
58 555 6 5 0 0 0 0 0 0
63 204 0 0 0 0 0 0 0 0
65 201 0 0 67 0 0 67 0 0
67 67 0 0 0 0 0 67 0 0
68 134 0 0 134 0 0 67 0 0
71 680 3 3 340 0 0 0 0 0
fl=./signal/../sysdeps/unix/sysv/linux/sigprocmask.c
fn=sigprocmask
24 4 1 1 0 0 0 4 0 0
25 2 0 0 0 0 0 0 0 0
26 2 0 0 0 0 0 0 0 0
30 4 0 0 4 0 0 0 0 0
fl=./signal/../sysdeps/unix/sysv/linux/sigsetops.h
fn=sigdelset
110 10 0 0 0 0 0 0 0 0
112 15 0 0 5 0 0 5 0 0
fn=sigemptyset
54 4 0 0 0 0 0 4 0 0
fn=sigfillset
112 2 0 0 0 0 0 1 0 0
fl=./signal/./signal/allocrtsig.c
fn=__libc_current_sigrtmax
46 2 1 0 0 0 0 2 0 0
48 1 0 0 0 0 0 0 0 0
52 3 0 0 3 1 0 0 0 0
fn=__libc_current_sigrtmin
34 2 1 1 0 0 0 2 0 0
36 1 0 0 0 0 0 0 0 0
40 3 1 1 3 1 1 0 0 0
fl=./signal/./signal/sigaction.c
fn=sigaction
26 140 4 3 0 0 0 140 0 0
27 350 4 4 0 0 0 0 0 0
29 10 0 0 2 1 0 2 1 0
33 68 0 0 0 0 0 0 0 0
34 74 0 0 140 0 0 0 0 0
fl=./signal/./signal/sigdelset.c
fn=sigdelset
26 15 1 1 0 0 0 10 0 0
27 20 1 1 0 0 0 0 0 0
28 10 0 0 0 0 0 0 0 0
35 5 0 0 0 0 0 0 0 0
36 10 0 0 10 0 0 0 0 0
fl=./signal/./signal/sigempty.c
fn=sigemptyset
26 8 3 2 0 0 0 8 0 0
27 8 0 0 0 0 0 0 0 0
34 4 0 0 0 0 0 0 0 0
35 8 0 0 8 0 0 0 0 0
fl=./signal/./signal/sigfillset.c
fn=sigfillset
26 2 1 1 0 0 0 2 0 0
27 2 0 0 0 0 0 0 0 0
35 1 0 0 0 0 0 0 0 0
36 2 0 0 2 0 0 0 0 0
fl=./stdio-common/../include/printf_buffer.h
fn=__printf_buffer
148 54 15 1 36 0 0 0 0 0
149 87 0 0 0 0 0 36 0 0
163 52090 5060 1004 0 0 0 0 0 0
164 72 9 1 18 0 0 18 0 0
fl=./stdio-common/../string/bits/string_fortified.h
fn=__printf_buffer_pad_1
59 27 0 0 0 0 0 0 0 0
fn=__printf_buffer_write
29 47109 0 0 0 0 0 0 0 0
fl=./stdio-common/./stdio-common/Xprintf_buffer_done.c
fn=__printf_buffer_done
25 28570 5171 4102 0 0 0 28570 0 0
26 28570 0 0 14285 0 0 0 0 0
31 28570 0 0 28570 0 0 0 0 0
33 128565 6133 4647 14285 0 0 0 0 0
40 28570 0 0 28570 0 0 0 0 0
fl=./stdio-common/./stdio-common/Xprintf_buffer_pad_1.c
fn=__printf_buffer_pad_1
24 36 9 1 0 0 0 36 0 0
25 18 0 0 9 0 0 0 0 0
33 72 9 1 18 0 0 18 0 0
35 9 9 1 18 0 0 0 0 0
36 9 0 0 0 0 0 0 0 0
37 18 0 0 0 0 0 0 0 0
40 27 0 0 9 0 0 9 0 0
43 18 0 0 0 0 0 0 0 0
44 27 0 0 36 0 0 0 0 0
fl=./stdio-common/./stdio-common/Xprintf_buffer_write.c
fn=__printf_buffer_write
27 172004 5039 4539 0 0 0 172004 2396 79
28 172004 5186 1095 43001 0 0 86002 0 0
31 74407 0 0 0 0 0 0 0 0
33 94218 6313 1009 31406 0 0 0 0 0
35 43001 5180 82 86002 0 0 0 0 0
36 15703 0 0 0 0 0 0 0 0
37 31406 0 0 0 0 0 0 0 0
40 47109 0 0 15703 0 0 15703 0 0
41 15703 0 0 0 0 0 0 0 0
44 129003 0 0 172004 0 0 0 0 0
fl=./stdio-common/./stdio-common/_itoa.c
fn=_itoa_word
169 52088 5057 201 0 0 0 26044 0 0
172 78132 0 0 0 0 0 0 0 0
174 28016 866 124 0 0 0 0 0 0
183 145232 8209 4136 12116 4105 3890 12116 0 0
184 5916 866 683 986 868 30 986 0 0
192 26044 0 0 26044 0 0 0 0 0
fl=./stdio-common/./stdio-common/errlist.c
fn=__get_errlist
27 1306 653 209 0 0 0 1306 0 0
29 3918 0 0 653 536 207 0 0 0
30 1959 0 0 653 653 207 0 0 0
31 653 0 0 0 0 0 0 0 0
32 1306 0 0 1306 0 0 0 0 0
fl=./stdio-common/./stdio-common/flockfile.c
fn=flockfile
24 825 114 1 0 0 0 825 34 1
25 1815 229 2 495 168 0 330 0 0
26 660 0 0 825 0 0 0 0 0
fl=./stdio-common/./stdio-common/funlockfile.c
fn=funlockfile
25 495 116 1 0 0 0 495 0 0
26 1320 116 1 495 0 0 330 0 0
27 495 115 1 495 0 0 0 0 0
fl=./stdio-common/./stdio-common/printf-parse.h
fn=__printf_buffer
82 128857 0 0 14285 0 0 14285 0 0
fn=read_int
52 309 79 62 0 0 0 206 0 0
53 412 0 0 206 0 0 0 0 0
55 1487 0 0 265 0 0 265 0 0
56 162 79 61 0 0 0 0 0 0
58 528 0 0 0 0 0 0 0 0
59 102 0 0 0 0 0 0 0 0
64 324 0 0 0 0 0 0 0 0
65 264 0 0 0 0 0 0 0 0
68 486 0 0 0 0 0 0 0 0
73 206 79 62 206 0 0 0 0 0
fl=./stdio-common/./stdio-common/vfprintf-internal.c
fn=__printf_buffer
600 257130 10126 6143 42855 0 0 157135 11015 13
627 114280 0 0 28570 6911 2 71425 9016 154
631 14285 0 0 0 0 0 14285 0 0
634 85710 0 0 0 0 0 71425 0 0
638 99995 4991 134 71425 0 0 57140 8493 189
642 14285 0 0 0 0 0 0 0 0
649 28570 0 0 0 0 0 14285 4722 53
653 57140 0 0 0 0 0 0 0 0
655 28570 4975 449 14285 0 0 0 0 0
659 28570 0 0 14285 0 0 0 0 0
663 171420 0 0 42855 4988 62 42855 0 0
683 14358 0 0 0 0 0 14358 0 0
684 14358 0 0 0 0 0 14358 0 0
685 14358 0 0 0 0 0 14358 0 0
686 14358 0 0 0 0 0 14358 0 0
687 14358 0 0 0 0 0 0 0 0
690 14358 0 0 0 0 0 0 0 0
691 14358 0 0 0 0 0 0 0 0
692 14358 0 0 0 0 0 0 0 0
693 14358 0 0 0 0 0 0 0 0
694 14358 0 0 0 0 0 14358 0 0
695 14358 0 0 0 0 0 0 0 0
698 14358 0 0 0 0 0 0 0 0
699 28716 0 0 0 0 0 14358 0 0
705 329650 21587 5250 86148 14022 8669 57213 3959 56
714 36 0 0 0 0 0 18 0 0
715 306 36 2 90 0 0 18 0 0
813 309 158 125 103 0 0 103 0 0
814 309 0 0 103 21 21 0 0 0
840 309 0 0 0 0 0 0 0 0
842 515 158 88 0 0 0 206 0 0
846 206 0 0 0 0 0 0 0 0
854 103 0 0 0 0 0 0 0 0
855 1854 79 62 721 85 65 0 0 0
870 7966 0 0 0 0 0 0 0 0
871 135422 8006 7850 39830 4000 211 7966 0 0
883 35 35 0 0 0 0 0 0 0
891 35 0 0 0 0 0 0 0 0
892 35 0 0 0 0 0 0 0 0
893 595 35 34 175 70 35 35 0 0
1018 14358 0 0 0 0 0 0 0 0
1024 43074 5056 4137 14358 0 0 14358 0 0
1028 57432 5004 4588 0 0 0 0 0 0
1031 128857 0 0 100141 0 0 0 0 0
1044 171420 5186 3951 128565 0 0 0 0 0
fl=./stdio-common/./stdio-common/vfprintf-process-arg.c
fn=__printf_buffer
35 36108 15 1 0 0 0 12036 0 0
48 12036 0 0 0 0 0 0 0 0
49 100047 12144 4393 44040 0 0 8001 0 0
50 4035 4033 3931 0 0 0 0 0 0
52 4035 4033 483 0 0 0 0 0 0
53 44385 12097 9773 16140 0 0 4035 0 0
57 12036 0 0 0 0 0 0 0 0
58 12051 0 0 0 0 0 0 0 0
78 1972 869 602 0 0 0 986 0 0
79 986 870 216 0 0 0 0 0 0
92 986 0 0 0 0 0 0 0 0
93 986 869 285 0 0 0 986 0 0
126 986 0 0 0 0 0 0 0 0
127 986 0 0 986 0 0 0 0 0
128 986 0 0 0 0 0 0 0 0
130 986 867 4 0 0 0 0 0 0
131 10846 1817 727 3944 0 0 986 0 0
136 39048 4101 195 0 0 0 0 0 0
138 26008 0 0 0 0 0 0 0 0
147 18 0 0 0 0 0 0 0 0
155 156264 4953 601 26044 0 0 52088 0 0
161 91154 4967 3958 13022 0 0 0 0 0
166 39066 0 0 26044 0 0 0 0 0
170 13022 0 0 0 0 0 0 0 0
186 65110 4967 3892 0 0 0 0 0 0
187 92448 9763 426 17794 0 0 0 0 0
195 52142 18 1 0 0 0 18 0 0
197 26044 0 0 13022 0 0 0 0 0
199 52088 5053 349 13022 0 0 0 0 0
201 78132 9953 9139 26044 0 0 14008 0 0
206 13022 0 0 0 0 0 0 0 0
208 65110 0 0 26044 0 0 0 0 0
209 18 0 0 0 0 0 0 0 0
211 39066 4950 693 13022 0 0 0 0 0
217 18 18 3 0 0 0 0 0 0
219 6 0 0 3 0 0 0 0 0
224 13022 15 1 0 0 0 0 0 0
233 13022 0 0 0 0 0 0 0 0
236 13022 0 0 0 0 0 0 0 0
240 65110 5013 850 13022 0 0 0 0 0
403 16032 2474 255 6680 0 0 1336 0 0
408 1336 0 0 0 0 0 0 0 0
422 5344 96 65 0 0 0 0 0 0
430 2672 0 0 0 0 0 0 0 0
433 340 0 0 0 0 0 0 0 0
435 3753 119 4 0 0 0 0 0 0
455 6680 234 125 1336 0 0 0 0 0
461 4 0 0 2 0 0 0 0 0
463 5344 0 0 0 0 0 0 0 0
464 1336 0 0 0 0 0 0 0 0
fl=./stdlib/../include/rounding-mode.h
fn=round_and_return
46 68 0 0 0 0 0 0 0 0
52 17 0 0 0 0 0 0 0 0
fl=./stdlib/../include/scratch_buffer.h
fn=realpath@@GLIBC_2.17
77 5 1 1 0 0 0 2 2 2
78 4 0 0 0 0 0 4 1 1
85 9 1 1 3 0 0 0 0 0
101 7 0 0 0 0 0 3 0 0
fl=./stdlib/../stdlib/gmp.h
fn=str_to_mpn.part.0.constprop.0
452 17 0 0 0 0 0 0 0 0
fl=./stdlib/../stdlib/strtol.c
fn=__isoc23_strtol
125 1286 618 606 0 0 0 1286 0 0
126 4501 0 0 1286 1229 93 0 0 0
128 643 0 0 1286 0 0 0 0 0
fl=./stdlib/../stdlib/strtol_l.c
fn=____strtol_l_internal
238 5787 619 106 0 0 0 5787 0 0
252 643 0 0 643 618 606 0 0 0
257 643 0 0 0 0 0 0 0 0
258 643 0 0 0 0 0 0 0 0
264 643 0 0 0 0 0 0 0 0
292 643 0 0 0 0 0 0 0 0
295 1929 0 0 0 0 0 0 0 0
298 80 0 0 0 0 0 0 0 0
301 643 0 0 0 0 0 0 0 0
304 3215 619 76 1929 1246 180 0 0 0
306 643 0 0 0 0 0 0 0 0
310 643 0 0 0 0 0 0 0 0
311 1929 616 82 0 0 0 1286 0 0
317 1929 0 0 0 0 0 0 0 0
320 1929 0 0 643 0 0 0 0 0
335 643 0 0 0 0 0 0 0 0
342 1286 618 157 0 0 0 0 0 0
345 3215 0 0 0 0 0 0 0 0
393 643 0 0 0 0 0 0 0 0
394 643 0 0 0 0 0 0 0 0
449 1206 0 0 603 0 0 0 0 0
451 4381 629 65 0 0 0 0 0 0
453 2572 642 82 0 0 0 0 0 0
460 40 0 0 0 0 0 0 0 0
477 1406 0 0 683 645 611 0 0 0
478 2089 0 0 683 19 6 0 0 0
481 1286 631 81 0 0 0 0 0 0
484 2412 0 0 0 0 0 0 0 0
489 643 0 0 0 0 0 0 0 0
490 603 0 0 0 0 0 0 0 0
495 1286 0 0 0 0 0 0 0 0
500 603 0 0 0 0 0 0 0 0
501 603 0 0 0 0 0 603 0 0
506 603 0 0 0 0 0 0 0 0
507 1206 0 0 1206 0 0 0 0 0
509 1206 0 0 0 0 0 0 0 0
533 40 16 3 0 0 0 0 0 0
535 120 0 0 0 0 0 0 0 0
537 40 22 3 80 0 0 0 0 0
542 40 0 0 0 0 0 40 0 0
546 3858 0 0 5787 0 0 0 0 0
fl=./stdlib/../string/bits/string_fortified.h
fn=__add_to_environ
29 4 0 0 0 0 0 0 0 0
fn=msort_with_tmp.part.0
29 926 4 3 428 0 0 0 0 0
fn=realpath@@GLIBC_2.17
79 4 0 0 1 0 0 0 0 0
fl=./stdlib/../sysdeps/aarch64/fpu/get-rounding-mode.h
fn=round_and_return
34 17 0 0 0 0 0 0 0 0
35 17 0 0 0 0 0 0 0 0
fl=./stdlib/../sysdeps/ieee754/ldbl-128/mpn2ldbl.c
fn=__mpn_construct_long_double
30 34 17 1 0 0 0 34 0 0
34 85 0 0 0 0 0 0 0 0
42 68 17 1 17 0 0 0 0 0
43 17 0 0 0 0 0 0 0 0
44 34 0 0 17 0 0 0 0 0
45 34 0 0 0 0 0 0 0 0
51 34 0 0 0 0 0 0 0 0
52 34 0 0 34 0 0 0 0 0
fl=./stdlib/../sysdeps/unix/sysv/linux/getrandom.c
fn=getrandom
28 24 8 7 0 0 0 32 0 0
29 80 0 0 8 0 0 0 0 0
30 32 8 8 32 0 0 0 0 0
fl=./stdlib/./stdlib/canonicalize.c
fn=realpath@@GLIBC_2.17
118 14 0 0 3 0 0 0 0 0
122 2 0 0 0 0 0 0 0 0
123 6 0 0 2 0 0 0 0 0
125 8 0 0 0 0 0 0 0 0
195 1 0 0 0 0 0 0 0 0
205 6 0 0 1 0 0 2 0 0
213 1 0 0 0 0 0 0 0 0
221 2 0 0 0 0 0 0 0 0
223 3 0 0 0 0 0 0 0 0
225 5 1 1 1 0 0 0 0 0
234 3 2 2 0 0 0 0 0 0
252 20 2 2 8 0 0 2 0 0
255 17 2 2 2 0 0 1 0 0
259 181 0 0 35 0 0 2 0 0
266 9 0 0 3 0 0 0 0 0
268 6 1 1 0 0 0 0 0 0
270 9 0 0 0 0 0 0 0 0
283 9 1 1 3 0 0 0 0 0
284 12 0 0 0 0 0 3 0 0
286 9 0 0 3 0 0 0 0 0
287 12 1 1 0 0 0 0 0 0
296 18 1 1 3 0 0 3 0 0
297 3 0 0 0 0 0 3 0 0
303 3 0 0 3 0 0 0 0 0
305 21 0 0 3 0 0 3 0 0
306 9 0 0 3 0 0 0 0 0
311 3 1 1 0 0 0 0 0 0
343 1 0 0 0 0 0 2 0 0
372 21 1 1 6 0 0 0 0 0
378 6 1 1 1 0 0 0 0 0
386 2 0 0 0 0 0 1 0 0
387 2 0 0 1 0 0 0 0 0
392 3 0 0 0 0 0 0 0 0
395 1 0 0 0 0 0 0 0 0
426 13 2 2 2 1 0 11 2 2
436 14 0 0 11 0 0 0 0 0
fl=./stdlib/./stdlib/cxa_atexit.c
fn=__cxa_atexit
67 108 3 3 0 0 0 108 0 0
68 162 0 0 0 0 0 0 0 0
69 54 3 3 108 0 0 0 0 0
fn=__internal_atexit
36 216 3 3 0 0 0 324 0 0
41 54 0 0 0 0 0 0 0 0
43 540 3 3 54 1 0 0 0 0
44 162 0 0 0 0 0 0 0 0
46 54 0 0 0 0 0 0 0 0
52 216 0 0 108 4 2 0 0 0
53 54 0 0 0 0 0 108 0 0
55 54 0 0 0 0 0 108 15 14
56 54 0 0 0 0 0 0 0 0
57 324 3 3 54 0 0 0 0 0
58 54 0 0 0 0 0 0 0 0
59 216 0 0 324 0 0 0 0 0
fn=__new_exitfn
80 216 3 3 0 0 0 216 0 0
81 54 0 0 0 0 0 0 0 0
86 162 0 0 54 3 3 0 0 0
91 219 0 0 55 3 3 0 0 0
93 161 3 3 54 3 2 0 0 0
94 266 0 0 53 1 1 0 0 0
101 1 0 0 0 0 0 1 0 0
104 106 2 2 0 0 0 0 0 0
108 1 0 0 0 0 0 0 0 0
112 4 1 1 0 0 0 0 0 0
113 1 0 0 0 0 0 0 0 0
115 1 0 0 0 0 0 1 0 0
116 1 0 0 0 0 0 1 0 0
122 2 0 0 0 0 0 0 0 0
123 4 1 1 0 0 0 2 0 0
129 104 0 0 0 0 0 0 0 0
130 104 0 0 0 0 0 52 0 0
134 2 0 0 0 0 0 0 0 0
136 108 0 0 0 0 0 54 1 1
137 216 1 1 54 0 0 54 0 0
141 162 0 0 216 0 0 0 0 0
fl=./stdlib/./stdlib/cxa_finalize.c
fn=__cxa_finalize
30 272 0 0 0 0 0 408 0 0
33 204 2 2 34 1 0 0 0 0
36 170 1 1 68 1 0 0 0 0
40 204 0 0 34 3 0 0 0 0
43 34 0 0 0 0 0 0 0 0
78 68 0 0 34 3 1 0 0 0
81 68 0 0 34 0 0 0 0 0
93 170 0 0 68 0 0 0 0 0
97 204 1 1 34 2 1 0 0 0
104 34 0 0 0 0 0 0 0 0
105 68 0 0 0 0 0 0 0 0
106 204 1 1 34 0 0 0 0 0
107 238 0 0 408 0 0 0 0 0
fl=./stdlib/./stdlib/cxa_thread_atexit_impl.c
fn=__call_tls_dtors
148 4 1 1 0 0 0 6 1 1
149 5 0 0 2 0 0 0 0 0
165 4 2 2 6 0 0 0 0 0
fl=./stdlib/./stdlib/exit.c
fn=__run_exit_handlers
38 10 2 2 0 0 0 12 1 1
40 1 0 0 0 0 0 0 0 0
41 2 1 1 0 0 0 0 0 0
43 6 0 0 1 0 0 0 0 0
54 2 0 0 2 1 1 0 0 0
56 2 0 0 0 0 0 0 0 0
60 3 0 0 0 0 0 1 1 1
64 112 3 1 56 1 1 0 0 0
66 108 0 0 0 0 0 54 0 0
67 55 0 0 54 1 1 0 0 0
69 324 0 0 54 25 25 0 0 0
91 2 0 0 1 1 1 0 0 0
94 2 0 0 1 0 0 0 0 0
101 54 0 0 0 0 0 54 0 0
103 54 2 1 108 2 1 0 0 0
104 108 1 1 54 2 0 0 0 0
107 270 0 0 0 0 0 0 0 0
108 162 0 0 0 0 0 0 0 0
109 270 2 0 0 0 0 0 0 0
113 162 3 1 54 1 0 0 0 0
119 4 1 1 2 0 0 2 0 0
120 2 0 0 0 0 0 0 0 0
123 2 0 0 0 0 0 0 0 0
126 6 1 0 1 0 0 0 0 0
128 1 0 0 0 0 0 0 0 0
129 2 1 0 0 0 0 0 0 0
131 2 0 0 0 0 0 0 0 0
fn=exit
137 2 1 1 0 0 0 2 0 0
138 5 1 1 0 0 0 0 0 0
fl=./stdlib/./stdlib/getenv.c
fn=getenv
24 657 0 0 0 0 0 876 1 0
25 1971 33 21 657 62 39 657 0 0
28 438 0 0 0 0 0 0 0 0
29 7328 0 0 3664 43 30 0 0 0
31 10353 0 0 3451 139 87 0 0 0
32 3838 14 6 6 0 0 0 0 0
33 24 0 0 18 0 0 0 0 0
37 1302 19 12 1515 0 0 0 0 0
fl=./stdlib/./stdlib/grouping.c
fn=__correctly_grouped_prefixmb
54 21 3 0 0 0 0 21 6 4
55 3 0 0 0 0 0 0 0 0
56 3 3 2 0 0 0 3 0 0
185 15 0 0 21 0 0 0 0 0
fl=./stdlib/./stdlib/lshift.c
fn=__mpn_lshift
37 34 0 0 0 0 0 34 0 0
63 17 0 0 0 0 0 0 0 0
64 34 0 0 0 0 0 0 0 0
66 34 17 1 17 0 0 0 0 0
67 17 0 0 0 0 0 0 0 0
69 34 0 0 0 0 0 0 0 0
75 34 17 1 0 0 0 17 0 0
78 34 0 0 34 0 0 0 0 0
fl=./stdlib/./stdlib/mbstowcs.c
fn=mbstowcs
28 12978 1312 419 2884 1 0 5768 0 0
31 1442 0 0 0 0 0 1442 0 0
33 4326 0 0 0 0 0 0 0 0
34 14420 656 210 7210 0 0 0 0 0
fl=./stdlib/./stdlib/qsort.c
fn=msort_with_tmp.part.0
196 2140 22 11 0 0 0 2782 47 15
201 1490 0 0 0 0 0 0 0 0
204 214 0 0 0 0 0 0 0 0
205 214 0 0 0 0 0 0 0 0
206 214 0 0 214 0 0 0 0 0
207 428 0 0 214 0 0 0 0 0
212 214 0 0 214 0 0 0 0 0
213 214 0 0 214 0 0 0 0 0
215 214 0 0 428 0 0 0 0 0
216 1284 22 8 214 0 0 0 0 0
273 2400 0 0 0 0 0 0 0 0
275 4634 11 7 0 0 0 0 0 0
277 1845 0 0 0 0 0 0 0 0
278 615 10 8 0 0 0 0 0 0
279 615 0 0 0 0 0 0 0 0
283 2080 0 0 0 0 0 0 0 0
284 47 0 0 0 0 0 0 0 0
285 47 0 0 0 0 0 0 0 0
291 214 0 0 0 0 0 0 0 0
293 214 1 1 0 0 0 0 0 0
294 1284 11 4 2568 0 0 0 0 0
fn=qsort
404 22 9 5 0 0 0 22 0 0
405 22 0 0 0 0 0 0 0 0
406 11 0 0 22 0 0 0 0 0
fn=qsort_r
132 66 0 0 0 0 0 0 0 0
134 22 0 0 0 0 0 0 0 0
135 11 10 7 0 0 0 0 0 0
136 22 0 0 0 0 0 0 0 0
140 22 0 0 0 0 0 0 0 0
201 11 0 0 0 0 0 0 0 0
344 121 9 9 22 14 1 66 6 1
345 99 9 8 0 0 0 44 0 0
350 11 0 0 0 0 0 0 0 0
353 55 0 0 0 0 0 22 0 0
356 22 0 0 0 0 0 0 0 0
357 22 9 5 0 0 0 0 0 0
360 6 2 2 2 2 0 2 0 0
361 2 0 0 0 0 0 0 0 0
362 1 0 0 0 0 0 1 0 0
363 4 0 0 2 0 0 0 0 0
385 44 0 0 0 0 0 55 12 4
396 22 9 4 0 0 0 0 0 0
397 68 0 0 66 0 0 0 0 0
398 121 9 6 77 0 0 0 0 0
fl=./stdlib/./stdlib/secure-getenv.c
fn=secure_getenv
28 8 0 0 0 0 0 8 0 0
29 20 3 2 8 5 1 0 0 0
30 4 0 0 8 0 0 0 0 0
fl=./stdlib/./stdlib/setenv.c
fn=__add_to_environ
118 44 4 2 0 0 0 52 0 0
128 8 4 2 0 0 0 0 0 0
130 4 0 0 0 0 0 0 0 0
131 16 8 4 4 0 0 4 0 0
133 28 0 0 0 0 0 0 0 0
137 12 0 0 8 5 1 0 0 0
139 68 4 2 0 0 0 0 0 0
140 4 0 0 0 0 0 0 0 0
142 134 0 0 67 7 3 0 0 0
143 323 0 0 1 0 0 0 0 0
146 63 0 0 0 0 0 0 0 0
155 9 0 0 3 0 0 3 0 0
156 15 3 2 0 0 0 0 0 0
157 3 0 0 0 0 0 0 0 0
158 6 0 0 3 0 0 0 0 0
164 9 0 0 3 0 0 0 0 0
165 3 0 0 0 0 0 0 0 0
168 6 0 0 0 0 0 6 0 0
172 9 3 2 0 0 0 6 0 0
174 16 1 0 4 0 0 0 0 0
179 4 0 0 0 0 0 0 0 0
183 4 0 0 0 0 0 0 0 0
185 16 4 2 4 0 0 0 0 0
186 4 0 0 0 0 0 0 0 0
192 40 0 0 8 0 0 4 0 0
200 30 5 3 1 0 0 0 0 0
201 1 0 0 0 0 0 0 0 0
208 18 0 0 0 0 0 0 0 0
212 3 0 0 0 0 0 0 0 0
216 4 0 0 0 0 0 4 0 0
219 24 0 0 0 0 0 0 0 0
221 4 0 0 0 0 0 0 0 0
222 28 0 0 48 0 0 0 0 0
fn=setenv
226 20 0 0 0 0 0 16 0 0
227 32 8 4 4 1 1 4 0 0
233 24 0 0 4 0 0 0 0 0
234 8 0 0 16 0 0 0 0 0
fn=unsetenv
238 12 3 2 0 0 0 12 0 0
242 18 3 2 3 0 0 0 0 0
248 15 0 0 0 0 0 9 0 0
250 21 3 2 0 0 0 0 0 0
252 9 0 0 6 2 2 0 0 0
253 3 0 0 0 0 0 0 0 0
254 108 3 2 54 4 3 0 0 0
256 261 0 0 2 0 0 0 0 0
259 2 0 0 0 0 0 0 0 0
262 6 2 1 3 0 0 3 0 0
263 5 0 0 0 0 0 0 0 0
267 49 0 0 0 0 0 0 0 0
270 21 0 0 6 0 0 0 0 0
272 6 0 0 3 0 0 0 0 0
273 9 0 0 12 0 0 0 0 0
fl=./stdlib/./stdlib/srand48.c
fn=srand48
23 6 3 3 0 0 0 6 0 0
24 9 0 0 0 0 0 0 0 0
25 3 3 3 6 0 0 0 0 0
fl=./stdlib/./stdlib/srand48_r.c
fn=srand48_r
23 9 0 0 0 0 0 6 0 0
29 3 3 3 0 0 0 3 0 0
30 6 0 0 0 0 0 3 3 3
32 12 0 0 0 0 0 3 0 0
33 9 0 0 0 0 0 3 3 3
37 9 0 0 6 0 0 0 0 0
fl=./stdlib/./stdlib/wcstombs.c
fn=wcstombs
28 45 10 2 10 4 1 20 0 0
31 5 0 0 0 0 0 5 0 0
34 15 0 0 0 0 0 0 0 0
35 50 5 1 25 0 0 0 0 0
fl=./stdlib/./strtod_l.c
fn=____strtold_l_internal
378 17 17 1 0 0 0 17 4 3
379 204 17 2 0 0 0 0 0 0
508 360 32 3 40 0 0 280 20 5
514 26 0 0 0 0 0 0 0 0
553 20 0 0 0 0 0 0 0 0
561 20 0 0 20 12 8 0 0 0
563 20 0 0 0 0 0 0 0 0
587 20 0 0 0 0 0 0 0 0
595 20 0 0 20 16 1 0 0 0
596 60 0 0 0 0 0 0 0 0
597 20 0 0 0 0 0 0 0 0
601 20 0 0 0 0 0 20 18 5
602 12 0 0 0 0 0 12 0 0
607 20 0 0 0 0 0 0 0 0
610 40 0 0 20 0 0 0 0 0
611 80 16 2 40 27 4 0 0 0
614 40 0 0 0 0 0 0 0 0
616 24 0 0 0 0 0 8 0 0
617 16 8 1 8 0 0 0 0 0
619 24 0 0 0 0 0 0 0 0
632 100 0 0 20 0 0 0 0 0
633 60 16 1 20 0 0 0 0 0
641 80 0 0 0 0 0 0 0 0
685 3 3 0 0 0 0 6 0 0
689 52 6 4 6 3 0 0 0 0
708 74 0 0 0 0 0 0 0 0
709 6 0 0 0 0 0 0 0 0
710 3 0 0 3 0 0 0 0 0
723 34 15 2 0 0 0 0 0 0
732 29 0 0 23 0 0 0 0 0
733 18 0 0 0 0 0 0 0 0
734 21 3 2 0 0 0 0 0 0
739 18 6 3 0 0 0 0 0 0
740 9 3 0 3 0 0 0 0 0
752 3 0 0 0 0 0 0 0 0
760 21 6 5 0 0 0 6 5 4
765 27 0 0 9 0 0 3 0 0
773 38 17 1 0 0 0 0 0 0
775 203 15 3 0 0 0 0 0 0
776 34 0 0 0 0 0 0 0 0
779 76 17 2 0 0 0 0 0 0
788 17 0 0 0 0 0 0 0 0
801 76 0 0 38 0 0 0 0 0
804 51 0 0 0 0 0 0 0 0
846 51 0 0 0 0 0 0 0 0
855 17 0 0 0 0 0 0 0 0
856 68 17 2 17 0 0 0 0 0
874 17 0 0 0 0 0 0 0 0
880 51 0 0 34 13 2 0 0 0
881 119 0 0 0 0 0 0 0 0
882 51 17 2 0 0 0 0 0 0
980 17 17 1 0 0 0 0 0 0
1013 34 0 0 0 0 0 0 0 0
1023 85 17 1 17 0 0 0 0 0
1042 17 0 0 0 0 0 0 0 0
1043 17 0 0 0 0 0 17 0 0
1048 17 17 2 0 0 0 0 0 0
1072 34 0 0 17 0 0 0 0 0
1081 34 17 1 0 0 0 0 0 0
1175 68 34 6 0 0 0 0 0 0
1176 17 0 0 0 0 0 0 0 0
1177 34 0 0 0 0 0 17 0 0
1180 68 0 0 0 0 0 0 0 0
1192 51 0 0 0 0 0 0 0 0
1195 17 0 0 0 0 0 0 0 0
1204 34 0 0 0 0 0 0 0 0
1224 17 0 0 34 0 0 0 0 0
1248 51 17 3 17 0 0 0 0 0
1249 34 0 0 0 0 0 0 0 0
1253 34 0 0 0 0 0 0 0 0
1259 34 0 0 0 0 0 0 0 0
1291 34 0 0 0 0 0 0 0 0
1294 85 17 2 0 0 0 0 0 0
1296 34 0 0 0 0 0 0 0 0
1302 68 0 0 0 0 0 17 0 0
1304 34 0 0 0 0 0 0 0 0
1306 153 17 3 0 0 0 0 0 0
1310 34 0 0 0 0 0 0 0 0
1325 170 47 6 17 0 0 17 3 3
1770 340 20 1 320 0 0 0 0 0
fn=round_and_return
215 187 17 1 0 0 0 187 0 0
218 51 0 0 0 0 0 0 0 0
226 17 0 0 0 0 0 0 0 0
236 17 0 0 17 0 0 0 0 0
313 51 17 3 0 0 0 0 0 0
316 34 0 0 0 0 0 0 0 0
319 102 17 2 0 0 0 0 0 0
320 17 0 0 0 0 0 0 0 0
350 17 0 0 0 0 0 0 0 0
355 102 0 0 0 0 0 0 0 0
356 102 17 1 187 0 0 0 0 0
fn=str_to_mpn.part.0.constprop.0
365 255 34 3 0 0 0 221 32 8
374 17 0 0 0 0 0 0 0 0
375 17 0 0 0 0 0 0 0 0
382 76 17 2 0 0 0 0 0 0
387 17 0 0 0 0 0 0 0 0
392 51 17 2 0 0 0 0 0 0
413 190 0 0 38 0 0 0 0 0
426 190 0 0 0 0 0 0 0 0
427 38 0 0 0 0 0 0 0 0
429 76 0 0 0 0 0 0 0 0
431 68 17 1 34 0 0 0 0 0
438 51 0 0 34 26 8 0 0 0
440 34 17 1 17 0 0 0 0 0
442 17 0 0 0 0 0 17 3 0
443 34 0 0 0 0 0 17 0 0
458 136 17 1 204 0 0 0 0 0
fn=strtold_l
1782 60 16 3 0 0 0 40 0 0
1783 40 0 0 0 0 0 0 0 0
1784 20 16 3 40 0 0 0 0 0
fl=./string/../include/rtld-malloc.h
fn=strdup
56 148 31 22 37 30 0 0 0 0
fl=./string/../string/bits/string_fortified.h
fn=memmem
59 72 3 1 6 1 0 96 0 0
fn=strcspn
59 70 7 1 0 0 0 112 0 0
fn=strdup
29 40 0 0 0 0 0 0 0 0
fn=strndup
29 4 0 0 0 0 0 0 0 0
fl=./string/../sysdeps/aarch64/memcmp.S
fn=bcmp
46 308112 73213 543 0 0 0 0 0 0
51 308112 0 0 0 0 0 0 0 0
52 308112 0 0 0 0 0 0 0 0
53 70355 0 0 140710 19834 9500 0 0 0
54 70355 0 0 140710 354 162 0 0 0
55 70355 0 0 0 0 0 0 0 0
56 70355 0 0 0 0 0 0 0 0
57 70355 0 0 0 0 0 0 0 0
59 42502 0 0 0 0 0 0 0 0
60 42502 0 0 0 0 0 0 0 0
61 42502 0 0 0 0 0 0 0 0
62 42502 0 0 0 0 0 0 0 0
63 3613 0 0 0 0 0 0 0 0
64 3613 0 0 0 0 0 0 0 0
65 4188 0 0 0 0 0 0 0 0
69 4230 1868 1275 8460 201 58 0 0 0
70 4230 0 0 8460 149 61 0 0 0
71 4230 0 0 0 0 0 0 0 0
72 4230 0 0 0 0 0 0 0 0
73 4230 0 0 0 0 0 0 0 0
74 4230 0 0 0 0 0 0 0 0
75 4230 0 0 0 0 0 0 0 0
77 1261 0 0 2522 376 45 0 0 0
78 1261 0 0 2522 383 98 0 0 0
79 1261 0 0 0 0 0 0 0 0
80 1261 0 0 0 0 0 0 0 0
81 1261 0 0 0 0 0 0 0 0
82 1261 0 0 0 0 0 0 0 0
83 1261 0 0 0 0 0 0 0 0
85 2779 759 3 0 0 0 0 0 0
86 2779 0 0 0 0 0 0 0 0
90 42501 32960 221 85002 644 460 0 0 0
91 42501 0 0 85002 108 58 0 0 0
93 270542 15258 12 0 0 0 0 0 0
94 270542 0 0 0 0 0 0 0 0
95 270542 0 0 0 0 0 0 0 0
100 274003 0 0 0 0 0 0 0 0
101 274003 0 0 0 0 0 0 0 0
103 274003 0 0 0 0 0 0 0 0
104 274003 0 0 0 0 0 0 0 0
105 274003 0 0 0 0 0 0 0 0
106 274003 0 0 0 0 0 0 0 0
110 237757 34373 591 0 0 0 0 0 0
111 237757 0 0 0 0 0 0 0 0
112 237757 0 0 0 0 0 0 0 0
113 66877 0 0 66877 1659 286 0 0 0
114 66877 8665 349 66877 1998 1286 0 0 0
115 66877 0 0 66877 2028 323 0 0 0
116 66877 0 0 66877 1188 884 0 0 0
117 66877 0 0 0 0 0 0 0 0
121 170880 31061 841 0 0 0 0 0 0
122 133311 0 0 133311 683 192 0 0 0
123 133311 0 0 133311 834 695 0 0 0
124 133311 0 0 133311 0 0 0 0 0
125 133311 0 0 133311 0 0 0 0 0
126 133311 0 0 0 0 0 0 0 0
129 37569 0 0 0 0 0 0 0 0
130 17057 0 0 17057 5 1 0 0 0
131 17057 0 0 17057 415 394 0 0 0
132 17057 0 0 0 0 0 0 0 0
133 17057 0 0 0 0 0 0 0 0
135 34108 0 0 0 0 0 0 0 0
136 34108 21434 1548 0 0 0 0 0 0
137 28053 0 0 28053 1191 302 0 0 0
138 28053 0 0 28053 475 178 0 0 0
139 28053 0 0 0 0 0 0 0 0
141 34108 0 0 0 0 0 0 0 0
144 1519 760 3 3038 0 0 0 0 0
145 1519 0 0 3038 0 0 0 0 0
146 1519 0 0 0 0 0 0 0 0
147 1519 0 0 0 0 0 0 0 0
148 1519 0 0 0 0 0 0 0 0
151 1519 0 0 0 0 0 0 0 0
152 1519 0 0 0 0 0 0 0 0
153 1519 0 0 0 0 0 0 0 0
154 1519 0 0 0 0 0 0 0 0
155 1519 0 0 0 0 0 0 0 0
156 1519 0 0 0 0 0 0 0 0
160 4555 761 4 4555 0 0 0 0 0
161 4555 0 0 4555 0 0 0 0 0
162 4555 0 0 0 0 0 0 0 0
163 4555 0 0 4555 56 0 0 0 0
164 4555 0 0 4555 0 0 0 0 0
165 4555 0 0 0 0 0 0 0 0
166 4555 0 0 0 0 0 0 0 0
167 4555 0 0 4555 1 0 0 0 0
168 4555 0 0 4555 0 0 0 0 0
169 4555 0 0 0 0 0 0 0 0
170 4555 0 0 4555 80 0 0 0 0
171 4555 0 0 4555 1 0 0 0 0
172 4555 0 0 0 0 0 0 0 0
173 4555 0 0 0 0 0 0 0 0
174 4555 0 0 0 0 0 0 0 0
175 4555 0 0 0 0 0 0 0 0
176 4555 762 4 0 0 0 0 0 0
177 4555 0 0 0 0 0 0 0 0
178 4555 0 0 0 0 0 0 0 0
179 4555 0 0 0 0 0 0 0 0
182 1519 0 0 0 0 0 0 0 0
183 1519 0 0 0 0 0 0 0 0
189 1 0 0 0 0 0 0 0 0
190 1 0 0 0 0 0 0 0 0
191 1 0 0 0 0 0 0 0 0
192 1 0 0 0 0 0 0 0 0
193 1 0 0 1 0 0 0 0 0
194 1 0 0 1 0 0 0 0 0
196 1 0 0 0 0 0 0 0 0
197 1 0 0 0 0 0 0 0 0
199 1 0 0 0 0 0 0 0 0
200 1 0 0 0 0 0 0 0 0
201 1 1 1 0 0 0 0 0 0
202 1 0 0 0 0 0 0 0 0
fl=./string/../sysdeps/aarch64/memrchr.S
fn=memrchr
57 6880 5905 968 0 0 0 0 0 0
60 6880 0 0 0 0 0 0 0 0
61 6880 0 0 0 0 0 0 0 0
62 6880 0 0 0 0 0 0 0 0
63 6880 0 0 0 0 0 0 0 0
64 6880 0 0 6880 2123 40 0 0 0
65 6880 0 0 0 0 0 0 0 0
66 6880 0 0 0 0 0 0 0 0
67 6880 0 0 0 0 0 0 0 0
68 6880 0 0 0 0 0 0 0 0
69 6880 0 0 0 0 0 0 0 0
70 6880 0 0 0 0 0 0 0 0
71 6880 0 0 0 0 0 0 0 0
73 2220 0 0 0 0 0 0 0 0
74 2220 0 0 0 0 0 0 0 0
75 2220 0 0 0 0 0 0 0 0
76 2220 2218 303 0 0 0 0 0 0
77 2220 0 0 0 0 0 0 0 0
81 4660 4659 721 0 0 0 0 0 0
82 4660 0 0 0 0 0 0 0 0
85 4660 0 0 0 0 0 0 0 0
86 4660 0 0 0 0 0 0 0 0
87 1222 0 0 0 0 0 0 0 0
91 1226 0 0 1226 82 0 0 0 0
92 1226 0 0 0 0 0 0 0 0
93 1226 0 0 0 0 0 0 0 0
94 1226 0 0 0 0 0 0 0 0
95 1226 0 0 0 0 0 0 0 0
98 3459 0 0 3459 3 0 0 0 0
99 3459 0 0 0 0 0 0 0 0
100 3459 0 0 0 0 0 0 0 0
101 3459 3448 692 0 0 0 0 0 0
102 3459 0 0 0 0 0 0 0 0
103 3459 0 0 0 0 0 0 0 0
104 3459 0 0 0 0 0 0 0 0
106 3455 0 0 0 0 0 0 0 0
108 4660 1191 290 0 0 0 0 0 0
109 4660 0 0 0 0 0 0 0 0
111 4660 0 0 0 0 0 0 0 0
115 4660 0 0 0 0 0 0 0 0
116 4660 0 0 0 0 0 0 0 0
117 4660 0 0 0 0 0 0 0 0
118 4660 0 0 0 0 0 0 0 0
119 4660 0 0 0 0 0 0 0 0
fl=./string/../sysdeps/aarch64/multiarch/../memchr.S
fn=__GI_memchr
59 2915 1823 1120 0 0 0 0 0 0
62 2915 0 0 0 0 0 0 0 0
63 2915 0 0 0 0 0 0 0 0
64 2901 0 0 2901 38 1 0 0 0
65 2901 0 0 0 0 0 0 0 0
66 2901 0 0 0 0 0 0 0 0
67 2901 0 0 0 0 0 0 0 0
68 2901 0 0 0 0 0 0 0 0
69 2901 0 0 0 0 0 0 0 0
70 2901 0 0 0 0 0 0 0 0
71 2901 0 0 0 0 0 0 0 0
73 1479 0 0 0 0 0 0 0 0
74 1479 0 0 0 0 0 0 0 0
75 1479 0 0 0 0 0 0 0 0
76 1479 0 0 0 0 0 0 0 0
77 1479 0 0 0 0 0 0 0 0
78 1479 1149 746 0 0 0 0 0 0
82 1422 734 290 0 0 0 0 0 0
83 1422 0 0 0 0 0 0 0 0
84 1422 0 0 0 0 0 0 0 0
85 1422 0 0 0 0 0 0 0 0
88 1388 0 0 0 0 0 0 0 0
89 834 0 0 0 0 0 0 0 0
92 3767 0 0 3767 235 58 0 0 0
93 3767 0 0 0 0 0 0 0 0
94 3767 0 0 0 0 0 0 0 0
95 3767 0 0 0 0 0 0 0 0
96 3767 0 0 0 0 0 0 0 0
99 3704 0 0 3704 181 34 0 0 0
100 3704 0 0 0 0 0 0 0 0
101 3704 0 0 0 0 0 0 0 0
102 3704 454 124 0 0 0 0 0 0
103 3704 0 0 0 0 0 0 0 0
104 3704 0 0 0 0 0 0 0 0
105 3704 0 0 0 0 0 0 0 0
107 771 0 0 0 0 0 0 0 0
109 1388 309 242 0 0 0 0 0 0
110 1388 0 0 0 0 0 0 0 0
111 1388 0 0 0 0 0 0 0 0
112 1388 0 0 0 0 0 0 0 0
114 1388 0 0 0 0 0 0 0 0
116 1388 0 0 0 0 0 0 0 0
117 1388 0 0 0 0 0 0 0 0
118 1388 0 0 0 0 0 0 0 0
119 1388 0 0 0 0 0 0 0 0
120 1388 0 0 0 0 0 0 0 0
123 48 43 21 0 0 0 0 0 0
124 48 44 28 0 0 0 0 0 0
fl=./string/../sysdeps/aarch64/multiarch/../memcpy.S
fn=__GI_memcpy
72 698676 106724 228 0 0 0 0 0 0
77 698676 0 0 0 0 0 0 0 0
78 698676 0 0 0 0 0 0 0 0
79 698676 0 0 0 0 0 0 0 0
80 698676 0 0 0 0 0 0 0 0
81 645751 0 0 0 0 0 0 0 0
82 645751 0 0 0 0 0 0 0 0
85 569628 0 0 0 0 0 0 0 0
86 569628 0 0 0 0 0 0 0 0
87 206837 0 0 206837 11645 3197 0 0 0
88 206837 0 0 206837 3893 550 0 0 0
89 206837 0 0 0 0 0 206837 31288 15754
90 206837 0 0 0 0 0 206837 9570 6289
91 206837 0 0 0 0 0 0 0 0
95 365606 869 0 0 0 0 0 0 0
96 187117 0 0 187117 9731 1997 0 0 0
97 187117 42390 363 187117 1067 1042 0 0 0
98 187117 0 0 0 0 0 187117 12313 3828
99 187117 0 0 0 0 0 187117 170 94
100 187117 0 0 0 0 0 0 0 0
104 178489 32021 82 0 0 0 0 0 0
105 71474 0 0 71474 601 455 0 0 0
106 71474 0 0 71474 53 52 0 0 0
107 71474 0 0 0 0 0 71474 222 80
108 71474 0 0 0 0 0 71474 65 25
109 71474 0 0 0 0 0 0 0 0
113 107015 0 0 0 0 0 0 0 0
114 99350 0 0 0 0 0 0 0 0
115 99350 0 0 99350 549 326 0 0 0
116 99350 0 0 99350 138 138 0 0 0
117 99350 0 0 99350 0 0 0 0 0
118 99350 0 0 0 0 0 99350 143 55
119 99350 24045 434 0 0 0 99350 4 4
120 99350 0 0 0 0 0 99350 3 3
122 107015 1782 20 0 0 0 0 0 0
127 86995 22204 187 173990 7621 4975 0 0 0
128 86995 0 0 173990 9917 5783 0 0 0
129 86995 0 0 0 0 0 0 0 0
130 86995 0 0 0 0 0 0 0 0
131 35766 0 0 0 0 0 71532 3472 1975
132 35766 0 0 0 0 0 71532 935 188
133 35766 0 0 0 0 0 0 0 0
138 51229 0 0 102458 8 0 0 0 0
139 51229 0 0 0 0 0 0 0 0
140 51229 0 0 0 0 0 0 0 0
141 13982 0 0 27964 0 0 0 0 0
142 13982 7297 55 0 0 0 27964 10646 5613
144 51229 33667 3607 0 0 0 102458 8273 3064
145 51229 0 0 0 0 0 102458 5441 2298
146 51229 0 0 0 0 0 102458 5920 902
147 51229 0 0 0 0 0 0 0 0
155 52956 22899 564 52956 11715 4165 0 0 0
156 52956 0 0 0 0 0 0 0 0
157 52956 0 0 0 0 0 0 0 0
158 52956 0 0 0 0 0 0 0 0
159 52956 0 0 0 0 0 0 0 0
160 52956 0 0 105912 11287 3430 0 0 0
161 52956 0 0 0 0 0 52956 3981 3476
162 52956 0 0 105912 8299 3677 0 0 0
163 52956 0 0 0 0 0 0 0 0
164 52956 0 0 0 0 0 0 0 0
166 847537 28489 5630 0 0 0 1695074 440167 422035
167 847537 0 0 1695074 172139 99741 0 0 0
168 847537 0 0 0 0 0 1695074 385303 351455
169 847537 0 0 1695074 521203 473612 0 0 0
170 847537 0 0 0 0 0 0 0 0
171 847537 0 0 0 0 0 0 0 0
172 847537 0 0 0 0 0 0 0 0
173 847537 0 0 0 0 0 0 0 0
177 52956 814 10 105912 5896 4422 0 0 0
178 52956 0 0 0 0 0 105912 20363 17460
179 52956 0 0 105912 6298 2715 0 0 0
180 52956 0 0 0 0 0 105912 16000 10366
181 52956 0 0 0 0 0 105912 7705 4914
182 52956 0 0 0 0 0 105912 11538 3337
183 52956 0 0 0 0 0 0 0 0
fn=__GI_memmove
189 26097 1334 372 0 0 0 0 0 0
194 26097 0 0 0 0 0 0 0 0
195 26097 0 0 0 0 0 0 0 0
196 26097 0 0 0 0 0 0 0 0
197 26097 0 0 0 0 0 0 0 0
198 16997 0 0 0 0 0 0 0 0
199 16997 0 0 0 0 0 0 0 0
202 6125 0 0 0 0 0 0 0 0
203 6125 0 0 0 0 0 0 0 0
204 3310 0 0 3310 8 0 0 0 0
205 3310 0 0 3310 2 0 0 0 0
206 3310 0 0 0 0 0 3310 0 0
207 3310 0 0 0 0 0 3310 0 0
208 3310 0 0 0 0 0 0 0 0
212 9100 0 0 0 0 0 0 0 0
213 9100 0 0 0 0 0 0 0 0
214 9100 708 217 0 0 0 0 0 0
215 9100 0 0 0 0 0 0 0 0
220 9069 0 0 9069 0 0 0 0 0
221 9069 0 0 0 0 0 0 0 0
222 9069 0 0 0 0 0 0 0 0
223 9069 0 0 0 0 0 0 0 0
224 9069 0 0 18138 0 0 0 0 0
225 9069 0 0 0 0 0 9069 0 0
226 9069 0 0 18138 0 0 0 0 0
227 9069 0 0 0 0 0 0 0 0
228 9069 0 0 0 0 0 0 0 0
229 9069 0 0 0 0 0 0 0 0
232 12662 0 0 0 0 0 12662 0 0
233 12662 0 0 0 0 0 12662 0 0
234 12662 0 0 25324 1 0 0 0 0
235 12662 0 0 0 0 0 12662 0 0
236 12662 22 21 0 0 0 12662 0 0
237 12662 0 0 25324 0 0 0 0 0
238 12662 0 0 0 0 0 0 0 0
239 12662 0 0 0 0 0 0 0 0
240 12662 0 0 0 0 0 0 0 0
244 9069 668 190 18138 0 0 0 0 0
245 9069 0 0 0 0 0 18138 0 0
246 9069 0 0 18138 1 0 0 0 0
247 9069 0 0 0 0 0 18138 0 0
248 9069 0 0 0 0 0 18138 0 0
249 9069 0 0 0 0 0 18138 0 0
251 9069 0 0 0 0 0 0 0 0
fn=memcpy
72 252 41 23 0 0 0 0 0 0
77 252 0 0 0 0 0 0 0 0
78 252 0 0 0 0 0 0 0 0
79 252 0 0 0 0 0 0 0 0
80 252 0 0 0 0 0 0 0 0
81 252 0 0 0 0 0 0 0 0
82 252 0 0 0 0 0 0 0 0
85 127 0 0 0 0 0 0 0 0
86 127 0 0 0 0 0 0 0 0
87 54 0 0 54 1 0 0 0 0
88 54 0 0 54 0 0 0 0 0
89 54 0 0 0 0 0 54 3 3
90 54 0 0 0 0 0 54 2 2
91 54 0 0 0 0 0 0 0 0
95 73 0 0 0 0 0 0 0 0
96 53 0 0 53 2 1 0 0 0
97 53 10 9 53 0 0 0 0 0
98 53 0 0 0 0 0 53 15 14
99 53 0 0 0 0 0 53 0 0
100 53 0 0 0 0 0 0 0 0
104 20 5 3 0 0 0 0 0 0
113 20 0 0 0 0 0 0 0 0
114 1 0 0 0 0 0 0 0 0
115 1 0 0 1 1 1 0 0 0
116 1 0 0 1 0 0 0 0 0
117 1 0 0 1 0 0 0 0 0
118 1 0 0 0 0 0 1 1 1
119 1 1 1 0 0 0 1 0 0
120 1 0 0 0 0 0 1 0 0
122 20 2 2 0 0 0 0 0 0
127 125 21 20 250 0 0 0 0 0
128 125 0 0 250 0 0 0 0 0
129 125 0 0 0 0 0 0 0 0
130 125 0 0 0 0 0 0 0 0
131 61 0 0 0 0 0 122 9 9
132 61 0 0 0 0 0 122 9 7
133 61 0 0 0 0 0 0 0 0
138 64 0 0 128 0 0 0 0 0
139 64 0 0 0 0 0 0 0 0
140 64 0 0 0 0 0 0 0 0
144 64 21 21 0 0 0 128 13 11
145 64 0 0 0 0 0 128 11 11
146 64 0 0 0 0 0 128 10 9
147 64 0 0 0 0 0 0 0 0
fl=./string/../sysdeps/aarch64/multiarch/../strlen.S
fn=__GI_strlen
50 4580 834 259 0 0 0 0 0 0
52 4580 0 0 0 0 0 0 0 0
53 4580 0 0 4580 800 287 0 0 0
54 4580 0 0 0 0 0 0 0 0
55 4580 0 0 0 0 0 0 0 0
56 4580 0 0 0 0 0 0 0 0
57 4580 0 0 0 0 0 0 0 0
58 4580 0 0 0 0 0 0 0 0
59 4580 0 0 0 0 0 0 0 0
61 3579 0 0 0 0 0 0 0 0
62 3579 0 0 0 0 0 0 0 0
63 3579 0 0 0 0 0 0 0 0
64 3579 0 0 0 0 0 0 0 0
68 1010 679 216 1010 36 15 0 0 0
69 1010 0 0 0 0 0 0 0 0
70 1010 0 0 0 0 0 0 0 0
71 1010 0 0 0 0 0 0 0 0
72 1010 0 0 0 0 0 0 0 0
73 17 0 0 17 3 2 0 0 0
74 17 0 0 0 0 0 0 0 0
75 17 0 0 0 0 0 0 0 0
76 17 0 0 0 0 0 0 0 0
77 17 0 0 0 0 0 0 0 0
78 8 0 0 0 0 0 0 0 0
80 1001 0 0 0 0 0 0 0 0
81 1001 0 0 0 0 0 0 0 0
82 1001 0 0 0 0 0 0 0 0
84 1001 0 0 0 0 0 0 0 0
86 1001 0 0 0 0 0 0 0 0
87 1001 671 218 0 0 0 0 0 0
88 1001 0 0 0 0 0 0 0 0
89 1001 0 0 0 0 0 0 0 0
fn=strlen
50 142 22 22 0 0 0 0 0 0
52 142 0 0 0 0 0 0 0 0
53 142 0 0 142 9 6 0 0 0
54 142 0 0 0 0 0 0 0 0
55 142 0 0 0 0 0 0 0 0
56 142 0 0 0 0 0 0 0 0
57 142 0 0 0 0 0 0 0 0
58 142 0 0 0 0 0 0 0 0
59 142 0 0 0 0 0 0 0 0
61 9 0 0 0 0 0 0 0 0
62 9 0 0 0 0 0 0 0 0
63 9 0 0 0 0 0 0 0 0
64 9 0 0 0 0 0 0 0 0
68 242 22 22 242 4 0 0 0 0
69 242 0 0 0 0 0 0 0 0
70 242 0 0 0 0 0 0 0 0
71 242 0 0 0 0 0 0 0 0
72 242 0 0 0 0 0 0 0 0
73 172 0 0 172 3 0 0 0 0
74 172 0 0 0 0 0 0 0 0
75 172 0 0 0 0 0 0 0 0
76 172 0 0 0 0 0 0 0 0
77 172 0 0 0 0 0 0 0 0
78 63 0 0 0 0 0 0 0 0
80 133 0 0 0 0 0 0 0 0
81 133 0 0 0 0 0 0 0 0
82 133 0 0 0 0 0 0 0 0
84 133 0 0 0 0 0 0 0 0
86 133 0 0 0 0 0 0 0 0
87 133 22 22 0 0 0 0 0 0
88 133 0 0 0 0 0 0 0 0
89 133 0 0 0 0 0 0 0 0
fl=./string/../sysdeps/aarch64/multiarch/memchr.c
fn=memchr
34 84 12 12 28 13 2 14 4 0
fl=./string/../sysdeps/aarch64/multiarch/memcpy.c
fn=memcpy
41 75 17 17 50 24 5 0 0 0
43 50 0 0 25 20 3 0 0 0
46 50 0 0 25 0 0 0 0 0
48 25 0 0 0 0 0 0 0 0
53 50 0 0 0 0 0 0 0 0
56 50 17 17 0 0 0 0 0 0
59 50 17 17 0 0 0 0 0 0
62 100 17 17 50 0 0 50 4 2
fl=./string/../sysdeps/aarch64/multiarch/memmove.c
fn=memmove
41 72 18 18 48 10 0 0 0 0
43 48 0 0 24 10 1 0 0 0
46 48 0 0 24 0 0 0 0 0
48 24 18 18 0 0 0 0 0 0
53 48 0 0 0 0 0 0 0 0
56 48 0 0 0 0 0 0 0 0
59 48 0 0 0 0 0 0 0 0
62 96 18 18 48 0 0 48 3 0
fl=./string/../sysdeps/aarch64/multiarch/memset.c
fn=memset
41 84 15 15 63 18 0 0 0 0
43 42 0 0 21 15 0 0 0 0
46 42 0 0 21 0 0 0 0 0
48 63 0 0 0 0 0 0 0 0
52 42 0 0 0 0 0 0 0 0
55 84 15 15 0 0 0 0 0 0
61 126 0 0 0 0 0 0 0 0
64 84 0 0 42 0 0 42 3 0
fl=./string/../sysdeps/aarch64/multiarch/strlen.c
fn=strlen
34 182 20 18 56 6 0 28 3 0
fl=./string/../sysdeps/aarch64/multiarch/strlen_asimd.S
fn=__strlen_asimd
89 140891 31016 6130 0 0 0 0 0 0
91 140891 0 0 0 0 0 0 0 0
92 140891 0 0 0 0 0 0 0 0
93 140891 0 0 0 0 0 0 0 0
96 140708 0 0 281416 77556 55907 0 0 0
97 140708 0 0 0 0 0 0 0 0
107 140708 0 0 0 0 0 0 0 0
108 140708 0 0 0 0 0 0 0 0
109 140708 0 0 0 0 0 0 0 0
110 140708 0 0 0 0 0 0 0 0
111 140708 0 0 0 0 0 0 0 0
112 140708 0 0 0 0 0 0 0 0
113 140708 0 0 0 0 0 0 0 0
114 140708 0 0 0 0 0 0 0 0
118 108230 0 0 0 0 0 0 0 0
119 108230 0 0 0 0 0 0 0 0
120 108230 12898 747 0 0 0 0 0 0
121 108230 0 0 0 0 0 0 0 0
122 108230 0 0 0 0 0 0 0 0
123 108230 0 0 0 0 0 0 0 0
124 108230 0 0 0 0 0 0 0 0
128 32478 18619 4055 64956 1069 679 0 0 0
133 32478 0 0 0 0 0 0 0 0
134 32478 0 0 0 0 0 0 0 0
135 32478 0 0 0 0 0 0 0 0
136 32478 0 0 0 0 0 0 0 0
137 32478 0 0 0 0 0 0 0 0
138 32478 0 0 0 0 0 0 0 0
139 32478 0 0 0 0 0 0 0 0
140 32478 0 0 0 0 0 0 0 0
144 8349 0 0 0 0 0 0 0 0
145 8349 0 0 0 0 0 0 0 0
146 8349 3391 544 0 0 0 0 0 0
147 8349 0 0 0 0 0 0 0 0
148 8349 0 0 0 0 0 0 0 0
149 8349 0 0 0 0 0 0 0 0
150 8349 0 0 0 0 0 0 0 0
151 8349 0 0 0 0 0 0 0 0
155 24129 17543 1300 0 0 0 0 0 0
159 53521 12 1 107042 12471 11145 0 0 0
160 53521 0 0 0 0 0 0 0 0
161 53521 0 0 0 0 0 0 0 0
162 53521 0 0 0 0 0 0 0 0
163 53521 0 0 0 0 0 0 0 0
164 53521 0 0 0 0 0 0 0 0
167 24186 0 0 0 0 0 0 0 0
168 24186 0 0 0 0 0 0 0 0
169 24186 18140 1015 0 0 0 0 0 0
170 15906 0 0 0 0 0 0 0 0
171 15906 0 0 0 0 0 0 0 0
174 24186 0 0 0 0 0 0 0 0
175 24186 0 0 0 0 0 0 0 0
177 24186 0 0 0 0 0 0 0 0
179 24186 0 0 0 0 0 0 0 0
180 24186 0 0 0 0 0 0 0 0
181 24186 0 0 0 0 0 0 0 0
184 183 66 24 0 0 0 0 0 0
185 183 0 0 0 0 0 0 0 0
186 183 0 0 0 0 0 0 0 0
187 183 0 0 366 14 6 0 0 0
188 183 0 0 0 0 0 0 0 0
189 183 0 0 0 0 0 0 0 0
190 183 0 0 0 0 0 0 0 0
191 183 132 113 0 0 0 0 0 0
192 183 0 0 0 0 0 0 0 0
193 183 0 0 0 0 0 0 0 0
194 183 0 0 0 0 0 0 0 0
195 183 0 0 0 0 0 0 0 0
196 183 0 0 0 0 0 0 0 0
197 183 0 0 0 0 0 0 0 0
198 183 0 0 0 0 0 0 0 0
200 126 0 0 0 0 0 0 0 0
201 126 0 0 0 0 0 0 0 0
202 126 0 0 0 0 0 0 0 0
203 126 0 0 0 0 0 0 0 0
fl=./string/../sysdeps/aarch64/nptl/../memset.S
fn=__GI_memset
32 972271 202569 99 0 0 0 0 0 0
37 972271 0 0 0 0 0 0 0 0
38 972271 0 0 0 0 0 0 0 0
40 972271 0 0 0 0 0 0 0 0
41 972271 0 0 0 0 0 0 0 0
42 922999 0 0 0 0 0 0 0 0
43 922999 0 0 0 0 0 0 0 0
44 220908 0 0 0 0 0 0 0 0
47 220908 0 0 0 0 0 0 0 0
48 215046 0 0 0 0 0 215046 34726 1811
49 215046 0 0 0 0 0 215046 412 127
50 215046 0 0 0 0 0 0 0 0
52 5862 0 0 0 0 0 0 0 0
53 317 0 0 0 0 0 317 1 1
54 317 0 0 0 0 0 317 1 1
55 317 194 1 0 0 0 0 0 0
56 5545 4067 1 0 0 0 0 0 0
57 4278 0 0 0 0 0 4278 15 14
58 4278 0 0 0 0 0 0 0 0
59 78 0 0 0 0 0 78 0 0
60 5545 0 0 0 0 0 0 0 0
64 702091 233293 117 0 0 0 702091 142289 13829
65 702091 0 0 0 0 0 0 0 0
66 523502 0 0 0 0 0 523502 37933 5963
67 523502 0 0 0 0 0 0 0 0
68 137999 0 0 0 0 0 137999 0 0
69 137999 0 0 0 0 0 137999 0 0
70 523502 0 0 0 0 0 0 0 0
76 178589 132578 458 0 0 0 178589 34485 2908
77 178589 0 0 0 0 0 357178 50703 14519
78 178589 0 0 0 0 0 357178 44291 1755
79 178589 0 0 0 0 0 0 0 0
84 49272 30563 1103 0 0 0 0 0 0
85 49272 0 0 0 0 0 0 0 0
86 49272 0 0 0 0 0 49272 11813 4801
87 49272 0 0 0 0 0 0 0 0
88 49272 0 0 0 0 0 0 0 0
89 49272 0 0 0 0 0 0 0 0
91 49272 0 0 0 0 0 0 0 0
92 49272 0 0 0 0 0 0 0 0
93 49272 0 0 0 0 0 0 0 0
94 229005 0 0 0 0 0 458010 95425 66077
95 229005 0 0 0 0 0 458010 109017 58380
97 229005 0 0 0 0 0 0 0 0
98 229005 0 0 0 0 0 0 0 0
99 49272 0 0 0 0 0 98544 4761 1927
100 49272 0 0 0 0 0 98544 15594 2970
101 98544 40332 2591 0 0 0 0 0 0
106 49272 0 0 0 0 0 0 0 0
107 49272 0 0 0 0 0 0 0 0
fn=memset
32 48 26 26 0 0 0 0 0 0
37 48 0 0 0 0 0 0 0 0
38 48 0 0 0 0 0 0 0 0
40 48 0 0 0 0 0 0 0 0
41 48 0 0 0 0 0 0 0 0
42 23 0 0 0 0 0 0 0 0
43 23 0 0 0 0 0 0 0 0
44 17 0 0 0 0 0 0 0 0
47 17 0 0 0 0 0 0 0 0
48 13 0 0 0 0 0 13 13 13
49 13 0 0 0 0 0 13 0 0
50 13 0 0 0 0 0 0 0 0
52 4 0 0 0 0 0 0 0 0
53 4 0 0 0 0 0 4 0 0
54 4 0 0 0 0 0 4 0 0
55 4 1 1 0 0 0 0 0 0
64 6 5 4 0 0 0 6 4 4
65 6 0 0 0 0 0 0 0 0
66 6 0 0 0 0 0 6 2 2
67 6 0 0 0 0 0 0 0 0
68 2 0 0 0 0 0 2 0 0
69 2 0 0 0 0 0 2 0 0
70 6 0 0 0 0 0 0 0 0
84 25 23 17 0 0 0 0 0 0
85 25 0 0 0 0 0 0 0 0
86 25 0 0 0 0 0 25 22 22
87 25 0 0 0 0 0 0 0 0
88 25 0 0 0 0 0 0 0 0
89 25 0 0 0 0 0 0 0 0
91 25 0 0 0 0 0 0 0 0
92 25 0 0 0 0 0 0 0 0
93 25 0 0 0 0 0 0 0 0
94 427 0 0 0 0 0 854 331 331
95 427 0 0 0 0 0 854 90 90
97 427 0 0 0 0 0 0 0 0
98 427 0 0 0 0 0 0 0 0
99 25 0 0 0 0 0 50 7 7
100 25 0 0 0 0 0 50 7 7
101 50 23 17 0 0 0 0 0 0
106 25 0 0 0 0 0 0 0 0
107 25 0 0 0 0 0 0 0 0
fl=./string/../sysdeps/aarch64/strchr.S
fn=index
54 25874 20363 1242 0 0 0 0 0 0
56 25874 0 0 0 0 0 0 0 0
57 25874 0 0 0 0 0 0 0 0
58 25874 0 0 25874 15872 5618 0 0 0
59 25874 0 0 0 0 0 0 0 0
60 25874 0 0 0 0 0 0 0 0
61 25874 0 0 0 0 0 0 0 0
62 25874 0 0 0 0 0 0 0 0
63 25874 0 0 0 0 0 0 0 0
64 25874 0 0 0 0 0 0 0 0
65 25874 0 0 0 0 0 0 0 0
66 25874 0 0 0 0 0 0 0 0
67 25874 0 0 0 0 0 0 0 0
69 24715 0 0 0 0 0 0 0 0
70 24715 0 0 0 0 0 0 0 0
73 24715 0 0 0 0 0 0 0 0
74 24715 17387 1385 0 0 0 0 0 0
75 24715 0 0 0 0 0 0 0 0
76 24715 0 0 0 0 0 0 0 0
80 1323 846 99 1323 42 27 0 0 0
81 1323 0 0 0 0 0 0 0 0
82 1323 0 0 0 0 0 0 0 0
83 1323 0 0 0 0 0 0 0 0
84 1323 0 0 0 0 0 0 0 0
85 1323 0 0 0 0 0 0 0 0
86 230 0 0 230 4 2 0 0 0
87 230 0 0 0 0 0 0 0 0
88 230 0 0 0 0 0 0 0 0
89 230 0 0 0 0 0 0 0 0
90 230 0 0 0 0 0 0 0 0
91 230 0 0 0 0 0 0 0 0
92 66 42 30 0 0 0 0 0 0
100 1159 795 169 0 0 0 0 0 0
101 1159 0 0 0 0 0 0 0 0
102 1159 0 0 0 0 0 0 0 0
103 1159 0 0 0 0 0 0 0 0
105 1159 0 0 0 0 0 0 0 0
106 1159 0 0 0 0 0 0 0 0
108 1159 0 0 0 0 0 0 0 0
109 1159 0 0 0 0 0 0 0 0
110 1159 0 0 0 0 0 0 0 0
111 1159 0 0 0 0 0 0 0 0
fl=./string/../sysdeps/aarch64/strchrnul.S
fn=strchrnul
53 28649 5031 1709 0 0 0 0 0 0
55 28649 0 0 0 0 0 0 0 0
56 28649 0 0 0 0 0 0 0 0
57 28649 0 0 28649 9017 5972 0 0 0
58 28649 0 0 0 0 0 0 0 0
59 28649 0 0 0 0 0 0 0 0
60 28649 0 0 0 0 0 0 0 0
61 28649 0 0 0 0 0 0 0 0
62 28649 0 0 0 0 0 0 0 0
63 28649 0 0 0 0 0 0 0 0
64 28649 0 0 0 0 0 0 0 0
66 27411 0 0 0 0 0 0 0 0
67 27411 0 0 0 0 0 0 0 0
68 27411 0 0 0 0 0 0 0 0
69 27411 0 0 0 0 0 0 0 0
73 1238 23 4 1238 0 0 0 0 0
74 1238 0 0 0 0 0 0 0 0
75 1238 0 0 0 0 0 0 0 0
76 1238 0 0 0 0 0 0 0 0
77 1238 0 0 0 0 0 0 0 0
78 1238 0 0 0 0 0 0 0 0
87 1238 0 0 0 0 0 0 0 0
88 1238 0 0 0 0 0 0 0 0
89 1238 0 0 0 0 0 0 0 0
91 1238 97 3 0 0 0 0 0 0
93 1238 0 0 0 0 0 0 0 0
94 1238 0 0 0 0 0 0 0 0
95 1238 0 0 0 0 0 0 0 0
fl=./string/../sysdeps/aarch64/strcmp.S
fn=strcmp
64 236261 33870 1138 0 0 0 0 0 0
67 236261 0 0 0 0 0 0 0 0
68 236261 0 0 0 0 0 0 0 0
69 236261 0 0 0 0 0 0 0 0
70 236261 0 0 0 0 0 0 0 0
71 236261 0 0 0 0 0 0 0 0
72 449744 0 0 0 0 0 0 0 0
77 424972 0 0 424972 88891 13889 0 0 0
78 424972 0 0 424972 1090 581 0 0 0
85 428604 0 0 0 0 0 0 0 0
86 428604 0 0 0 0 0 0 0 0
88 428604 0 0 0 0 0 0 0 0
89 428604 0 0 0 0 0 0 0 0
90 428604 0 0 0 0 0 0 0 0
94 226688 0 0 0 0 0 0 0 0
95 226688 54696 824 0 0 0 0 0 0
98 233029 151 30 0 0 0 0 0 0
99 233029 0 0 0 0 0 0 0 0
100 233029 0 0 0 0 0 0 0 0
102 233029 0 0 0 0 0 0 0 0
107 233029 0 0 0 0 0 0 0 0
108 233029 0 0 0 0 0 0 0 0
111 233029 0 0 0 0 0 0 0 0
112 233029 0 0 0 0 0 0 0 0
113 233029 0 0 0 0 0 0 0 0
121 3632 7 3 0 0 0 0 0 0
122 3632 0 0 3632 619 20 0 0 0
123 3632 0 0 3632 575 374 0 0 0
124 3632 0 0 0 0 0 0 0 0
125 3632 6 3 0 0 0 0 0 0
126 3632 0 0 0 0 0 0 0 0
127 3632 0 0 0 0 0 0 0 0
128 3632 0 0 0 0 0 0 0 0
129 3632 0 0 0 0 0 0 0 0
134 9573 204 56 0 0 0 0 0 0
136 25297 0 0 25297 3738 2397 0 0 0
137 25297 0 0 25297 841 83 0 0 0
138 25297 0 0 0 0 0 0 0 0
139 25297 0 0 0 0 0 0 0 0
140 25297 0 0 0 0 0 0 0 0
141 22065 0 0 0 0 0 0 0 0
142 22065 0 0 0 0 0 0 0 0
145 6341 0 0 0 0 0 0 0 0
146 6341 0 0 0 0 0 0 0 0
147 6341 0 0 6341 241 206 0 0 0
151 6341 205 62 0 0 0 0 0 0
152 6341 0 0 0 0 0 0 0 0
153 6341 0 0 0 0 0 0 0 0
154 6341 0 0 0 0 0 0 0 0
155 6341 0 0 0 0 0 0 0 0
156 6341 0 0 0 0 0 0 0 0
158 11030 0 0 0 0 0 0 0 0
163 8248 0 0 8248 123 52 0 0 0
164 8248 0 0 8248 0 0 0 0 0
168 8248 0 0 0 0 0 0 0 0
169 8248 0 0 0 0 0 0 0 0
170 8248 0 0 8248 1092 899 0 0 0
171 8248 0 0 0 0 0 0 0 0
172 8248 0 0 0 0 0 0 0 0
173 8248 0 0 0 0 0 0 0 0
175 5515 160 46 0 0 0 0 0 0
179 5515 0 0 0 0 0 0 0 0
180 5515 0 0 0 0 0 0 0 0
181 5515 0 0 0 0 0 0 0 0
183 2387 40 13 2387 261 188 0 0 0
184 2387 0 0 0 0 0 0 0 0
185 2387 0 0 0 0 0 0 0 0
186 2387 0 0 0 0 0 0 0 0
191 2387 0 0 0 0 0 0 0 0
192 2387 0 0 0 0 0 0 0 0
193 2387 0 0 0 0 0 0 0 0
196 3232 30 4 0 0 0 0 0 0
197 3232 0 0 0 0 0 0 0 0
fl=./string/../sysdeps/aarch64/strcpy.S
fn=stpcpy
71 826 657 211 0 0 0 0 0 0
74 826 0 0 0 0 0 0 0 0
75 826 0 0 826 0 0 0 0 0
76 826 0 0 0 0 0 0 0 0
77 826 0 0 0 0 0 0 0 0
78 826 0 0 0 0 0 0 0 0
79 826 0 0 0 0 0 0 0 0
80 826 0 0 0 0 0 0 0 0
81 826 0 0 0 0 0 0 0 0
83 37 0 0 37 6 1 0 0 0
84 37 0 0 0 0 0 0 0 0
85 37 0 0 0 0 0 0 0 0
86 37 0 0 0 0 0 0 0 0
87 37 0 0 0 0 0 0 0 0
90 36 0 0 0 0 0 0 0 0
92 36 0 0 0 0 0 0 0 0
93 36 0 0 0 0 0 0 0 0
94 36 0 0 0 0 0 0 0 0
95 36 0 0 0 0 0 0 0 0
96 6 0 0 0 0 0 0 0 0
97 6 0 0 6 0 0 0 0 0
98 6 0 0 6 0 0 0 0 0
99 6 0 0 0 0 0 6 0 0
100 6 0 0 0 0 0 6 0 0
101 6 0 0 0 0 0 0 0 0
102 6 0 0 0 0 0 0 0 0
105 789 655 209 0 0 0 0 0 0
106 789 0 0 0 0 0 0 0 0
107 789 0 0 0 0 0 0 0 0
109 819 0 0 0 0 0 0 0 0
110 707 0 0 0 0 0 0 0 0
111 707 0 0 707 0 0 0 0 0
112 707 653 211 707 0 0 0 0 0
113 707 0 0 0 0 0 707 1 1
114 707 0 0 0 0 0 707 1 1
115 707 0 0 0 0 0 0 0 0
116 707 0 0 0 0 0 0 0 0
120 112 3 1 0 0 0 0 0 0
121 112 0 0 0 0 0 0 0 0
122 34 0 0 34 0 0 0 0 0
123 34 0 0 34 0 0 0 0 0
124 34 0 0 0 0 0 34 2 1
125 34 0 0 0 0 0 34 1 1
126 34 0 0 0 0 0 0 0 0
127 34 0 0 0 0 0 0 0 0
130 78 2 1 0 0 0 0 0 0
131 78 0 0 78 0 0 0 0 0
132 78 0 0 0 0 0 78 3 0
134 78 0 0 0 0 0 78 0 0
135 78 0 0 0 0 0 0 0 0
136 78 0 0 0 0 0 0 0 0
140 1 1 1 0 0 0 0 0 0
141 1 0 0 1 0 0 0 0 0
142 1 0 0 0 0 0 0 0 0
143 1 0 0 0 0 0 1 0 0
145 1 0 0 0 0 0 1 0 0
146 1 0 0 1 0 0 0 0 0
147 1 0 0 0 0 0 0 0 0
148 1 0 0 0 0 0 0 0 0
149 1 1 1 0 0 0 0 0 0
150 1 0 0 0 0 0 0 0 0
151 1 0 0 0 0 0 1 1 1
152 1 0 0 1 0 0 0 0 0
153 1 0 0 0 0 0 0 0 0
154 1 0 0 0 0 0 0 0 0
155 1 0 0 0 0 0 0 0 0
156 1 0 0 0 0 0 0 0 0
157 1 0 0 0 0 0 0 0 0
159 1 0 0 0 0 0 0 0 0
160 1 0 0 0 0 0 0 0 0
161 1 0 0 0 0 0 0 0 0
163 1 0 0 0 0 0 0 0 0
165 1 0 0 0 0 0 0 0 0
166 1 0 0 0 0 0 0 0 0
167 1 0 0 0 0 0 0 0 0
168 1 1 1 1 0 0 0 0 0
169 1 0 0 0 0 0 1 0 0
170 1 0 0 0 0 0 0 0 0
171 1 0 0 0 0 0 0 0 0
fn=strcpy
71 2191 337 50 0 0 0 0 0 0
74 2191 0 0 0 0 0 0 0 0
75 2191 0 0 2191 35 35 0 0 0
76 2191 0 0 0 0 0 0 0 0
77 2191 0 0 0 0 0 0 0 0
78 2191 0 0 0 0 0 0 0 0
79 2191 0 0 0 0 0 0 0 0
80 2191 0 0 0 0 0 0 0 0
81 2191 0 0 0 0 0 0 0 0
83 1814 0 0 1814 0 0 0 0 0
84 1814 0 0 0 0 0 0 0 0
85 1814 0 0 0 0 0 0 0 0
86 1814 0 0 0 0 0 0 0 0
87 1814 0 0 0 0 0 0 0 0
90 1147 0 0 0 0 0 0 0 0
92 1147 0 0 0 0 0 0 0 0
93 1147 89 4 0 0 0 0 0 0
94 1147 0 0 0 0 0 0 0 0
95 1147 0 0 0 0 0 0 0 0
96 715 0 0 0 0 0 0 0 0
97 715 0 0 715 0 0 0 0 0
98 715 0 0 715 0 0 0 0 0
99 715 0 0 0 0 0 715 1 0
100 715 0 0 0 0 0 715 11 1
102 715 0 0 0 0 0 0 0 0
105 377 223 47 0 0 0 0 0 0
106 377 0 0 0 0 0 0 0 0
107 377 0 0 0 0 0 0 0 0
109 809 0 0 0 0 0 0 0 0
110 497 0 0 0 0 0 0 0 0
111 497 0 0 497 0 0 0 0 0
112 497 0 0 497 0 0 0 0 0
113 497 75 3 0 0 0 497 0 0
114 497 0 0 0 0 0 497 0 0
116 497 0 0 0 0 0 0 0 0
120 312 167 47 0 0 0 0 0 0
121 312 0 0 0 0 0 0 0 0
122 138 0 0 138 0 0 0 0 0
123 138 0 0 138 0 0 0 0 0
124 138 0 0 0 0 0 138 0 0
125 138 0 0 0 0 0 138 0 0
127 138 0 0 0 0 0 0 0 0
130 174 0 0 0 0 0 0 0 0
131 174 0 0 174 0 0 0 0 0
132 174 0 0 0 0 0 174 0 0
134 174 0 0 0 0 0 174 0 0
136 174 0 0 0 0 0 0 0 0
140 667 72 4 0 0 0 0 0 0
141 667 0 0 667 0 0 0 0 0
142 667 0 0 0 0 0 0 0 0
143 667 0 0 0 0 0 667 1 1
145 673 0 0 0 0 0 673 4 3
146 673 0 0 673 0 0 0 0 0
147 673 0 0 0 0 0 0 0 0
148 673 0 0 0 0 0 0 0 0
149 673 0 0 0 0 0 0 0 0
150 673 0 0 0 0 0 0 0 0
151 11 0 0 0 0 0 11 3 1
152 11 0 0 11 0 0 0 0 0
153 11 0 0 0 0 0 0 0 0
154 11 0 0 0 0 0 0 0 0
155 11 0 0 0 0 0 0 0 0
156 11 0 0 0 0 0 0 0 0
157 5 4 0 0 0 0 0 0 0
159 667 76 4 0 0 0 0 0 0
160 667 0 0 0 0 0 0 0 0
161 667 0 0 0 0 0 0 0 0
163 667 0 0 0 0 0 0 0 0
165 667 0 0 0 0 0 0 0 0
166 667 0 0 0 0 0 0 0 0
167 667 0 0 0 0 0 0 0 0
168 667 0 0 667 0 0 0 0 0
169 667 0 0 0 0 0 667 0 0
171 667 0 0 0 0 0 0 0 0
fl=./string/../sysdeps/aarch64/strncmp.S
fn=strncmp
72 4728 629 120 0 0 0 0 0 0
73 4728 0 0 0 0 0 0 0 0
74 4728 0 0 0 0 0 0 0 0
75 4728 0 0 0 0 0 0 0 0
76 4728 0 0 0 0 0 0 0 0
77 4728 0 0 0 0 0 0 0 0
78 4728 0 0 0 0 0 0 0 0
79 1380 442 80 0 0 0 0 0 0
86 1377 0 0 1377 457 279 0 0 0
87 1377 0 0 1377 21 4 0 0 0
89 1414 0 0 0 0 0 0 0 0
90 1414 0 0 0 0 0 0 0 0
91 1414 0 0 0 0 0 0 0 0
92 1414 0 0 0 0 0 0 0 0
93 1414 0 0 0 0 0 0 0 0
94 1414 0 0 0 0 0 0 0 0
95 1414 0 0 0 0 0 0 0 0
96 1414 0 0 0 0 0 0 0 0
101 1435 8 1 0 0 0 0 0 0
102 1435 0 0 0 0 0 0 0 0
106 1499 9 8 0 0 0 0 0 0
107 1499 0 0 0 0 0 0 0 0
108 1499 0 0 0 0 0 0 0 0
109 1499 465 88 0 0 0 0 0 0
110 1499 0 0 0 0 0 0 0 0
111 1499 0 0 0 0 0 0 0 0
112 1499 0 0 0 0 0 0 0 0
115 1499 0 0 0 0 0 0 0 0
116 1499 0 0 0 0 0 0 0 0
117 1499 0 0 0 0 0 0 0 0
118 1499 0 0 0 0 0 0 0 0
175 37 1 1 0 0 0 0 0 0
176 37 0 0 0 0 0 0 0 0
177 37 0 0 37 0 0 0 0 0
178 37 0 0 0 0 0 0 0 0
179 37 0 0 37 0 0 0 0 0
180 37 0 0 0 0 0 0 0 0
181 37 0 0 0 0 0 0 0 0
183 37 0 0 0 0 0 0 0 0
184 37 7 2 0 0 0 0 0 0
185 37 0 0 0 0 0 0 0 0
186 37 0 0 0 0 0 0 0 0
187 37 0 0 0 0 0 0 0 0
192 3348 410 99 0 0 0 0 0 0
193 3348 0 0 0 0 0 0 0 0
197 5326 0 0 5326 964 313 0 0 0
198 5326 0 0 5326 65 22 0 0 0
199 5326 0 0 0 0 0 0 0 0
200 5326 0 0 0 0 0 0 0 0
201 5326 0 0 0 0 0 0 0 0
202 5326 0 0 0 0 0 0 0 0
204 3229 0 0 0 0 0 0 0 0
205 3229 0 0 0 0 0 0 0 0
209 190 0 0 0 0 0 0 0 0
211 89 0 0 0 0 0 0 0 0
212 89 0 0 0 0 0 0 0 0
213 89 0 0 0 0 0 0 0 0
216 99 0 0 99 29 16 0 0 0
217 99 0 0 99 0 0 0 0 0
218 99 7 3 0 0 0 0 0 0
219 99 0 0 0 0 0 0 0 0
220 99 0 0 0 0 0 0 0 0
221 28 0 0 0 0 0 0 0 0
222 28 0 0 0 0 0 0 0 0
241 119 14 10 0 0 0 0 0 0
242 119 0 0 0 0 0 0 0 0
243 119 0 0 0 0 0 0 0 0
244 119 0 0 0 0 0 0 0 0
245 119 0 0 119 9 0 0 0 0
246 119 0 0 238 0 0 0 0 0
247 119 0 0 0 0 0 0 0 0
248 119 0 0 0 0 0 0 0 0
250 119 0 0 0 0 0 0 0 0
254 65 0 0 0 0 0 0 0 0
255 65 0 0 0 0 0 0 0 0
256 65 11 6 0 0 0 0 0 0
257 65 0 0 0 0 0 0 0 0
258 65 0 0 0 0 0 0 0 0
259 65 0 0 0 0 0 0 0 0
260 65 0 0 0 0 0 0 0 0
261 65 0 0 0 0 0 0 0 0
262 65 0 0 0 0 0 0 0 0
263 65 0 0 0 0 0 0 0 0
264 65 0 0 0 0 0 0 0 0
266 10 0 0 10 0 0 0 0 0
269 73 10 7 0 0 0 0 0 0
279 73 0 0 0 0 0 0 0 0
280 73 0 0 0 0 0 0 0 0
281 73 0 0 0 0 0 0 0 0
282 73 0 0 0 0 0 0 0 0
286 73 0 0 0 0 0 0 0 0
287 73 18 11 0 0 0 0 0 0
288 73 0 0 0 0 0 0 0 0
289 73 0 0 0 0 0 0 0 0
290 73 0 0 0 0 0 0 0 0
293 28 0 0 56 2 2 0 0 0
294 28 0 0 0 0 0 0 0 0
295 28 0 0 0 0 0 0 0 0
296 28 0 0 0 0 0 0 0 0
297 28 0 0 0 0 0 0 0 0
298 28 0 0 0 0 0 0 0 0
299 28 0 0 0 0 0 0 0 0
300 28 0 0 0 0 0 0 0 0
302 9 0 0 9 2 0 0 0 0
303 9 0 0 0 0 0 0 0 0
304 9 0 0 0 0 0 0 0 0
fl=./string/../sysdeps/aarch64/strnlen.S
fn=strnlen
51 25083 9454 960 0 0 0 0 0 0
54 25083 0 0 0 0 0 0 0 0
55 25083 0 0 0 0 0 0 0 0
56 25068 0 0 25068 11819 3362 0 0 0
57 25068 0 0 0 0 0 0 0 0
58 25068 0 0 0 0 0 0 0 0
59 25068 0 0 0 0 0 0 0 0
60 25068 0 0 0 0 0 0 0 0
61 25068 0 0 0 0 0 0 0 0
62 25068 0 0 0 0 0 0 0 0
64 20410 0 0 0 0 0 0 0 0
65 20410 0 0 0 0 0 0 0 0
66 20410 0 0 0 0 0 0 0 0
67 20410 0 0 0 0 0 0 0 0
68 20410 0 0 0 0 0 0 0 0
69 20410 0 0 0 0 0 0 0 0
72 157 4 1 0 0 0 0 0 0
73 157 0 0 0 0 0 0 0 0
76 4658 3386 998 0 0 0 0 0 0
77 4658 0 0 0 0 0 0 0 0
78 4658 0 0 0 0 0 0 0 0
79 4658 0 0 0 0 0 0 0 0
82 4516 0 0 0 0 0 0 0 0
83 71 0 0 0 0 0 0 0 0
86 120 0 0 120 17 5 0 0 0
87 120 0 0 0 0 0 0 0 0
88 120 0 0 0 0 0 0 0 0
89 120 0 0 0 0 0 0 0 0
90 120 0 0 0 0 0 0 0 0
92 4523 0 0 4523 3125 993 0 0 0
93 4523 0 0 0 0 0 0 0 0
94 4523 0 0 0 0 0 0 0 0
95 4523 3427 958 0 0 0 0 0 0
96 4523 0 0 0 0 0 0 0 0
97 4523 0 0 0 0 0 0 0 0
98 4523 0 0 0 0 0 0 0 0
100 4474 0 0 0 0 0 0 0 0
102 4516 41 37 0 0 0 0 0 0
103 4516 0 0 0 0 0 0 0 0
104 4516 0 0 0 0 0 0 0 0
106 4516 0 0 0 0 0 0 0 0
108 4516 0 0 0 0 0 0 0 0
109 4516 0 0 0 0 0 0 0 0
110 4516 0 0 0 0 0 0 0 0
111 4516 0 0 0 0 0 0 0 0
112 4516 0 0 0 0 0 0 0 0
fl=./string/../sysdeps/aarch64/strrchr.S
fn=rindex
57 1074 534 115 0 0 0 0 0 0
59 1074 0 0 0 0 0 0 0 0
60 1074 0 0 0 0 0 0 0 0
61 1074 0 0 0 0 0 0 0 0
62 1074 0 0 1074 538 236 0 0 0
63 1074 0 0 0 0 0 0 0 0
64 1074 0 0 0 0 0 0 0 0
65 1074 0 0 0 0 0 0 0 0
66 1074 0 0 0 0 0 0 0 0
67 1074 0 0 0 0 0 0 0 0
68 1074 0 0 0 0 0 0 0 0
69 1074 0 0 0 0 0 0 0 0
70 1074 0 0 0 0 0 0 0 0
71 1074 0 0 0 0 0 0 0 0
72 1074 0 0 0 0 0 0 0 0
73 830 0 0 0 0 0 0 0 0
77 132 117 21 132 21 15 0 0 0
78 132 0 0 0 0 0 0 0 0
79 132 0 0 0 0 0 0 0 0
80 132 0 0 0 0 0 0 0 0
81 132 0 0 0 0 0 0 0 0
82 132 0 0 0 0 0 0 0 0
83 1 0 0 1 1 0 0 0 0
84 1 0 0 0 0 0 0 0 0
85 1 0 0 0 0 0 0 0 0
86 1 0 0 0 0 0 0 0 0
87 1 0 0 0 0 0 0 0 0
88 1 0 0 0 0 0 0 0 0
89 1 0 0 0 0 0 0 0 0
91 132 0 0 0 0 0 0 0 0
92 132 0 0 0 0 0 0 0 0
99 132 0 0 0 0 0 0 0 0
100 132 93 13 0 0 0 0 0 0
101 132 0 0 0 0 0 0 0 0
103 132 0 0 0 0 0 0 0 0
104 132 0 0 0 0 0 0 0 0
106 370 154 20 0 0 0 0 0 0
107 370 0 0 0 0 0 0 0 0
108 370 0 0 0 0 0 0 0 0
109 370 0 0 0 0 0 0 0 0
110 370 0 0 0 0 0 0 0 0
111 370 0 0 0 0 0 0 0 0
112 370 0 0 0 0 0 0 0 0
113 370 0 0 0 0 0 0 0 0
119 704 285 82 0 0 0 0 0 0
120 704 0 0 0 0 0 0 0 0
123 742 325 101 0 0 0 0 0 0
124 742 0 0 0 0 0 0 0 0
125 742 0 0 0 0 0 0 0 0
126 742 0 0 742 109 42 0 0 0
127 742 0 0 0 0 0 0 0 0
128 742 0 0 0 0 0 0 0 0
129 742 0 0 0 0 0 0 0 0
130 742 0 0 0 0 0 0 0 0
131 742 0 0 0 0 0 0 0 0
132 742 0 0 0 0 0 0 0 0
133 742 0 0 0 0 0 0 0 0
135 704 0 0 0 0 0 0 0 0
136 704 0 0 0 0 0 0 0 0
137 704 0 0 0 0 0 0 0 0
138 704 0 0 0 0 0 0 0 0
139 704 0 0 0 0 0 0 0 0
140 704 324 98 0 0 0 0 0 0
141 704 0 0 0 0 0 0 0 0
142 704 0 0 0 0 0 0 0 0
143 704 0 0 0 0 0 0 0 0
144 704 0 0 0 0 0 0 0 0
145 704 0 0 0 0 0 0 0 0
146 704 0 0 0 0 0 0 0 0
147 704 0 0 0 0 0 0 0 0
fl=./string/./string/memmem.c
fn=memmem
55 60 4 1 12 0 0 30 0 0
59 36 3 1 0 0 0 24 0 0
61 12 0 0 0 0 0 0 0 0
65 12 0 0 0 0 0 0 0 0
66 18 0 0 24 0 0 0 0 0
68 12 0 0 0 0 0 0 0 0
70 12 0 0 0 0 0 0 0 0
79 18 0 0 0 0 0 12 0 0
84 6 0 0 0 0 0 0 0 0
85 6 0 0 0 0 0 0 0 0
88 42 4 1 0 0 0 0 0 0
89 72 0 0 12 0 0 12 0 0
92 42 0 0 18 0 0 0 0 0
93 6 0 0 0 0 0 6 0 0
95 36 6 1 12 0 0 0 0 0
100 12 6 1 0 0 0 0 0 0
101 60 0 0 36 0 0 0 0 0
103 36 0 0 0 0 0 0 0 0
107 6 0 0 0 0 0 0 0 0
108 12 0 0 0 0 0 0 0 0
119 6 0 0 0 0 0 0 0 0
126 66 6 1 42 0 0 0 0 0
fl=./string/./string/strcat.c
fn=strcat
29 770 76 41 0 0 0 616 0 0
30 616 0 0 0 0 0 0 0 0
32 616 0 0 616 0 0 0 0 0
fl=./string/./string/strcspn.c
fn=strcspn
32 74 15 4 14 4 2 31 1 1
33 16 0 0 8 8 3 0 0 0
34 16 0 0 8 0 0 0 0 0
39 4 0 0 0 0 0 4 0 0
40 10 0 0 0 0 0 4 1 1
41 10 1 1 0 0 0 4 1 1
42 10 0 0 0 0 0 4 1 1
47 56 0 0 24 0 0 24 0 0
48 24 0 0 0 0 0 0 0 0
51 32 0 0 16 1 0 0 0 0
52 32 8 2 16 0 0 0 0 0
53 32 0 0 16 0 0 0 0 0
54 4 0 0 2 0 0 0 0 0
56 1 0 0 0 0 0 0 0 0
62 24 0 0 24 0 0 0 0 0
63 12 0 0 12 0 0 0 0 0
64 24 0 0 24 0 0 0 0 0
65 12 0 0 12 0 0 0 0 0
67 84 1 1 24 0 0 0 0 0
69 1 0 0 0 0 0 0 0 0
70 6 0 0 0 0 0 0 0 0
71 80 7 1 45 0 0 0 0 0
fl=./string/./string/strdup.c
fn=strdup
40 188 29 27 0 0 0 188 1 1
41 94 0 0 0 0 0 0 0 0
42 20 0 0 0 0 0 0 0 0
44 47 0 0 0 0 0 0 0 0
47 111 0 0 0 0 0 0 0 0
48 94 8 5 188 0 0 0 0 0
fl=./string/./string/strerror.c
fn=strerror
23 1306 653 208 0 0 0 1306 0 0
24 3265 0 0 1306 622 206 0 0 0
25 653 0 0 1306 0 0 0 0 0
fl=./string/./string/strerror_l.c
fn=strerror_l
28 1959 653 209 0 0 0 0 0 0
29 3918 0 0 0 0 0 0 0 0
30 1306 0 0 0 0 0 0 0 0
38 4571 653 208 0 0 0 5224 0 0
39 2612 0 0 1306 0 0 0 0 0
40 653 0 0 0 0 0 0 0 0
41 653 0 0 0 0 0 0 0 0
57 653 0 0 0 0 0 0 0 0
59 653 0 0 0 0 0 653 0 0
61 3918 0 0 5224 0 0 0 0 0
fl=./string/./string/strncpy.c
fn=strncpy
28 169484 17045 611 0 0 0 145272 3723 187
29 96848 0 0 0 0 0 0 0 0
30 48424 16746 534 0 0 0 0 0 0
31 94864 0 0 0 0 0 0 0 0
32 96848 0 0 0 0 0 0 0 0
33 72636 0 0 145272 0 0 0 0 0
fl=./string/./string/strndup.c
fn=strndup
41 5 2 2 0 0 0 5 0 0
42 2 0 0 0 0 0 0 0 0
43 3 0 0 0 0 0 0 0 0
45 1 0 0 0 0 0 0 0 0
48 1 0 0 0 0 0 1 0 0
50 3 0 0 5 0 0 0 0 0
fl=./string/./string/strpbrk.c
fn=strpbrk
29 28 7 2 0 0 0 21 0 0
30 7 0 0 0 0 0 0 0 0
31 21 0 0 7 0 0 0 0 0
32 28 0 0 21 0 0 0 0 0
fl=./string/./string/strstr.c
fn=strstr
77 65 4 4 10 0 0 45 0 0
82 10 0 0 5 4 4 0 0 0
84 15 4 4 0 0 0 0 0 0
85 5 0 0 0 0 0 0 0 0
86 10 5 4 0 0 0 0 0 0
161 70 5 4 55 0 0 0 0 0
fl=./termios/../string/bits/string_fortified.h
fn=tcgetattr
59 18 0 0 0 0 0 18 0 0
fl=./termios/../sysdeps/unix/sysv/linux/tcgetattr.c
fn=tcgetattr
34 7830 870 549 1740 0 0 2610 0 0
38 11274 1734 1526 864 4 0 864 1 0
40 870 0 0 0 0 0 0 0 0
42 12 0 0 6 0 0 6 0 0
46 12 6 1 6 0 0 6 0 0
51 18 0 0 0 0 0 0 0 0
58 6 0 0 0 0 0 12 0 0
63 36 0 0 18 0 0 18 0 0
77 8700 870 748 4350 0 0 0 0 0
fl=./time/../bits/byteswap.h
fn=__tzfile_read
52 30 0 0 18 0 0 0 0 0
73 472 0 0 236 0 0 0 0 0
fl=./time/../include/alloc_buffer.h
fn=__tzfile_read
129 3 0 0 1 0 0 0 0 0
fl=./time/../include/stdio.h
fn=__tzfile_read
341 150 1 1 75 1 1 25 0 0
fl=./time/../string/bits/string_fortified.h
fn=__tzstring_len
29 40 1 1 0 0 0 0 0 0
fl=./time/../sysdeps/unix/sysv/linux/clock_gettime.c
fn=clock_gettime@@GLIBC_2.17
38 35124 9175 570 23416 10150 1721 0 0 0
40 11708 0 0 0 0 0 0 0 0
44 23416 0 0 0 0 0 0 0 0
68 35124 8938 580 0 0 0 0 0 0
69 11708 0 0 0 0 0 0 0 0
fl=./time/../sysdeps/unix/sysv/linux/dl-vdso.h
fn=gettimeofday
40 6 2 2 4 4 2 0 0 0
41 2 0 0 0 0 0 0 0 0
fl=./time/../sysdeps/unix/sysv/linux/gettimeofday.c
fn=gettimeofday
42 6 2 2 0 0 0 0 0 0
fl=./time/../sysdeps/unix/sysv/linux/time.c
fn=time
58 40 4 4 8 6 1 16 0 0
60 12 0 0 0 0 0 0 0 0
62 4 0 0 0 0 0 0 0 0
63 4 0 0 4 0 0 0 0 0
65 44 4 4 24 0 0 0 0 0
fl=./time/./time/localtime.c
fn=localtime_r
29 4 2 1 0 0 0 4 0 0
30 8 0 0 2 0 0 0 0 0
31 2 0 0 4 0 0 0 0 0
fl=./time/./time/offtime.c
fn=__offtime
30 8 0 0 0 0 0 12 0 0
34 14 1 1 0 0 0 0 0 0
35 6 0 0 0 0 0 0 0 0
37 4 0 0 0 0 0 0 0 0
42 6 1 1 0 0 0 0 0 0
47 16 2 2 0 0 0 2 0 0
48 10 0 0 0 0 0 0 0 0
49 12 1 1 0 0 0 2 0 0
50 12 1 1 0 0 0 2 0 0
52 26 0 0 0 0 0 2 0 0
54 4 0 0 0 0 0 0 0 0
55 6 0 0 0 0 0 0 0 0
60 56 1 1 0 0 0 0 0 0
63 32 1 1 0 0 0 0 0 0
66 6 0 0 0 0 0 0 0 0
67 89 3 3 0 0 0 0 0 0
68 83 1 1 0 0 0 0 0 0
69 3 0 0 0 0 0 0 0 0
71 4 0 0 0 0 0 2 0 0
72 6 0 0 0 0 0 0 0 0
78 2 0 0 0 0 0 2 0 0
79 14 0 0 0 0 0 0 0 0
80 33 1 1 7 1 1 0 0 0
82 2 0 0 0 0 0 0 0 0
83 2 0 0 0 0 0 4 0 0
84 2 0 0 0 0 0 0 0 0
85 2 0 0 0 0 0 0 0 0
86 16 2 2 12 0 0 0 0 0
fl=./time/./time/tzfile.c
fn=__tzfile_compute
586 16 1 1 0 0 0 14 0 0
589 2 0 0 0 0 0 0 0 0
591 8 0 0 2 0 0 8 0 0
592 2 1 1 0 0 0 4 0 0
594 16 1 1 6 0 0 0 0 0
624 8 0 0 2 0 0 0 0 0
660 2 0 0 0 0 0 0 0 0
661 2 0 0 0 0 0 0 0 0
668 16 1 1 0 0 0 0 0 0
669 4 0 0 0 0 0 0 0 0
671 4 0 0 0 0 0 0 0 0
672 8 0 0 2 0 0 0 0 0
674 12 1 1 2 0 0 0 0 0
677 8 1 1 2 0 0 0 0 0
681 2 0 0 0 0 0 0 0 0
711 2 0 0 2 0 0 0 0 0
712 28 3 3 12 0 0 4 0 0
714 6 1 1 2 0 0 0 0 0
717 6 0 0 4 0 0 0 0 0
718 2 0 0 2 0 0 0 0 0
720 4 0 0 2 0 0 0 0 0
722 8 1 1 2 0 0 2 0 0
724 14 0 0 6 0 0 4 0 0
731 4 0 0 2 0 0 0 0 0
734 4 0 0 8 0 0 0 0 0
737 8 0 0 4 0 0 0 0 0
738 10 0 0 4 0 0 2 0 0
739 10 1 1 4 0 0 2 0 0
741 2 0 0 0 0 0 0 0 0
748 4 0 0 2 0 0 0 0 0
751 6 0 0 4 0 0 2 1 0
752 18 1 1 6 0 0 0 0 0
753 4 0 0 2 0 0 4 0 0
754 8 0 0 10 0 0 0 0 0
758 4 0 0 0 0 0 2 1 0
759 4 0 0 0 0 0 2 0 0
762 2 0 0 0 0 0 0 0 0
764 4 0 0 0 0 0 0 0 0
766 2 0 0 4 0 0 0 0 0
783 8 0 0 12 0 0 0 0 0
fn=__tzfile_read
107 13 2 2 2 0 0 9 0 0
114 2 0 0 1 0 0 0 0 0
116 1 0 0 0 0 0 1 0 0
121 1 0 0 0 0 0 1 0 0
123 1 0 0 0 0 0 0 0 0
126 3 0 0 1 0 0 0 0 0
135 4 1 1 2 2 2 0 0 0
136 1 0 0 0 0 0 0 0 0
145 1 1 1 0 0 0 0 0 0
159 1 1 1 0 0 0 0 0 0
167 5 0 0 0 0 0 0 0 0
168 1 0 0 0 0 0 0 0 0
172 4 0 0 0 0 0 0 0 0
175 5 1 1 1 1 1 4 0 0
176 1 0 0 0 0 0 1 0 0
179 1 0 0 0 0 0 2 0 0
180 2 1 1 2 0 0 1 0 0
181 2 0 0 1 0 0 1 0 0
184 5 0 0 1 0 0 1 0 0
187 16 0 0 2 0 0 0 0 0
189 8 1 1 2 0 0 0 0 0
192 2 0 0 0 0 0 0 0 0
193 4 0 0 0 0 0 4 0 0
194 2 0 0 0 0 0 0 0 0
195 4 0 0 0 0 0 2 0 0
196 2 0 0 0 0 0 0 0 0
197 2 0 0 0 0 0 0 0 0
199 8 1 1 0 0 0 0 0 0
202 6 2 2 1 0 0 0 0 0
208 5 0 0 0 0 0 0 0 0
209 2 0 0 0 0 0 0 0 0
214 8 0 0 1 0 0 1 0 0
225 3 0 0 1 0 0 0 0 0
226 4 0 0 0 0 0 0 0 0
227 1 0 0 0 0 0 0 0 0
228 3 1 1 2 0 0 0 0 0
229 1 0 0 0 0 0 0 0 0
231 1 0 0 0 0 0 0 0 0
234 7 0 0 1 0 0 0 0 0
235 3 0 0 0 0 0 0 0 0
237 1 0 0 0 0 0 0 0 0
238 2 1 1 0 0 0 0 0 0
241 5 0 0 0 0 0 0 0 0
243 1 0 0 0 0 0 0 0 0
244 5 0 0 0 0 0 1 0 0
274 4 1 1 0 0 0 1 0 0
276 2 0 0 0 0 0 0 0 0
280 5 0 0 0 0 0 1 0 0
281 1 0 0 0 0 0 0 0 0
283 1 0 0 0 0 0 2 0 0
288 5 1 1 0 0 0 0 0 0
289 8 0 0 1 0 0 1 0 0
290 7 0 0 1 0 0 1 0 0
291 7 1 1 1 0 0 1 0 0
292 6 0 0 0 0 0 1 0 0
293 4 1 1 1 0 0 0 0 0
294 8 1 1 0 0 0 1 1 1
297 1 0 0 0 0 0 0 0 0
299 2 0 0 1 0 0 0 0 0
302 10 1 1 4 0 0 0 0 0
305 7 0 0 2 0 0 0 0 0
311 712 0 0 1 0 0 0 0 0
312 708 1 1 236 0 0 0 0 0
315 5 1 1 1 0 0 0 0 0
323 2 0 0 1 0 0 0 0 0
329 472 0 0 0 0 0 0 0 0
330 236 0 0 0 0 0 236 0 0
333 25 1 1 7 0 0 0 0 0
337 42 1 1 6 0 0 0 0 0
342 12 0 0 0 0 0 0 0 0
344 28 0 0 6 0 0 7 0 0
346 12 0 0 0 0 0 0 0 0
349 18 0 0 6 0 0 6 0 0
350 6 0 0 0 0 0 6 0 0
353 8 0 0 1 0 0 0 0 0
356 2 0 0 1 0 0 0 0 0
372 20 1 1 0 0 0 0 0 0
377 31 1 1 6 0 0 6 0 0
379 4 1 1 1 0 0 0 0 0
380 3 0 0 1 0 0 0 0 0
382 16 1 1 0 0 0 0 0 0
387 37 0 0 6 0 0 6 0 0
389 4 1 1 1 0 0 0 0 0
390 3 1 1 1 0 0 0 0 0
393 3 0 0 1 0 0 0 0 0
395 1 0 0 0 0 0 0 0 0
397 2 1 1 0 0 0 0 0 0
398 9 1 1 1 0 0 0 0 0
402 2 0 0 1 0 0 1 0 0
406 3 1 1 1 0 0 0 0 0
409 2 0 0 0 0 0 0 0 0
412 30 1 1 7 0 0 0 0 0
413 42 0 0 18 0 0 0 0 0
419 3 0 0 1 0 0 2 0 0
421 4 0 0 1 0 0 0 0 0
423 4 0 0 4 0 0 0 0 0
424 7 1 1 4 0 0 0 0 0
426 6 0 0 4 0 0 0 0 0
430 10 0 0 4 0 0 2 0 0
432 7 0 0 2 0 0 0 0 0
436 2 0 0 1 0 0 0 0 0
443 2 0 0 1 0 0 0 0 0
444 2 1 1 0 0 0 0 0 0
446 2 0 0 0 0 0 1 0 0
447 2 1 1 1 0 0 0 0 0
449 1 0 0 1 0 0 0 0 0
452 1 0 0 0 0 0 1 0 0
456 2 0 0 0 0 0 0 0 0
458 10 2 2 3 0 0 0 0 0
460 3 0 0 1 0 0 1 0 0
461 5 0 0 1 0 0 0 0 0
465 1 0 0 0 0 0 0 0 0
470 12 1 1 0 0 0 1 0 0
471 4 0 0 2 0 0 0 0 0
474 5 0 0 2 1 1 1 0 0
475 8 0 0 6 0 0 1 0 0
478 2 0 0 0 0 0 1 0 0
479 2 1 1 1 0 0 0 0 0
480 1 0 0 0 0 0 0 0 0
488 13 0 0 11 0 0 0 0 0
fl=./time/./time/tzset.c
fn=__tz_convert
568 28 3 2 4 0 0 16 0 0
572 14 0 0 0 0 0 0 0 0
577 12 0 0 0 0 0 0 0 0
579 6 2 1 2 0 0 0 0 0
580 14 0 0 0 0 0 0 0 0
592 14 0 0 0 0 0 0 0 0
594 2 1 1 0 0 0 0 0 0
596 2 0 0 0 0 0 0 0 0
603 14 0 0 4 0 0 0 0 0
604 8 0 0 4 0 0 2 0 0
610 28 1 1 20 1 0 0 0 0
fn=__tzstring
120 48 1 1 0 0 0 36 0 0
121 48 0 0 0 0 0 0 0 0
122 24 0 0 36 0 0 0 0 0
fn=__tzstring_len
83 84 2 2 0 0 0 96 0 0
89 78 1 1 33 0 0 0 0 0
90 84 0 0 28 0 0 0 0 0
92 106 0 0 0 0 0 0 0 0
93 140 0 0 0 0 0 0 0 0
98 20 1 1 0 0 0 0 0 0
99 5 0 0 0 0 0 0 0 0
103 5 0 0 0 0 0 10 0 0
104 5 0 0 0 0 0 0 0 0
105 10 0 0 0 0 0 5 0 0
108 4 0 0 0 0 0 4 0 0
110 1 0 0 0 0 0 1 0 0
113 72 1 1 96 0 0 0 0 0
fn=tzset_internal
368 8 2 2 0 0 0 12 0 0
372 16 0 0 2 0 0 0 0 0
374 2 0 0 0 0 0 1 0 0
377 4 0 0 0 0 0 0 0 0
378 1 0 0 0 0 0 0 0 0
397 1 0 0 0 0 0 1 1 1
398 1 0 0 0 0 0 1 1 1
401 2 1 1 1 0 0 0 0 0
402 6 0 0 0 0 0 1 0 0
405 4 1 1 0 0 0 0 0 0
406 3 0 0 1 0 0 0 0 0
424 8 2 2 12 1 0 0 0 0
fl=./wcsmbs/./wcsmbs/btowc.c
fn=btowc
32 2560 1 1 512 0 0 1280 0 0
37 1280 0 0 0 0 0 0 0 0
42 512 1 1 0 0 0 0 0 0
46 640 1 1 384 1 1 0 0 0
47 256 0 0 256 2 2 0 0 0
48 256 0 0 128 1 1 0 0 0
52 512 1 1 128 0 0 0 0 0
55 1920 1 1 640 0 0 0 0 0
94 1792 0 0 1408 0 0 0 0 0
fl=./wcsmbs/./wcsmbs/mbsrtowcs.c
fn=mbsrtowcs
27 2884 1312 426 0 0 0 2884 0 0
28 12978 0 0 2884 0 0 0 0 0
29 1442 0 0 2884 0 0 0 0 0
fl=./wcsmbs/./wcsmbs/mbsrtowcs_l.c
fn=__mbsrtowcs_l
41 23072 656 210 2884 0 0 17304 0 0
51 2884 0 0 0 0 0 1442 355 11
52 4326 656 210 1442 3 2 1442 5 0
53 1442 0 0 0 0 0 1442 0 0
56 1442 0 0 1442 543 207 0 0 0
59 1442 0 0 1442 651 206 0 0 0
60 1442 0 0 1442 1 0 0 0 0
61 2884 0 0 1442 431 191 0 0 0
65 1442 0 0 0 0 0 0 0 0
69 2099 0 0 1442 0 0 657 392 4
70 5256 1311 418 0 0 0 0 0 0
72 1971 0 0 1314 0 0 657 0 0
73 1314 0 0 0 0 0 657 0 0
75 657 0 0 0 0 0 0 0 0
76 1314 0 0 0 0 0 657 0 0
79 657 0 0 0 0 0 657 0 0
81 7227 656 207 0 0 0 0 0 0
84 1971 0 0 657 0 0 0 0 0
86 1314 0 0 0 0 0 0 0 0
88 1314 655 208 0 0 0 0 0 0
91 1314 0 0 657 0 0 0 0 0
93 657 0 0 0 0 0 0 0 0
101 785 0 0 0 0 0 785 0 0
105 1570 0 0 0 0 0 1570 0 0
109 3140 656 211 0 0 0 0 0 0
113 3140 0 0 0 0 0 0 0 0
115 8635 655 212 0 0 0 0 0 0
117 1570 656 210 0 0 0 0 0 0
118 785 0 0 0 0 0 0 0 0
120 2355 0 0 785 0 0 0 0 0
122 1314 0 0 657 0 0 0 0 0
125 785 0 0 785 0 0 0 0 0
129 785 0 0 0 0 0 785 0 0
131 2355 0 0 0 0 0 0 0 0
135 1570 0 0 0 0 0 0 0 0
136 1971 0 0 657 0 0 0 0 0
138 657 0 0 0 0 0 0 0 0
139 1971 0 0 1314 0 0 0 0 0
140 657 0 0 0 0 0 657 0 0
141 1314 0 0 0 0 0 0 0 0
147 384 1 1 0 0 0 0 0 0
153 256 1 1 0 0 0 0 0 0
155 128 0 0 0 0 0 0 0 0
156 640 0 0 128 0 0 128 0 0
159 128 0 0 0 0 0 0 0 0
160 23072 656 209 20188 0 0 0 0 0
fl=./wcsmbs/./wcsmbs/wcschr.c
fn=wcschr
28 16 2 2 0 0 0 16 0 0
43 784 0 0 160 0 0 0 0 0
46 16 0 0 16 0 0 0 0 0
fl=./wcsmbs/./wcsmbs/wcscmp.c
fn=wcscmp
29 2980 36 8 0 0 0 1490 1 0
34 6665 0 0 6665 42 10 0 0 0
35 6665 0 0 6665 92 18 0 0 0
36 6665 0 0 0 0 0 0 0 0
37 370 0 0 0 0 0 0 0 0
39 19255 36 8 0 0 0 0 0 0
41 750 0 0 0 0 0 0 0 0
42 1490 0 0 1490 0 0 0 0 0
fl=./wcsmbs/./wcsmbs/wcscpy.c
fn=wcscpy
29 250 23 2 0 0 0 200 0 0
31 350 0 0 0 0 0 0 0 0
49 100 22 2 200 0 0 0 0 0
fl=./wcsmbs/./wcsmbs/wcslen.c
fn=wcslen
27 1083 66 12 0 0 0 722 1 1
28 722 0 0 0 0 0 0 0 0
30 4219 0 0 1929 102 44 0 0 0
32 3736 61 12 1826 0 0 0 0 0
34 3906 0 0 1742 2 2 0 0 0
36 3836 0 0 1681 0 0 0 0 0
38 1568 0 0 0 0 0 0 0 0
42 722 0 0 722 0 0 0 0 0
fl=./wcsmbs/./wcsmbs/wcsmbsload.c
fn=__wcsmbs_load_conv
91 18 2 2 0 0 0 0 0 0
111 4 0 0 0 0 0 0 0 0
115 2 0 0 4 0 0 0 0 0
119 2 0 0 0 0 0 4 0 0
152 13 1 1 2 0 0 10 0 0
153 1 0 0 1 0 0 0 0 0
156 3 1 1 0 0 0 0 0 0
160 2 0 0 1 0 0 0 0 0
169 4 0 0 0 0 0 0 0 0
170 1 0 0 0 0 0 0 0 0
174 1 0 0 1 1 1 0 0 0
181 90 5 5 18 6 6 9 0 0
189 1 0 0 0 0 0 0 0 0
196 1 0 0 0 0 0 0 0 0
207 1 0 0 0 0 0 1 0 0
210 2 0 0 0 0 0 0 0 0
211 14 1 1 12 0 0 0 0 0
fl=./wcsmbs/./wcsmbs/wcsmbsload.h
fn=__mbsrtowcs_l
69 1442 0 0 1442 352 208 0 0 0
70 2884 0 0 1442 270 208 0 0 0
fl=./wcsmbs/./wcsmbs/wcsncpy.c
fn=wcsncpy
27 21 3 3 0 0 0 18 0 0
28 12 0 0 0 0 0 0 0 0
29 6 0 0 0 0 0 0 0 0
30 12 0 0 0 0 0 0 0 0
31 12 0 0 0 0 0 0 0 0
32 9 0 0 18 3 0 0 0 0
fl=./wcsmbs/./wcsmbs/wcsnlen.c
fn=wcsnlen
27 40 8 3 0 0 0 32 4 0
28 24 0 0 0 0 0 0 0 0
30 24 8 3 0 0 0 0 0 0
32 32 0 0 32 0 0 0 0 0
fl=./wcsmbs/./wcsmbs/wcsrchr.c
fn=wcsrchr
28 6 2 1 0 0 0 4 0 0
29 2 0 0 0 0 0 0 0 0
43 300 0 0 60 2 0 0 0 0
46 4 0 0 4 0 0 0 0 0
fl=./wcsmbs/./wcsmbs/wcsrtombs.c
fn=wcsrtombs
38 80 10 2 10 0 0 65 0 0
47 10 0 0 0 0 0 5 1 0
48 15 0 0 5 2 1 5 0 0
49 25 5 1 0 0 0 5 0 0
52 25 0 0 15 6 2 0 0 0
55 5 0 0 5 4 0 0 0 0
56 5 5 1 5 2 0 0 0 0
57 10 0 0 5 1 0 0 0 0
61 5 0 0 0 0 0 0 0 0
65 5 0 0 5 1 0 0 0 0
101 25 0 0 0 0 0 0 0 0
105 10 0 0 0 0 0 10 0 0
107 60 5 1 0 0 0 0 0 0
112 10 0 0 5 0 0 0 0 0
116 10 0 0 0 0 0 0 0 0
117 10 5 1 5 0 0 0 0 0
119 10 0 0 0 0 0 0 0 0
120 15 0 0 10 0 0 0 0 0
121 5 0 0 0 0 0 5 0 0
122 10 0 0 0 0 0 0 0 0
141 75 5 1 75 0 0 0 0 0
fl=./wcsmbs/./wcsmbs/wctob.c
fn=wctob
30 1280 2 2 256 2 0 640 0 0
39 256 0 0 0 0 0 0 0 0
44 256 0 0 0 0 0 0 0 0
45 128 0 0 0 0 0 0 0 0
79 1408 1 1 896 0 0 0 0 0
fl=./wcsmbs/./wcsmbs/wmemchr.c
fn=wmemchr
26 24 7 3 0 0 0 16 0 0
28 42 0 0 0 0 0 0 0 0
30 63 8 3 21 3 1 0 0 0
31 1 0 0 0 0 0 0 0 0
32 60 0 0 20 0 0 0 0 0
34 60 0 0 20 0 0 0 0 0
35 7 7 2 0 0 0 0 0 0
36 39 0 0 13 0 0 0 0 0
38 13 0 0 0 0 0 0 0 0
39 21 0 0 0 0 0 0 0 0
61 16 1 1 16 0 0 0 0 0
fl=./wcsmbs/./wcsmbs/wmemcpy.c
fn=wmemcpy
24 106 18 4 0 0 0 106 0 0
25 106 0 0 0 0 0 0 0 0
26 53 0 0 106 0 0 0 0 0
fl=./wcsmbs/./wcsmbs/wmemset.c
fn=wmemset
26 6 3 3 0 0 0 6 0 0
27 3 0 0 0 0 0 0 0 0
29 6138 3 3 0 0 0 0 0 0
32 3057 0 0 0 0 0 6114 257 219
34 3057 0 0 0 0 0 6114 508 451
35 3057 0 0 0 0 0 0 0 0
36 3057 0 0 0 0 0 0 0 0
39 3 0 0 0 0 0 0 0 0
41 2 0 0 0 0 0 2 1 0
43 4 0 0 0 0 0 0 0 0
45 2 0 0 0 0 0 2 0 0
47 4 0 0 0 0 0 0 0 0
48 1 0 0 0 0 0 1 0 0
53 6 0 0 6 3 0 0 0 0
fl=./wcsmbs/./wcsmbsload.h
fn=btowc
69 256 0 0 128 1 1 128 0 0
70 256 0 0 128 1 1 0 0 0
fn=wcsrtombs
69 5 0 0 5 5 1 0 0 0
70 10 0 0 5 2 0 0 0 0
71 2 1 1 0 0 0 0 0 0
72 2 0 0 1 0 0 0 0 0
fl=./wctype/./wctype/wctype_l.c
fn=wctype_l
26 70 1 1 0 0 0 80 0 0
29 20 0 0 0 0 0 0 0 0
32 20 0 0 20 1 1 0 0 0
33 68 0 0 0 0 0 0 0 0
35 174 1 1 0 0 0 0 0 0
37 361 0 0 0 0 0 0 0 0
40 96 0 0 0 0 0 0 0 0
41 96 0 0 48 0 0 0 0 0
45 20 0 0 10 1 1 0 0 0
46 20 1 1 10 2 2 0 0 0
47 50 0 0 80 0 0 0 0 0
fl=???
fn=(below main)
0 14 1 1 1 0 0 0 0 0
fn=???
0 1030107436 36277806 4535562 282422256 17731556 7175578 161741388 2614296 590611
fn=ASN1_OBJECT_free
0 2840 97 2 710 18 0 568 0 0
fn=ASN1_add_oid_module
0 12 2 2 2 0 0 2 0 0
fn=ASN1_add_stable_module
0 12 2 2 2 0 0 2 0 0
fn=BIO_clear_flags
0 12 1 1 3 0 0 3 0 0
fn=BIO_ctrl
0 43 5 5 12 0 0 6 0 0
fn=BIO_free
0 51 6 5 8 1 0 3 0 0
fn=BIO_gets
0 26583 748 7 7429 7 0 3127 0 0
fn=BIO_meth_new
0 34 3 3 7 0 0 9 0 0
fn=BIO_meth_set_create
0 11 2 2 2 0 0 3 0 0
fn=BIO_meth_set_ctrl
0 11 1 1 2 0 0 3 0 0
fn=BIO_meth_set_destroy
0 11 1 1 2 0 0 3 0 0
fn=BIO_meth_set_gets
0 11 1 1 2 0 0 3 0 0
fn=BIO_meth_set_puts
0 11 1 1 2 0 0 3 0 0
fn=BIO_meth_set_read_ex
0 11 2 2 2 0 0 4 0 0
fn=BIO_meth_set_write_ex
0 11 2 2 2 0 0 4 0 0
fn=BIO_new
0 8 2 2 2 0 0 2 0 0
fn=BIO_new_ex
0 49 4 4 9 1 1 12 0 0
fn=BIO_new_file
0 39 3 3 6 0 0 6 0 0
fn=BIO_s_file
0 8 1 1 2 0 0 2 0 0
fn=BIO_snprintf
0 76618 574 5 11889 0 0 30383 0 0
fn=BIO_vsnprintf
0 60766 387 4 14531 0 0 9247 3 0
fn=BN_free
0 1600 149 3 0 0 0 0 0 0
fn=BUF_MEM_free
0 22 3 3 7 0 0 4 0 0
fn=BUF_MEM_grow
0 15490 363 4 3410 0 0 3118 0 0
fn=BUF_MEM_grow_clean
0 586 24 5 133 0 0 100 0 0
fn=BUF_MEM_new
0 3066 47 2 584 0 0 584 0 0
fn=CONF_get1_default_config_file
0 42 4 3 5 0 0 5 0 0
fn=CONF_imodule_get_value
0 7 1 1 3 0 0 2 0 0
fn=CONF_module_add
0 147 2 2 14 0 0 14 0 0
fn=CONF_modules_load
0 243 18 15 51 3 0 22 0 0
fn=CONF_modules_load_file_ex
0 66 12 8 9 1 1 8 0 0
fn=CONF_modules_unload
0 225 6 6 55 9 9 9 0 0
fn=CRYPTO_THREAD_cleanup_local
0 48 2 1 12 0 0 8 0 0
fn=CRYPTO_THREAD_get_local
0 1085 52 4 465 37 3 310 0 0
fn=CRYPTO_THREAD_init_local
0 48 1 1 8 0 0 8 0 0
fn=CRYPTO_THREAD_lock_free
0 768 2 2 138 0 0 138 0 0
fn=CRYPTO_THREAD_lock_new
0 1440 56 3 240 0 0 240 1 0
fn=CRYPTO_THREAD_read_lock
0 13651 30 5 2482 0 0 2482 0 0
fn=CRYPTO_THREAD_run_once
0 13992 38 8 2332 0 0 2332 27 0
fn=CRYPTO_THREAD_set_local
0 78 2 2 18 0 0 12 0 0
fn=CRYPTO_THREAD_unlock
0 30151 12 2 5482 0 0 5482 0 0
fn=CRYPTO_THREAD_write_lock
0 16500 6 6 3000 0 0 3000 0 0
fn=CRYPTO_atomic_load
0 583 59 5 159 0 0 159 1 0
fn=CRYPTO_atomic_or
0 84 6 2 16 0 0 20 0 0
fn=CRYPTO_clear_free
0 260 26 4 65 0 0 65 0 0
fn=CRYPTO_free
0 66443 206 5 20444 64 2 10222 0 0
fn=CRYPTO_free_ex_data
0 384 18 16 113 14 2 59 0 0
fn=CRYPTO_get_ex_data
0 4148 77 8 1464 2 0 976 0 0
fn=CRYPTO_malloc
0 94545 111 9 24880 107 4 9953 0 0
fn=CRYPTO_new_ex_data
0 22 4 1 4 0 0 4 0 0
fn=CRYPTO_realloc
0 2550 40 4 376 26 3 0 0 0
fn=CRYPTO_secure_malloc_done
0 22 3 3 5 1 0 5 0 0
fn=CRYPTO_set_ex_data
0 232 20 11 55 0 0 37 0 0
fn=CRYPTO_strdup
0 3724 257 3 665 0 0 665 0 0
fn=CRYPTO_strndup
0 34816 78 4 6528 0 0 7616 0 0
fn=CRYPTO_zalloc
0 16460 45 6 3292 0 0 3292 0 0
fn=CountVisitor::CountVisitor()
0 20280 4056 182 4056 4056 3955 8112 0 0
fn=CountVisitor::visitData(SpatialIndex::IData const&)
0 512 0 0 128 0 0 128 0 0
fn=CountVisitor::visitNode(SpatialIndex::INode const&)
0 3947 3947 3895 0 0 0 0 0 0
fn=CountVisitor::~CountVisitor()
0 40560 109 52 12168 0 0 12168 0 0
fn=DSO_free
0 56 2 2 0 0 0 0 0 0
fn=DataStream::DataStream(int (*)(long*, double**, double**, unsigned int*, unsigned char const**, unsigned long*))
0 14 2 2 2 2 2 8 1 0
fn=DataStream::getNext()
0 44 10 6 16 6 0 16 0 0
fn=DataStream::hasNext()
0 32 6 4 8 0 0 0 0 0
fn=DataStream::readData()
0 212 24 16 64 10 1 64 7 2
fn=DataStream::~DataStream()
0 34 6 2 10 2 0 8 2 2
fn=ENGINE_add
0 51 7 7 14 0 0 11 0 0
fn=ENGINE_add_conf_module
0 12 1 1 2 0 0 2 0 0
fn=ENGINE_finish
0 360 24 2 96 0 0 96 0 0
fn=ENGINE_free
0 14 2 1 4 0 0 4 0 0
fn=ENGINE_get_digest_engine
0 144 24 3 24 0 0 24 0 0
fn=ENGINE_get_first
0 37 3 3 12 0 0 4 0 0
fn=ENGINE_get_next
0 28 3 3 9 0 0 5 0 0
fn=ENGINE_load_builtin_engines
0 8 1 1 2 0 0 2 0 0
fn=ENGINE_new
0 42 3 3 9 2 2 6 0 0
fn=ENGINE_register_DH
0 16 2 2 3 0 0 2 0 0
fn=ENGINE_register_DSA
0 16 2 2 3 0 0 2 0 0
fn=ENGINE_register_EC
0 16 2 2 3 0 0 2 0 0
fn=ENGINE_register_RAND
0 16 2 2 3 0 0 2 0 0
fn=ENGINE_register_RSA
0 16 2 2 3 0 0 2 0 0
fn=ENGINE_register_all_complete
0 23 2 2 4 0 0 3 0 0
fn=ENGINE_register_ciphers
0 30 3 3 8 0 0 3 0 0
fn=ENGINE_register_complete
0 29 2 2 3 0 0 3 0 0
fn=ENGINE_register_digests
0 30 3 3 8 0 0 3 0 0
fn=ENGINE_register_pkey_asn1_meths
0 30 3 3 8 0 0 3 0 0
fn=ENGINE_register_pkey_meths
0 30 3 3 8 0 0 3 0 0
fn=ENGINE_remove
0 51 5 5 12 2 2 6 0 0
fn=ENGINE_set_cmd_defns
0 11 0 0 2 0 0 3 0 0
fn=ENGINE_set_ctrl_function
0 11 1 1 2 0 0 3 0 0
fn=ENGINE_set_finish_function
0 11 1 1 2 0 0 3 0 0
fn=ENGINE_set_flags
0 11 1 1 2 0 0 3 0 0
fn=ENGINE_set_id
0 10 1 1 0 0 0 1 0 0
fn=ENGINE_set_init_function
0 11 1 1 2 0 0 3 0 0
fn=ENGINE_set_name
0 10 1 1 0 0 0 1 0 0
fn=ERR_get_next_error_library
0 31 4 4 8 1 0 5 0 0
fn=ERR_load_strings_const
0 544 2 2 102 0 0 102 0 0
fn=ERR_pop_to_mark
0 150 15 4 36 1 0 24 0 0
fn=ERR_reason_error_string
0 2278 6 6 578 0 0 272 0 0
fn=ERR_set_mark
0 114 7 2 24 3 1 12 0 0
fn=EVP_CIPHER_get_nid
0 1162 3 1 498 157 1 332 0 0
fn=EVP_CIPHER_get_type
0 5594 344 6 664 0 0 664 0 0
fn=EVP_DigestInit_ex
0 96 24 2 24 0 0 24 0 0
fn=EVP_MD_CTX_clear_flags
0 168 24 4 36 0 0 36 0 0
fn=EVP_MD_CTX_free
0 192 24 4 36 0 0 36 0 0
fn=EVP_MD_CTX_new
0 120 12 2 24 0 0 24 0 0
fn=EVP_MD_CTX_reset
0 360 24 4 48 0 0 48 1 0
fn=EVP_MD_CTX_set_flags
0 156 12 2 36 0 0 36 0 0
fn=EVP_MD_CTX_test_flags
0 108 12 2 36 0 0 24 0 0
fn=EVP_MD_do_all_provided
0 15 1 1 2 0 0 2 0 0
fn=EVP_MD_fetch
0 180 24 2 24 0 0 24 0 0
fn=EVP_MD_free
0 1974 71 8 320 22 22 240 0 0
fn=EVP_MD_get_flags
0 84 24 2 36 0 0 24 0 0
fn=EVP_MD_get_type
0 840 26 2 360 81 15 240 0 0
fn=EVP_MD_up_ref
0 1120 56 3 210 11 11 140 0 0
fn=EVP_PBE_cleanup
0 18 2 2 4 1 1 4 0 0
fn=EVP_PKEY_CTX_free
0 96 36 6 0 0 0 0 0 0
fn=EVP_PKEY_asn1_get0
0 256 24 1 48 3 2 32 0 0
fn=EVP_PKEY_asn1_get0_info
0 432 18 3 96 16 16 96 0 0
fn=EVP_PKEY_asn1_get_count
0 9 2 2 1 1 1 0 0 0
fn=EVP_add_alg_module
0 11 2 2 2 0 0 2 0 0
fn=EVP_add_cipher
0 2804 4 3 660 132 132 396 0 0
fn=EVP_add_digest
0 726 3 3 178 21 21 84 0 0
fn=EVP_aes_128_cbc
0 8 0 0 2 0 0 2 0 0
fn=EVP_aes_128_cbc_hmac_sha1
0 7 0 0 2 0 0 2 0 0
fn=EVP_aes_128_cbc_hmac_sha256
0 7 0 0 2 0 0 2 0 0
fn=EVP_aes_128_ccm
0 9 1 1 2 0 0 2 0 0
fn=EVP_aes_128_cfb1
0 9 0 0 2 0 0 2 0 0
fn=EVP_aes_128_cfb128
0 9 2 1 2 0 0 2 0 0
fn=EVP_aes_128_cfb8
0 9 1 1 2 0 0 2 0 0
fn=EVP_aes_128_ctr
0 9 1 1 2 0 0 2 0 0
fn=EVP_aes_128_ecb
0 9 2 2 2 0 0 2 0 0
fn=EVP_aes_128_gcm
0 9 2 2 2 0 0 2 0 0
fn=EVP_aes_128_ocb
0 9 2 2 2 0 0 2 0 0
fn=EVP_aes_128_ofb
0 9 0 0 2 0 0 2 0 0
fn=EVP_aes_128_wrap
0 9 2 2 2 0 0 2 0 0
fn=EVP_aes_128_wrap_pad
0 9 2 2 2 0 0 2 0 0
fn=EVP_aes_128_xts
0 9 2 2 2 0 0 2 0 0
fn=EVP_aes_192_cbc
0 9 1 0 2 0 0 2 0 0
fn=EVP_aes_192_ccm
0 9 0 0 2 0 0 2 0 0
fn=EVP_aes_192_cfb1
0 9 1 1 2 0 0 2 0 0
fn=EVP_aes_192_cfb128
0 9 1 1 2 0 0 2 0 0
fn=EVP_aes_192_cfb8
0 9 1 0 2 0 0 2 0 0
fn=EVP_aes_192_ctr
0 9 1 1 2 0 0 2 0 0
fn=EVP_aes_192_ecb
0 9 2 1 2 0 0 2 0 0
fn=EVP_aes_192_gcm
0 9 0 0 2 0 0 2 0 0
fn=EVP_aes_192_ocb
0 9 0 0 2 0 0 2 0 0
fn=EVP_aes_192_ofb
0 9 0 0 2 0 0 2 0 0
fn=EVP_aes_192_wrap
0 9 0 0 2 0 0 2 0 0
fn=EVP_aes_192_wrap_pad
0 9 1 0 2 0 0 2 0 0
fn=EVP_aes_256_cbc
0 9 0 0 2 0 0 2 0 0
fn=EVP_aes_256_cbc_hmac_sha1
0 7 1 1 2 0 0 2 0 0
fn=EVP_aes_256_cbc_hmac_sha256
0 7 1 1 2 0 0 2 0 0
fn=EVP_aes_256_ccm
0 9 0 0 2 0 0 2 0 0
fn=EVP_aes_256_cfb1
0 9 1 1 2 0 0 2 0 0
fn=EVP_aes_256_cfb128
0 8 1 1 2 0 0 2 0 0
fn=EVP_aes_256_cfb8
0 9 0 0 2 0 0 2 0 0
fn=EVP_aes_256_ctr
0 9 0 0 2 0 0 2 0 0
fn=EVP_aes_256_ecb
0 9 1 1 2 0 0 2 0 0
fn=EVP_aes_256_gcm
0 9 0 0 2 0 0 2 0 0
fn=EVP_aes_256_ocb
0 9 1 1 2 0 0 2 0 0
fn=EVP_aes_256_ofb
0 9 0 0 2 0 0 2 0 0
fn=EVP_aes_256_wrap
0 9 0 0 2 0 0 2 0 0
fn=EVP_aes_256_wrap_pad
0 8 0 0 2 0 0 2 0 0
fn=EVP_aes_256_xts
0 9 0 0 2 0 0 2 0 0
fn=EVP_aria_128_cbc
0 8 1 1 2 0 0 2 0 0
fn=EVP_aria_128_ccm
0 9 2 2 2 0 0 2 0 0
fn=EVP_aria_128_cfb1
0 8 1 1 2 0 0 2 0 0
fn=EVP_aria_128_cfb128
0 9 0 0 2 0 0 2 0 0
fn=EVP_aria_128_cfb8
0 9 1 1 2 0 0 2 0 0
fn=EVP_aria_128_ctr
0 9 1 1 2 0 0 2 0 0
fn=EVP_aria_128_ecb
0 9 2 2 2 0 0 2 0 0
fn=EVP_aria_128_gcm
0 9 2 2 2 0 0 2 0 0
fn=EVP_aria_128_ofb
0 9 0 0 2 0 0 2 0 0
fn=EVP_aria_192_cbc
0 9 0 0 2 0 0 2 0 0
fn=EVP_aria_192_ccm
0 9 0 0 2 0 0 2 0 0
fn=EVP_aria_192_cfb1
0 9 2 1 2 0 0 2 0 0
fn=EVP_aria_192_cfb128
0 9 1 1 2 0 0 2 0 0
fn=EVP_aria_192_cfb8
0 9 1 1 2 0 0 2 0 0
fn=EVP_aria_192_ctr
0 9 0 0 2 0 0 2 0 0
fn=EVP_aria_192_ecb
0 9 1 1 2 0 0 2 0 0
fn=EVP_aria_192_gcm
0 9 1 0 2 0 0 2 0 0
fn=EVP_aria_192_ofb
0 9 0 0 2 0 0 2 0 0
fn=EVP_aria_256_cbc
0 9 1 1 2 0 0 2 0 0
fn=EVP_aria_256_ccm
0 9 1 1 2 0 0 2 0 0
fn=EVP_aria_256_cfb1
0 9 1 0 2 0 0 2 0 0
fn=EVP_aria_256_cfb128
0 9 0 0 2 0 0 2 0 0
fn=EVP_aria_256_cfb8
0 9 0 0 2 0 0 2 0 0
fn=EVP_aria_256_ctr
0 9 0 0 2 0 0 2 0 0
fn=EVP_aria_256_ecb
0 9 2 1 2 0 0 2 0 0
fn=EVP_aria_256_gcm
0 9 0 0 2 0 0 2 0 0
fn=EVP_aria_256_ofb
0 9 0 0 2 0 0 2 0 0
fn=EVP_bf_cbc
0 8 1 1 2 0 0 2 0 0
fn=EVP_bf_cfb64
0 9 1 1 2 0 0 2 0 0
fn=EVP_bf_ecb
0 9 2 2 2 0 0 2 0 0
fn=EVP_bf_ofb
0 9 0 0 2 0 0 2 0 0
fn=EVP_blake2b512
0 8 1 1 2 0 0 2 0 0
fn=EVP_blake2s256
0 9 2 1 2 0 0 2 0 0
fn=EVP_camellia_128_cbc
0 8 0 0 2 0 0 2 0 0
fn=EVP_camellia_128_cfb1
0 9 0 0 2 0 0 2 0 0
fn=EVP_camellia_128_cfb128
0 9 1 1 2 0 0 2 0 0
fn=EVP_camellia_128_cfb8
0 9 1 1 2 0 0 2 0 0
fn=EVP_camellia_128_ctr
0 9 0 0 2 0 0 2 0 0
fn=EVP_camellia_128_ecb
0 9 2 2 2 0 0 2 0 0
fn=EVP_camellia_128_ofb
0 9 0 0 2 0 0 2 0 0
fn=EVP_camellia_192_cbc
0 9 0 0 2 0 0 2 0 0
fn=EVP_camellia_192_cfb1
0 9 1 1 2 0 0 2 0 0
fn=EVP_camellia_192_cfb128
0 9 1 1 2 0 0 2 0 0
fn=EVP_camellia_192_cfb8
0 9 0 0 2 0 0 2 0 0
fn=EVP_camellia_192_ctr
0 9 0 0 2 0 0 2 0 0
fn=EVP_camellia_192_ecb
0 9 2 2 2 0 0 2 0 0
fn=EVP_camellia_192_ofb
0 9 0 0 2 0 0 2 0 0
fn=EVP_camellia_256_cbc
0 9 1 1 2 0 0 2 0 0
fn=EVP_camellia_256_cfb1
0 9 1 1 2 0 0 2 0 0
fn=EVP_camellia_256_cfb128
0 8 1 1 2 0 0 2 0 0
fn=EVP_camellia_256_cfb8
0 9 1 1 2 0 0 2 0 0
fn=EVP_camellia_256_ctr
0 9 0 0 2 0 0 2 0 0
fn=EVP_camellia_256_ecb
0 9 1 1 2 0 0 2 0 0
fn=EVP_camellia_256_ofb
0 9 0 0 2 0 0 2 0 0
fn=EVP_cast5_cbc
0 8 0 0 2 0 0 2 0 0
fn=EVP_cast5_cfb64
0 9 1 1 2 0 0 2 0 0
fn=EVP_cast5_ecb
0 9 2 2 2 0 0 2 0 0
fn=EVP_cast5_ofb
0 9 0 0 2 0 0 2 0 0
fn=EVP_chacha20
0 8 1 1 2 0 0 2 0 0
fn=EVP_chacha20_poly1305
0 8 1 1 2 0 0 2 0 0
fn=EVP_des_cbc
0 8 1 0 2 0 0 2 0 0
fn=EVP_des_cfb1
0 9 2 2 2 0 0 2 0 0
fn=EVP_des_cfb64
0 9 2 2 2 0 0 2 0 0
fn=EVP_des_cfb8
0 9 0 0 2 0 0 2 0 0
fn=EVP_des_ecb
0 9 0 0 2 0 0 2 0 0
fn=EVP_des_ede
0 9 0 0 2 0 0 2 0 0
fn=EVP_des_ede3
0 9 1 1 2 0 0 2 0 0
fn=EVP_des_ede3_cbc
0 9 1 1 2 0 0 2 0 0
fn=EVP_des_ede3_cfb1
0 9 1 1 2 0 0 2 0 0
fn=EVP_des_ede3_cfb64
0 9 1 1 2 0 0 2 0 0
fn=EVP_des_ede3_cfb8
0 9 1 1 2 0 0 2 0 0
fn=EVP_des_ede3_ofb
0 9 1 1 2 0 0 2 0 0
fn=EVP_des_ede3_wrap
0 9 1 1 2 0 0 2 0 0
fn=EVP_des_ede_cbc
0 8 0 0 2 0 0 2 0 0
fn=EVP_des_ede_cfb64
0 9 2 2 2 0 0 2 0 0
fn=EVP_des_ede_ofb
0 9 0 0 2 0 0 2 0 0
fn=EVP_des_ofb
0 9 1 0 2 0 0 2 0 0
fn=EVP_desx_cbc
0 8 1 1 2 0 0 2 0 0
fn=EVP_md4
0 8 1 1 2 0 0 2 0 0
fn=EVP_md5
0 8 1 1 2 0 0 2 0 0
fn=EVP_md5_sha1
0 8 2 2 2 0 0 2 0 0
fn=EVP_rc2_40_cbc
0 9 1 1 2 0 0 2 0 0
fn=EVP_rc2_64_cbc
0 9 0 0 2 0 0 2 0 0
fn=EVP_rc2_cbc
0 8 0 0 2 0 0 2 0 0
fn=EVP_rc2_cfb64
0 9 2 2 2 0 0 2 0 0
fn=EVP_rc2_ecb
0 9 1 1 2 0 0 2 0 0
fn=EVP_rc2_ofb
0 9 0 0 2 0 0 2 0 0
fn=EVP_rc4
0 8 2 2 2 0 0 2 0 0
fn=EVP_rc4_40
0 9 0 0 2 0 0 2 0 0
fn=EVP_rc4_hmac_md5
0 8 2 2 2 0 0 2 0 0
fn=EVP_ripemd160
0 8 1 1 2 0 0 2 0 0
fn=EVP_seed_cbc
0 8 0 0 2 0 0 2 0 0
fn=EVP_seed_cfb128
0 9 1 1 2 0 0 2 0 0
fn=EVP_seed_ecb
0 9 2 2 2 0 0 2 0 0
fn=EVP_seed_ofb
0 9 0 0 2 0 0 2 0 0
fn=EVP_sha1
0 8 1 1 2 0 0 2 0 0
fn=EVP_sha224
0 9 1 1 2 0 0 2 0 0
fn=EVP_sha256
0 9 1 1 2 0 0 2 0 0
fn=EVP_sha384
0 9 2 2 2 0 0 2 0 0
fn=EVP_sha3_224
0 9 1 1 2 0 0 2 0 0
fn=EVP_sha3_256
0 9 0 0 2 0 0 2 0 0
fn=EVP_sha3_384
0 9 1 1 2 0 0 2 0 0
fn=EVP_sha3_512
0 9 1 1 2 0 0 2 0 0
fn=EVP_sha512
0 9 0 0 2 0 0 2 0 0
fn=EVP_sha512_224
0 9 0 0 2 0 0 2 0 0
fn=EVP_sha512_256
0 9 0 0 2 0 0 2 0 0
fn=EVP_shake128
0 9 0 0 2 0 0 2 0 0
fn=EVP_shake256
0 9 1 1 2 0 0 2 0 0
fn=EVP_sm3
0 8 1 1 2 0 0 2 0 0
fn=EVP_sm4_cbc
0 8 2 2 2 0 0 2 0 0
fn=EVP_sm4_cfb128
0 9 0 0 2 0 0 2 0 0
fn=EVP_sm4_ctr
0 9 0 0 2 0 0 2 0 0
fn=EVP_sm4_ecb
0 9 2 2 2 0 0 2 0 0
fn=EVP_sm4_ofb
0 9 0 0 2 0 0 2 0 0
fn=EVP_whirlpool
0 8 1 1 2 0 0 2 0 0
fn=Error_GetErrorCount
0 8928 1488 1346 2976 1482 276 1488 0 0
fn=GetDefaults()
0 6660 497 267 1002 180 103 1326 21 12
fn=Index::CreateIndex()
0 119 12 11 24 2 0 26 0 0
fn=Index::CreateIndexBuffer(SpatialIndex::IStorageManager&)
0 36 3 3 15 0 0 12 0 0
fn=Index::CreateStorage()
0 309 36 36 66 6 4 57 6 0
fn=Index::GetIndexStorage()
0 456 12 12 96 3 2 96 0 0
fn=Index::GetIndexType()
0 59 4 4 12 1 0 12 0 0
fn=Index::GetResultSetLimit()
0 156 78 78 78 78 78 0 0 0
fn=Index::GetResultSetOffset()
0 156 78 78 78 0 0 0 0 0
fn=Index::Index(Tools::PropertySet const&)
0 60 4 3 16 3 0 14 1 0
fn=Index::Index(Tools::PropertySet const&, int (*)(long*, double**, double**, unsigned int*, unsigned char const**, unsigned long*))
0 52 10 10 18 6 4 14 2 2
fn=Index::Index(Tools::PropertySet const&, std::unique_ptr<SpatialIndex::IDataStream, std::default_delete<SpatialIndex::IDataStream> >)
0 444 32 32 92 14 11 96 7 6
fn=Index::Initialize()
0 16 2 1 3 1 0 6 0 0
fn=Index::Setup()
0 15 3 3 0 0 0 9 0 0
fn=Index::~Index()
0 69 6 4 36 20 10 9 0 0
fn=IndexItem_GetData
0 22260 1908 281 6360 1272 592 5088 1412 1
fn=IndexProperty_Create
0 66 12 6 18 0 0 18 0 0
fn=IndexProperty_Destroy
0 30 6 5 12 12 8 0 0 0
fn=IndexProperty_GetIndexCapacity
0 354 30 15 72 17 0 72 1 1
fn=IndexProperty_GetIndexType
0 177 15 15 36 9 0 36 2 0
fn=IndexProperty_GetLeafCapacity
0 354 36 20 72 17 0 72 3 0
fn=IndexProperty_GetNearMinimumOverlapFactor
0 354 30 14 78 14 0 78 2 1
fn=IndexProperty_SetDimension
0 183 18 18 36 4 0 42 3 0
fn=IndexProperty_SetIndexStorage
0 183 18 18 33 5 0 39 0 0
fn=Index_Create
0 14 3 1 4 0 0 4 0 0
fn=Index_CreateWithStream
0 32 6 6 8 0 0 8 1 0
fn=Index_Destroy
0 30 3 2 12 2 0 12 3 2
fn=Index_DestroyObjResults
0 6894 234 234 2376 740 334 468 34 0
fn=Index_Free
0 1276 638 87 0 0 0 0 0 0
fn=Index_InsertData
0 2415 175 175 700 311 115 315 4 0
fn=Index_Intersects_count
0 178464 12168 2403 64896 12505 4434 36504 7504 0
fn=Index_NearestNeighbors_obj
0 4680 390 337 1560 557 92 936 7 0
fn=MD5_Init
0 20 2 2 3 1 1 8 0 0
fn=NCONF_default
0 8 1 1 2 0 0 2 0 0
fn=NCONF_free
0 10 1 1 4 1 0 2 0 0
fn=NCONF_get0_libctx
0 7 1 1 3 0 0 2 0 0
fn=NCONF_get_number_e
0 130 8 4 32 1 0 22 0 0
fn=NCONF_get_section
0 32 2 1 8 0 0 8 0 0
fn=NCONF_get_string
0 69 4 2 18 0 0 18 0 0
fn=NCONF_load
0 6 2 2 2 1 1 0 0 0
fn=NCONF_new_ex
0 23 2 2 5 1 1 5 0 0
fn=OBJ_NAME_add
0 23063 6 6 5835 8 0 5057 0 0
fn=OBJ_NAME_cleanup
0 124 4 4 42 1 1 31 0 0
fn=OBJ_NAME_do_all
0 80 7 3 16 0 0 12 0 0
fn=OBJ_NAME_get
0 19228 590 6 5556 102 3 3500 22 0
fn=OBJ_NAME_init
0 17043 211 4 3588 0 0 2691 1 0
fn=OBJ_NAME_remove
0 13320 5 5 3330 1 0 1998 1 0
fn=OBJ_get0_data
0 1136 109 1 426 10 1 284 0 0
fn=OBJ_nid2ln
0 16211 475 6 3770 4 0 1508 0 0
fn=OBJ_nid2obj
0 14406 632 3 3087 113 0 1372 0 0
fn=OBJ_nid2sn
0 15708 405 3 3740 249 150 1496 0 0
fn=OBJ_obj2txt
0 72404 962 15 5447 116 38 3212 0 0
fn=OBJ_sigid_free
0 22 2 2 6 0 0 6 0 0
fn=OPENSSL_LH_delete
0 19852 10 10 5819 1 0 3424 0 0
fn=OPENSSL_LH_doall
0 10510 5 5 3628 708 449 217 0 0
fn=OPENSSL_LH_doall_arg
0 59018 174 5 19815 5743 100 200 0 0
fn=OPENSSL_LH_error
0 3857 162 2 1653 0 0 1102 0 0
fn=OPENSSL_LH_flush
0 22498 8 7 4102 1369 585 1469 7 4
fn=OPENSSL_LH_free
0 617 4 3 145 1 0 116 0 0
fn=OPENSSL_LH_get_down_load
0 28 1 1 12 1 1 8 0 0
fn=OPENSSL_LH_insert
0 340088 741 22 98262 2150 4 61328 111 0
fn=OPENSSL_LH_new
0 1363 99 4 290 100 4 348 0 0
fn=OPENSSL_LH_num_items
0 176 2 1 66 0 0 44 0 0
fn=OPENSSL_LH_retrieve
0 43251 158 6 12776 98 14 3975 0 0
fn=OPENSSL_LH_set_down_load
0 72 3 2 16 0 0 24 0 0
fn=OPENSSL_LH_strhash
0 111678 189 9 8936 119 10 1448 0 0
fn=OPENSSL_cleanse
0 2639 26 5 0 0 0 618 7 2
fn=OPENSSL_cleanup
0 54 5 5 11 2 2 10 1 0
fn=OPENSSL_init_crypto
0 3118 128 25 829 14 4 477 0 0
fn=OPENSSL_load_builtin_modules
0 12 0 0 2 0 0 2 0 0
fn=OPENSSL_sk_deep_copy
0 35 4 3 8 0 0 13 1 0
fn=OPENSSL_sk_delete
0 256 3 3 56 0 0 40 0 0
fn=OPENSSL_sk_dup
0 520 52 10 156 20 2 117 3 0
fn=OPENSSL_sk_free
0 1708 22 5 415 0 0 332 0 0
fn=OPENSSL_sk_insert
0 6516 504 7 1448 0 0 1448 2 0
fn=OPENSSL_sk_new
0 98 14 2 28 0 0 28 0 0
fn=OPENSSL_sk_new_null
0 448 26 1 112 0 0 112 0 0
fn=OPENSSL_sk_new_reserve
0 1960 93 9 420 0 0 490 0 0
fn=OPENSSL_sk_num
0 3301 33 7 1231 84 14 824 0 0
fn=OPENSSL_sk_pop
0 45 6 4 12 1 1 8 0 0
fn=OPENSSL_sk_pop_free
0 1293 17 4 364 46 42 194 0 0
fn=OPENSSL_sk_push
0 1448 322 6 543 3 0 362 0 0
fn=OPENSSL_sk_set
0 288 8 4 84 0 0 60 0 0
fn=OPENSSL_sk_sort
0 338 26 5 78 0 0 52 0 0
fn=OPENSSL_sk_value
0 7664 17 3 2395 133 19 958 0 0
fn=OPENSSL_strcasecmp
0 167889 320 9 51192 70 12 8253 0 0
fn=OPENSSL_strlcpy
0 60472 140 3 9016 0 0 9016 0 0
fn=OPENSSL_strnlen
0 84499 67 4 16247 1 1 2182 0 0
fn=OPENSSL_thread_stop
0 29 3 3 5 1 1 4 0 0
fn=OSSL_CMP_log_close
0 8 1 1 2 0 0 2 0 0
fn=OSSL_LIB_CTX_get0_global_default
0 22 3 3 4 0 0 3 0 0
fn=OSSL_PARAM_construct_end
0 220 22 1 44 0 0 154 0 0
fn=OSSL_PARAM_construct_int
0 748 44 2 132 0 0 264 0 0
fn=OSSL_PARAM_construct_size_t
0 748 38 2 132 22 1 264 0 0
fn=OSSL_PARAM_locate
0 2772 42 3 572 0 0 352 0 0
fn=OSSL_PARAM_set_int
0 264 22 1 88 0 0 88 0 0
fn=OSSL_PARAM_set_int32
0 1320 66 3 220 0 0 264 0 0
fn=OSSL_PARAM_set_size_t
0 264 22 1 88 0 0 88 0 0
fn=OSSL_PARAM_set_uint64
0 1408 45 3 220 0 0 264 0 0
fn=OSSL_trace_set_channel
0 7 1 1 2 0 0 2 0 0
fn=ObjVisitor::ObjVisitor()
0 702 156 156 78 78 78 390 2 2
fn=ObjVisitor::visitData(SpatialIndex::IData const&)
0 19080 156 156 6360 751 156 4018 40 37
fn=ObjVisitor::visitNode(SpatialIndex::INode const&)
0 78 78 78 0 0 0 0 0 0
fn=ObjVisitor::~ObjVisitor()
0 8388 142 78 3402 421 0 624 0 0
fn=Page_ResultSet_Obj(ObjVisitor&, SpatialIndex_IData***, long, long, unsigned long*)
0 12906 390 390 4272 610 0 1650 243 48
fn=PyArg_ParseTuple
0 58140 5081 2124 8550 166 0 35910 1143 70
fn=PyArg_ParseTupleAndKeywords
0 356221 28256 1909 41910 689 1 199063 6905 41
fn=PyArg_UnpackTuple
0 1316889 82117 16312 206596 2878 2 607172 7880 1830
fn=PyArg_ValidateKeywordArguments
0 208 32 24 64 0 0 32 0 0
fn=PyBool_FromLong
0 3071827 127496 629 558514 0 0 558514 826 218
fn=PyBuffer_FillInfo
0 58783 5643 4136 4997 0 0 25738 842 145
fn=PyBuffer_IsContiguous
0 19101 1827 1564 5731 0 0 2859 14 0
fn=PyBuffer_Release
0 63677 6082 2340 24457 3971 769 16350 3 0
fn=PyBuffer_ToContiguous
0 78 6 6 24 6 0 18 0 0
fn=PyByteArray_FromStringAndSize
0 15662 77 45 3270 0 0 5016 85 21
fn=PyByteArray_Resize
0 6929 489 135 1859 0 0 1859 138 27
fn=PyBytes_AsString
0 21885 908 71 7296 257 2 6 0 0
fn=PyBytes_AsStringAndSize
0 12180 1827 256 3654 1206 229 3045 0 0
fn=PyBytes_FromObject
0 968 90 4 220 1 0 154 0 0
fn=PyBytes_FromString
0 1406 111 23 222 36 3 296 4 1
fn=PyBytes_FromStringAndSize
0 2620001 51052 5282 425239 12881 2010 621487 23176 13679
fn=PyCFunction_GetFunction
0 51 6 2 18 3 1 9 0 0
fn=PyCMethod_New
0 4343845 232049 24998 1030619 1753 58 1263630 25182 5008
fn=PyCallable_Check
0 12771 942 56 4644 379 52 2322 1 0
fn=PyCapsule_GetPointer
0 4693375 192699 311 1126410 78 17 563205 4 0
fn=PyCapsule_Import
0 70 7 7 10 1 1 10 0 0
fn=PyCapsule_IsValid
0 1496 41 20 340 63 52 136 0 0
fn=PyCapsule_New
0 3120 107 96 780 0 0 1404 11 0
fn=PyCell_New
0 231383 17909 3906 63880 503 0 61664 1532 127
fn=PyCell_Set
0 11045 1656 901 2761 56 2 2209 0 0
fn=PyClassMethod_New
0 180 16 15 36 0 0 45 0 0
fn=PyCode_Addr2Line
0 2104 8 8 340 3 3 288 0 0
fn=PyCodec_LookupError
0 156 3 3 54 9 8 30 0 0
fn=PyCodec_Register
0 23 2 2 8 1 1 4 0 0
fn=PyCodec_RegisterError
0 208 2 2 72 0 0 40 0 0
fn=PyCompile_OpcodeStackEffectWithJump
0 56527 626 209 12244 289 85 10727 0 0
fn=PyComplex_FromCComplex
0 125 8 8 30 3 3 40 3 1
fn=PyConfig_Clear
0 395 30 24 115 14 11 120 1 1
fn=PyConfig_InitPythonConfig
0 81 4 2 18 4 1 36 0 0
fn=PyConfig_SetBytesArgv
0 13 1 1 2 0 0 6 0 0
fn=PyConfig_SetString
0 1672 17 6 455 4 2 650 0 0
fn=PyContextVar_Get
0 3377052 386955 2216 1031877 73325 261 750456 0 0
fn=PyContextVar_New
0 46 4 4 10 0 0 10 0 0
fn=PyDescr_IsData
0 2005330 197796 577 802132 0 0 401066 279 14
fn=PyDescr_NewClassMethod
0 2330 147 39 592 10 2 776 0 0
fn=PyDescr_NewGetSet
0 50336 2175 725 12624 49 0 17198 41 0
fn=PyDescr_NewMember
0 17905 386 109 4788 101 44 5669 3 0
fn=PyDescr_NewMethod
0 66433 2351 166 14630 38 0 18363 5 0
fn=PyDescr_NewWrapper
0 81761 587 102 21321 91 0 29643 0 0
fn=PyDictProxy_New
0 113607 6365 694 32043 1052 9 26217 315 18
fn=PyDict_Clear
0 565995 3841 246 173109 50094 38748 32031 29 12
fn=PyDict_Contains
0 703241 39316 2230 153614 11338 2076 100240 76 1
fn=PyDict_Copy
0 960909 35726 7659 288264 55023 2480 105922 1179 0
fn=PyDict_DelItem
0 423387 21102 6253 117498 2679 923 71107 2 1
fn=PyDict_DelItemString
0 50 3 3 10 0 0 10 0 0
fn=PyDict_GetItem
0 3466878 122893 1375 887412 61857 348 483822 20636 20
fn=PyDict_GetItemString
0 3276 129 36 585 0 0 585 0 0
fn=PyDict_GetItemWithError
0 9136345 256619 1107 3266495 198462 44292 1473392 19124 1011
fn=PyDict_Keys
0 623130 3331 804 230046 11343 1898 34998 126 0
fn=PyDict_Merge
0 64 8 2 16 0 0 8 0 0
fn=PyDict_MergeFromSeq2
0 42254 1483 350 11898 198 4 6074 72 34
fn=PyDict_New
0 748279 57921 6850 196929 23793 5055 218411 1948 33
fn=PyDict_Next
0 1959000 16228 4876 712896 9724 5211 265106 369 10
fn=PyDict_SetDefault
0 4649138 67441 10495 1479009 30120 2004 851490 9083 5163
fn=PyDict_SetItem
0 3195521 65743 9279 962070 35938 10043 308820 482 75
fn=PyDict_SetItemString
0 114863 1361 288 35040 993 391 11933 1 0
fn=PyDict_Size
0 11410 220 162 4890 7 0 0 0 0
fn=PyDict_Update
0 23910 1541 200 6376 0 0 3188 0 0
fn=PyErr_CheckSignals
0 1150496 73310 2508 406057 27818 788 203029 1140 11
fn=PyErr_Clear
0 276437 28239 1876 72775 9 0 58202 0 0
fn=PyErr_ExceptionMatches
0 759996 38351 2340 290506 187 4 89352 3 0
fn=PyErr_Format
0 742130 69018 17968 161920 289 0 404740 6566 478
fn=PyErr_GetRaisedException
0 464789 31767 4484 143012 144 3 107259 55 0
fn=PyErr_GivenExceptionMatches
0 562263 31669 2619 228935 218 85 83380 0 0
fn=PyErr_NewException
0 2157 179 62 369 62 20 275 2 0
fn=PyErr_NewExceptionWithDoc
0 45 4 3 9 1 0 9 0 0
fn=PyErr_Occurred
0 13513854 114158 310 4158442 8415 416 2078788 11595 3
fn=PyErr_SetFromErrno
0 64 16 3 16 0 0 16 0 0
fn=PyErr_SetFromErrnoWithFilenameObject
0 43860 3225 1024 8385 21 1 6450 0 0
fn=PyErr_SetFromErrnoWithFilenameObjects
0 536 48 11 112 0 0 88 0 0
fn=PyErr_SetNone
0 1584 264 238 396 0 0 264 43 0
fn=PyErr_SetObject
0 5412 256 89 1353 0 0 902 0 0
fn=PyErr_SetRaisedException
0 488418 9 0 139548 15 0 104661 327 0
fn=PyErr_SetString
0 2349 243 145 567 0 0 486 0 0
fn=PyEval_EvalCode
0 84612 8951 6546 19089 2026 328 25436 237 21
fn=PyEval_GetBuiltins
0 21834 2622 2460 8734 18 6 1748 0 0
fn=PyEval_GetGlobals
0 83881 8431 2261 33522 3206 179 6770 0 0
fn=PyEval_MergeCompilerFlags
0 2618 238 129 952 31 2 238 0 0
fn=PyEval_RestoreThread
0 477144 26256 3176 119286 0 0 119286 0 0
fn=PyEval_SaveThread
0 1510956 104232 4081 477144 46080 1531 397620 653 3
fn=PyException_GetContext
0 2400 295 211 900 88 0 600 0 0
fn=PyException_GetTraceback
0 202900 19838 1983 75636 31 0 50725 0 0
fn=PyException_SetCause
0 121 11 7 33 0 0 44 0 0
fn=PyException_SetContext
0 2700 295 214 900 0 0 900 0 0
fn=PyException_SetTraceback
0 123465 11017 2481 30620 2 0 24669 0 0
fn=PyFile_NewStdPrinter
0 24 2 2 5 1 1 4 0 0
fn=PyFile_OpenCodeObject
0 30960 3440 2536 6880 2286 591 4300 0 0
fn=PyFile_WriteObject
0 1217 72 49 224 22 16 191 0 0
fn=PyFile_WriteString
0 1372 100 48 280 15 0 196 0 0
fn=PyFloat_AsDouble
0 255149 8486 332 76574 4493 89 50936 1 0
fn=PyFloat_FromDouble
0 393878 11186 2561 107802 12600 3062 85868 3826 1062
fn=PyFloat_FromString
0 4196 161 157 930 0 0 1232 1 0
fn=PyFloat_GetInfo
0 61 4 4 3 0 0 14 0 0
fn=PyFloat_Unpack8
0 2484 78 51 552 128 45 0 0 0
fn=PyFrame_GetBack
0 43 3 3 16 5 5 3 0 0
fn=PyFrame_GetCode
0 354 16 9 160 17 1 66 0 0
fn=PyFrame_GetLineNumber
0 9 1 1 4 0 0 2 0 0
fn=PyFrozenSet_New
0 9315 989 535 2070 647 239 3450 1 0
fn=PyFunction_GetModule
0 1125 240 115 250 210 65 0 0 0
fn=PyFunction_New
0 2668603 73607 6943 756390 106067 50717 896709 28736 19095
fn=PyGC_Collect
0 36 4 4 9 1 0 7 0 0
fn=PyGC_Disable
0 238 12 7 85 0 0 51 0 0
fn=PyGC_Enable
0 255 30 5 85 0 0 51 0 0
fn=PyGILState_Ensure
0 168 22 15 30 3 2 24 3 2
fn=PyGILState_Release
0 156 15 10 30 0 0 24 0 0
fn=PyHash_GetFuncDef
0 8 1 1 2 0 0 2 0 0
fn=PyImport_AddModule
0 500 24 24 115 0 0 115 0 0
fn=PyImport_AddModuleObject
0 851 36 34 161 0 0 138 0 0
fn=PyImport_GetImporter
0 118 10 7 23 7 3 15 0 0
fn=PyImport_GetMagicNumber
0 39 3 3 9 1 0 6 0 0
fn=PyImport_GetModule
0 1546 96 67 401 39 13 288 0 0
fn=PyImport_GetModuleDict
0 135 30 30 45 11 3 0 0 0
fn=PyImport_Import
0 314006 25124 8693 70060 2759 40 53245 0 0
fn=PyImport_ImportFrozenModule
0 16 2 2 5 1 1 4 0 0
fn=PyImport_ImportFrozenModuleObject
0 70 6 6 14 2 2 9 0 0
fn=PyImport_ImportModule
0 14322 1293 208 3260 57 7 3260 2 0
fn=PyImport_ImportModuleLevel
0 272 23 12 64 0 0 64 0 0
fn=PyImport_ImportModuleLevelObject
0 1519130 87140 18535 345921 36108 8672 230801 1301 101
fn=PyIndex_Check
0 104952 13950 2182 41273 9103 1034 18194 715 6
fn=PyInit__abc
0 8 1 1 2 0 0 2 0 0
fn=PyInit__ast
0 9 1 1 2 0 0 2 0 0
fn=PyInit__bisect
0 8 1 1 2 0 0 2 0 0
fn=PyInit__blake2
0 8 1 1 2 0 0 2 0 0
fn=PyInit__bounded_integers
0 8 1 1 2 0 0 2 0 0
fn=PyInit__bz2
0 8 1 1 2 0 0 2 0 0
fn=PyInit__codecs
0 8 1 1 2 0 0 2 0 0
fn=PyInit__collections
0 8 1 1 2 0 0 2 0 0
fn=PyInit__common
0 8 2 2 2 0 0 2 0 0
fn=PyInit__contextvars
0 8 2 2 2 0 0 2 0 0
fn=PyInit__csv
0 8 1 1 2 0 0 2 0 0
fn=PyInit__ctypes
0 395 45 24 38 12 1 48 27 14
fn=PyInit__datetime
0 553 41 33 53 12 2 72 7 5
fn=PyInit__decimal
0 1026 78 34 198 60 20 120 41 7
fn=PyInit__functools
0 8 1 1 2 0 0 2 0 0
fn=PyInit__generator
0 8 1 1 2 0 0 2 0 0
fn=PyInit__hashlib
0 8 1 1 2 0 0 2 0 0
fn=PyInit__imp
0 9 1 1 2 0 0 2 0 0
fn=PyInit__io
0 8 1 1 2 0 0 2 0 0
fn=PyInit__json
0 8 1 1 2 0 0 2 0 0
fn=PyInit__locale
0 8 1 1 2 0 0 2 0 0
fn=PyInit__lzma
0 8 1 1 2 0 0 2 0 0
fn=PyInit__mt19937
0 9 1 1 2 0 0 2 0 0
fn=PyInit__multiarray_tests
0 70 7 5 15 3 2 9 1 1
fn=PyInit__multiarray_umath
0 8866 213 168 1101 81 61 1107 231 217
fn=PyInit__opcode
0 8 1 1 2 0 0 2 0 0
fn=PyInit__operator
0 8 1 1 2 0 0 2 0 0
fn=PyInit__pcg64
0 9 2 2 2 0 0 2 0 0
fn=PyInit__philox
0 9 0 0 2 0 0 2 0 0
fn=PyInit__pickle
0 8 1 1 2 0 0 2 0 0
fn=PyInit__pocketfft_internal
0 65 7 5 14 3 2 8 1 0
fn=PyInit__posixsubprocess
0 8 1 1 2 0 0 2 0 0
fn=PyInit__random
0 8 1 1 2 0 0 2 0 0
fn=PyInit__sfc64
0 9 1 1 2 0 0 2 0 0
fn=PyInit__sha2
0 8 1 1 2 0 0 2 0 0
fn=PyInit__signal
0 8 1 1 2 0 0 2 0 0
fn=PyInit__socket
0 8 2 2 2 0 0 2 0 0
fn=PyInit__sre
0 8 2 2 2 0 0 2 0 0
fn=PyInit__stat
0 8 1 1 2 0 0 2 0 0
fn=PyInit__statistics
0 8 2 2 2 0 0 2 0 0
fn=PyInit__string
0 9 1 1 2 0 0 2 0 0
fn=PyInit__struct
0 8 1 1 2 0 0 2 0 0
fn=PyInit__thread
0 8 2 2 2 0 0 2 0 0
fn=PyInit__tokenize
0 8 1 1 2 0 0 2 0 0
fn=PyInit__typing
0 8 1 1 2 0 0 2 0 0
fn=PyInit__umath_linalg
0 878 85 12 288 77 13 113 5 2
fn=PyInit__weakref
0 8 1 1 2 0 0 2 0 0
fn=PyInit_array
0 8 2 2 2 0 0 2 0 0
fn=PyInit_atexit
0 8 1 1 2 0 0 2 0 0
fn=PyInit_binascii
0 8 1 1 2 0 0 2 0 0
fn=PyInit_bit_generator
0 8 2 2 2 0 0 2 0 0
fn=PyInit_errno
0 8 1 1 2 0 0 2 0 0
fn=PyInit_fcntl
0 8 1 1 2 0 0 2 0 0
fn=PyInit_itertools
0 8 1 1 2 0 0 2 0 0
fn=PyInit_math
0 8 1 1 2 0 0 2 0 0
fn=PyInit_mtrand
0 9 2 2 2 0 0 2 0 0
fn=PyInit_posix
0 8 1 1 2 0 0 2 0 0
fn=PyInit_select
0 8 2 2 2 0 0 2 0 0
fn=PyInit_time
0 8 1 1 2 0 0 2 0 0
fn=PyInit_zlib
0 8 1 1 2 0 0 2 0 0
fn=PyInterpreterState_Delete
0 57 4 4 16 1 1 8 0 0
fn=PyInterpreterState_Get
0 395416 1954 704 112976 0 0 56488 1 0
fn=PyInterpreterState_GetID
0 36 9 9 9 9 0 0 0 0
fn=PyInterpreterState_Main
0 8 2 2 3 0 0 2 0 0
fn=PyInterpreterState_New
0 49 4 4 13 2 0 11 0 0
fn=PyIter_Check
0 1092 143 111 336 71 46 168 0 0
fn=PyIter_Next
0 1058966 16003 9851 447794 1220 8 284416 16 0
fn=PyList_Append
0 3729090 76689 5080 1420761 8813 488 1012201 13399 7673
fn=PyList_AsTuple
0 19509 2701 587 11148 1075 12 0 0 0
fn=PyList_GetItem
0 138390 51 4 69195 286 28 19770 0 0
fn=PyList_Insert
0 10 2 2 4 4 2 0 0 0
fn=PyList_New
0 970748 43020 5416 324870 24650 1077 303157 1414 31
fn=PyList_Reverse
0 6446 1174 922 1905 256 0 96 0 0
fn=PyList_SetItem
0 171 18 16 72 1 1 27 0 0
fn=PyList_SetSlice
0 1615 580 410 646 168 0 0 0 0
fn=PyList_Size
0 9192 230 61 4596 204 7 0 0 0
fn=PyList_Sort
0 18955 1887 366 5575 145 2 2230 0 0
fn=PyLong_AsDouble
0 2242 220 72 672 2 2 224 0 0
fn=PyLong_AsLong
0 637385 21688 5562 231759 6157 304 115876 12 0
fn=PyLong_AsLongAndOverflow
0 371177 16122 8239 108257 2138 1535 61861 1716 0
fn=PyLong_AsLongLong
0 272073 11806 5923 94560 2466 15 47292 3616 0
fn=PyLong_AsSsize_t
0 1066659 54990 951 352704 19302 5906 117192 188 3
fn=PyLong_AsUnsignedLong
0 101561 405 135 30313 1374 58 9894 4 0
fn=PyLong_AsUnsignedLongMask
0 336850 29632 254 117152 2280 136 58568 2 0
fn=PyLong_AsVoidPtr
0 2310 210 21 630 3 1 315 0 0
fn=PyLong_FromDouble
0 57100 7369 6837 7401 34 0 10839 309 0
fn=PyLong_FromLong
0 1466312 57446 2611 273182 150 12 296416 2342 263
fn=PyLong_FromLongLong
0 683515 22791 5126 110846 2 0 157515 2219 327
fn=PyLong_FromSize_t
0 29355 3971 772 6180 0 0 6180 0 0
fn=PyLong_FromSsize_t
0 724817 34668 7563 143420 181 1 150083 7813 11
fn=PyLong_FromString
0 377852 6267 884 65974 1056 295 15123 206 16
fn=PyLong_FromUnicodeObject
0 9271 551 65 2510 1 0 2156 90 0
fn=PyLong_FromUnsignedLong
0 720464 50773 9322 153796 2638 5 184274 4191 871
fn=PyLong_FromUnsignedLongLong
0 107693 13459 3522 23553 0 0 30283 1174 212
fn=PyLong_FromVoidPtr
0 675302 10133 2101 147722 3867 18 189926 2583 481
fn=PyLong_GetInfo
0 27 2 2 3 0 0 7 0 0
fn=PyMapping_Check
0 71408 8299 1900 27403 8340 650 11068 17 0
fn=PyMapping_GetItemString
0 140 4 4 25 0 0 25 0 0
fn=PyMapping_Items
0 12852 945 302 2646 400 173 1701 0 0
fn=PyMapping_Keys
0 92408 5507 884 19061 752 97 12270 0 0
fn=PyMapping_SetItemString
0 2688 192 84 576 0 0 576 21 1
fn=PyMapping_Size
0 14937 1180 550 5745 70 1 2298 1 0
fn=PyMarshal_Init
0 8 2 2 2 0 0 2 0 0
fn=PyMarshal_ReadObjectFromString
0 33 4 3 6 3 0 11 0 0
fn=PyMem_Calloc
0 1328290 73502 12145 355654 34023 8464 186224 4732 4128
fn=PyMem_Free
0 4822456 297708 15856 1390029 127909 10004 671662 9284 2916
fn=PyMem_Malloc
0 2273987 86131 4233 720571 75622 10216 348515 8237 4555
fn=PyMem_RawCalloc
0 54 4 2 12 0 0 6 0 0
fn=PyMem_RawFree
0 854580 66017 1658 227888 5687 6 113944 5 1
fn=PyMem_RawMalloc
0 112896 6396 2815 28224 541 2 14112 0 0
fn=PyMem_RawRealloc
0 2346 158 16 552 0 0 276 0 0
fn=PyMem_Realloc
0 1369778 70464 8491 384152 24379 543 195780 972 9
fn=PyMem_SetAllocator
0 291 24 18 98 0 0 73 0 0
fn=PyMember_GetOne
0 1133455 76546 10330 340236 52872 11294 115658 0 0
fn=PyMember_SetOne
0 617969 35576 2338 214839 21638 5486 134432 1 1
fn=PyMemoryView_FromBuffer
0 3396 224 150 1147 5 1 1250 61 23
fn=PyMethod_New
0 1121170 58605 2225 286814 1879 14 365024 1256 0
fn=PyModuleDef_Init
0 1069 122 107 275 67 56 287 0 0
fn=PyModule_AddFunctions
0 6452 38 22 1208 162 84 352 0 0
fn=PyModule_AddIntConstant
0 26831 83 63 5915 10 1 4437 0 0
fn=PyModule_AddObject
0 1539 39 31 343 5 1 268 0 0
fn=PyModule_AddObjectRef
0 5784 196 72 1446 40 1 1205 7 0
fn=PyModule_AddStringConstant
0 184 12 12 40 0 0 40 0 0
fn=PyModule_AddType
0 2675 260 70 546 78 0 455 18 0
fn=PyModule_Create2
0 140 14 13 42 0 0 28 5 2
fn=PyModule_ExecDef
0 4465 420 364 1260 215 17 401 0 0
fn=PyModule_FromDefAndSpec2
0 20704 882 772 3785 515 378 1465 0 0
fn=PyModule_GetDef
0 1408 146 120 440 5 0 264 0 0
fn=PyModule_GetDict
0 23616 363 113 7380 115 62 4428 13 0
fn=PyModule_GetFilenameObject
0 58 7 7 14 2 2 7 0 0
fn=PyModule_GetNameObject
0 320 30 24 100 0 0 40 0 0
fn=PyModule_GetState
0 4704 320 205 1470 22 1 882 12 1
fn=PyModule_New
0 200 19 16 50 0 0 50 0 0
fn=PyModule_NewObject
0 1654 135 108 207 0 0 252 0 0
fn=PyModule_SetDocString
0 130 15 13 25 0 0 25 0 0
fn=PyNumber_Add
0 504783 31604 15043 196132 11459 1806 130048 3 0
fn=PyNumber_And
0 260189 12434 1606 89746 5644 915 53798 0 0
fn=PyNumber_AsSsize_t
0 1204800 28494 2835 447276 9240 34 265950 481 5
fn=PyNumber_Check
0 25640 1824 1460 7105 1651 874 1730 0 0
fn=PyNumber_Float
0 5330 139 31 1510 27 7 1240 5 0
fn=PyNumber_FloorDivide
0 23751 72 24 8190 96 4 4914 0 0
fn=PyNumber_InPlaceAdd
0 137892 13588 4109 47754 12670 1254 24992 2 1
fn=PyNumber_InPlaceAnd
0 2052 203 25 608 103 1 380 0 0
fn=PyNumber_InPlaceFloorDivide
0 264 18 7 104 4 2 64 0 0
fn=PyNumber_InPlaceLshift
0 2640 228 3 1040 104 3 640 0 0
fn=PyNumber_InPlaceOr
0 15688 1031 473 5768 386 83 3600 0 0
fn=PyNumber_InPlaceSubtract
0 60 5 2 12 0 0 12 0 0
fn=PyNumber_InPlaceXor
0 90 9 4 18 0 0 18 0 0
fn=PyNumber_Index
0 37640 2529 662 12530 59 4 7210 0 0
fn=PyNumber_Invert
0 1215 120 27 405 5 0 0 0 0
fn=PyNumber_Long
0 289517 15075 5734 86371 2222 1955 56533 324 1
fn=PyNumber_Lshift
0 1537 77 45 530 32 10 318 0 0
fn=PyNumber_Multiply
0 936040 89863 8537 343307 68927 10035 179984 0 0
fn=PyNumber_Negative
0 927 183 61 309 73 17 0 0 0
fn=PyNumber_Or
0 9253 629 133 3184 136 39 1906 1 0
fn=PyNumber_Positive
0 90 2 2 30 0 0 0 0 0
fn=PyNumber_Remainder
0 15289 550 53 5333 289 25 3032 0 0
fn=PyNumber_Rshift
0 1682 104 16 580 28 5 348 0 0
fn=PyNumber_Subtract
0 332333 37254 473 110636 25838 2702 62552 0 0
fn=PyNumber_ToBase
0 6946 7 7 2056 0 0 1030 0 0
fn=PyNumber_TrueDivide
0 164915 24184 1073 57772 12963 4385 33020 0 0
fn=PyNumber_Xor
0 16895 104 21 6540 3 1 4360 0 0
fn=PyOS_FSPath
0 96524 10610 734 30167 66 0 18097 737 14
fn=PyOS_double_to_string
0 29388 882 47 4976 111 7 3976 3 0
fn=PyOS_getsig
0 768 1 1 192 0 0 128 0 0
fn=PyOS_setsig
0 84 6 6 16 0 0 20 0 0
fn=PyOS_snprintf
0 946 63 63 132 0 0 638 67 1
fn=PyOS_string_to_double
0 12823 789 158 3674 0 0 3053 40 0
fn=PyOS_strtol
0 32987 645 18 5900 97 6 1713 0 0
fn=PyOS_strtoul
0 2754 127 3 408 33 6 102 0 0
fn=PyObject_Bytes
0 54540 1800 1469 15542 0 0 12948 0 0
fn=PyObject_Call
0 626189 56788 17637 248387 17580 3757 130832 20 0
fn=PyObject_CallFinalizerFromDealloc
0 207799 12439 1821 80439 4242 1157 46928 1 0
fn=PyObject_CallFunction
0 344883 28921 9502 84490 10640 2655 103359 1890 47
fn=PyObject_CallFunctionObjArgs
0 1248310 88623 874 178330 5384 1 855984 8512 0
fn=PyObject_CallMethod
0 19337 1804 411 3777 52 11 7016 57 0
fn=PyObject_CallMethodObjArgs
0 107022 9275 3823 19680 2413 882 53136 1 0
fn=PyObject_CallObject
0 111888 5575 406 44220 4177 1224 20844 0 0
fn=PyObject_CallOneArg
0 3030117 78335 8536 1034588 105560 28769 525135 94 5
fn=PyObject_Calloc
0 66457 1718 340 15811 629 48 8492 151 126
fn=PyObject_CheckBuffer
0 199214 38711 1034 79858 7877 3 39498 13 0
fn=PyObject_ClearWeakRefs
0 646758 34009 4654 305968 15494 2020 163135 860 49
fn=PyObject_DelItem
0 27080 2591 1742 9478 1980 807 5416 0 0
fn=PyObject_Dir
0 29287 1998 322 4662 588 0 3995 0 0
fn=PyObject_Format
0 68824 2999 1105 20909 18 11 15939 37 0
fn=PyObject_Free
0 49976906 470156 3665 14255557 860723 55743 6880734 3024 1668
fn=PyObject_GC_Del
0 10339720 259932 920 3001144 49524 16915 1043287 148 1
fn=PyObject_GC_Track
0 761159 30232 2234 240366 715 29 160244 391 7
fn=PyObject_GC_UnTrack
0 10319796 272660 387 3464235 100680 36215 3391326 93208 14164
fn=PyObject_GenericGetAttr
0 8576 359 46 2144 0 0 2144 0 0
fn=PyObject_GenericGetDict
0 50879 4041 654 20918 148 2 14483 0 0
fn=PyObject_GenericSetAttr
0 451049 18401 1764 132323 2036 161 73358 0 0
fn=PyObject_GetAttr
0 5814461 253424 8577 2295366 214736 59053 1362414 4754 74
fn=PyObject_GetAttrString
0 100267 4314 675 31731 2146 182 17045 4 0
fn=PyObject_GetBuffer
0 21064 2556 986 7899 2472 977 0 0 0
fn=PyObject_GetItem
0 2230153 34185 1316 779026 28462 6825 444600 777 12
fn=PyObject_GetIter
0 1198258 56360 2489 382150 61081 17643 163632 112 1
fn=PyObject_Hash
0 3201408 152658 1218 1600704 59394 2203 1067136 19416 213
fn=PyObject_HashNotImplemented
0 16 3 2 5 2 0 2 0 0
fn=PyObject_IS_GC
0 3421360 17355 153 1005041 175230 68079 57378 236 18
fn=PyObject_Init
0 581321 30629 102 134151 0 0 134151 0 0
fn=PyObject_IsInstance
0 3699758 183823 7441 1181214 32242 2597 845793 9847 17
fn=PyObject_IsSubclass
0 311028 28105 5728 77757 0 0 51838 31 0
fn=PyObject_IsTrue
0 3690703 167420 7848 447522 74424 19104 144200 222 177
fn=PyObject_LengthHint
0 258002 35517 7831 90463 10473 2038 51958 28 1
fn=PyObject_Malloc
0 49038119 885286 6936 15502673 1148144 144127 7754101 372192 234222
fn=PyObject_Realloc
0 1348566 92371 6499 314585 14953 382 117972 182 3
fn=PyObject_Repr
0 13300 174 61 4180 50 4 2280 0 0
fn=PyObject_RichCompare
0 648567 44302 10019 195443 9323 1975 133801 1098 4
fn=PyObject_RichCompareBool
0 14494085 187986 7643 4224030 86567 27516 2773842 6523 111
fn=PyObject_SelfIter
0 75560 10507 2315 22668 0 0 22668 0 0
fn=PyObject_SetAttr
0 3237611 149180 16948 1082921 53924 24082 431339 1394 10
fn=PyObject_SetAttrString
0 28560 322 154 8160 227 79 5100 0 0
fn=PyObject_SetItem
0 236031 20105 9650 78677 11779 4831 44900 49 1
fn=PyObject_Size
0 237730 15772 511 71319 18279 2768 0 0 0
fn=PyObject_Str
0 97981 7312 1572 27462 135 8 19589 54 0
fn=PyObject_Type
0 42686 2052 119 15520 115 2 7763 0 0
fn=PyObject_Vectorcall
0 5210346 153828 8119 1822728 317782 57619 772916 9955 201
fn=PyObject_VectorcallDict
0 181401 14749 3415 69735 3812 83 43428 313 29
fn=PyObject_VectorcallMethod
0 618602 16263 4609 213584 11739 5354 113193 198 2
fn=PyPreConfig_InitPythonConfig
0 28 1 1 6 1 1 10 0 0
fn=PyRun_StringFlags
0 2700 255 168 396 50 11 396 71 32
fn=PySeqIter_New
0 150675 12580 4702 38745 1735 0 43050 492 15
fn=PySequence_Check
0 327992 39524 397 140568 25330 975 46856 3790 0
fn=PySequence_Concat
0 13110 1380 94 4140 988 40 2070 1 0
fn=PySequence_Contains
0 418670 12691 430 125601 34971 2894 0 0 0
fn=PySequence_DelItem
0 714 68 60 272 68 16 170 0 0
fn=PySequence_Fast
0 1346149 97152 3810 310698 648 0 257959 25 0
fn=PySequence_GetItem
0 821961 20721 9377 313128 1148 27 195705 35 0
fn=PySequence_GetSlice
0 875 54 46 250 20 0 150 0 0
fn=PySequence_List
0 24276 2296 668 5780 91 3 4624 0 0
fn=PySequence_SetItem
0 432 40 6 168 13 11 96 0 0
fn=PySequence_Size
0 557817 21835 961 214545 1469 104 85818 4 0
fn=PySequence_Tuple
0 653752 49354 24280 154403 559 60 95952 277 2
fn=PySet_Add
0 417669 12088 1874 135087 1407 105 91078 168 0
fn=PySet_Clear
0 928 116 31 232 46 21 174 0 0
fn=PySet_Contains
0 190146 7784 1349 66707 4706 1330 40608 0 0
fn=PySet_Discard
0 28607 161 158 11254 122 98 7176 4 4
fn=PySet_New
0 49592 1381 635 10176 502 205 16960 9 0
fn=PySet_Size
0 2601 225 78 918 0 0 612 0 0
fn=PySlice_AdjustIndices
0 473213 29052 15101 91362 0 0 52395 0 0
fn=PySlice_New
0 29772 2101 941 10678 590 148 8991 63 0
fn=PySlice_Unpack
0 727372 53761 24700 209295 0 0 180001 299 4
fn=PyStaticMethod_New
0 1501 158 85 316 0 0 395 0 0
fn=PyStatus_Ok
0 8 2 2 2 0 0 6 1 0
fn=PyStructSequence_InitType2
0 216 13 7 40 10 8 38 10 10
fn=PyStructSequence_New
0 135840 10113 2448 16980 0 0 20376 0 0
fn=PyStructSequence_NewType
0 70 8 4 20 0 0 20 0 0
fn=PySymtable_Lookup
0 4650 428 172 1085 72 0 930 0 0
fn=PySys_Audit
0 774025 18511 3121 110575 0 0 508645 3598 7
fn=PySys_GetObject
0 33466 772 681 9232 106 1 5770 2 2
fn=PySys_SetObject
0 42 6 2 12 0 0 6 2 0
fn=PyThreadState_Clear
0 56 4 4 23 2 2 9 0 0
fn=PyThreadState_Get
0 70 10 10 10 0 0 0 0 0
fn=PyThreadState_GetDict
0 579 18 4 180 0 0 109 0 0
fn=PyThreadState_GetFrame
0 29 3 3 10 2 1 3 0 0
fn=PyThread_GetInfo
0 63 6 5 8 2 1 7 0 0
fn=PyThread_acquire_lock
0 282656 13316 1544 35356 0 0 35356 335 10
fn=PyThread_acquire_lock_timed
0 131657 11443 4267 22897 0 0 22896 0 0
fn=PyThread_allocate_lock
0 58466 4135 1158 11136 269 2 8352 0 0
fn=PyThread_free_lock
0 38864 3642 2728 8328 0 0 8328 0 0
fn=PyThread_get_thread_ident
0 1262170 103315 958 388360 30760 1060 291270 3225 49
fn=PyThread_get_thread_native_id
0 26 4 4 6 0 0 4 0 0
fn=PyThread_init_thread
0 52 7 5 16 2 1 15 0 0
fn=PyThread_release_lock
0 93600 8806 898 23400 0 0 23400 1 0
fn=PyThread_tss_create
0 36 1 1 8 1 1 8 0 0
fn=PyThread_tss_delete
0 28 2 2 10 0 0 8 0 0
fn=PyThread_tss_get
0 98 9 7 42 11 2 28 0 0
fn=PyThread_tss_is_created
0 28 0 0 12 0 0 8 0 0
fn=PyThread_tss_set
0 20 2 2 6 1 1 4 0 0
fn=PyTraceBack_Here
0 333519 22651 6007 79763 24 0 78898 14 2
fn=PyTraceMalloc_Track
0 1782333 247948 325 750456 0 0 656649 0 0
fn=PyTraceMalloc_Untrack
0 1500912 94443 305 562842 259 2 469035 6 0
fn=PyTuple_GetItem
0 551490 18315 4042 220596 1345 189 73532 3 0
fn=PyTuple_GetSlice
0 818094 39493 7787 261671 6657 404 177197 17 0
fn=PyTuple_New
0 6535773 233899 3673 2037216 178163 28223 1545836 55035 477
fn=PyTuple_Pack
0 1857002 117858 12600 524749 39554 7685 604435 537 3
fn=PyTuple_SetItem
0 8316 22 9 2646 2 0 1134 0 0
fn=PyTuple_Size
0 198150 13159 5010 99075 19911 7618 0 0 0
fn=PyType_FromMetaclass
0 112 16 4 32 0 0 32 1 0
fn=PyType_FromModuleAndSpec
0 912 96 34 152 0 0 152 3 0
fn=PyType_FromSpec
0 154 14 5 28 0 0 28 4 0
fn=PyType_FromSpecWithBases
0 121 22 8 22 0 0 22 0 0
fn=PyType_GenericAlloc
0 8140968 609059 5263 2303622 72684 12367 1582429 88176 9052
fn=PyType_GenericNew
0 661781 29986 4295 185513 4042 1900 133992 534 10
fn=PyType_GetModule
0 10593 1885 273 3852 1050 370 1926 0 0
fn=PyType_GetModuleByDef
0 15165 2000 1673 6066 1661 947 0 0 0
fn=PyType_GetSlot
0 1080 38 14 216 35 19 0 0 0
fn=PyType_IsSubtype
0 19031915 368669 1322 4722609 350519 53675 1335108 3679 246
fn=PyType_Modified
0 3359 312 207 1209 149 115 955 65 21
fn=PyType_Ready
0 1567 206 49 378 66 36 356 0 0
fn=PyUnicode_Append
0 51250 2423 361 14214 66 4 7753 6 2
fn=PyUnicode_AppendAndDel
0 22 4 4 6 0 0 6 0 0
fn=PyUnicode_AsASCIIString
0 6864 1239 275 2496 3 3 0 0 0
fn=PyUnicode_AsEncodedString
0 8648 427 279 2001 292 122 729 0 0
fn=PyUnicode_AsUCS4
0 9226 28 14 882 210 104 3386 836 835
fn=PyUnicode_AsUTF8
0 163032 16922 5762 63401 11308 7974 27171 99 1
fn=PyUnicode_AsUTF8AndSize
0 281129 32616 3796 97784 1309 434 48892 4676 145
fn=PyUnicode_AsUTF8String
0 160 20 2 40 0 0 40 0 0
fn=PyUnicode_AsWideCharString
0 8477 377 51 1896 23 1 1674 40 8
fn=PyUnicode_Compare
0 8590 1718 1628 3436 265 20 0 0 0
fn=PyUnicode_CompareWithASCIIString
0 11552 515 263 2888 208 48 2166 0 0
fn=PyUnicode_Concat
0 1185850 46386 5624 273242 7224 3063 218130 5035 594
fn=PyUnicode_Contains
0 667488 14842 3728 177189 5407 668 60257 0 0
fn=PyUnicode_Decode
0 2820 151 93 596 47 30 247 0 0
fn=PyUnicode_DecodeASCII
0 2630 32 32 474 1 1 606 1 0
fn=PyUnicode_DecodeFSDefault
0 416 12 12 144 8 4 64 0 0
fn=PyUnicode_DecodeFSDefaultAndSize
0 110633 424 409 35400 285 2 1705 0 0
fn=PyUnicode_DecodeLocale
0 25467 2612 832 5224 0 0 3265 0 0
fn=PyUnicode_DecodeUTF8
0 61182 3563 255 13596 0 0 13596 67 34
fn=PyUnicode_DecodeUTF8Stateful
0 270 54 8 60 0 0 60 0 0
fn=PyUnicode_EncodeFSDefault
0 280 40 35 100 40 0 0 0 0
fn=PyUnicode_FSConverter
0 234260 15305 2217 71154 8627 892 35589 527 1
fn=PyUnicode_FSDecoder
0 6384 504 137 1428 84 24 504 1 0
fn=PyUnicode_FindChar
0 521313 35604 12358 83569 120 59 37448 183 162
fn=PyUnicode_Format
0 149816 3389 414 33694 150 24 25907 19 0
fn=PyUnicode_FromEncodedObject
0 396 31 20 144 8 3 90 4 0
fn=PyUnicode_FromFormat
0 70992 7315 2046 9792 1 0 58752 41 1
fn=PyUnicode_FromFormatV
0 10429773 479338 84218 2217704 40976 11334 546693 6569 890
fn=PyUnicode_FromKindAndData
0 17657489 79162 7918 2632741 147492 143865 1227030 20679 11537
fn=PyUnicode_FromOrdinal
0 13072 69 11 2136 363 306 1602 0 0
fn=PyUnicode_FromString
0 184425 9176 2647 36885 0 0 36885 294 85
fn=PyUnicode_FromStringAndSize
0 44771 4748 2615 8140 2 0 8138 276 75
fn=PyUnicode_FromWideChar
0 260091 9163 2725 43003 17 0 19792 505 16
fn=PyUnicode_GetLength
0 198 30 23 99 0 0 0 0 0
fn=PyUnicode_InternFromString
0 499394 9601 1442 123065 3092 900 59843 7 1
fn=PyUnicode_InternInPlace
0 10933993 136582 13186 4213655 88846 28983 2053713 1564 176
fn=PyUnicode_IsIdentifier
0 10222 165 118 2505 93 65 876 0 0
fn=PyUnicode_Join
0 504 36 12 162 0 0 90 0 0
fn=PyUnicode_New
0 153492 5873 2354 25379 48 7 38682 749 339
fn=PyUnicode_Partition
0 9411 769 37 2541 159 4 1347 6 0
fn=PyUnicode_RPartition
0 1075945 69432 13142 220361 10580 1393 182503 7096 231
fn=PyUnicode_RichCompare
0 4595655 22803 6658 1276562 40073 31696 412506 3960 1
fn=PyUnicode_Split
0 16718 2366 770 7716 1436 641 2572 0 0
fn=PyUnicode_Splitlines
0 33041 9 9 8922 68 2 362 49 39
fn=PyUnicode_Substring
0 691087 39489 5363 111680 1494 234 107256 5209 654
fn=PyUnicode_Tailmatch
0 30 3 3 9 0 0 7 0 0
fn=PyUnstable_Code_NewWithPosOnlyArgs
0 1968 27 27 708 3 0 575 0 0
fn=PyUnstable_InterpreterFrame_GetLine
0 11 1 1 4 0 0 2 0 0
fn=PyVectorcall_Call
0 328 26 14 112 14 5 64 0 0
fn=PyVectorcall_Function
0 10802 735 111 5888 1413 351 1964 0 0
fn=PyWeakref_GetObject
0 6213 185 99 1962 309 183 981 0 0
fn=PyWeakref_NewProxy
0 2920 280 277 680 51 0 720 6 0
fn=PyWeakref_NewRef
0 305123 15500 3942 96264 6453 2327 82382 906 103
fn=Py_BuildValue
0 23820 1330 412 3176 0 0 19056 0 0
fn=Py_BytesMain
0 13 3 3 2 1 1 6 0 0
fn=Py_CompileStringObject
0 3444 504 88 756 105 0 672 0 0
fn=Py_DecodeLocale
0 843 40 15 172 3 1 99 0 0
fn=Py_EnterRecursiveCall
0 2292 196 136 382 0 0 191 0 0
fn=Py_FinalizeEx
0 88 13 9 21 7 6 11 4 3
fn=Py_GETENV
0 10 1 1 3 1 0 2 0 0
fn=Py_GenericAlias
0 2714 136 30 590 0 0 590 0 0
fn=Py_GetBuildInfo
0 30 3 2 4 0 0 4 0 0
fn=Py_GetCompiler
0 8 1 1 2 0 0 2 0 0
fn=Py_GetCopyright
0 8 1 1 2 0 0 2 0 0
fn=Py_GetPlatform
0 8 0 0 2 0 0 2 0 0
fn=Py_GetVersion
0 9 1 1 2 0 0 2 0 0
fn=Py_InitializeFromConfig
0 33 5 5 10 1 1 9 1 1
fn=Py_LeaveRecursiveCall
0 2674 99 90 764 0 0 573 0 0
fn=Py_MakePendingCalls
0 24 2 2 7 0 0 3 0 0
fn=Py_RunMain
0 212 21 19 46 16 6 18 5 3
fn=SHA1_Init
0 24 2 2 3 1 0 9 0 0
fn=SHA224_Init
0 24 3 3 4 1 1 10 0 0
fn=SHA256_Init
0 24 2 1 4 1 0 10 0 0
fn=SHA384_Init
0 25 3 3 7 2 2 9 0 0
fn=SHA512_Init
0 25 2 1 7 2 2 9 0 0
fn=SIDX_Version
0 314 24 24 90 12 12 90 3 0
fn=SpatialIndex::Point::Point(double const*, unsigned int)
0 665 70 70 140 35 34 280 0 0
fn=SpatialIndex::Point::getDimension() const
0 70 35 35 35 0 0 0 0 0
fn=SpatialIndex::Point::getMBR(SpatialIndex::Region&) const
0 805 70 70 315 69 28 175 34 0
fn=SpatialIndex::Point::~Point()
0 630 70 70 175 31 0 175 0 0
fn=SpatialIndex::RTree::BulkLoader::bulkLoadUsingSTR(SpatialIndex::RTree::RTree*, SpatialIndex::IDataStream&, unsigned int, unsigned int, unsigned int, unsigned int)
0 632 72 60 168 44 21 88 13 8
fn=SpatialIndex::RTree::BulkLoader::createLevel(SpatialIndex::RTree::RTree*, std::shared_ptr<SpatialIndex::RTree::ExternalSorter>, unsigned int, unsigned int, unsigned int, unsigned int, std::shared_ptr<SpatialIndex::RTree::ExternalSorter>, unsigned int, unsigned int)
0 240 24 22 66 5 2 42 0 0
fn=SpatialIndex::RTree::BulkLoader::createNode(SpatialIndex::RTree::RTree*, std::vector<SpatialIndex::RTree::ExternalSorter::Record*, std::allocator<SpatialIndex::RTree::ExternalSorter::Record*> >&, unsigned int)
0 126 8 8 56 7 0 16 0 0
fn=SpatialIndex::RTree::Data::Data(unsigned int, unsigned char*, SpatialIndex::Region&, long)
0 81693 630 433 22536 212 90 33804 537 412
fn=SpatialIndex::RTree::Data::clone()
0 20352 78 48 8904 937 0 5088 0 0
fn=SpatialIndex::RTree::Data::getData(unsigned int&, unsigned char**) const
0 10812 1272 263 4452 636 439 4452 0 0
fn=SpatialIndex::RTree::Data::~Data()
0 56552 658 274 17913 1411 245 17913 39 0
fn=SpatialIndex::RTree::ExternalSorter::ExternalSorter(unsigned int, unsigned int)
0 60 4 4 4 4 4 52 5 5
fn=SpatialIndex::RTree::ExternalSorter::Record::Record(SpatialIndex::Region const&, long, unsigned int, unsigned char*, unsigned int)
0 120 12 4 42 0 0 66 4 3
fn=SpatialIndex::RTree::ExternalSorter::Record::operator<(SpatialIndex::RTree::ExternalSorter::Record const&) const
0 64 2 2 40 6 0 0 0 0
fn=SpatialIndex::RTree::ExternalSorter::Record::~Record()
0 60 2 2 24 0 0 18 0 0
fn=SpatialIndex::RTree::ExternalSorter::getNextRecord()
0 164 8 8 58 6 6 32 0 0
fn=SpatialIndex::RTree::ExternalSorter::insert(SpatialIndex::RTree::ExternalSorter::Record*)
0 204 29 10 96 12 2 60 0 0
fn=SpatialIndex::RTree::ExternalSorter::sort()
0 80 12 12 24 0 0 20 0 0
fn=SpatialIndex::RTree::ExternalSorter::~ExternalSorter()
0 200 14 14 60 7 0 42 0 0
fn=SpatialIndex::RTree::Leaf::Leaf(SpatialIndex::RTree::RTree*, long)
0 120 8 4 40 8 2 40 1 0
fn=SpatialIndex::RTree::Leaf::chooseSubtree(SpatialIndex::Region const&, unsigned int, std::stack<long, std::deque<long, std::allocator<long> > >&)
0 280 35 35 35 0 0 140 0 0
fn=SpatialIndex::RTree::Leaf::~Leaf()
0 93 16 13 23 3 1 31 0 0
fn=SpatialIndex::RTree::Node::Node(SpatialIndex::RTree::RTree*, long, unsigned int, unsigned int)
0 4216 47 26 112 14 9 1800 323 299
fn=SpatialIndex::RTree::Node::insertData(unsigned int, unsigned char*, SpatialIndex::Region&, long, std::stack<long, std::deque<long, std::allocator<long> > >&, unsigned char*)
0 1510 175 175 645 72 0 420 0 0
fn=SpatialIndex::RTree::Node::insertEntry(unsigned int, unsigned char*, SpatialIndex::Region&, long)
0 3315 296 295 1394 55 43 1243 19 10
fn=SpatialIndex::RTree::Node::loadFromByteArray(unsigned char const*)
0 1836771 50097 25869 790267 36656 13877 354223 14294 9482
fn=SpatialIndex::RTree::Node::storeToByteArray(unsigned char**, unsigned int&)
0 25726 277 273 10387 742 0 1788 46 5
fn=SpatialIndex::RTree::Node::~Node()
0 10132 60 42 2860 189 165 179 9 9
fn=SpatialIndex::RTree::RTree::RTree(SpatialIndex::IStorageManager&, Tools::PropertySet&)
0 582 48 39 75 11 7 249 26 22
fn=SpatialIndex::RTree::RTree::deleteNode(SpatialIndex::RTree::Node*)
0 58 6 6 32 3 0 16 0 0
fn=SpatialIndex::RTree::RTree::initNew(Tools::PropertySet&)
0 1642 114 108 307 35 22 380 1 0
fn=SpatialIndex::RTree::RTree::insertData(unsigned int, unsigned char const*, SpatialIndex::IShape const&, long)
0 3010 280 280 1083 285 180 629 28 0
fn=SpatialIndex::RTree::RTree::insertData_impl(unsigned int, unsigned char*, SpatialIndex::Region&, long)
0 3220 210 210 1050 174 69 735 35 0
fn=SpatialIndex::RTree::RTree::intersectsWithQuery(SpatialIndex::IShape const&, SpatialIndex::IVisitor&)
0 89232 12168 8464 32448 8112 7785 20280 0 0
fn=SpatialIndex::RTree::RTree::nearestNeighborQuery(unsigned int, SpatialIndex::IShape const&, SpatialIndex::IVisitor&, SpatialIndex::INearestNeighborComparator&, double)
0 213466 1870 1599 79570 2491 233 43518 1009 247
fn=SpatialIndex::RTree::RTree::nearestNeighborQuery(unsigned int, SpatialIndex::IShape const&, SpatialIndex::IVisitor&, double)
0 2730 234 233 1014 303 87 624 0 0
fn=SpatialIndex::RTree::RTree::rangeQuery(SpatialIndex::RTree::RangeQueryType, SpatialIndex::IShape const&, SpatialIndex::IVisitor&)
0 586065 44199 12668 213592 9188 4112 152294 19815 3779
fn=SpatialIndex::RTree::RTree::readNode(long)
0 362934 29203 8451 133478 33907 11191 133499 4473 207
fn=SpatialIndex::RTree::RTree::storeHeader()
0 496 37 26 176 23 17 136 8 5
fn=SpatialIndex::RTree::RTree::writeNode(SpatialIndex::RTree::Node*)
0 1730 200 200 825 153 10 335 0 0
fn=SpatialIndex::RTree::RTree::~RTree()
0 1032 51 34 399 86 78 77 4 2
fn=SpatialIndex::RTree::Statistics::Statistics()
0 45 6 6 12 3 3 21 6 5
fn=SpatialIndex::RTree::Statistics::reset()
0 36 3 3 6 0 0 21 0 0
fn=SpatialIndex::RTree::Statistics::~Statistics()
0 24 3 2 6 4 2 3 3 2
fn=SpatialIndex::RTree::createAndBulkLoadNewRTree(SpatialIndex::RTree::BulkLoadMethod, SpatialIndex::IDataStream&, SpatialIndex::IStorageManager&, Tools::PropertySet&, long&)
0 676 49 48 140 14 12 154 0 0
fn=SpatialIndex::RTree::createNewRTree(SpatialIndex::IStorageManager&, double, unsigned int, unsigned int, unsigned int, SpatialIndex::RTree::RTreeVariant, long&)
0 500 40 32 90 5 0 128 6 5
fn=SpatialIndex::RTree::returnRTree(SpatialIndex::IStorageManager&, Tools::PropertySet&)
0 45 9 6 12 1 0 12 0 0
fn=SpatialIndex::Region::Region()
0 416 86 80 52 27 0 260 23 13
fn=SpatialIndex::Region::Region(SpatialIndex::Region const&)
0 28230 1169 0 11292 1844 2 14115 961 816
fn=SpatialIndex::Region::Region(double const*, double const*, unsigned int)
0 33384 8346 4308 4173 4172 59 20865 1001 634
fn=SpatialIndex::Region::combineRegion(SpatialIndex::Region const&)
0 2615 175 175 702 0 0 175 0 0
fn=SpatialIndex::Region::containsRegion(SpatialIndex::Region const&) const
0 1223 105 105 544 34 0 0 0 0
fn=SpatialIndex::Region::getDimension() const
0 8424 4134 3951 4212 0 0 0 0 0
fn=SpatialIndex::Region::getMinimumDistance(SpatialIndex::IShape const&) const
0 33912 156 120 12717 236 15 7065 0 0
fn=SpatialIndex::Region::getMinimumDistance(SpatialIndex::Region const&) const
0 71565 234 234 17566 56 0 0 0 0
fn=SpatialIndex::Region::initialize(double const*, double const*, unsigned int)
0 146916 8378 2215 41976 0 0 48972 39 0
fn=SpatialIndex::Region::intersectsRegion(SpatialIndex::Region const&) const
0 433009 8112 436 196568 551 0 0 0 0
fn=SpatialIndex::Region::intersectsShape(SpatialIndex::IShape const&) const
0 305328 8112 7841 114498 12168 8235 63610 0 0
fn=SpatialIndex::Region::makeInfinite(unsigned int)
0 605 30 23 99 5 5 165 0 0
fn=SpatialIndex::Region::operator=(SpatialIndex::Region const&)
0 577993 16692 9652 245029 16456 2357 87730 3957 4
fn=SpatialIndex::Region::~Region()
0 101007 12659 4250 26621 851 292 26621 282 0
fn=SpatialIndex::StorageManager::Buffer::Buffer(SpatialIndex::IStorageManager&, Tools::PropertySet&)
0 375 27 25 63 9 7 99 3 3
fn=SpatialIndex::StorageManager::Buffer::deleteByteArray(long)
0 92 6 6 38 2 0 18 0 0
fn=SpatialIndex::StorageManager::Buffer::flush()
0 175 12 8 70 18 8 25 0 0
fn=SpatialIndex::StorageManager::Buffer::loadByteArray(long, unsigned int&, unsigned char**)
0 198402 20855 4180 90988 16397 9331 45881 4090 0
fn=SpatialIndex::StorageManager::Buffer::storeByteArray(long&, unsigned int, unsigned char const*)
0 3023 257 246 1031 139 22 704 4 0
fn=SpatialIndex::StorageManager::Buffer::~Buffer()
0 77 6 4 28 3 2 15 0 0
fn=SpatialIndex::StorageManager::MemoryStorageManager::MemoryStorageManager(Tools::PropertySet&)
0 129 12 12 27 2 1 78 6 6
fn=SpatialIndex::StorageManager::MemoryStorageManager::deleteByteArray(long)
0 58 6 6 20 3 0 16 1 0
fn=SpatialIndex::StorageManager::MemoryStorageManager::storeByteArray(long&, unsigned int, unsigned char const*)
0 552 32 26 190 15 8 156 3 1
fn=SpatialIndex::StorageManager::MemoryStorageManager::~MemoryStorageManager()
0 195 15 10 69 12 9 27 0 0
fn=SpatialIndex::StorageManager::RandomEvictionsBuffer::RandomEvictionsBuffer(SpatialIndex::IStorageManager&, Tools::PropertySet&)
0 45 3 2 12 3 3 12 0 0
fn=SpatialIndex::StorageManager::RandomEvictionsBuffer::addEntry(long, SpatialIndex::StorageManager::Buffer::Entry*)
0 152 15 9 56 3 0 56 0 0
fn=SpatialIndex::StorageManager::RandomEvictionsBuffer::~RandomEvictionsBuffer()
0 42 6 4 12 4 2 12 0 0
fn=SpatialIndex::StorageManager::returnMemoryStorageManager(Tools::PropertySet&)
0 39 6 6 9 0 0 9 0 0
fn=SpatialIndex::StorageManager::returnRandomEvictionsBuffer(SpatialIndex::IStorageManager&, Tools::PropertySet&)
0 45 6 5 12 0 0 12 0 0
fn=Tools::EndOfStreamException::EndOfStreamException(std::string)
0 10 4 4 2 0 0 2 1 1
fn=Tools::EndOfStreamException::~EndOfStreamException()
0 32 2 2 12 3 0 8 0 0
fn=Tools::PoolPointer<SpatialIndex::RTree::Node>::release()
0 570786 25055 16815 211964 857 0 171279 225 0
fn=Tools::PropertySet::PropertySet()
0 72 6 3 8 7 3 48 5 2
fn=Tools::PropertySet::getProperty(std::string) const
0 9365 124 17 2992 254 5 1010 0 0
fn=Tools::PropertySet::setProperty(std::string, Tools::Variant const&)
0 4845 36 8 1802 0 0 1444 2 0
fn=Tools::PropertySet::~PropertySet()
0 1291 53 26 297 74 33 117 1 0
fn=Tools::Variant::Variant()
0 249 30 2 0 0 0 83 1 0
fn=X509_get_default_cert_area
0 8 2 2 2 0 0 2 0 0
fn=_GLOBAL__sub_I_Ball.cc
0 15 1 1 4 0 0 3 0 0
fn=_GLOBAL__sub_I_BoundsQuery.cc
0 15 2 2 4 1 1 3 0 0
fn=_GLOBAL__sub_I_Buffer.cc
0 15 1 1 4 0 0 3 0 0
fn=_GLOBAL__sub_I_BulkLoader.cc
0 15 1 1 4 0 0 3 0 0
fn=_GLOBAL__sub_I_CountVisitor.cc
0 15 1 1 4 0 0 3 0 0
fn=_GLOBAL__sub_I_CustomStorage.cc
0 15 1 1 4 0 0 3 0 0
fn=_GLOBAL__sub_I_DataStream.cc
0 15 1 1 4 0 0 3 0 0
fn=_GLOBAL__sub_I_DiskStorageManager.cc
0 15 1 1 4 0 0 3 0 0
fn=_GLOBAL__sub_I_Error.cc
0 15 1 1 4 0 0 3 0 0
fn=_GLOBAL__sub_I_IdVisitor.cc
0 15 1 1 4 0 0 3 0 0
fn=_GLOBAL__sub_I_Index.cc
0 60 4 4 16 0 0 12 0 0
fn=_GLOBAL__sub_I_Leaf.cc
0 45 3 3 12 0 0 9 0 0
fn=_GLOBAL__sub_I_LeafQuery.cc
0 15 1 1 4 0 0 3 0 0
fn=_GLOBAL__sub_I_LineSegment.cc
0 15 1 1 4 0 0 3 0 0
fn=_GLOBAL__sub_I_MVRTree.cc
0 15 1 1 4 0 0 3 0 0
fn=_GLOBAL__sub_I_MemoryStorageManager.cc
0 15 1 1 4 0 0 3 0 0
fn=_GLOBAL__sub_I_MovingPoint.cc
0 15 1 1 4 0 0 3 0 0
fn=_GLOBAL__sub_I_MovingRegion.cc
0 15 1 1 4 0 0 3 0 0
fn=_GLOBAL__sub_I_Node.cc
0 45 3 3 12 0 0 9 0 0
fn=_GLOBAL__sub_I_ObjVisitor.cc
0 15 1 1 4 0 0 3 0 0
fn=_GLOBAL__sub_I_Point.cc
0 15 1 1 4 0 0 3 0 0
fn=_GLOBAL__sub_I_RTree.cc
0 15 1 1 4 0 0 3 0 0
fn=_GLOBAL__sub_I_RandomEvictionsBuffer.cc
0 15 1 1 4 0 0 3 0 0
fn=_GLOBAL__sub_I_Region.cc
0 15 1 1 4 0 0 3 0 0
fn=_GLOBAL__sub_I_SpatialIndexImpl.cc
0 15 1 1 4 0 0 3 0 0
fn=_GLOBAL__sub_I_Statistics.cc
0 45 3 3 12 0 0 9 0 0
fn=_GLOBAL__sub_I_TPRTree.cc
0 15 0 0 4 0 0 3 0 0
fn=_GLOBAL__sub_I_TimePoint.cc
0 15 1 1 4 0 0 3 0 0
fn=_GLOBAL__sub_I_TimeRegion.cc
0 15 1 1 4 0 0 3 0 0
fn=_GLOBAL__sub_I_Tools.cc
0 15 1 1 4 0 0 3 0 0
fn=_GLOBAL__sub_I_Utility.cc
0 15 1 1 4 0 0 3 0 0
fn=_GLOBAL__sub_I_sidx_api.cc
0 15 1 1 4 0 0 3 0 0
fn=_PyAST_Compile
0 26488 2620 1057 6048 1044 63 5492 38 0
fn=_PyArena_AddPyObject
0 104520 3048 138 37530 41 1 26500 0 0
fn=_PyArena_Free
0 2919 346 141 1053 408 64 633 0 0
fn=_PyArena_Malloc
0 454243 893 157 185451 318 0 103364 1307 402
fn=_PyArena_New
0 3630 363 181 484 0 0 1331 88 9
fn=_PyArg_ParseTupleAndKeywords_SizeT
0 407748 27751 10411 48336 154 0 227487 232 3
fn=_PyArg_ParseTuple_SizeT
0 831504 43825 4736 122280 4950 5 513576 11369 457
fn=_PyArg_UnpackKeywords
0 14823 1060 520 4170 422 236 2593 4 0
fn=_PyArg_UnpackKeywordsWithVararg
0 19766 1566 660 4503 299 132 4364 5 0
fn=_PyArg_UnpackStack
0 31467 2317 465 3253 0 0 15469 3 0
fn=_PyArgv_AsWstrList
0 171 9 3 63 2 0 57 3 0
fn=_PyBytesWriter_Alloc
0 62 6 6 10 0 0 14 0 0
fn=_PyBytesWriter_Dealloc
0 15 2 2 4 0 0 4 0 0
fn=_PyBytesWriter_Finish
0 1153 101 15 209 23 1 231 7 4
fn=_PyBytesWriter_Init
0 243 27 5 54 0 0 189 10 2
fn=_PyBytesWriter_Prepare
0 550 50 6 150 0 0 125 0 0
fn=_PyBytesWriter_Resize
0 72 6 6 24 0 0 18 1 0
fn=_PyBytes_Repeat
0 48 9 9 15 3 3 12 0 0
fn=_PyBytes_Resize
0 57798 3333 2910 16302 165 3 13026 46 33
fn=_PyCode_ConstantKey
0 122458 1445 487 19169 338 131 14064 43 0
fn=_PyCode_New
0 8536688 96823 28016 2084255 118791 10992 890221 43788 39969
fn=_PyCode_Validate
0 1960296 20030 8219 825522 11654 449 38590 3517 262
fn=_PyCodecInfo_GetIncrementalDecoder
0 40 5 5 10 0 0 10 0 0
fn=_PyCodecInfo_GetIncrementalEncoder
0 24 3 2 6 0 0 6 0 0
fn=_PyCodec_Lookup
0 197 18 18 51 9 4 25 2 2
fn=_PyCodec_LookupTextEncoding
0 608 40 30 160 15 11 80 0 0
fn=_PyConfig_AsDict
0 926 62 62 140 10 6 19 0 0
fn=_PyConfig_FromDict
0 552 35 35 51 3 0 7 0 0
fn=_PyConfig_InitCompatConfig
0 93 4 2 15 2 1 45 0 0
fn=_PyDict_Contains_KnownHash
0 8274 252 189 1182 0 0 1182 0 0
fn=_PyDict_DelItemIf
0 152020 11056 6800 40078 735 0 27640 250 0
fn=_PyDict_DelItem_KnownHash
0 100569 7809 5415 31173 850 26 20552 0 0
fn=_PyDict_GetItemStringWithError
0 73122 2010 1599 17410 389 25 8705 154 130
fn=_PyDict_GetItemWithError
0 36200 4152 1910 13032 2155 246 5792 13 0
fn=_PyDict_GetItem_KnownHash
0 7970520 31451 1088 3321050 55601 10548 1328420 1214 46
fn=_PyDict_HasOnlyStringKeys
0 192 16 12 64 0 0 48 0 0
fn=_PyDict_MaybeUntrack
0 991545 101 101 321203 39729 39282 133491 410 25
fn=_PyDict_MergeEx
0 159616 15143 1988 39904 0 0 19952 22 0
fn=_PyDict_NewPresized
0 80 6 6 10 0 0 6 0 0
fn=_PyDict_Next
0 3345 66 40 1222 74 0 498 0 0
fn=_PyDict_SetItem_KnownHash
0 10392 1027 252 2520 240 9 708 0 0
fn=_PyErr_ChainExceptions1
0 2598 866 813 0 0 0 0 0 0
fn=_PyErr_ChainStackItem
0 880 44 44 308 0 0 176 0 0
fn=_PyErr_CheckSignalsTstate
0 13 2 2 5 1 0 4 0 0
fn=_PyErr_Clear
0 3228 429 244 862 1 0 862 0 0
fn=_PyErr_ExceptionMatches
0 6197 647 395 2560 1 0 852 0 0
fn=_PyErr_Format
0 58 6 6 8 0 0 44 1 0
fn=_PyErr_GetTopmostException
0 26 4 4 8 0 0 4 0 0
fn=_PyErr_SetKeyError
0 95816 6452 2183 23954 3202 845 17110 0 0
fn=_PyErr_SetObject
0 1661242 158622 16298 620665 61145 8758 280874 1 0
fn=_PyEval_EvalFrameDefault
0 242855907 8505659 540862 68614255 5767429 1426191 31087098 320287 28340
fn=_PyEval_GetBuiltin
0 23 3 3 6 0 0 5 0 0
fn=_PyEval_MakePendingCalls
0 23 2 2 7 0 0 3 0 0
fn=_PyEval_SliceIndex
0 582617 16177 1858 160622 8250 538 99785 400 0
fn=_PyFloat_FormatAdvancedWriter
0 216 24 4 30 0 0 24 0 0
fn=_PyFunction_Vectorcall
0 1522900 91948 2497 380725 83500 34212 152290 390 14
fn=_PyGen_FetchStopIterationValue
0 88 12 12 24 0 0 20 0 0
fn=_PyGen_Finalize
0 64004 5490 1349 25780 280 50 19810 0 0
fn=_PyImport_CheckSubinterpIncompatibleExtensionAllowed
0 108 12 7 24 6 3 18 0 0
fn=_PyImport_FixupBuiltin
0 60 6 3 12 1 0 10 0 0
fn=_PyImport_FixupExtensionObject
0 175 15 15 42 2 0 42 0 0
fn=_PyImport_GetModuleAttrString
0 37193 2594 2386 7785 28 2 7785 0 0
fn=_PyImport_IsInitialized
0 63 7 7 21 6 4 14 1 1
fn=_PyInterpreterState_Enable
0 14 1 1 4 0 0 8 0 0
fn=_PyInterpreterState_GetConfig
0 6041 289 25 1726 0 0 1726 5 1
fn=_PyInterpreterState_HasFeature
0 54 6 6 18 6 3 12 0 0
fn=_PyInterpreterState_SetNotRunningMain
0 8 2 2 2 0 0 3 1 1
fn=_PyInterpreterState_SetRunningMain
0 20 2 2 5 1 0 3 0 0
fn=_PyList_Extend
0 36114 5004 755 12038 0 0 12038 0 0
fn=_PyLong_AsInt
0 305523 18600 3421 91102 9279 850 46416 38 0
fn=_PyLong_Format
0 4913 6 6 867 0 0 578 0 0
fn=_PyLong_FormatAdvancedWriter
0 7168 331 17 1632 2 2 928 2 0
fn=_PyLong_FormatWriter
0 1246 51 8 178 0 0 178 0 0
fn=_PyLong_Frexp
0 369 35 24 44 3 2 30 0 0
fn=_PyLong_FromBytes
0 7568 393 39 2064 0 0 2064 0 0
fn=_PyLong_FromTime_t
0 60498 3361 505 20166 0 0 20166 0 0
fn=_PyLong_FromUid
0 36 2 2 8 0 0 8 0 0
fn=_PyLong_GCD
0 542 45 17 91 1 0 44 0 0
fn=_PyLong_New
0 2144 152 52 335 10 0 469 9 3
fn=_PyLong_NumBits
0 2154 188 42 183 0 0 0 0 0
fn=_PyLong_Sign
0 6510 1120 567 1953 0 0 1302 0 0
fn=_PyMem_RawStrdup
0 120 5 3 35 1 0 25 0 0
fn=_PyMem_RawWcsdup
0 2272 32 12 426 0 0 284 0 0
fn=_PyMem_SetDefaultAllocator
0 364 19 13 100 2 1 74 0 0
fn=_PyMem_Strdup
0 64240 2544 2009 19208 2005 846 9096 30 30
fn=_PyModuleSpec_IsInitializing
0 244261 14526 1745 63297 0 0 32091 0 0
fn=_PyModule_Add
0 168 6 4 48 0 0 48 0 0
fn=_PyModule_Clear
0 548844 16 13 131971 21942 9519 2310 2 0
fn=_PyModule_ClearDict
0 12484 9 7 2942 537 302 22 0 0
fn=_PyModule_CreateInitialized
0 467 40 35 120 29 14 84 0 0
fn=_PyNamespace_New
0 62 6 4 14 0 0 12 0 0
fn=_PyNumber_Index
0 92542 7526 3373 29355 1812 863 14262 285 76
fn=_PyOS_URandom
0 246 24 21 66 6 6 66 6 0
fn=_PyOS_URandomNonblock
0 8 1 1 2 0 0 2 0 0
fn=_PyObject_CallFunction_SizeT
0 258427 17294 10583 62137 10533 5943 84338 152 1
fn=_PyObject_CallMethod
0 2980 258 184 704 56 21 844 1 0
fn=_PyObject_CallMethod_SizeT
0 1708 170 32 416 89 4 526 1 0
fn=_PyObject_Call_Prepend
0 874110 63320 9934 264924 37490 17817 153189 3408 157
fn=_PyObject_ClearManagedDict
0 59395 147 121 21158 3095 1380 12820 18 0
fn=_PyObject_FastCall
0 46508 3322 1405 16610 6509 922 6644 0 0
fn=_PyObject_GC_New
0 13063656 300418 7414 3829620 185305 38712 2812047 56247 15768
fn=_PyObject_GC_NewVar
0 3615884 77786 2613 1080728 39128 7209 809510 21961 8797
fn=_PyObject_GC_Resize
0 26016 1553 254 6504 31 2 4065 1 0
fn=_PyObject_GenericGetAttrWithDict
0 21279603 680004 18748 7018655 326064 79704 4087937 28325 503
fn=_PyObject_GenericSetAttrWithDict
0 94100 6098 876 28562 1121 148 15700 127 0
fn=_PyObject_GetMethod
0 2094047 102724 5431 691226 50857 21310 492094 1219 84
fn=_PyObject_HasLen
0 132 22 20 55 0 0 22 0 0
fn=_PyObject_IsAbstract
0 102281 784 570 26894 1827 358 13656 0 0
fn=_PyObject_LookupAttr
0 4018299 126469 2968 1302393 81197 9251 870833 7620 380
fn=_PyObject_LookupSpecial
0 3409069 112875 25964 1249678 110288 28566 561197 4876 115
fn=_PyObject_MakeTpCall
0 5724510 275040 11510 1601277 49624 4900 1259494 2348 153
fn=_PyObject_New
0 185475 6974 555 58805 7429 1393 50455 6 0
fn=_PyObject_NewVar
0 559584 2603 1281 173664 7718 1784 154368 6818 6385
fn=_PyObject_RealIsInstance
0 1241865 54542 10120 375441 0 0 197792 3998 2
fn=_PyObject_RealIsSubclass
0 232876 24683 1309 99804 4708 32 33268 0 0
fn=_PyObject_VisitManagedDict
0 2763128 1394 1201 906748 90770 62179 295324 2550 70
fn=_PyPathConfig_ClearGlobal
0 41 3 3 12 2 2 13 0 0
fn=_PyPreConfig_InitCompatConfig
0 96 3 1 12 0 0 66 2 1
fn=_PyRun_AnyFileObject
0 30 4 4 7 1 1 7 0 0
fn=_PyRun_SimpleFileObject
0 129 12 11 16 2 2 14 0 0
fn=_PyRuntimeState_Fini
0 224 3 3 50 4 2 40 0 0
fn=_PyRuntimeState_Init
0 176 6 6 36 3 2 49 8 4
fn=_PyRuntime_Finalize
0 11 1 1 2 0 0 3 0 0
fn=_PyRuntime_Initialize
0 22 4 2 4 1 1 7 0 0
fn=_PySet_NextEntry
0 23312 966 342 5969 156 131 3350 0 0
fn=_PySet_Update
0 2178 238 221 605 0 0 484 0 0
fn=_PySlice_FromIndices
0 700 54 46 175 0 0 125 0 0
fn=_PySlice_GetLongIndices
0 16425 1349 306 4950 53 1 3375 0 0
fn=_PyStack_AsDict
0 1548 129 31 387 0 0 258 0 0
fn=_PyStructSequence_NewType
0 1171 93 36 190 44 29 270 0 0
fn=_PySys_GetAttr
0 624 42 28 168 1 1 120 0 0
fn=_PyThreadState_Bind
0 22 1 1 6 0 0 6 1 1
fn=_PyThreadState_DeleteExcept
0 29 3 3 14 0 0 9 0 0
fn=_PyThreadState_GetCurrent
0 26059 2317 262 7107 0 0 4738 38 0
fn=_PyThreadState_New
0 6 0 0 2 0 0 2 0 0
fn=_PyThreadState_UncheckedGet
0 6333646 228498 492 1727358 43 5 1151572 0 0
fn=_PyTime_Add
0 117778 15770 944 23402 0 0 23402 0 0
fn=_PyTime_AsMicroseconds
0 57257 2861 1368 5724 0 0 5724 0 0
fn=_PyTime_AsSecondsDouble
0 120 12 9 16 0 0 16 0 0
fn=_PyTime_AsTimespec_clamp
0 222319 16369 1140 23402 0 0 46804 0 0
fn=_PyTime_FromMicrosecondsClamp
0 276216 13281 2073 23018 0 0 23018 275 8
fn=_PyTime_FromNanoseconds
0 1152 131 17 384 0 0 384 3 0
fn=_PyTime_FromSeconds
0 25767 5721 1577 5726 0 0 5726 285 0
fn=_PyTime_GetMonotonicClock
0 362731 31173 2208 46804 0 0 23402 171 11
fn=_PyTime_GetSystemClockWithInfo
0 72 9 9 21 0 0 15 0 0
fn=_PyTime_localtime
0 36 3 2 6 0 0 10 1 0
fn=_PyToken_OneChar
0 14676 719 91 3669 609 84 2446 0 0
fn=_PyToken_ThreeChars
0 55 7 3 6 0 0 6 0 0
fn=_PyToken_TwoChars
0 21146 1654 102 3654 245 50 2440 0 0
fn=_PyTrash_begin
0 5755990 153329 257 575599 35637 4030 575599 0 0
fn=_PyTrash_cond
0 5776060 119879 249 2310424 0 0 1155212 2 0
fn=_PyTrash_end
0 10161294 272578 434 3387098 671 17 2877995 1077 97
fn=_PyTuple_MaybeUntrack
0 3957478 984 972 1193777 59815 19525 660428 483 52
fn=_PyTuple_Resize
0 86266 5266 725 23443 219 3 13824 9 0
fn=_PyType_CalculateMetaclass
0 25049 2461 1347 7387 1948 572 0 0 0
fn=_PyType_GetDict
0 6341125 297018 955 2476944 229436 39602 884010 3234 79
fn=_PyType_GetDocFromInternalDoc
0 4581 206 68 819 8 7 345 0 0
fn=_PyType_Lookup
0 17790232 347677 3391 5536656 411376 159981 2992991 33960 3513
fn=_PyType_Name
0 1274 158 34 364 9 5 273 0 0
fn=_PyUnicodeWriter_Dealloc
0 32 3 2 12 0 0 8 0 0
fn=_PyUnicodeWriter_Finish
0 25602 1859 927 5549 286 9 3394 134 0
fn=_PyUnicodeWriter_Init
0 6000 11 4 1000 0 0 3500 0 0
fn=_PyUnicodeWriter_PrepareInternal
0 1493503 100429 12612 312492 4161 274 308144 31757 10012
fn=_PyUnicodeWriter_WriteASCIIString
0 430522 16087 2192 143486 0 0 71766 0 0
fn=_PyUnicodeWriter_WriteChar
0 23034 424 4 8521 0 0 5112 18 9
fn=_PyUnicodeWriter_WriteStr
0 118104 2239 386 40356 232 44 20109 0 0
fn=_PyUnicode_AsUTF8String
0 8 1 1 2 0 0 2 0 0
fn=_PyUnicode_DecodeUnicodeEscapeInternal
0 1008 65 13 273 1 1 260 0 0
fn=_PyUnicode_EQ
0 34102 3144 2409 9104 970 725 2238 1 0
fn=_PyUnicode_Equal
0 484764 25924 3950 84862 4618 1914 22058 3 0
fn=_PyUnicode_EqualToASCIIString
0 1360062 5957 3435 512736 651 63 384552 46 6
fn=_PyUnicode_FormatAdvancedWriter
0 10149 539 252 2985 0 0 2388 8 0
fn=_PyUnicode_FormatLong
0 35078 60 21 6166 2 1 5509 9 0
fn=_PyUnicode_FromASCII
0 266410 4464 1815 41650 25 1 59105 880 351
fn=_PyUnicode_InsertThousandsGrouping
0 4096 224 7 1056 0 0 800 0 0
fn=_PyUnicode_IsAlpha
0 299 4 4 65 11 10 26 0 0
fn=_PyUnicode_IsCased
0 48921 542 542 10635 0 0 4254 0 0
fn=_PyUnicode_IsDecimalDigit
0 138 11 9 30 6 3 12 0 0
fn=_PyUnicode_IsDigit
0 4462 228 6 970 178 5 388 20 0
fn=_PyUnicode_IsLowercase
0 487071 34 12 105885 120 22 42354 0 0
fn=_PyUnicode_IsNumeric
0 46 4 4 10 0 0 4 0 0
fn=_PyUnicode_IsPrintable
0 27991 2139 71 6085 821 106 2434 0 0
fn=_PyUnicode_IsTitlecase
0 481229 44 9 104615 0 0 41846 0 0
fn=_PyUnicode_IsUppercase
0 39284 5 5 8540 0 0 3416 0 0
fn=_PyUnicode_IsXidContinue
0 52647 101 72 11445 132 93 4578 0 0
fn=_PyUnicode_IsXidStart
0 7797 305 208 1695 310 157 678 0 0
fn=_PyUnicode_JoinArray
0 2743628 129774 12281 584626 6021 1407 225457 10044 3341
fn=_PyUnicode_ToDecimalDigit
0 13104 1094 461 2806 709 396 1092 91 0
fn=_PyUnicode_ToLowerFull
0 49896 522 522 11088 50 50 5544 0 0
fn=_PyUnicode_ToLowercase
0 10675 117 36 2562 212 59 854 0 0
fn=_PyUnicode_ToTitleFull
0 7533 813 808 1674 812 812 837 0 0
fn=_PyUnicode_ToUppercase
0 5330 144 28 1230 0 0 410 0 0
fn=_PyUnicode_TransformDecimalAndSpaceToASCII
0 5699 342 113 2336 2 0 1319 95 0
fn=_PyWarnings_Init
0 8 1 1 2 0 0 2 0 0
fn=_PyWeakref_ClearRef
0 76965 95 95 30876 4234 3854 23401 223 176
fn=_PyWideStringList_AsList
0 286 11 4 103 5 2 55 0 0
fn=_PyWideStringList_Clear
0 1122 31 19 468 23 15 372 1 0
fn=_PyWideStringList_Copy
0 616 10 6 202 6 0 174 1 0
fn=_PyWideStringList_Extend
0 38 2 2 14 0 0 20 0 0
fn=_Py_BuildValue_SizeT
0 6270 535 169 836 0 0 5016 30 0
fn=_Py_CheckFunctionResult
0 1911971 152470 5973 588331 6696 207 440934 6850 41
fn=_Py_ClearArgcArgv
0 15 2 2 2 0 0 2 0 0
fn=_Py_ClearStandardStreamEncoding
0 40 4 4 10 1 1 6 0 0
fn=_Py_CoerceLegacyLocale
0 112 13 4 18 3 1 12 0 0
fn=_Py_Dealloc
0 9517419 97541 296 4229964 223418 14347 2114982 5998 57
fn=_Py_DecodeLocaleEx
0 17413 1971 622 5681 3 0 5340 0 0
fn=_Py_DecodeUTF8Ex
0 55488 147 89 6740 9 5 7982 29 19
fn=_Py_EncodeLocaleEx
0 448 83 9 140 21 3 168 16 0
fn=_Py_EncodeUTF8Ex
0 14441 457 73 2127 0 0 2237 19 14
fn=_Py_FdIsInteractive
0 15 2 2 4 0 0 3 0 0
fn=_Py_GetConfig
0 184680 1906 803 41040 5 2 0 0 0
fn=_Py_GetEnv
0 144 3 3 24 0 0 24 0 0
fn=_Py_GetLocaleEncoding
0 38 4 4 8 2 2 4 0 0
fn=_Py_GetLocaleEncodingObject
0 36 4 4 6 0 0 6 0 0
fn=_Py_HashBytes
0 14290202 197351 11854 716758 30976 1757 0 0 0
fn=_Py_HashDouble
0 543920 12542 1715 23490 0 0 15660 0 0
fn=_Py_HashPointer
0 1246653 105531 1269 277034 0 0 277034 0 0
fn=_Py_LegacyLocaleDetected
0 20 2 1 2 0 0 2 0 0
fn=_Py_NewReference
0 19690740 184092 1205 5250864 27855 1418 5250864 96480 17246
fn=_Py_NewReferenceNoTotal
0 291795 26319 1576 77812 150 44 77812 0 0
fn=_Py_PreInitializeFromConfig
0 1518 4 4 552 9 0 690 2 0
fn=_Py_PreInitializeFromPyArgv
0 48 3 3 13 2 1 13 1 0
fn=_Py_ResetForceASCII
0 54 2 1 12 0 0 18 1 1
fn=_Py_SetLocaleFromEnv
0 28 4 2 6 1 0 6 0 0
fn=_Py_SourceAsString
0 3332 238 109 1190 0 0 952 0 0
fn=_Py_UniversalNewlineFgetsWithSize
0 89229 577 6 16313 207 79 11585 11 2
fn=_Py_VaBuildStack
0 42728 5449 2024 12208 0 0 12208 860 13
fn=_Py_VaBuildStack_SizeT
0 37856 3673 1764 10816 0 0 10816 45 0
fn=_Py_convert_optional_to_ssize_t
0 81 9 8 24 8 2 15 0 0
fn=_Py_dg_dtoa
0 774541 7988 307 161044 167 25 64999 82 11
fn=_Py_dg_freedtoa
0 5928 295 6 1482 0 0 1482 0 0
fn=_Py_dg_strtod
0 102136 4128 364 16939 35 6 10210 37 1
fn=_Py_fopen_obj
0 59 5 5 11 0 0 8 0 0
fn=_Py_fstat_noraise
0 10368 1728 527 3456 0 0 3456 0 0
fn=_Py_get_env_flag
0 98 2 2 21 0 0 21 0 0
fn=_Py_get_xoption
0 225 9 4 105 1 0 90 0 0
fn=_Py_gitidentifier
0 8 2 2 2 0 0 2 0 0
fn=_Py_gitversion
0 8 0 0 2 0 0 2 0 0
fn=_Py_hashtable_destroy
0 62574 11 11 20735 3097 2046 12 0 0
fn=_Py_hashtable_get
0 2548821 15804 4847 1058253 145285 113353 496734 17 1
fn=_Py_hashtable_new_full
0 161 15 15 34 3 2 78 6 5
fn=_Py_hashtable_set
0 85482 98 82 26304 15 7 26280 12 9
fn=_Py_normpath
0 176 18 1 44 0 0 44 0 0
fn=_Py_parse_inf_or_nan
0 2377 149 149 624 149 147 117 0 0
fn=_Py_read
0 65550 2595 2432 17250 0 0 17250 6 1
fn=_Py_set_inheritable
0 15543 1728 1414 4316 863 856 3454 0 0
fn=_Py_string_to_number_with_underscores
0 3175 86 78 1016 0 0 1016 0 0
fn=_Py_wfopen
0 270 26 5 35 1 0 25 0 0
fn=_Py_wgetcwd
0 47 4 4 9 4 0 7 2 2
fn=_Py_wreadlink
0 144 8 7 26 3 0 22 4 3
fn=_Py_wrealpath
0 55 5 5 9 3 0 7 0 0
fn=_Py_write
0 760 55 39 200 0 0 200 5 0
fn=_Unwind_DeleteException
0 14 2 2 2 0 0 0 0 0
fn=_Unwind_Find_FDE
0 3898 22 22 650 74 62 270 12 0
fn=_Unwind_GetCFA
0 24 2 2 8 0 0 0 0 0
fn=_Unwind_GetIPInfo
0 36 0 0 12 0 0 6 0 0
fn=_Unwind_GetLanguageSpecificData
0 18 2 2 6 0 0 0 0 0
fn=_Unwind_GetRegionStart
0 18 2 2 6 0 0 0 0 0
fn=_Unwind_RaiseException
0 264 16 16 64 2 0 52 8 0
fn=_Unwind_SetGR
0 68 2 2 16 0 0 4 0 0
fn=_Unwind_SetIP
0 6 0 0 0 0 0 2 0 0
fn=__aarch64_cas4_acq
0 47304 581 223 15768 267 18 0 0 0
fn=__aarch64_cas4_rel
0 28266 1346 12 9422 22 0 0 0 0
fn=__aarch64_cas8_acq
0 70386 17197 910 23462 5863 811 0 0 0
fn=__aarch64_cas8_rel
0 70200 19780 1046 23400 2409 0 0 0 0
fn=__aarch64_ldadd4_acq
0 19200 694 212 9600 406 5 0 0 0
fn=__aarch64_ldadd4_acq_rel
0 3366 54 10 1683 267 79 0 0 0
fn=__aarch64_ldadd4_relax
0 192 20 17 96 19 12 0 0 0
fn=__aarch64_ldadd8_relax
0 216 41 38 108 8 8 0 0 0
fn=__aarch64_ldset4_acq
0 9066 74 10 4533 28 1 0 0 0
fn=__aarch64_swp4_rel
0 45318 223 210 22659 0 0 0 0 0
fn=__aarch64_swp4_relax
0 9636 255 6 4818 11 0 0 0 0
fn=__aarch64_swp8_acq
0 9720 154 144 4860 171 39 0 0 0
fn=__addtf3
0 11791 230 55 237 0 0 237 0 0
fn=__arm_za_disable
0 10 4 4 2 2 2 0 0 0
fn=__cxa_allocate_exception
0 38 4 4 6 0 0 22 3 3
fn=__cxa_begin_catch
0 72 6 6 16 0 0 14 0 0
fn=__cxa_end_catch
0 48 6 6 12 0 0 6 0 0
fn=__cxa_free_exception
0 22 2 2 4 4 4 0 0 0
fn=__cxa_get_globals
0 72 6 6 18 3 3 12 0 0
fn=__cxa_get_globals_fast
0 24 2 2 6 0 0 4 0 0
fn=__cxa_init_primary_exception
0 48 2 2 6 0 0 20 0 0
fn=__cxa_throw
0 46 4 4 2 2 2 14 0 0
fn=__cxxabiv1::__class_type_info::__do_catch(std::type_info const*, void**, unsigned int) const
0 30 6 6 12 0 0 8 0 0
fn=__cxxabiv1::__si_class_type_info::__do_dyncast(long, __cxxabiv1::__class_type_info::__sub_kind, __cxxabiv1::__class_type_info const*, void const*, __cxxabiv1::__class_type_info const*, void const*, __cxxabiv1::__class_type_info::__dyncast_result&) const
0 44520 1595 284 16536 0 0 17808 58 0
fn=__cxxabiv1::__vmi_class_type_info::__do_dyncast(long, __cxxabiv1::__class_type_info::__sub_kind, __cxxabiv1::__class_type_info const*, void const*, __cxxabiv1::__class_type_info const*, void const*, __cxxabiv1::__class_type_info::__dyncast_result&) const
0 190800 2599 1170 59784 256 234 41976 63 0
fn=__divtf3
0 2975 121 79 58 3 2 52 0 0
fn=__dynamic_cast
0 804694 26331 23675 301637 10055 1902 170749 0 0
fn=__eqtf2
0 1283 114 14 0 0 0 0 0 0
fn=__extenddftf2
0 96 17 6 0 0 0 0 0 0
fn=__fixtfsi
0 374 44 4 33 0 0 33 0 0
fn=__fixunstfdi
0 126 15 15 9 0 0 9 0 0
fn=__floatditf
0 75 12 9 0 0 0 0 0 0
fn=__floatsitf
0 340 28 3 0 0 0 0 0 0
fn=__floatunditf
0 60 9 8 0 0 0 0 0 0
fn=__getf2
0 1439 108 14 0 0 0 0 0 0
fn=__gnu_cxx::stdio_sync_filebuf<char, std::char_traits<char> >::sync()
0 15 1 1 5 2 2 0 0 0
fn=__gnu_cxx::stdio_sync_filebuf<wchar_t, std::char_traits<wchar_t> >::sync()
0 15 0 0 5 2 2 0 0 0
fn=__gxx_personality_v0
0 2616 50 46 336 2 2 230 0 0
fn=__letf2
0 1772 146 17 0 0 0 0 0 0
fn=__multf3
0 26276 180 73 855 0 0 855 3 3
fn=__sfp_handle_exceptions
0 2634 16 4 0 0 0 0 0 0
fn=__subtf3
0 9461 296 109 90 0 0 90 0 0
fn=__unordtf2
0 1278 73 18 0 0 0 0 0 0
fn=call_weak_fn
0 4 2 2 1 1 1 0 0 0
fn=cblas_ddot
0 222580 14360 9050 57440 7180 3787 43080 0 0
fn=cblas_sdot
0 31 2 2 8 1 1 6 0 0
fn=char* std::string::_S_construct<char const*>(char const*, char const*, std::allocator<char> const&, std::forward_iterator_tag)
0 130 18 17 20 3 0 24 0 0
fn=ddot_
0 344640 28720 650 78980 9131 0 14360 0 0
fn=ddotsub_
0 78980 14360 4588 21540 0 0 28720 0 0
fn=ffi_call
0 54523 13445 1985 15578 0 0 15578 0 0
fn=ffi_closure_alloc
0 415 29 29 49 7 7 68 14 13
fn=ffi_closure_free
0 12 2 0 4 0 0 4 0 0
fn=ffi_prep_cif
0 85701 14920 371 15582 0 0 15582 18 0
fn=ffi_prep_closure_loc
0 108 8 8 28 2 0 26 0 0
fn=init_have_lse_atomics
0 31 2 2 6 0 0 9 2 1
fn=npy_clear_floatstatus_barrier
0 678048 75127 146 169512 0 0 169512 0 0
fn=npy_double_to_half
0 259 34 8 33 0 0 33 0 0
fn=npy_float_to_half
0 170 22 7 20 0 0 20 0 0
fn=npy_get_floatstatus_barrier
0 1835093 88672 1054 409744 26 0 409744 0 0
fn=npy_half_eq_nonan
0 13 1 1 2 0 0 2 0 0
fn=npy_half_isinf
0 80 13 2 16 0 0 16 0 0
fn=npy_half_isnan
0 22 2 1 4 0 0 4 0 0
fn=npy_half_iszero
0 8 0 0 2 0 0 2 0 0
fn=npy_half_nextafter
0 34 4 4 5 0 0 5 0 0
fn=npy_half_to_double
0 133 21 3 14 0 0 14 1 0
fn=npy_half_to_float
0 90 8 2 10 0 0 10 0 0
fn=operator delete(void*)
0 83878 4933 3984 0 0 0 0 0 0
fn=operator delete[](void*)
0 42188 4891 4084 0 0 0 0 0 0
fn=operator new(unsigned long)
0 545207 4852 4631 125817 6 0 125817 764 6
fn=operator new[](unsigned long)
0 42188 4831 993 0 0 0 0 0 0
fn=sdot_
0 42 4 4 9 1 0 2 0 0
fn=sdotsub_
0 11 2 2 3 0 0 4 0 0
fn=std::_Deque_base<SpatialIndex::RTree::Node*, std::allocator<SpatialIndex::RTree::Node*> >::_M_initialize_map(unsigned long)
0 306 12 12 72 0 0 120 1 1
fn=std::_Deque_base<Tools::PoolPointer<SpatialIndex::RTree::Node>, std::allocator<Tools::PoolPointer<SpatialIndex::RTree::Node> > >::_M_initialize_map(unsigned long) [clone .constprop.0]
0 113568 8112 128 28392 0 0 64896 4056 0
fn=std::_Deque_base<long, std::allocator<long> >::_M_initialize_map(unsigned long)
0 1785 140 139 420 0 0 700 35 0
fn=std::_Rb_tree<long, std::pair<long const, SpatialIndex::StorageManager::Buffer::Entry*>, std::_Select1st<std::pair<long const, SpatialIndex::StorageManager::Buffer::Entry*> >, std::less<long>, std::allocator<std::pair<long const, SpatialIndex::StorageManager::Buffer::Entry*> > >::_M_erase(std::_Rb_tree_node<std::pair<long const, SpatialIndex::StorageManager::Buffer::Entry*> >*)
0 27 6 4 10 0 0 8 0 0
fn=std::_Rb_tree<std::string, std::pair<std::string const, Tools::Variant>, std::_Select1st<std::pair<std::string const, Tools::Variant> >, std::less<std::string>, std::allocator<std::pair<std::string const, Tools::Variant> > >::_M_erase(std::_Rb_tree_node<std::pair<std::string const, Tools::Variant> >*)
0 6149 120 64 2189 198 117 954 7 0
fn=std::_Rb_tree_decrement(std::_Rb_tree_node_base*)
0 1024 28 12 404 1 0 0 0 0
fn=std::_Rb_tree_increment(std::_Rb_tree_node_base*)
0 77 6 4 26 2 0 0 0 0
fn=std::_Rb_tree_insert_and_rebalance(bool, std::_Rb_tree_node_base*, std::_Rb_tree_node_base*, std::_Rb_tree_node_base&)
0 7569 120 56 1830 11 1 1958 1 0
fn=std::_Rb_tree_node<std::pair<std::string const, Tools::Variant> >* std::_Rb_tree<std::string, std::pair<std::string const, Tools::Variant>, std::_Select1st<std::pair<std::string const, Tools::Variant> >, std::less<std::string>, std::allocator<std::pair<std::string const, Tools::Variant> > >::_M_copy<std::_Rb_tree<std::string, std::pair<std::string const, Tools::Variant>, std::_Select1st<std::pair<std::string const, Tools::Variant> >, std::less<std::string>, std::allocator<std::pair<std::string const, Tools::Variant> > >::_Alloc_node>(std::_Rb_tree_node<std::pair<std::string const, Tools::Variant> > const*, std::_Rb_tree_node_base*, std::_Rb_tree<std::string, std::pair<std::string const, Tools::Variant>, std::_Select1st<std::pair<std::string const, Tools::Variant> >, std::less<std::string>, std::allocator<std::pair<std::string const, Tools::Variant> > >::_Alloc_node&) [clone .isra.0]
0 2193 15 15 750 20 10 903 12 4
fn=std::_Rb_tree_rebalance_for_erase(std::_Rb_tree_node_base*, std::_Rb_tree_node_base&)
0 74 16 14 20 1 0 8 1 0
fn=std::_Sp_counted_ptr<SpatialIndex::RTree::ExternalSorter*, (__gnu_cxx::_Lock_policy)2>::_M_destroy()
0 4 2 2 0 0 0 0 0 0
fn=std::_Sp_counted_ptr<SpatialIndex::RTree::ExternalSorter*, (__gnu_cxx::_Lock_policy)2>::_M_dispose()
0 68 4 4 24 7 4 12 2 0
fn=std::__cxx11::messages<char>::messages(unsigned long)
0 20 2 2 4 1 1 7 0 0
fn=std::__cxx11::messages<wchar_t>::messages(unsigned long)
0 20 2 2 4 0 0 7 0 0
fn=std::__cxx11::moneypunct<char, false>::_M_initialize_moneypunct(__locale_struct*, char const*)
0 118 5 5 35 3 3 29 0 0
fn=std::__cxx11::moneypunct<char, true>::_M_initialize_moneypunct(__locale_struct*, char const*)
0 116 5 5 35 0 0 29 0 0
fn=std::__cxx11::moneypunct<wchar_t, false>::_M_initialize_moneypunct(__locale_struct*, char const*)
0 113 6 6 29 2 0 29 0 0
fn=std::__cxx11::moneypunct<wchar_t, true>::_M_initialize_moneypunct(__locale_struct*, char const*)
0 110 5 5 29 0 0 29 0 0
fn=std::__cxx11::numpunct<char>::_M_initialize_numpunct(__locale_struct*)
0 477 6 6 136 4 4 75 0 0
fn=std::__cxx11::numpunct<wchar_t>::_M_initialize_numpunct(__locale_struct*)
0 352 5 5 73 1 1 74 3 3
fn=std::__timepunct<char>::_M_initialize_timepunct(__locale_struct*)
0 127 10 10 7 0 0 53 0 0
fn=std::__timepunct<char>::__timepunct(std::__timepunct_cache<char>*, unsigned long)
0 22 2 2 4 0 0 8 1 1
fn=std::__timepunct<wchar_t>::_M_initialize_timepunct(__locale_struct*)
0 127 10 10 6 0 0 52 0 0
fn=std::__timepunct<wchar_t>::__timepunct(std::__timepunct_cache<wchar_t>*, unsigned long)
0 22 2 2 4 1 1 8 0 0
fn=std::basic_ios<char, std::char_traits<char> >::_M_cache_locale(std::locale const&)
0 264 9 6 128 13 8 56 0 0
fn=std::basic_ios<char, std::char_traits<char> >::init(std::basic_streambuf<char, std::char_traits<char> >*)
0 160 6 6 32 0 0 72 0 0
fn=std::basic_ios<wchar_t, std::char_traits<wchar_t> >::_M_cache_locale(std::locale const&)
0 132 3 3 64 1 0 28 0 0
fn=std::basic_ios<wchar_t, std::char_traits<wchar_t> >::init(std::basic_streambuf<wchar_t, std::char_traits<wchar_t> >*)
0 84 2 2 16 0 0 40 0 0
fn=std::basic_ostream<char, std::char_traits<char> >& std::__ostream_insert<char, std::char_traits<char> >(std::basic_ostream<char, std::char_traits<char> >&, char const*, long)
0 138 14 14 64 2 2 28 0 0
fn=std::basic_ostream<wchar_t, std::char_traits<wchar_t> >::flush()
0 217 4 4 95 7 7 24 0 0
fn=std::basic_ostream<wchar_t, std::char_traits<wchar_t> >::sentry::sentry(std::basic_ostream<wchar_t, std::char_traits<wchar_t> >&)
0 87 2 2 35 4 4 28 0 0
fn=std::basic_streambuf<char, std::char_traits<char> >::xsputn(char const*, long)
0 120 8 8 34 2 2 18 1 0
fn=std::basic_string<char, std::char_traits<char>, std::allocator<char> >::basic_string(char const*, std::allocator<char> const&)
0 115 10 5 25 0 0 30 0 0
fn=std::basic_string<char, std::char_traits<char>, std::allocator<char> >::basic_string(std::allocator<char> const&)
0 28 2 2 6 0 0 8 0 0
fn=std::basic_string<char, std::char_traits<char>, std::allocator<char> >::basic_string(std::string const&)
0 10603 79 15 3879 200 86 1811 14 2
fn=std::basic_stringbuf<char, std::char_traits<char>, std::allocator<char> >::_M_pbump(char*, char*, long)
0 20 2 2 0 0 0 6 0 0
fn=std::basic_stringbuf<char, std::char_traits<char>, std::allocator<char> >::_M_sync(char*, unsigned long, unsigned long)
0 54 8 8 16 0 0 14 0 0
fn=std::basic_stringbuf<char, std::char_traits<char>, std::allocator<char> >::overflow(int)
0 216 18 18 74 2 1 34 1 0
fn=std::codecvt<char, char, __mbstate_t>::codecvt(unsigned long)
0 18 2 2 5 1 1 7 1 1
fn=std::codecvt<wchar_t, char, __mbstate_t>::codecvt(unsigned long)
0 18 2 2 5 1 0 7 1 1
fn=std::ctype<char>::ctype(unsigned short const*, bool, unsigned long)
0 56 4 4 9 2 2 46 10 10
fn=std::ctype<wchar_t>::_M_convert_to_wmask(unsigned short) const
0 168 5 5 10 0 0 0 0 0
fn=std::ctype<wchar_t>::_M_initialize_ctype()
0 2705 4 4 9 0 0 417 20 20
fn=std::ctype<wchar_t>::ctype(unsigned long)
0 20 2 2 5 0 0 8 1 1
fn=std::deque<Tools::PoolPointer<SpatialIndex::RTree::Node>, std::allocator<Tools::PoolPointer<SpatialIndex::RTree::Node> > >::~deque()
0 206856 28392 4909 113568 241 0 64896 0 0
fn=std::error_category::error_category()
0 12 1 1 2 0 0 2 0 0
fn=std::error_category::~error_category()
0 4 0 0 0 0 0 0 0 0
fn=std::future_category()
0 4 1 1 0 0 0 0 0 0
fn=std::get_terminate()
0 10 2 2 4 2 2 0 0 0
fn=std::get_unexpected()
0 10 2 2 4 4 4 0 0 0
fn=std::ios_base::Init::Init()
0 1025 22 19 381 15 13 346 16 15
fn=std::ios_base::Init::~Init()
0 774 3 3 258 8 8 126 0 0
fn=std::ios_base::_M_call_callbacks(std::ios_base::event)
0 20 4 4 10 0 0 8 0 0
fn=std::ios_base::_M_dispose_callbacks()
0 28 4 4 14 0 0 14 0 0
fn=std::ios_base::_M_init()
0 420 9 6 120 5 3 84 0 0
fn=std::ios_base::ios_base()
0 450 6 5 10 2 1 240 32 30
fn=std::ios_base::~ios_base()
0 44 4 4 10 0 0 8 0 0
fn=std::locale::_Impl::_Impl(unsigned long)
0 666 43 43 98 41 38 232 36 36
fn=std::locale::_Impl::_M_install_facet(std::locale::id const*, std::locale::facet const*)
0 10688 8 8 2144 1 0 416 0 0
fn=std::locale::facet::_S_create_c_locale(__locale_struct*&, char const*, __locale_struct*)
0 13 1 1 3 0 0 4 0 0
fn=std::locale::facet::_S_get_c_locale()
0 238 2 2 98 3 3 42 0 0
fn=std::locale::facet::_S_get_c_name()
0 28 1 1 7 1 1 0 0 0
fn=std::locale::id::_M_id() const
0 1704 6 4 584 18 15 390 0 0
fn=std::locale::locale()
0 660 9 6 270 2 1 210 2 0
fn=std::locale::locale(std::locale::_Impl*)
0 3 1 1 0 0 0 1 0 0
fn=std::locale::operator=(std::locale const&)
0 288 12 8 120 0 0 72 0 0
fn=std::locale::~locale()
0 240 6 4 96 0 0 48 0 0
fn=std::messages<char>::messages(unsigned long)
0 20 2 2 4 0 0 7 0 0
fn=std::messages<wchar_t>::messages(unsigned long)
0 20 2 2 4 0 0 7 0 0
fn=std::moneypunct<char, false>::_M_initialize_moneypunct(__locale_struct*, char const*)
0 118 5 5 35 0 0 29 0 0
fn=std::moneypunct<char, true>::_M_initialize_moneypunct(__locale_struct*, char const*)
0 116 5 5 35 0 0 29 0 0
fn=std::moneypunct<wchar_t, false>::_M_initialize_moneypunct(__locale_struct*, char const*)
0 113 6 6 29 0 0 29 0 0
fn=std::moneypunct<wchar_t, true>::_M_initialize_moneypunct(__locale_struct*, char const*)
0 110 5 5 29 0 0 29 0 0
fn=std::numpunct<char>::_M_initialize_numpunct(__locale_struct*)
0 477 6 6 136 0 0 75 0 0
fn=std::numpunct<wchar_t>::_M_initialize_numpunct(__locale_struct*)
0 352 5 5 73 0 0 74 2 0
fn=std::ostream::flush()
0 217 4 4 95 11 10 24 0 0
fn=std::ostream::sentry::sentry(std::ostream&)
0 127 6 6 51 2 2 42 2 0
fn=std::pair<std::_Rb_tree_iterator<std::pair<long const, SpatialIndex::StorageManager::Buffer::Entry*> >, bool> std::_Rb_tree<long, std::pair<long const, SpatialIndex::StorageManager::Buffer::Entry*>, std::_Select1st<std::pair<long const, SpatialIndex::StorageManager::Buffer::Entry*> >, std::less<long>, std::allocator<std::pair<long const, SpatialIndex::StorageManager::Buffer::Entry*> > >::_M_emplace_unique<std::pair<long, SpatialIndex::StorageManager::Buffer::Entry*> >(std::pair<long, SpatialIndex::StorageManager::Buffer::Entry*>&&)
0 356 27 18 121 2 1 88 0 0
fn=std::pair<std::_Rb_tree_iterator<std::pair<std::string const, Tools::Variant> >, bool> std::_Rb_tree<std::string, std::pair<std::string const, Tools::Variant>, std::_Select1st<std::pair<std::string const, Tools::Variant> >, std::less<std::string>, std::allocator<std::pair<std::string const, Tools::Variant> > >::_M_emplace_unique<std::pair<std::string, Tools::Variant> >(std::pair<std::string, Tools::Variant>&&)
0 22934 178 60 6144 111 1 3216 46 17
fn=std::string::_M_mutate(unsigned long, unsigned long, unsigned long)
0 128 14 14 42 0 0 32 0 0
fn=std::string::_M_replace_safe(unsigned long, unsigned long, char const*, unsigned long)
0 50 6 6 14 0 0 12 0 0
fn=std::string::_Rep::_M_clone(std::allocator<char> const&, unsigned long)
0 54 6 6 16 0 0 14 2 0
fn=std::string::_Rep::_M_destroy(std::allocator<char> const&)
0 568 42 7 0 0 0 0 0 0
fn=std::string::_Rep::_M_dispose(std::allocator<char> const&) [clone .part.0]
0 1252 17 9 355 2 0 284 0 0
fn=std::string::_Rep::_S_create(unsigned long, unsigned long, std::allocator<char> const&)
0 7384 117 23 852 0 0 1420 12 2
fn=std::string::_S_construct(unsigned long, char, std::allocator<char> const&)
0 28 2 2 4 2 1 0 0 0
fn=std::string::replace(unsigned long, unsigned long, char const*, unsigned long)
0 94 6 6 26 0 0 14 0 0
fn=std::string::reserve(unsigned long)
0 90 8 8 32 0 0 16 2 0
fn=std::string::swap(std::string&)
0 60 5 5 20 3 2 10 0 0
fn=std::type_info::__is_pointer_p() const
0 6 2 2 0 0 0 0 0 0
fn=std::uncaught_exception()
0 20 1 1 6 1 1 4 0 0
fn=void std::__adjust_heap<__gnu_cxx::__normal_iterator<SpatialIndex::RTree::RTree::NNEntry*, std::vector<SpatialIndex::RTree::RTree::NNEntry, std::allocator<SpatialIndex::RTree::RTree::NNEntry> > >, long, SpatialIndex::RTree::RTree::NNEntry, __gnu_cxx::__ops::_Iter_comp_iter<SpatialIndex::RTree::RTree::nearestNeighborQuery(unsigned int, SpatialIndex::IShape const&, SpatialIndex::IVisitor&, SpatialIndex::INearestNeighborComparator&, double)::{lambda(SpatialIndex::RTree::RTree::NNEntry const&, SpatialIndex::RTree::RTree::NNEntry const&)#1}> >(__gnu_cxx::__normal_iterator<SpatialIndex::RTree::RTree::NNEntry*, std::vector<SpatialIndex::RTree::RTree::NNEntry, std::allocator<SpatialIndex::RTree::RTree::NNEntry> > >, long, long, SpatialIndex::RTree::RTree::NNEntry, __gnu_cxx::__ops::_Iter_comp_iter<SpatialIndex::RTree::RTree::nearestNeighborQuery(unsigned int, SpatialIndex::IShape const&, SpatialIndex::IVisitor&, SpatialIndex::INearestNeighborComparator&, double)::{lambda(SpatialIndex::RTree::RTree::NNEntry const&, SpatialIndex::RTree::RTree::NNEntry const&)#1}>) [clone .constprop.0]
0 58398 621 479 12511 129 0 9069 0 0
fn=void std::__insertion_sort<__gnu_cxx::__normal_iterator<SpatialIndex::RTree::ExternalSorter::Record**, std::vector<SpatialIndex::RTree::ExternalSorter::Record*, std::allocator<SpatialIndex::RTree::ExternalSorter::Record*> > >, __gnu_cxx::__ops::_Iter_comp_iter<SpatialIndex::RTree::ExternalSorter::Record::SortAscending> >(__gnu_cxx::__normal_iterator<SpatialIndex::RTree::ExternalSorter::Record**, std::vector<SpatialIndex::RTree::ExternalSorter::Record*, std::allocator<SpatialIndex::RTree::ExternalSorter::Record*> > >, __gnu_cxx::__normal_iterator<SpatialIndex::RTree::ExternalSorter::Record**, std::vector<SpatialIndex::RTree::ExternalSorter::Record*, std::allocator<SpatialIndex::RTree::ExternalSorter::Record*> > >, __gnu_cxx::__ops::_Iter_comp_iter<SpatialIndex::RTree::ExternalSorter::Record::SortAscending>) [clone .isra.0]
0 78 8 8 26 0 0 20 0 0
fn=void std::__introsort_loop<__gnu_cxx::__normal_iterator<SpatialIndex::RTree::ExternalSorter::Record**, std::vector<SpatialIndex::RTree::ExternalSorter::Record*, std::allocator<SpatialIndex::RTree::ExternalSorter::Record*> > >, long, __gnu_cxx::__ops::_Iter_comp_iter<SpatialIndex::RTree::ExternalSorter::Record::SortAscending> >(__gnu_cxx::__normal_iterator<SpatialIndex::RTree::ExternalSorter::Record**, std::vector<SpatialIndex::RTree::ExternalSorter::Record*, std::allocator<SpatialIndex::RTree::ExternalSorter::Record*> > >, __gnu_cxx::__normal_iterator<SpatialIndex::RTree::ExternalSorter::Record**, std::vector<SpatialIndex::RTree::ExternalSorter::Record*, std::allocator<SpatialIndex::RTree::ExternalSorter::Record*> > >, long, __gnu_cxx::__ops::_Iter_comp_iter<SpatialIndex::RTree::ExternalSorter::Record::SortAscending>)
0 20 4 4 8 0 0 8 2 0
fn=void std::vector<SpatialIndex::IData*, std::allocator<SpatialIndex::IData*> >::_M_realloc_insert<SpatialIndex::IData* const&>(__gnu_cxx::__normal_iterator<SpatialIndex::IData**, std::vector<SpatialIndex::IData*, std::allocator<SpatialIndex::IData*> > >, SpatialIndex::IData* const&)
0 11684 312 312 3038 0 0 3255 36 21
fn=void std::vector<SpatialIndex::RTree::ExternalSorter::Record*, std::allocator<SpatialIndex::RTree::ExternalSorter::Record*> >::_M_realloc_insert<SpatialIndex::RTree::ExternalSorter::Record* const&>(__gnu_cxx::__normal_iterator<SpatialIndex::RTree::ExternalSorter::Record**, std::vector<SpatialIndex::RTree::ExternalSorter::Record*, std::allocator<SpatialIndex::RTree::ExternalSorter::Record*> > >, SpatialIndex::RTree::ExternalSorter::Record* const&)
0 524 28 10 140 0 0 150 0 0
fn=void std::vector<SpatialIndex::StorageManager::MemoryStorageManager::Entry*, std::allocator<SpatialIndex::StorageManager::MemoryStorageManager::Entry*> >::_M_realloc_insert<SpatialIndex::StorageManager::MemoryStorageManager::Entry* const&>(__gnu_cxx::__normal_iterator<SpatialIndex::StorageManager::MemoryStorageManager::Entry**, std::vector<SpatialIndex::StorageManager::MemoryStorageManager::Entry*, std::allocator<SpatialIndex::StorageManager::MemoryStorageManager::Entry*> > >, SpatialIndex::StorageManager::MemoryStorageManager::Entry* const&)
0 318 15 15 84 0 0 90 0 0
fn=void std::vector<unsigned int, std::allocator<unsigned int> >::_M_realloc_insert<unsigned int>(__gnu_cxx::__normal_iterator<unsigned int*, std::vector<unsigned int, std::allocator<unsigned int> > >, unsigned int&&)
0 262 25 12 70 0 0 75 0 0
fn=zlibVersion
0 8 1 1 2 0 0 2 0 0
summary: 1982893286 65546601 6922548 551463361 34524280 11603928 316811203 6119737 2162403
