desc: I1 cache:         16384 B, 64 B, 4-way associative
desc: D1 cache:         16384 B, 64 B, 4-way associative
desc: LL cache:         262144 B, 64 B, 8-way associative
cmd: python3 examples/rrt_star/test_rrt_star_3d.py
events: Ir I1mr ILmr Dr D1mr DLmr Dw D1mw DLmw 
fl=./csu/../csu/libc-start.c
fn=__libc_start_main@@GLIBC_2.34
128 3 1 1 2 0 0 0 0 0
134 2 0 0 1 1 0 0 0 0
135 7 1 1 2 1 1 0 0 0
138 1 0 0 1 0 0 0 0 0
139 1 0 0 0 0 0 0 0 0
142 3 0 0 2 0 0 0 0 0
143 3 0 0 2 0 0 0 0 0
144 9 0 0 0 0 0 0 0 0
145 5 1 1 1 0 0 0 0 0
242 11 1 1 0 0 0 11 0 0
311 2 0 0 0 0 0 0 0 0
312 3 0 0 0 0 0 0 0 0
337 5 1 1 2 1 0 0 0 0
340 1 0 0 0 0 0 0 0 0
343 3 0 0 2 2 0 0 0 0
350 2 0 0 1 0 0 0 0 0
352 1 0 0 0 0 0 0 0 0
360 4 0 0 0 0 0 0 0 0
fl=./csu/../sysdeps/aarch64/crti.S
fn=call_weak_fn
63 1 1 1 0 0 0 0 0 0
64 1 0 0 1 1 0 0 0 0
65 1 0 0 0 0 0 0 0 0
68 1 0 0 0 0 0 0 0 0
fl=./csu/../sysdeps/nptl/libc_start_call_main.h
fn=(below main)
29 11 1 1 2 0 0 6 0 0
44 2 1 1 0 0 0 0 0 0
46 1 0 0 0 0 0 0 0 0
48 1 0 0 0 0 0 0 0 0
51 3 0 0 1 1 0 1 0 0
52 1 0 0 0 0 0 0 0 0
55 3 0 0 0 0 0 1 0 0
58 7 1 1 5 0 0 0 0 0
74 1 1 1 0 0 0 0 0 0
fl=./csu/./csu/errno-loc.c
fn=__errno_location
25 96436 30396 2505 0 0 0 96436 857 3
26 144654 0 0 48218 21563 122 0 0 0
27 144654 0 0 96436 0 0 0 0 0
fl=./csu/./csu/init-first.c
fn=_init_first
46 5 1 1 0 0 0 4 0 0
51 3 0 0 1 0 0 0 0 0
55 8 1 1 4 2 1 0 0 0
61 3 0 0 0 0 0 1 1 0
62 1 0 0 0 0 0 1 0 0
63 3 0 0 1 0 0 1 1 0
71 3 0 0 0 0 0 0 0 0
72 2 0 0 4 0 0 0 0 0
fl=./ctype/../include/ctype.h
fn=__ctype_b_loc
40 3840 868 47 0 0 0 3840 430 202
41 5760 0 0 1920 156 8 0 0 0
42 5760 0 0 3840 0 0 0 0 0
fn=__ctype_tolower_loc
52 2548 872 48 0 0 0 2548 1 0
53 3822 0 0 1274 359 0 0 0 0
54 3822 0 0 2548 0 0 0 0 0
fl=./ctype/./ctype/ctype-info.c
fn=__ctype_init
29 2 0 0 0 0 0 2 0 0
31 9 2 2 4 4 0 1 0 0
33 5 1 1 3 2 0 1 0 0
35 5 0 0 2 1 0 1 0 0
36 2 0 0 2 0 0 0 0 0
fl=./debug/./debug/memcpy_chk.c
fn=__memcpy_chk
26 71040 8735 5949 0 0 0 0 0 0
29 35520 0 0 0 0 0 0 0 0
fl=./debug/./debug/memset_chk.c
fn=__memset_chk
24 655464 82408 186 0 0 0 0 0 0
27 327732 0 0 0 0 0 0 0 0
fl=./debug/./debug/realpath_chk.c
fn=__realpath_chk
29 2 1 1 0 0 0 0 0 0
32 1 0 0 0 0 0 0 0 0
fl=./debug/./debug/snprintf_chk.c
fn=__snprintf_chk
27 24680 154 4 2468 358 1 17276 9 2
28 2468 1234 2 0 0 0 0 0 0
33 2468 0 0 0 0 0 0 0 0
37 8638 0 0 0 0 0 6170 0 0
38 7404 113 2 2468 0 0 2468 10 1
42 12340 0 0 6170 0 0 0 0 0
fl=./debug/./debug/sprintf_chk.c
fn=__sprintf_chk
25 346960 12892 6893 34696 6249 2589 260220 5607 3
28 17348 0 0 0 0 0 0 0 0
36 17348 0 0 0 0 0 0 0 0
39 138784 0 0 0 0 0 86740 5303 0
40 138784 6534 5935 34696 0 0 34696 710 0
44 173480 0 0 86740 0 0 0 0 0
fl=./debug/./debug/vsnprintf_chk.c
fn=__vsnprintf_chk
26 44 21 21 0 0 0 44 20 2
27 44 0 0 0 0 0 0 0 0
32 66 0 0 0 0 0 0 0 0
34 132 21 21 44 0 0 44 0 0
35 44 0 0 44 0 0 0 0 0
fl=./dirent/../sysdeps/unix/sysv/linux/closedir.c
fn=closedir
31 618 0 0 0 0 0 618 0 0
34 206 206 203 0 0 0 0 0 0
44 206 0 0 206 0 0 0 0 0
50 206 0 0 0 0 0 0 0 0
52 412 0 0 0 0 0 0 0 0
53 412 0 0 618 1 0 0 0 0
fl=./dirent/../sysdeps/unix/sysv/linux/getdents64.c
fn=__getdents
27 824 206 200 0 0 0 824 0 0
30 824 0 0 0 0 0 0 0 0
32 2472 0 0 0 0 0 0 0 0
33 824 0 0 824 0 0 0 0 0
fl=./dirent/../sysdeps/unix/sysv/linux/opendir.c
fn=opendir
33 416 208 207 208 0 0 0 0 0
82 416 0 0 0 0 0 416 0 0
86 832 208 203 0 0 0 0 0 0
87 208 0 0 416 0 0 0 0 0
fn=opendir_tail
45 1664 208 203 416 0 0 624 0 0
46 208 208 205 0 0 0 0 0 0
47 4 2 2 0 0 0 0 0 0
53 1030 0 0 0 0 0 412 0 0
55 824 0 0 206 0 0 0 0 0
64 2080 4 3 1040 2 0 0 0 0
112 1648 206 200 206 0 0 0 0 0
115 412 206 201 0 0 0 0 0 0
116 206 0 0 0 0 0 0 0 0
125 206 0 0 0 0 0 412 29 27
128 206 0 0 0 0 0 412 19 18
130 206 0 0 0 0 0 412 49 49
131 412 0 0 412 0 0 206 0 0
fl=./dirent/../sysdeps/unix/sysv/linux/readdir64.c
fn=readdir
32 44106 206 199 0 0 0 58808 0 0
34 29404 0 0 14702 125 0 0 0 0
37 44106 6939 200 0 0 0 0 0 0
40 22053 0 0 14702 2 0 0 0 0
47 2060 412 202 824 0 0 0 0 0
48 824 0 0 0 0 0 0 0 0
54 206 0 0 0 0 0 0 0 0
55 206 0 0 0 0 0 206 0 0
57 1030 206 205 0 0 0 0 0 0
59 412 0 0 0 0 0 0 0 0
61 412 0 0 0 0 0 206 0 0
64 206 0 0 0 0 0 0 0 0
67 13878 1292 0 0 0 0 0 0 0
68 14290 0 0 7145 859 820 0 0 0
69 14290 206 201 7145 1007 953 14290 20 0
72 35725 0 0 0 0 0 0 0 0
76 44106 29 0 58808 0 0 0 0 0
fl=./dlfcn/./dlfcn/dlerror.c
fn=_dlerror_run
113 1846 122 26 284 0 0 1278 0 0
114 568 142 25 284 244 28 0 0 0
115 142 0 0 0 0 0 0 0 0
138 852 143 29 142 0 0 0 0 0
143 142 0 0 142 0 0 0 0 0
145 284 122 26 142 0 0 0 0 0
151 142 122 26 0 0 0 0 0 0
156 284 0 0 0 0 0 0 0 0
198 2272 285 58 1704 50 15 0 0 0
fl=./dlfcn/./dlfcn/dlopen.c
fn=dlopen@@GLIBC_2.34
67 22 22 21 0 0 0 22 0 0
68 22 0 0 0 0 0 22 0 0
69 22 0 0 0 0 0 22 0 0
71 154 21 6 22 0 0 0 0 0
77 176 22 22 44 0 0 66 0 0
78 88 0 0 44 24 24 0 0 0
81 66 22 22 0 0 0 0 0 0
82 242 22 22 110 5 2 0 0 0
fn=dlopen_doit
48 66 22 22 0 0 0 66 0 0
51 110 0 0 22 0 0 0 0 0
56 400 44 23 176 88 87 22 21 4
60 66 21 21 66 17 2 0 0 0
fl=./dlfcn/./dlfcn/dlsym.c
fn=dlsym@@GLIBC_2.34
47 120 0 0 0 0 0 120 0 0
49 120 120 21 0 0 0 240 0 0
52 480 0 0 120 120 21 0 0 0
54 960 0 0 120 0 0 0 0 0
56 240 0 0 0 0 0 0 0 0
64 1080 120 21 240 0 0 480 0 0
65 480 0 0 240 154 5 0 0 0
68 240 120 22 0 0 0 0 0 0
69 1440 120 24 720 0 0 0 0 0
fn=dlsym_doit
37 480 100 2 0 0 0 360 76 0
40 480 0 0 360 0 0 120 0 0
41 360 0 0 360 0 0 0 0 0
fl=./elf/../include/atomic_wide_counter.h
fn=_dl_find_object
36 72 0 0 36 2 2 0 0 0
fn=_dl_find_object_update
30 84 14 14 21 21 18 0 0 0
57 105 0 0 21 0 0 21 0 0
fl=./elf/../include/inline-hashtab.h
fn=_dl_make_tlsdesc_dynamic
49 1 0 0 0 0 0 0 0 0
51 2 0 0 0 0 0 1 0 0
52 1 0 0 0 0 0 1 0 0
53 3 0 0 1 1 1 1 1 1
54 1 0 0 0 0 0 0 0 0
60 1 0 0 0 0 0 1 0 0
62 6 0 0 1 0 0 3 0 0
191 5 0 0 3 0 0 0 0 0
198 3 0 0 0 0 0 0 0 0
200 1 0 0 0 0 0 0 0 0
201 2 0 0 1 0 0 0 0 0
224 3 0 0 1 0 0 1 0 0
fl=./elf/../include/list.h
fn=__tls_init_tp
43 4 0 0 1 1 0 0 0 0
44 3 0 0 0 0 0 2 0 0
45 1 0 0 0 0 0 1 0 0
46 1 0 0 0 0 0 0 0 0
47 1 0 0 0 0 0 1 0 0
fl=./elf/../include/rtld-malloc.h
fn=__minimal_calloc
56 56 2 1 14 0 0 0 0 0
fn=_dl_allocate_tls_storage
56 4 0 0 1 0 0 0 0 0
fn=_dl_check_map_versions
44 238 20 20 34 22 0 34 0 0
fn=_dl_find_object_init
56 5 0 0 1 0 0 0 0 0
fn=_dl_find_object_update
50 84 0 0 21 20 3 0 0 0
56 153 0 0 23 18 2 84 0 0
fn=_dl_important_hwcaps
56 8 2 2 2 0 0 0 0 0
fn=_dl_init_paths
56 10 1 1 3 0 0 0 0 0
fn=_dl_lookup_symbol_x
56 5 1 1 1 0 0 0 0 0
fn=_dl_make_tlsdesc_dynamic
56 12 4 4 3 1 0 0 0 0
fn=_dl_map_object_deps
56 180 0 0 36 23 0 0 0 0
fn=_dl_new_object
44 180 1 1 36 32 20 0 0 0
56 175 9 0 35 3 0 0 0 0
fn=_dl_update_slotinfo
50 15 0 0 8 3 3 0 0 0
fn=allocate_dtv
44 5 1 1 1 0 0 0 0 0
fn=decompose_rpath
50 4 1 1 1 0 0 0 0 0
56 4 1 1 1 0 0 0 0 0
fn=dl_open_worker_begin
56 6 0 0 1 1 1 1 0 0
fn=do_lookup_x
44 21 0 0 3 3 0 4 0 0
fn=expand_dynamic_string_token
56 5 0 0 1 0 0 0 0 0
fn=fillin_rpath.isra.0
50 8 2 2 2 1 0 0 0 0
51 2 0 0 0 0 0 0 0 0
56 10 0 0 2 0 0 0 0 0
fn=init_tls
44 5 0 0 1 0 0 0 0 0
fn=tls_get_addr_tail
56 4 0 0 1 0 0 0 0 0
fl=./elf/../include/scratch_buffer.h
fn=_dl_map_object_deps
77 66 22 22 0 0 0 44 1 1
78 44 0 0 0 0 0 22 0 0
85 88 22 22 44 0 0 0 0 0
131 56 0 0 0 0 0 0 0 0
fl=./elf/../misc/sbrk.c
fn=sbrk
37 5 1 1 0 0 0 5 0 0
40 2 0 0 1 0 0 0 0 0
58 1 0 0 0 0 0 0 0 0
62 2 0 0 0 0 0 0 0 0
78 5 1 1 5 0 0 0 0 0
fl=./elf/../nptl/nptl-stack.h
fn=__libc_early_init
61 4 1 1 2 1 0 0 0 0
fl=./elf/../sysdeps/aarch64/dl-bti.c
fn=_dl_bti_check
81 66 22 22 22 22 21 0 0 0
94 22 22 22 0 0 0 0 0 0
fl=./elf/../sysdeps/aarch64/dl-irel.h
fn=_dl_fixup
37 10 0 0 0 0 0 5 0 0
38 127 4 3 5 2 0 0 0 0
39 10 0 0 5 4 2 10 0 0
40 15 0 0 0 0 0 0 0 0
fn=_dl_relocate_object
37 313 0 0 0 0 0 222 6 1
38 393 42 42 213 28 1 53 0 0
39 176 0 0 88 59 4 174 0 0
40 436 0 0 0 0 0 172 48 2
fn=do_sym
38 240 0 0 120 0 0 0 0 0
fl=./elf/../sysdeps/aarch64/dl-machine.h
fn=_dl_fixup
147 117 0 0 0 0 0 117 5 0
fn=_dl_relocate_object
67 185 0 0 37 0 0 0 0 0
72 12 1 1 8 4 2 0 0 0
73 8 0 0 4 4 4 0 0 0
77 4 1 1 0 0 0 4 0 0
87 4 0 0 0 0 0 0 0 0
103 4320 1 1 8 3 0 4 0 0
175 12389 0 0 0 0 0 0 0 0
177 24778 0 0 0 0 0 0 0 0
179 12389 0 0 0 0 0 0 0 0
188 98059 4 4 36708 139 1 0 0 0
191 12218 0 0 12218 0 0 0 0 0
193 73416 23 23 12236 3 0 0 0 0
196 103739 41 41 172 0 0 0 0 0
208 37086 23 23 12362 1966 1543 12362 3287 1598
211 25 3 3 25 0 0 0 0 0
214 20 0 0 10 0 0 0 0 0
215 30 1 1 10 0 0 0 0 0
224 20 0 0 0 0 0 0 0 0
226 10 0 0 5 0 0 0 0 0
227 5 0 0 0 0 0 0 0 0
233 6 0 0 0 0 0 0 0 0
243 48 3 3 10 3 3 4 3 0
245 6 1 1 2 0 0 1 0 0
247 4 0 0 0 0 0 1 0 0
252 15 1 1 7 0 0 5 1 1
253 20 3 3 15 0 0 0 0 0
254 237 0 0 5 0 0 79 0 0
273 14 0 0 0 0 0 0 0 0
275 56 0 0 14 3 0 0 0 0
276 14 0 0 0 0 0 14 3 3
277 56 0 0 28 3 3 0 0 0
282 6 1 1 4 1 1 0 0 0
283 6 1 1 2 0 0 0 0 0
285 2 0 0 0 0 0 2 0 0
303 112332 22 22 56166 10546 10539 28083 7519 7491
313 556 0 0 0 0 0 0 0 0
314 556 1 1 1112 208 208 0 0 0
316 1112 0 0 0 0 0 0 0 0
318 1112 0 0 556 3 0 0 0 0
341 1112 0 0 556 1 0 0 0 0
342 1668 0 0 556 69 69 556 0 0
fn=_dl_start
48 2 0 0 0 0 0 0 0 0
177 8 0 0 0 0 0 0 0 0
179 4 0 0 0 0 0 0 0 0
188 33 1 1 12 4 4 0 0 0
192 20 0 0 4 0 0 0 0 0
196 12 0 0 0 0 0 0 0 0
200 12 0 0 4 0 0 4 0 0
303 92 0 0 46 10 10 23 8 8
fn=_dl_sysdep_start
128 6 0 0 2 1 1 0 0 0
fl=./elf/../sysdeps/aarch64/dl-prop.h
fn=dl_main
30 4 0 0 1 0 0 1 0 0
fn=dl_open_worker_begin
36 63 0 0 0 0 0 0 0 0
fl=./elf/../sysdeps/aarch64/dl-start.S
fn=(below main)
22 1 1 1 0 0 0 0 0 0
25 1 0 0 0 0 0 0 0 0
26 1 0 0 0 0 0 0 0 0
28 1 0 0 0 0 0 0 0 0
30 1 0 0 0 0 0 0 0 0
32 1 1 0 0 0 0 0 0 0
37 1 0 0 1 1 1 0 0 0
39 1 0 0 0 0 0 0 0 0
41 1 0 0 0 0 0 0 0 0
42 1 0 0 0 0 0 0 0 0
43 1 0 0 0 0 0 0 0 0
44 1 0 0 0 0 0 0 0 0
45 1 0 0 1 0 0 0 0 0
46 1 0 0 0 0 0 0 0 0
48 1 0 0 0 0 0 0 0 0
49 1 0 0 0 0 0 0 0 0
51 1 1 1 0 0 0 0 0 0
52 1 0 0 0 0 0 0 0 0
fl=./elf/../sysdeps/aarch64/dl-tlsdesc.S
fn=_dl_tlsdesc_dynamic
147 795 795 697 0 0 0 0 0 0
152 795 0 0 0 0 0 1590 0 0
154 795 0 0 0 0 0 1590 0 0
160 795 0 0 0 0 0 0 0 0
161 795 0 0 795 0 0 0 0 0
162 795 0 0 795 0 0 0 0 0
163 795 0 0 795 795 133 0 0 0
164 795 0 0 795 795 715 0 0 0
165 795 0 0 0 0 0 0 0 0
166 795 0 0 0 0 0 0 0 0
168 795 0 0 1590 0 0 0 0 0
169 795 0 0 0 0 0 0 0 0
170 795 0 0 795 795 82 0 0 0
171 795 0 0 0 0 0 0 0 0
172 795 795 222 0 0 0 0 0 0
174 794 0 0 0 0 0 0 0 0
175 794 0 0 0 0 0 0 0 0
177 795 0 0 1590 0 0 0 0 0
178 795 0 0 1590 0 0 0 0 0
180 795 0 0 0 0 0 0 0 0
193 1 0 0 0 0 0 2 1 0
197 1 0 0 0 0 0 0 0 0
198 1 0 0 0 0 0 2 0 0
199 1 0 0 0 0 0 2 0 0
200 1 0 0 0 0 0 2 0 0
201 1 0 0 0 0 0 2 0 0
202 1 0 0 0 0 0 2 0 0
203 1 0 0 0 0 0 2 0 0
204 1 0 0 0 0 0 2 0 0
220 16 1 1 0 0 0 32 7 1
222 1 0 0 0 0 0 0 0 0
223 1 1 1 0 0 0 0 0 0
225 1 0 0 0 0 0 0 0 0
226 1 0 0 0 0 0 0 0 0
228 16 1 1 32 0 0 0 0 0
230 1 0 0 2 0 0 0 0 0
231 1 0 0 2 0 0 0 0 0
232 1 0 0 2 0 0 0 0 0
233 1 0 0 2 0 0 0 0 0
234 1 0 0 2 0 0 0 0 0
235 1 0 0 2 0 0 0 0 0
236 1 0 0 2 0 0 0 0 0
238 1 0 0 2 0 0 0 0 0
246 1 0 0 0 0 0 0 0 0
fn=_dl_tlsdesc_return
77 8 5 3 0 0 0 0 0 0
79 8 0 0 8 0 0 0 0 0
80 8 0 0 0 0 0 0 0 0
fl=./elf/../sysdeps/aarch64/dl-trampoline.S
fn=_dl_runtime_resolve
38 117 52 30 0 0 0 0 0 0
50 117 0 0 0 0 0 234 13 7
55 117 0 0 0 0 0 234 6 2
59 117 0 0 0 0 0 234 1 1
63 117 0 0 0 0 0 234 4 2
67 117 0 0 0 0 0 234 1 1
71 117 0 0 0 0 0 234 5 3
75 117 0 0 0 0 0 234 3 3
79 117 0 0 0 0 0 234 1 1
83 117 0 0 0 0 0 234 0 0
88 117 0 0 117 0 0 0 0 0
91 117 0 0 117 0 0 0 0 0
93 117 0 0 0 0 0 0 0 0
94 117 52 28 0 0 0 0 0 0
95 117 0 0 0 0 0 0 0 0
96 117 0 0 0 0 0 0 0 0
97 117 0 0 0 0 0 0 0 0
100 117 0 0 0 0 0 0 0 0
103 117 0 0 0 0 0 0 0 0
106 117 0 0 234 4 0 0 0 0
107 117 0 0 234 2 0 0 0 0
108 117 0 0 234 0 0 0 0 0
109 117 0 0 234 3 0 0 0 0
110 117 0 0 234 1 0 0 0 0
111 117 0 0 234 2 0 0 0 0
112 117 0 0 234 2 0 0 0 0
113 117 0 0 234 0 0 0 0 0
114 117 0 0 234 0 0 0 0 0
117 117 0 0 234 0 0 0 0 0
121 117 52 31 0 0 0 0 0 0
fl=./elf/../sysdeps/generic/_itoa.h
fn=_dl_check_map_versions
76 231 20 20 0 0 0 33 0 0
fl=./elf/../sysdeps/generic/dl-cache.h
fn=_dl_load_cache_lookup
194 8 0 0 8 0 0 0 0 0
195 32 0 0 0 0 0 0 0 0
fn=search_cache
125 13 0 0 13 0 0 0 0 0
fl=./elf/../sysdeps/generic/dl-call_tls_init_tp.h
fn=dl_main
34 2 1 1 1 0 0 0 0 0
fn=init_tls
31 1 0 0 0 0 0 0 0 0
33 1 0 0 0 0 0 0 0 0
fl=./elf/../sysdeps/generic/dl-debug.h
fn=dl_main
29 3 0 0 2 0 0 0 0 0
30 1 0 0 0 0 0 1 0 0
fl=./elf/../sysdeps/generic/dl-hash.h
fn=__rtld_malloc_init_real
43 2 0 0 0 0 0 0 0 0
44 2 0 0 0 0 0 0 0 0
45 11 0 0 5 2 2 0 0 0
48 10 0 0 0 0 0 0 0 0
62 10 0 0 0 0 0 0 0 0
67 1 1 1 0 0 0 0 0 0
72 1 0 0 0 0 0 1 0 0
fl=./elf/../sysdeps/generic/dl-new-hash.h
fn=_dl_lookup_symbol_x
69 10462 0 0 0 0 0 0 0 0
70 10462 0 0 0 0 0 0 0 0
74 282330 0 0 146396 9426 4773 0 0 0
77 146396 0 0 0 0 0 0 0 0
80 282890 0 0 141445 1906 1298 0 0 0
81 141445 0 0 0 0 0 0 0 0
87 5511 122 48 0 0 0 0 0 0
89 5511 0 0 0 0 0 0 0 0
90 5511 0 0 0 0 0 0 0 0
101 20924 0 0 0 0 0 0 0 0
102 135934 0 0 0 0 0 0 0 0
104 135934 0 0 0 0 0 0 0 0
fl=./elf/../sysdeps/generic/dl-protected.h
fn=do_lookup_x
29 30927 177 44 0 0 0 0 0 0
fl=./elf/../sysdeps/generic/dl-tunables-parse.h
fn=_dl_sysdep_start
31 20 0 0 1 0 0 1 0 0
fl=./elf/../sysdeps/generic/ldsodefs.h
fn=_dl_check_map_versions
79 423 22 22 238 5 0 296 0 0
fn=_dl_fixup
79 117 0 0 117 52 27 0 0 0
fn=_dl_map_object
79 707 0 0 707 0 0 0 0 0
fn=_dl_map_object_deps
79 64 0 0 64 1 0 0 0 0
fn=_dl_map_object_from_fd
79 39 32 22 39 0 0 0 0 0
fn=_dl_new_object
1322 1 0 0 0 0 0 0 0 0
1324 32 0 0 0 0 0 0 0 0
fn=_dl_relocate_object
79 10508 0 0 10360 15 2 0 0 0
140 37113 3 3 12371 0 0 0 0 0
fn=_dl_setup_hash
79 37 0 0 37 0 0 0 0 0
fn=_dl_start
79 9 0 0 3 0 0 0 0 0
fn=cache_rpath
79 1 0 0 1 0 0 0 0 0
fn=check_match
79 3 0 0 3 0 0 0 0 0
fn=dl_main
79 2 0 0 2 0 0 0 0 0
fn=dl_open_worker_begin
1292 6 0 0 0 0 0 0 0 0
fn=do_lookup_x
79 71316 0 0 71316 0 0 0 0 0
139 20618 176 53 10309 1 0 0 0 0
140 10309 0 0 0 0 0 0 0 0
fl=./elf/../sysdeps/nptl/dl-mutex.c
fn=__rtld_mutex_init
30 4 2 1 0 0 0 6 0 0
37 2 0 0 1 1 0 0 0 0
40 10 0 0 0 0 0 0 0 0
44 1 0 0 0 0 0 0 0 0
45 13 1 1 3 0 0 1 0 0
47 9 1 1 0 0 0 0 0 0
51 1 0 0 0 0 0 0 0 0
52 11 0 0 3 0 0 1 0 0
53 4 1 1 6 0 0 0 0 0
fl=./elf/../sysdeps/nptl/dl-tls_init_tp.c
fn=__tls_init_tp
68 3 1 1 0 0 0 4 0 0
69 1 0 0 0 0 0 0 0 0
72 2 0 0 0 0 0 0 0 0
75 5 1 1 0 0 0 1 0 0
76 2 1 1 0 0 0 1 0 0
77 2 0 0 0 0 0 1 0 0
82 3 0 0 1 0 0 1 0 0
87 1 0 0 0 0 0 0 0 0
89 1 0 0 0 0 0 2 0 0
90 2 0 0 0 0 0 1 0 0
93 4 0 0 0 0 0 0 0 0
105 5 0 0 1 0 0 0 0 0
121 4 0 0 1 1 0 1 1 0
128 3 0 0 1 0 0 1 0 0
129 3 0 0 4 0 0 0 0 0
fn=__tls_pre_init_tp
53 2 1 1 0 0 0 2 1 1
56 4 0 0 0 0 0 0 0 0
57 5 0 0 0 0 0 4 1 1
58 4 0 0 0 0 0 2 0 0
61 4 1 1 0 0 0 1 0 0
62 2 0 0 0 0 0 1 0 0
64 2 0 0 2 0 0 0 0 0
fn=rtld_mutex_dummy
42 28 1 0 0 0 0 28 0 0
44 42 0 0 28 0 0 0 0 0
fl=./elf/../sysdeps/nptl/pthread_early_init.h
fn=__libc_early_init
33 5 0 0 0 0 0 0 0 0
34 3 1 1 1 0 0 0 0 0
38 3 0 0 0 0 0 0 0 0
45 3 0 0 2 0 0 0 0 0
46 2 0 0 0 0 0 0 0 0
48 2 0 0 0 0 0 0 0 0
52 5 0 0 0 0 0 1 0 0
53 3 0 0 0 0 0 1 1 1
54 1 0 0 0 0 0 1 1 1
56 1 0 0 0 0 0 0 0 0
fl=./elf/../sysdeps/posix/dl-fileid.h
fn=_dl_map_object_from_fd
37 210 22 22 35 0 0 35 0 0
41 70 0 0 70 0 0 70 0 0
49 3780 0 0 1260 749 577 0 0 0
fl=./elf/../sysdeps/unix/sysv/linux/aarch64/cpu-features.c
fn=_dl_sysdep_start
58 34 1 1 1 0 0 0 0 0
59 8 0 0 8 0 0 0 0 0
71 6 1 1 1 0 0 0 0 0
74 1 0 0 0 0 0 0 0 0
79 3 1 1 0 0 0 0 0 0
81 4 0 0 1 0 0 0 0 0
87 2 0 0 0 0 0 1 0 0
91 1 0 0 0 0 0 0 0 0
93 1 0 0 0 0 0 0 0 0
97 4 1 1 1 0 0 1 0 0
101 1 0 0 0 0 0 1 0 0
104 5 0 0 1 0 0 0 0 0
105 4 0 0 1 0 0 1 0 0
108 6 1 1 0 0 0 2 0 0
110 2 0 0 1 0 0 0 0 0
112 1 0 0 0 0 0 0 0 0
116 1 0 0 0 0 0 0 0 0
117 1 0 0 0 0 0 0 0 0
120 1 0 0 0 0 0 0 0 0
127 4 1 1 1 0 0 1 0 0
130 3 0 0 1 0 0 1 0 0
fl=./elf/../sysdeps/unix/sysv/linux/brk.c
fn=brk
36 3 1 1 0 0 0 2 0 0
37 2 0 0 0 0 0 1 0 0
38 2 0 0 0 0 0 0 0 0
44 1 0 0 0 0 0 0 0 0
45 2 0 0 2 0 0 0 0 0
fl=./elf/../sysdeps/unix/sysv/linux/brk_call.h
fn=brk
24 2 1 1 0 0 0 0 0 0
fl=./elf/../sysdeps/unix/sysv/linux/dl-osinfo.h
fn=dl_main
39 1 0 0 0 0 0 0 0 0
fl=./elf/../sysdeps/unix/sysv/linux/dl-parse_auxv.h
fn=_dl_sysdep_parse_arguments
32 3 1 1 0 0 0 1 0 0
33 2 0 0 0 0 0 1 0 0
39 2 0 0 0 0 0 1 0 0
41 43 0 0 21 6 6 0 0 0
42 40 0 0 0 0 0 0 0 0
43 40 0 0 20 0 0 20 0 0
45 2 0 0 1 0 0 0 0 0
46 4 0 0 1 0 0 1 0 0
47 1 0 0 0 0 0 1 0 0
48 2 0 0 2 0 0 1 0 0
49 2 0 0 2 0 0 1 0 0
50 1 0 0 0 0 0 1 0 0
51 2 0 0 2 0 0 1 0 0
52 2 0 0 1 0 0 1 1 1
53 2 0 0 1 0 0 1 0 0
54 1 0 0 0 0 0 1 0 0
55 2 0 0 1 0 0 2 0 0
56 2 2 2 1 0 0 1 0 0
fl=./elf/../sysdeps/unix/sysv/linux/dl-sysdep.c
fn=_dl_sysdep_parse_arguments
78 5 1 1 0 0 0 6 2 2
79 3 1 1 1 0 0 1 1 1
80 2 0 0 0 0 0 1 0 0
81 5 0 0 0 0 0 1 1 1
83 33 0 0 16 2 2 0 0 0
86 4 0 0 0 0 0 1 1 1
90 6 1 1 0 0 0 0 0 0
93 2 0 0 1 0 0 1 0 0
94 2 0 0 1 0 0 1 0 0
95 2 0 0 1 0 0 1 0 0
96 4 0 0 6 0 0 0 0 0
fn=_dl_sysdep_start
102 7 2 2 0 0 0 10 2 2
103 3 0 0 0 0 0 1 0 0
106 2 0 0 0 0 0 0 0 0
110 3 0 0 1 0 0 0 0 0
113 1 0 0 0 0 0 0 0 0
115 2 0 0 0 0 0 0 0 0
122 2 0 0 1 0 0 0 0 0
123 2 0 0 0 0 0 1 0 0
125 6 1 1 0 0 0 0 0 0
137 2 0 0 1 0 0 0 0 0
140 6 0 0 3 0 0 0 0 0
143 7 2 1 11 3 3 0 0 0
fn=_dl_sysdep_start_cleanup
147 2 1 1 0 0 0 2 0 0
148 2 0 0 2 0 0 0 0 0
fl=./elf/../sysdeps/unix/sysv/linux/dl-vdso-setup.h
fn=dl_main
30 5 1 1 0 0 0 2 0 0
33 2 0 0 0 0 0 1 0 0
45 3 1 1 0 0 0 2 0 0
fl=./elf/../sysdeps/unix/sysv/linux/dl-vdso.h
fn=dl_main
40 2 1 1 1 0 0 0 0 0
41 1 0 0 0 0 0 0 0 0
55 2 0 0 0 0 0 0 0 0
fl=./elf/../sysdeps/unix/sysv/linux/rseq-internal.h
fn=__tls_init_tp
32 1 0 0 0 0 0 0 0 0
34 7 1 1 0 0 0 0 0 0
37 2 0 0 0 0 0 0 0 0
40 2 0 0 0 0 0 1 0 0
fl=./elf/./dl-find_object.h
fn=_dl_find_object
54 54 0 0 18 0 0 18 0 0
56 54 0 0 18 0 0 18 0 0
58 72 0 0 18 0 0 18 0 0
60 72 0 0 18 0 0 18 0 0
76 18 0 0 0 0 0 18 2 1
77 18 0 0 0 0 0 18 2 0
79 36 0 0 36 0 0 18 0 0
fn=_dl_find_object_from_map
94 76 22 22 0 0 0 76 0 0
95 76 0 0 38 6 0 38 27 27
96 114 0 0 38 5 2 38 0 0
97 76 0 0 0 0 0 38 0 0
103 152 0 0 76 27 9 0 0 0
104 562 0 0 0 0 0 0 0 0
105 714 22 22 200 152 69 0 0 0
107 190 0 0 76 2 1 38 0 0
120 76 0 0 76 0 0 0 0 0
fn=_dl_find_object_update
54 948 0 0 316 0 0 316 143 143
56 2212 0 0 316 0 0 316 0 0
58 1264 20 20 316 0 0 316 0 0
60 1264 0 0 316 0 0 316 0 0
fl=./elf/./dl-hwcaps.h
fn=_dl_important_hwcaps
43 5 0 0 1 0 0 0 0 0
45 4 1 1 0 0 0 8 0 0
46 1 0 0 0 0 0 0 0 0
77 6 0 0 2 0 0 3 0 0
78 5 1 1 2 0 0 3 0 0
79 3 0 0 0 0 0 0 0 0
fn=copy_hwcaps
45 2 0 0 0 0 0 4 0 0
77 2 0 0 0 0 0 2 0 0
78 2 0 0 0 0 0 2 0 0
79 2 0 0 0 0 0 0 0 0
fl=./elf/./dl-load.h
fn=_dl_map_object_from_fd
91 144 0 0 72 0 0 0 0 0
92 136 24 22 68 0 0 0 0 0
93 170 0 0 68 0 0 0 0 0
94 102 0 0 34 0 0 0 0 0
96 136 24 22 0 0 0 34 0 0
fl=./elf/./dl-main.h
fn=dl_main
109 5 0 0 4 0 0 0 0 0
fl=./elf/./dl-map-segments.h
fn=_dl_map_object_from_fd
28 105 0 0 35 0 0 0 0 0
36 175 31 22 0 0 0 70 0 0
37 385 31 22 0 0 0 140 6 2
41 70 0 0 0 0 0 0 0 0
44 175 29 17 35 0 0 35 0 0
45 280 0 0 70 0 0 0 0 0
49 245 22 21 175 0 0 0 0 0
55 70 0 0 0 0 0 0 0 0
56 455 64 44 245 0 0 245 0 0
58 210 0 0 35 0 0 0 0 0
59 70 0 0 35 0 0 0 0 0
60 70 0 0 0 0 0 0 0 0
61 175 0 0 210 0 0 0 0 0
81 35 0 0 0 0 0 0 0 0
101 175 22 20 0 0 0 245 0 0
102 35 0 0 0 0 0 0 0 0
105 35 0 0 0 0 0 35 0 0
106 70 31 18 0 0 0 35 0 0
108 35 0 0 0 0 0 0 0 0
115 350 31 18 70 0 0 105 0 0
118 280 31 18 105 0 0 0 0 0
125 105 0 0 35 0 0 35 0 0
135 360 0 0 0 0 0 0 0 0
137 111 0 0 74 0 0 0 0 0
139 592 23 19 259 0 0 148 0 0
149 216 0 0 144 0 0 0 0 0
155 70 0 0 35 0 0 0 0 0
156 35 0 0 0 0 0 0 0 0
157 175 31 18 35 0 0 0 0 0
158 35 0 0 0 0 0 0 0 0
160 70 0 0 0 0 0 0 0 0
165 70 0 0 0 0 0 0 0 0
168 70 0 0 35 0 0 0 0 0
176 350 0 0 175 0 0 175 0 0
182 70 0 0 0 0 0 0 0 0
186 70 4 4 7 0 0 28 0 0
189 35 7 5 28 0 0 0 0 0
194 72 23 18 0 0 0 0 0 0
fl=./elf/./dl-sym-post.h
fn=do_sym
41 240 120 21 0 0 0 0 0 0
53 240 0 0 120 65 1 0 0 0
60 120 0 0 120 0 0 0 0 0
fn=lookup_malloc_symbol
41 8 0 0 0 0 0 0 0 0
53 12 0 0 4 1 0 0 0 0
fl=./elf/./dl-tunable-types.h
fn=do_tunable_update_val
81 2 0 0 0 0 0 0 0 0
fl=./elf/./elf/dl-addr-obj.c
fn=_dl_addr_inside_object
65 40 20 20 0 0 0 40 0 0
66 20 0 0 20 19 19 0 0 0
67 40 0 0 20 19 19 0 0 0
69 480 0 0 0 0 0 0 0 0
70 640 20 20 180 140 140 0 0 0
71 200 0 0 80 0 0 0 0 0
74 40 0 0 40 0 0 0 0 0
fl=./elf/./elf/dl-audit.c
fn=_dl_audit_activity_map
29 5 1 1 0 0 0 6 0 0
30 3 1 1 1 0 0 0 0 0
31 2 0 0 1 0 0 0 0 0
37 4 2 2 6 0 0 0 0 0
fn=_dl_audit_activity_nsid
41 90 0 0 0 0 0 90 3 0
45 225 28 22 45 13 1 0 0 0
46 45 0 0 0 0 0 0 0 0
47 180 0 0 45 10 1 0 0 0
51 90 31 23 90 0 0 0 0 0
fn=_dl_audit_objclose
97 148 1 1 0 0 0 148 0 0
98 148 0 0 37 1 0 0 0 0
114 111 0 0 148 0 0 0 0 0
fn=_dl_audit_objopen
77 140 31 22 0 0 0 140 0 0
78 140 0 0 35 0 0 0 0 0
93 105 0 0 140 0 0 0 0 0
fn=_dl_audit_preinit
118 4 1 1 0 0 0 4 0 0
119 4 0 0 1 1 0 0 0 0
129 3 0 0 4 0 0 0 0 0
fl=./elf/./elf/dl-cache.c
fn=_dl_cache_libcmp
357 190 8 8 0 0 0 190 0 0
358 1122 0 0 561 0 0 0 0 0
360 2192 0 0 0 0 0 0 0 0
362 1674 23 16 548 83 83 0 0 0
368 15 0 0 0 0 0 0 0 0
369 30 0 0 0 0 0 0 0 0
370 75 0 0 15 0 0 0 0 0
372 75 13 8 15 0 0 0 0 0
374 30 0 0 0 0 0 0 0 0
380 1066 0 0 0 0 0 0 0 0
381 1 0 0 0 0 0 0 0 0
382 1064 0 0 0 0 0 0 0 0
383 81 10 8 0 0 0 0 0 0
386 451 0 0 0 0 0 0 0 0
387 451 0 0 0 0 0 0 0 0
390 26 0 0 13 0 0 0 0 0
391 190 0 0 190 0 0 0 0 0
fn=_dl_load_cache_lookup
403 78 13 8 0 0 0 78 5 5
405 39 0 0 13 0 0 0 0 0
408 52 10 8 13 8 7 0 0 0
411 48 8 8 0 0 0 0 0 0
419 40 8 8 8 0 0 0 0 0
420 152 8 8 24 8 8 0 0 0
423 48 8 8 0 0 0 0 0 0
424 8 0 0 8 0 0 0 0 0
431 8 0 0 0 0 0 0 0 0
432 16 0 0 0 0 0 16 0 0
477 10 0 0 0 0 0 0 0 0
482 52 0 0 13 0 0 0 0 0
485 91 0 0 26 2 0 0 0 0
500 26 0 0 13 0 0 0 0 0
504 13 10 8 0 0 0 0 0 0
512 39 0 0 0 0 0 0 0 0
513 156 13 8 0 0 0 13 0 0
514 39 0 0 0 0 0 0 0 0
515 13 0 0 0 0 0 0 0 0
516 65 0 0 78 0 0 0 0 0
fn=_dl_unload_cache
525 69 23 23 0 0 0 92 21 4
526 138 0 0 23 23 19 0 0 0
528 16 0 0 8 0 0 0 0 0
529 8 0 0 0 0 0 8 0 0
533 23 8 8 0 0 0 23 4 1
535 69 0 0 92 0 0 0 0 0
fn=search_cache
203 182 8 8 0 0 0 169 0 0
208 91 8 8 13 0 0 13 0 0
210 104 10 8 0 0 0 39 0 0
211 52 0 0 13 0 0 0 0 0
213 26 0 0 0 0 0 0 0 0
220 164 0 0 0 0 0 0 0 0
222 298 8 8 0 0 0 0 0 0
223 259 0 0 82 65 63 0 0 0
227 164 0 0 0 0 0 0 0 0
231 246 0 0 0 0 0 0 0 0
232 164 0 0 0 0 0 0 0 0
240 52 10 8 0 0 0 0 0 0
242 26 0 0 13 1 1 0 0 0
245 26 0 0 0 0 0 0 0 0
247 65 0 0 0 0 0 0 0 0
249 13 0 0 0 0 0 0 0 0
259 26 0 0 0 0 0 0 0 0
269 39 10 8 13 0 0 0 0 0
270 39 0 0 13 2 2 0 0 0
277 39 0 0 13 0 0 0 0 0
295 65 0 0 0 0 0 0 0 0
298 39 10 8 13 0 0 0 0 0
309 39 10 8 0 0 0 0 0 0
330 13 0 0 0 0 0 0 0 0
346 69 0 0 0 0 0 0 0 0
347 36 0 0 0 0 0 0 0 0
349 33 0 0 0 0 0 0 0 0
353 117 18 16 156 0 0 0 0 0
fl=./elf/./elf/dl-call-libc-early-init.c
fn=_dl_call_libc_early_init
27 5 0 0 0 0 0 4 0 0
29 1 1 1 0 0 0 0 0 0
33 9 0 0 0 0 0 0 0 0
37 1 0 0 0 0 0 0 0 0
39 7 1 1 3 0 0 0 0 0
40 3 0 0 0 0 0 0 0 0
41 2 0 0 4 0 0 0 0 0
fl=./elf/./elf/dl-call_fini.c
fn=_dl_call_fini
24 148 1 1 0 0 0 148 0 0
28 111 0 0 37 1 0 0 0 0
32 111 1 1 37 0 0 37 0 0
34 37 0 0 37 37 37 0 0 0
35 37 0 0 0 0 0 0 0 0
38 105 0 0 70 63 40 0 0 0
39 140 0 0 70 22 21 35 0 0
42 257 1 1 35 0 0 0 0 0
43 78 0 0 39 35 34 0 0 0
47 37 0 0 37 37 36 0 0 0
48 37 0 0 0 0 0 0 0 0
49 175 0 0 70 24 23 0 0 0
50 76 0 0 148 0 0 0 0 0
fl=./elf/./elf/dl-catch.c
fn=_dl_catch_error
254 1287 266 46 0 0 0 715 0 0
256 286 0 0 0 0 0 0 0 0
257 143 0 0 0 0 0 143 17 3
258 286 21 4 286 0 0 143 4 2
259 572 0 0 143 0 0 143 0 0
261 572 123 28 715 21 4 0 0 0
fn=_dl_catch_exception
58 1029 0 0 343 139 24 0 0 0
59 39 7 2 13 0 0 13 0 0
62 969 0 0 330 132 23 309 0 0
69 1029 163 40 343 31 5 0 0 0
70 78 0 0 13 0 0 26 0 0
73 1608 165 51 309 69 12 660 28 4
74 330 0 0 0 0 0 0 0 0
204 1715 172 32 0 0 0 2058 174 31
207 343 0 0 0 0 0 0 0 0
211 42 0 0 42 0 0 0 0 0
214 343 1 0 0 0 0 0 0 0
228 322 123 20 322 0 0 0 0 0
229 644 0 0 0 0 0 644 26 8
235 1288 0 0 0 0 0 0 0 0
237 644 0 0 644 0 0 0 0 0
239 966 0 0 322 1 0 966 70 12
248 1029 0 0 1029 1 0 0 0 0
fn=_dl_receive_error
58 3 0 0 1 0 0 0 0 0
59 1 0 0 1 0 0 0 0 0
69 2 0 0 1 0 0 0 0 0
70 2 0 0 0 0 0 2 0 0
186 6 2 2 0 0 0 6 2 0
188 3 0 0 1 0 0 0 0 0
192 2 0 0 0 0 0 1 0 0
194 1 0 0 0 0 0 0 0 0
197 2 1 1 0 0 0 1 0 0
198 4 0 0 6 1 0 0 0 0
fl=./elf/./elf/dl-debug.c
fn=_dl_debug_initialize
56 69 23 23 0 0 0 46 0 0
57 1 0 0 0 0 0 0 0 0
59 23 23 23 0 0 0 0 0 0
61 23 0 0 0 0 0 0 0 0
63 46 0 0 23 23 23 0 0 0
64 2 0 0 0 0 0 1 0 0
85 92 22 22 46 23 18 0 0 0
90 1 0 0 0 0 0 0 0 0
91 3 1 1 0 0 0 1 0 0
92 1 0 0 0 0 0 2 0 0
95 24 0 0 1 0 0 0 0 0
96 9 1 1 1 0 0 1 0 0
99 1 0 0 0 0 0 0 0 0
107 46 0 0 46 0 0 0 0 0
fn=_dl_debug_state
116 88 30 22 0 0 0 88 0 0
117 88 0 0 88 0 0 0 0 0
fn=_dl_debug_update
38 240 63 27 0 0 0 160 0 0
40 80 0 0 0 0 0 0 0 0
41 160 31 4 0 0 0 0 0 0
44 160 0 0 80 13 0 0 0 0
48 160 0 0 160 0 0 0 0 0
fl=./elf/./elf/dl-deps.c
fn=_dl_map_object_deps
128 23 0 0 0 0 0 23 0 0
130 49 0 0 0 0 0 46 0 0
132 42 0 0 0 0 0 21 0 0
136 91 22 22 23 0 0 23 0 0
143 242 44 44 0 0 0 308 10 3
144 330 22 22 0 0 0 22 1 1
160 70 43 41 0 0 0 21 2 0
161 1 0 0 1 0 0 0 0 0
164 44 0 0 22 0 0 22 0 0
182 66 0 0 22 0 0 22 0 0
183 44 0 0 0 0 0 0 0 0
184 44 0 0 0 0 0 22 0 0
186 22 0 0 0 0 0 22 0 0
188 135 0 0 131 0 0 2 1 1
190 87 0 0 0 0 0 0 0 0
193 261 0 0 87 0 0 87 0 0
197 174 0 0 87 55 48 0 0 0
198 416 22 22 121 45 37 0 0 0
201 14 0 0 0 0 0 0 0 0
205 28 0 0 14 0 0 0 0 0
208 266 6 2 133 22 19 0 0 0
210 192 40 40 128 14 2 0 0 0
215 64 0 0 0 0 0 64 0 0
216 64 0 0 0 0 0 64 1 0
217 128 0 0 64 0 0 64 0 0
218 128 0 0 64 4 0 64 0 0
219 128 0 0 64 0 0 64 0 0
221 3534 0 0 1799 279 172 0 0 0
222 3405 0 0 0 0 0 0 0 0
228 1073 20 20 135 3 0 0 0 0
230 135 0 0 0 0 0 135 0 0
232 741 41 41 135 3 0 22 0 0
233 270 0 0 135 0 0 0 0 0
242 135 23 20 135 0 0 0 0 0
244 405 0 0 135 0 0 0 0 0
249 192 0 0 0 0 0 64 8 0
253 64 0 0 0 0 0 64 0 0
254 64 0 0 0 0 0 128 7 0
255 128 0 0 64 0 0 64 5 0
256 64 0 0 0 0 0 64 0 0
257 192 26 19 64 0 0 64 0 0
259 256 0 0 64 0 0 64 0 0
263 135 0 0 0 0 0 0 0 0
264 66 0 0 0 0 0 33 3 0
266 7680 23 21 0 0 0 0 0 0
417 87 21 20 0 0 0 0 0 0
419 28 0 0 0 0 0 14 1 0
422 28 0 0 0 0 0 0 0 0
423 14 0 0 0 0 0 0 0 0
429 14 0 0 0 0 0 14 4 4
430 56 1 0 0 0 0 0 0 0
431 70 0 0 0 0 0 0 0 0
433 14 0 0 0 0 0 0 0 0
434 14 0 0 0 0 0 14 1 0
435 42 0 0 14 0 0 14 0 0
439 261 30 22 174 4 0 0 0 0
441 261 9 2 174 1 0 87 0 0
442 217 0 0 65 1 0 0 0 0
448 132 0 0 44 2 0 0 0 0
449 4 1 1 1 0 0 1 0 0
452 66 22 22 22 4 0 22 0 0
463 66 0 0 22 0 0 0 0 0
465 22 0 0 0 0 0 0 0 0
470 88 22 22 22 0 0 22 1 0
471 22 0 0 0 0 0 22 7 0
472 22 0 0 0 0 0 0 0 0
474 218 0 0 87 2 0 0 0 0
478 261 0 0 174 1 0 0 0 0
484 174 0 0 0 0 0 0 0 0
485 174 0 0 0 0 0 87 13 13
490 261 22 22 87 4 0 87 0 0
495 44 0 0 22 0 0 0 0 0
532 44 22 22 0 0 0 0 0 0
533 22 0 0 0 0 0 0 0 0
536 22 0 0 22 0 0 0 0 0
547 110 21 21 0 0 0 0 0 0
552 154 0 0 22 4 0 0 0 0
553 154 44 44 44 5 0 0 0 0
557 22 0 0 0 0 0 22 0 0
558 22 0 0 0 0 0 0 0 0
559 22 0 0 0 0 0 22 0 0
560 66 0 0 22 0 0 22 0 0
561 22 0 0 0 0 0 0 0 0
568 44 22 22 22 0 0 0 0 0
571 22 0 0 0 0 0 0 0 0
574 198 0 0 264 11 0 0 0 0
fn=openaux
61 675 21 20 0 0 0 405 16 6
64 1210 9 0 675 4 0 135 8 0
65 135 0 0 135 3 0 0 0 0
66 130 0 0 130 0 0 0 0 0
69 405 0 0 405 7 0 0 0 0
fl=./elf/./elf/dl-environ.c
fn=_dl_next_ld_env_entry
28 9 1 1 0 0 0 6 0 0
29 3 0 0 3 0 0 0 0 0
32 33 0 0 16 0 0 0 0 0
34 45 0 0 15 0 0 0 0 0
35 15 1 1 5 0 0 0 0 0
37 2 0 0 0 0 0 0 0 0
40 4 0 0 0 0 0 2 0 0
49 6 0 0 6 0 0 0 0 0
fl=./elf/./elf/dl-find_object.c
fn=_dl_find_object
293 18 0 0 0 0 0 0 0 0
312 36 0 0 18 2 2 0 0 0
321 18 2 2 0 0 0 0 0 0
325 82 0 0 0 0 0 0 0 0
327 82 0 0 0 0 0 0 0 0
328 82 0 0 0 0 0 0 0 0
329 246 0 0 82 14 14 0 0 0
331 136 0 0 0 0 0 0 0 0
332 68 0 0 0 0 0 0 0 0
335 14 2 2 0 0 0 0 0 0
338 66 0 0 10 0 0 0 0 0
349 36 0 0 0 0 0 0 0 0
350 72 2 2 18 0 0 0 0 0
360 108 0 0 0 0 0 108 6 0
363 90 2 2 18 2 2 0 0 0
372 72 0 0 18 2 2 0 0 0
375 18 0 0 0 0 0 0 0 0
379 90 8 2 36 2 2 0 0 0
380 54 2 2 18 0 0 0 0 0
419 18 0 0 0 0 0 0 0 0
422 36 2 2 18 2 2 0 0 0
423 18 0 0 0 0 0 0 0 0
426 72 0 0 18 0 0 0 0 0
440 36 0 0 0 0 0 0 0 0
443 18 0 0 0 0 0 0 0 0
465 72 0 0 108 0 0 0 0 0
fn=_dl_find_object_init
561 4 1 1 0 0 0 6 0 0
564 2 0 0 1 1 0 0 0 0
566 2 0 0 1 0 0 0 0 0
573 4 0 0 0 0 0 1 1 0
579 2 0 0 0 0 0 0 0 0
580 3 1 1 1 0 0 1 0 0
582 1 0 0 0 0 0 0 0 0
585 1 0 0 0 0 0 0 0 0
590 1 0 0 0 0 0 1 0 0
591 1 0 0 0 0 0 0 0 0
594 2 0 0 1 0 0 0 0 0
596 2 1 1 0 0 0 0 0 0
599 5 1 1 3 0 0 1 0 0
601 1 0 0 0 0 0 0 0 0
604 4 0 0 6 0 0 0 0 0
fn=_dl_find_object_update
136 21 0 0 0 0 0 0 0 0
137 142 0 0 40 20 19 0 0 0
138 968 20 20 0 0 0 0 0 0
140 1264 0 0 316 152 152 0 0 0
149 38 0 0 0 0 0 0 0 0
150 59 0 0 19 0 0 0 0 0
151 38 0 0 19 19 17 0 0 0
201 4 0 0 0 0 0 0 0 0
204 4 2 2 0 0 0 0 0 0
214 2 0 0 0 0 0 0 0 0
216 2 0 0 0 0 0 0 0 0
218 2 0 0 0 0 0 0 0 0
224 4 0 0 0 0 0 0 0 0
225 4 2 2 0 0 0 0 0 0
229 2 0 0 0 0 0 4 2 2
233 4 0 0 0 0 0 4 0 0
234 2 0 0 0 0 0 0 0 0
235 2 0 0 0 0 0 0 0 0
236 4 0 0 0 0 0 0 0 0
270 21 19 19 0 0 0 0 0 0
271 19 0 0 0 0 0 0 0 0
279 21 21 21 0 0 0 0 0 0
610 42 21 21 0 0 0 0 0 0
612 46 0 0 0 0 0 0 0 0
616 27 0 0 18 1 0 0 0 0
617 78 0 0 0 0 0 0 0 0
618 22 0 0 22 3 0 0 0 0
620 33 7 7 0 0 0 0 0 0
625 18 0 0 9 0 0 0 0 0
626 9 0 0 0 0 0 9 0 0
627 9 0 0 0 0 0 9 0 0
639 63 40 40 21 0 0 0 0 0
644 42 0 0 0 0 0 21 0 0
654 21 0 0 0 0 0 0 0 0
656 42 21 21 21 19 4 0 0 0
660 83 1 1 21 0 0 0 0 0
662 42 0 0 0 0 0 0 0 0
668 39 20 20 0 0 0 0 0 0
670 2 1 1 0 0 0 0 0 0
682 8 0 0 0 0 0 2 0 0
697 21 0 0 0 0 0 0 0 0
698 21 0 0 0 0 0 0 0 0
700 20 0 0 20 0 0 0 0 0
703 1054 0 0 0 0 0 0 0 0
706 24 0 0 0 0 0 0 0 0
707 20 0 0 20 0 0 0 0 0
708 20 0 0 0 0 0 0 0 0
717 343 20 20 0 0 0 0 0 0
718 1372 20 20 343 0 0 0 0 0
725 30 1 1 0 0 0 0 0 0
730 346 1 1 0 0 0 0 0 0
731 346 0 0 0 0 0 0 0 0
740 346 0 0 0 0 0 0 0 0
741 346 0 0 0 0 0 0 0 0
743 346 0 0 0 0 0 0 0 0
744 49 0 0 0 0 0 0 0 0
745 331 0 0 141 1 0 0 0 0
746 46 0 0 0 0 0 0 0 0
749 316 20 20 0 0 0 0 0 0
751 316 0 0 0 0 0 0 0 0
758 30 0 0 0 0 0 0 0 0
759 120 0 0 60 0 0 30 0 0
760 60 0 0 0 0 0 0 0 0
766 710 1 1 0 0 0 0 0 0
770 21 0 0 0 0 0 0 0 0
773 21 0 0 0 0 0 0 0 0
776 42 0 0 21 0 0 0 0 0
780 21 0 0 0 0 0 0 0 0
785 63 21 21 0 0 0 84 0 0
787 42 0 0 0 0 0 0 0 0
788 144 0 0 30 0 0 42 0 0
790 210 21 21 60 1 0 0 0 0
791 21 0 0 0 0 0 0 0 0
795 21 21 21 0 0 0 0 0 0
798 63 0 0 0 0 0 21 0 0
799 81 0 0 30 0 0 0 0 0
800 150 0 0 60 0 0 0 0 0
801 60 0 0 0 0 0 30 0 0
807 84 20 20 147 0 0 0 0 0
808 84 0 0 84 0 0 0 0 0
fn=_dlfo_process_initial
474 4 1 1 0 0 0 4 0 0
475 4 0 0 2 0 0 0 0 0
477 2 0 0 0 0 0 0 0 0
478 6 0 0 2 0 0 0 0 0
481 8 2 2 0 0 0 0 0 0
485 2 0 0 2 0 0 0 0 0
486 6 0 0 2 0 0 0 0 0
487 64 0 0 0 0 0 0 0 0
488 60 1 1 20 1 1 0 0 0
490 8 0 0 2 0 0 0 0 0
493 12 0 0 4 0 0 4 2 2
495 8 0 0 4 0 0 2 0 0
497 8 0 0 2 0 0 2 0 0
499 4 0 0 0 0 0 0 0 0
504 22 1 1 4 1 0 0 0 0
505 18 0 0 2 0 0 0 0 0
506 14 0 0 14 1 0 0 0 0
508 64 0 0 12 5 0 0 0 0
511 48 1 1 12 6 0 0 0 0
513 24 0 0 12 0 0 0 0 0
515 18 0 0 0 0 0 0 0 0
517 24 0 0 0 0 0 0 0 0
521 4 0 0 0 0 0 0 0 0
529 4 0 0 0 0 0 2 0 0
531 6 0 0 4 0 0 0 0 0
fn=_dlfo_sort_mappings
536 2 0 0 0 0 0 2 0 0
537 2 1 1 0 0 0 0 0 0
540 25 1 1 0 0 0 0 0 0
544 14 0 0 7 0 0 0 0 0
545 112 1 1 0 0 0 0 0 0
546 56 0 0 28 0 0 0 0 0
548 84 0 0 0 0 0 0 0 0
553 21 0 0 14 0 0 14 0 0
554 14 0 0 14 0 0 14 0 0
555 7 0 0 0 0 0 14 0 0
557 2 0 0 2 0 0 0 0 0
fl=./elf/./elf/dl-fini.c
fn=_dl_fini
26 11 1 1 0 0 0 13 0 0
43 1 0 0 0 0 0 0 0 0
46 17 2 2 2 2 1 0 0 0
49 4 1 1 1 1 1 0 0 0
51 1 0 0 1 1 1 0 0 0
54 1 0 0 0 0 0 0 0 0
56 5 0 0 2 1 0 0 0 0
59 1 0 0 0 0 0 0 0 0
61 2 0 0 0 0 0 1 0 0
63 3 0 0 0 0 0 0 0 0
68 13 1 1 0 0 0 1 1 0
73 77 2 2 38 12 12 0 0 0
75 111 0 0 37 37 31 0 0 0
77 74 0 0 0 0 0 0 0 0
79 37 0 0 0 0 0 37 1 0
80 37 0 0 0 0 0 37 37 36
81 37 0 0 0 0 0 0 0 0
85 111 0 0 37 36 31 37 0 0
87 5 0 0 0 0 0 0 0 0
88 8 0 0 0 0 0 0 0 0
94 4 1 1 0 0 0 0 0 0
103 3 0 0 1 1 0 0 0 0
108 114 0 0 0 0 0 0 0 0
110 37 0 0 37 3 1 0 0 0
112 74 1 1 37 27 0 0 0 0
114 74 0 0 0 0 0 0 0 0
117 74 0 0 0 0 0 0 0 0
122 111 0 0 37 0 0 37 0 0
126 3 0 0 0 0 0 0 0 0
132 7 0 0 2 0 0 0 0 0
134 3 0 0 0 0 0 1 0 0
138 2 1 1 1 0 0 0 0 0
145 8 0 0 12 0 0 0 0 0
fl=./elf/./elf/dl-hwcaps-subdirs.c
fn=_dl_hwcaps_subdirs_active
27 2 1 1 0 0 0 2 0 0
29 3 0 0 2 0 0 0 0 0
fl=./elf/./elf/dl-hwcaps.c
fn=_dl_important_hwcaps
52 6 2 2 0 0 0 0 0 0
100 5 0 0 0 0 0 2 1 1
102 1 0 0 0 0 0 0 0 0
105 1 0 0 0 0 0 1 0 0
108 1 0 0 0 0 0 0 0 0
112 3 0 0 0 0 0 0 0 0
125 3 0 0 0 0 0 0 0 0
133 2 1 1 0 0 0 0 0 0
142 6 0 0 1 0 0 1 0 0
172 10 2 2 0 0 0 12 3 3
174 2 0 0 0 0 0 1 0 0
175 3 0 0 0 0 0 0 0 0
185 1 0 0 0 0 0 0 0 0
186 3 0 0 0 0 0 0 0 0
189 3 0 0 1 0 0 1 1 1
193 2 0 0 1 0 0 0 0 0
194 1 0 0 0 0 0 0 0 0
202 4 0 0 3 0 0 2 0 0
203 4 1 1 0 0 0 0 0 0
204 6 0 0 2 0 0 0 0 0
208 1 0 0 2 0 0 0 0 0
209 1 0 0 0 0 0 2 1 1
213 2 1 1 1 0 0 1 0 0
216 6 0 0 8 0 0 0 0 0
fn=copy_hwcaps
74 12 1 1 0 0 0 12 0 0
77 6 0 0 0 0 0 0 0 0
80 4 0 0 0 0 0 0 0 0
84 2 0 0 0 0 0 0 0 0
90 8 0 0 12 0 0 0 0 0
fl=./elf/./elf/dl-hwcaps_split.c
fn=_dl_hwcaps_split
25 24 0 0 0 0 0 24 1 1
26 12 0 0 6 0 0 0 0 0
27 6 0 0 0 0 0 0 0 0
30 9 1 1 3 0 0 3 0 0
34 9 0 0 3 0 0 0 0 0
36 3 0 0 0 0 0 0 0 0
47 18 1 1 24 0 0 0 0 0
fn=_dl_hwcaps_split_masked
51 20 1 1 0 0 0 15 1 1
54 20 0 0 0 0 0 0 0 0
62 20 1 1 15 0 0 0 0 0
fl=./elf/./elf/dl-init.c
fn=_dl_init
81 220 22 22 0 0 0 220 1 1
83 22 0 0 44 21 3 0 0 0
86 88 22 22 22 5 1 0 0 0
88 1 1 1 0 0 0 0 0 0
89 2 0 0 0 0 0 1 0 0
94 66 0 0 0 0 0 0 0 0
119 22 0 0 22 0 0 0 0 0
120 327 25 22 0 0 0 0 0 0
121 522 0 0 174 22 1 0 0 0
127 132 21 21 220 2 0 0 0 0
fn=call_init
27 352 23 22 0 0 0 352 0 0
29 264 23 22 88 5 2 0 0 0
35 704 0 0 88 3 1 176 0 0
37 88 0 0 0 0 0 0 0 0
43 111 24 22 37 0 0 37 0 0
46 111 0 0 74 37 12 0 0 0
47 2 0 0 0 0 0 0 0 0
51 108 0 0 36 0 0 0 0 0
59 72 0 0 36 29 9 0 0 0
60 238 22 22 68 34 11 0 0 0
63 36 0 0 36 35 8 0 0 0
64 36 0 0 0 0 0 0 0 0
70 108 0 0 72 13 5 0 0 0
72 144 0 0 72 20 8 36 0 0
73 576 2 0 0 0 0 0 0 0
74 540 3 3 108 43 15 0 0 0
76 388 39 39 564 1 0 0 0 0
fl=./elf/./elf/dl-load.c
fn=_dl_dst_count
238 477 50 22 0 0 0 636 33 24
239 1 0 0 0 0 0 0 0 0
241 318 0 0 0 0 0 0 0 0
244 159 0 0 0 0 0 0 0 0
245 159 0 0 0 0 0 0 0 0
251 1 0 0 0 0 0 0 0 0
253 6 0 0 0 0 0 0 0 0
254 5 0 0 0 0 0 1 0 0
255 2 0 0 0 0 0 0 0 0
256 1 1 1 0 0 0 0 0 0
259 4 0 0 0 0 0 0 0 0
261 2 0 0 2 0 0 0 0 0
264 639 2 2 637 0 0 2 0 0
fn=_dl_dst_substitute
276 10 1 1 0 0 0 11 0 0
283 1 0 0 0 0 0 0 0 0
285 1 0 0 0 0 0 0 0 0
289 5 0 0 1 0 0 0 0 0
294 1 0 0 0 0 0 0 0 0
295 7 1 1 0 0 0 0 0 0
317 3 0 0 1 0 0 0 0 0
322 2 0 0 1 0 0 0 0 0
332 3 0 0 0 0 0 0 0 0
334 3 0 0 0 0 0 0 0 0
335 1 1 1 0 0 0 0 0 0
354 2 0 0 1 0 0 0 0 0
365 1 1 1 0 0 0 0 0 0
372 1 0 0 0 0 0 1 0 0
375 8 0 0 11 0 0 0 0 0
fn=_dl_init_paths
706 9 1 1 0 0 0 14 0 0
720 9 1 1 0 0 0 1 0 0
725 1 0 0 0 0 0 1 0 0
727 1 0 0 0 0 0 0 0 0
734 4 0 0 0 0 0 0 0 0
735 4 0 0 1 0 0 0 0 0
739 2 1 1 0 0 0 1 0 0
741 3 0 0 2 0 0 0 0 0
747 1 0 0 0 0 0 1 1 1
748 4 0 0 0 0 0 1 0 0
756 4 0 0 0 0 0 4 0 0
758 2 0 0 0 0 0 0 0 0
759 4 0 0 0 0 0 8 4 4
761 3 0 0 0 0 0 1 0 0
762 8 0 0 3 1 1 7 1 1
763 7 0 0 0 0 0 0 0 0
766 15 0 0 3 1 1 0 0 0
767 5 0 0 1 0 0 0 0 0
768 18 0 0 4 0 0 1 0 0
770 18 2 2 0 0 0 4 0 0
776 3 0 0 0 0 0 1 0 0
777 1 0 0 0 0 0 1 0 0
782 2 0 0 1 0 0 0 0 0
785 4 1 1 0 0 0 0 0 0
787 4 0 0 1 0 0 0 0 0
789 2 0 0 1 0 0 0 0 0
806 2 0 0 0 0 0 1 0 0
808 2 1 1 1 0 0 0 0 0
822 2 1 1 0 0 0 1 0 0
825 4 2 2 2 0 0 0 0 0
827 18 1 1 2 0 0 1 0 0
831 2 0 0 0 0 0 0 0 0
832 31 0 0 15 0 0 0 0 0
833 28 1 1 0 0 0 0 0 0
834 28 0 0 0 0 0 0 0 0
836 3 0 0 0 0 0 1 0 0
837 2 0 0 0 0 0 0 0 0
838 1 0 0 0 0 0 0 0 0
844 7 1 1 1 0 0 0 0 0
847 3 0 0 2 0 0 0 0 0
853 3 0 0 0 0 0 1 0 0
857 8 0 0 12 0 0 0 0 0
fn=_dl_map_object
1967 1264 51 23 0 0 0 1896 103 98
1969 35 0 0 0 0 0 35 0 0
1975 316 0 0 0 0 0 0 0 0
1976 1106 32 23 158 3 1 0 0 0
1979 3896 0 0 1474 6 0 0 0 0
1984 7195 24 23 1439 571 408 0 0 0
1986 5756 0 0 0 0 0 0 0 0
1990 2632 0 0 1316 0 0 0 0 0
1991 2632 0 0 1316 676 448 0 0 0
1994 2828 0 0 1414 671 351 0 0 0
1995 2121 23 23 707 354 208 0 0 0
1996 2828 0 0 0 0 0 0 0 0
2009 35 22 22 0 0 0 0 0 0
2010 140 0 0 35 24 0 0 0 0
2011 70 0 0 0 0 0 35 21 16
2019 105 22 22 35 5 0 0 0 0
2034 35 0 0 0 0 0 35 30 29
2036 140 0 0 0 0 0 0 0 0
2040 52 8 8 0 0 0 13 3 2
2042 26 0 0 13 0 0 0 0 0
2049 39 8 8 13 6 0 0 0 0
2053 12 7 7 12 3 0 0 0 0
2054 132 7 7 0 0 0 48 0 0
2058 26 0 0 13 7 0 0 0 0
2059 103 0 0 0 0 0 0 0 0
2061 72 0 0 0 0 0 36 0 0
2073 96 17 14 60 0 0 0 0 0
2074 60 12 7 12 0 0 0 0 0
2075 120 9 7 24 0 0 24 0 0
2084 12 0 0 0 0 0 0 0 0
2099 78 0 0 13 11 7 13 0 0
2100 220 8 8 26 0 0 26 0 0
2106 39 0 0 13 0 0 0 0 0
2107 117 10 8 13 0 0 13 0 0
2109 16 3 3 2 0 0 2 0 0
2113 3 0 0 0 0 0 0 0 0
2115 13 0 0 0 0 0 13 0 0
2129 13 0 0 0 0 0 0 0 0
2131 39 13 8 13 8 5 0 0 0
2135 39 1 0 0 0 0 0 0 0
2137 13 0 0 0 0 0 0 0 0
2141 13 0 0 0 0 0 0 0 0
2149 26 0 0 13 2 0 0 0 0
2172 130 8 8 0 0 0 26 0 0
2176 39 0 0 13 0 0 0 0 0
2177 13 0 0 0 0 0 13 0 0
2194 39 0 0 26 0 0 0 0 0
2200 22 0 0 0 0 0 22 4 3
2201 88 0 0 0 0 0 0 0 0
2202 22 0 0 0 0 0 0 0 0
2203 22 22 22 0 0 0 0 0 0
2207 220 0 0 0 0 0 22 0 0
2210 66 0 0 22 0 0 0 0 0
2222 96 0 0 13 0 0 0 0 0
2267 105 1 0 35 0 0 35 0 0
2268 420 22 22 70 0 0 70 1 0
2270 1422 1 1 1896 31 0 0 0 0
fn=_dl_map_object_from_fd
944 595 45 37 35 0 0 455 54 53
959 105 0 0 0 0 0 35 0 0
989 1540 0 0 700 208 0 0 0 0
990 1330 22 22 665 163 0 0 0 0
1008 35 35 22 0 0 0 0 0 0
1036 105 0 0 0 0 0 35 0 0
1046 105 0 0 35 0 0 0 0 0
1053 245 23 20 0 0 0 0 0 0
1054 35 0 0 0 0 0 0 0 0
1065 70 31 17 0 0 0 35 3 3
1066 70 0 0 35 1 0 35 0 0
1067 70 0 0 35 4 0 35 0 0
1069 70 0 0 0 0 0 0 0 0
1070 175 0 0 105 5 0 0 0 0
1071 70 0 0 0 0 0 35 0 0
1086 35 0 0 0 0 0 0 0 0
1088 70 0 0 0 0 0 35 4 3
1090 525 35 18 35 0 0 35 28 28
1091 35 0 0 0 0 0 0 0 0
1092 35 0 0 0 0 0 0 0 0
1093 35 0 0 0 0 0 0 0 0
1094 35 0 0 0 0 0 0 0 0
1100 937 62 44 70 0 0 0 0 0
1101 2188 22 18 254 113 102 0 0 0
1107 70 22 22 35 22 20 0 0 0
1114 75 0 0 40 0 0 35 0 0
1115 105 0 0 35 0 0 35 0 0
1116 245 21 21 70 0 0 35 0 0
1121 2 0 0 1 0 0 1 0 0
1122 1 0 0 0 0 0 0 0 0
1127 393 0 0 179 21 17 0 0 0
1135 144 0 0 0 0 0 0 0 0
1136 179 0 0 0 0 0 72 17 16
1137 216 0 0 0 0 0 0 0 0
1138 72 0 0 0 0 0 144 0 0
1139 360 0 0 144 14 12 72 3 3
1141 504 23 17 72 6 5 0 0 0
1143 288 29 19 0 0 0 72 2 2
1156 181 0 0 37 0 0 0 0 0
1157 74 0 0 0 0 0 0 0 0
1162 216 0 0 0 0 0 72 1 1
1163 428 22 18 72 0 0 35 0 0
1176 10 1 1 5 1 0 0 0 0
1180 5 0 0 0 0 0 5 1 1
1181 10 0 0 5 1 1 5 1 1
1185 25 0 0 0 0 0 5 0 0
1186 10 0 0 5 0 0 5 0 0
1189 5 0 0 0 0 0 5 0 0
1194 20 5 4 5 0 0 0 0 0
1195 12 0 0 4 4 1 0 0 0
1209 35 22 22 35 0 0 0 0 0
1210 35 0 0 0 0 0 0 0 0
1213 70 0 0 35 5 4 35 2 2
1214 70 0 0 35 8 6 35 0 0
1218 105 0 0 35 0 0 0 0 0
1228 251 0 0 0 0 0 0 0 0
1229 144 0 0 0 0 0 72 0 0
1235 105 0 0 35 0 0 0 0 0
1245 105 31 17 35 0 0 0 0 0
1252 210 0 0 70 0 0 0 0 0
1268 140 31 22 70 0 0 0 0 0
1269 105 0 0 35 0 0 35 0 0
1275 54 23 17 27 1 1 0 0 0
1276 140 0 0 0 0 0 0 0 0
1278 140 29 19 35 0 0 0 0 0
1288 70 0 0 35 0 0 0 0 0
1307 105 0 0 35 0 0 35 0 0
1309 175 0 0 35 24 20 0 0 0
1361 70 0 0 35 4 4 0 0 0
1362 15 2 1 5 0 0 5 0 0
1368 718 21 20 70 0 0 0 0 0
1369 867 31 22 254 217 217 0 0 0
1380 105 0 0 0 0 0 0 0 0
1393 105 0 0 35 0 0 0 0 0
1395 140 23 22 70 0 0 35 0 0
1397 70 0 0 35 0 0 0 0 0
1413 70 0 0 0 0 0 0 0 0
1417 35 0 0 0 0 0 0 0 0
1418 70 0 0 35 0 0 0 0 0
1435 70 0 0 35 0 0 0 0 0
1436 2 0 0 0 0 0 1 0 0
1439 105 24 22 70 4 0 70 0 0
1444 70 0 0 35 0 0 0 0 0
1449 105 0 0 35 26 1 0 0 0
1461 245 0 0 35 0 0 0 0 0
1462 10 2 1 5 0 0 0 0 0
1463 36 0 0 8 0 0 0 0 0
1464 8 1 1 4 0 0 0 0 0
1465 6 0 0 0 0 0 1 0 0
1471 70 0 0 35 0 0 0 0 0
1472 20 4 1 5 0 0 0 0 0
1475 12 4 3 4 0 0 0 0 0
1477 10 0 0 0 0 0 0 0 0
1484 105 28 21 0 0 0 0 0 0
1487 35 0 0 0 0 0 0 0 0
1491 105 0 0 0 0 0 0 0 0
1492 70 0 0 35 0 0 0 0 0
1498 21 17 17 0 0 0 0 0 0
1499 84 0 0 0 0 0 0 0 0
1505 42 0 0 0 0 0 21 0 0
1506 21 0 0 0 0 0 0 0 0
1507 42 0 0 0 0 0 0 0 0
1510 28 0 0 0 0 0 0 0 0
1514 245 0 0 105 8 0 0 0 0
1515 140 0 0 0 0 0 0 0 0
1519 315 23 22 420 8 0 0 0 0
fn=cache_rpath
681 76 8 8 0 0 0 76 0 0
682 114 8 8 38 7 0 0 0 0
683 74 5 0 0 0 0 0 0 0
685 30 0 0 0 0 0 0 0 0
686 15 0 0 0 0 0 0 0 0
688 45 0 0 15 0 0 0 0 0
691 28 7 6 0 0 0 14 0 0
696 8 1 1 2 0 0 0 0 0
697 2 0 0 1 1 0 0 0 0
699 75 0 0 76 0 0 0 0 0
fn=decompose_rpath
580 9 2 2 0 0 0 8 0 0
582 1 0 0 1 0 0 0 0 0
591 3 0 0 1 1 1 0 0 0
622 2 0 0 1 1 1 0 0 0
629 2 1 1 0 0 0 0 0 0
630 1 0 0 0 0 0 0 0 0
637 1 0 0 0 0 0 0 0 0
638 17 0 0 8 0 0 0 0 0
640 14 0 0 0 0 0 0 0 0
644 2 0 0 0 0 0 0 0 0
646 1 0 0 0 0 0 0 0 0
654 8 0 0 0 0 0 0 0 0
661 2 0 0 1 0 0 0 0 0
668 1 0 0 0 0 0 1 0 0
670 2 0 0 0 0 0 1 0 0
671 1 0 0 0 0 0 0 0 0
672 5 0 0 8 0 0 0 0 0
fn=expand_dynamic_string_token
385 144 22 22 0 0 0 144 0 0
395 48 0 0 0 0 0 0 0 0
398 24 0 0 0 0 0 0 0 0
399 46 0 0 0 0 0 0 0 0
402 18 2 2 2 1 0 0 0 0
405 1 0 0 0 0 0 0 0 0
406 1 0 0 0 0 0 0 0 0
409 3 0 0 0 0 0 0 0 0
410 72 0 0 144 0 0 0 0 0
fn=fillin_rpath.isra.0
468 22 2 2 0 0 0 34 0 0
472 2 0 0 0 0 0 0 0 0
474 20 0 0 4 0 0 0 0 0
481 4 2 2 2 0 0 0 0 0
483 10 0 0 2 0 0 0 0 0
487 2 0 0 0 0 0 0 0 0
492 4 0 0 0 0 0 0 0 0
493 2 0 0 0 0 0 0 0 0
500 12 2 2 2 0 0 0 0 0
505 8 1 1 0 0 0 2 0 0
509 28 4 4 11 1 1 0 0 0
510 27 0 0 9 4 4 0 0 0
528 9 2 2 2 0 0 3 0 0
532 14 2 2 4 0 0 0 0 0
534 2 0 0 0 0 0 0 0 0
538 2 0 0 0 0 0 2 0 0
539 6 0 0 2 0 0 0 0 0
540 8 0 0 0 0 0 2 0 0
541 2 0 0 0 0 0 2 0 0
543 8 2 2 2 0 0 0 0 0
544 1 0 0 0 0 0 1 0 0
549 10 0 0 2 0 0 0 0 0
550 14 0 0 2 0 0 0 0 0
551 2 0 0 0 0 0 2 0 0
553 4 2 2 2 0 0 2 0 0
554 4 0 0 2 0 0 0 0 0
555 6 0 0 2 0 0 2 0 0
556 2 0 0 0 0 0 0 0 0
561 4 0 0 2 0 0 2 0 0
562 2 0 0 0 0 0 2 0 0
565 6 0 0 0 0 0 2 0 0
571 2 0 0 0 0 0 2 0 0
574 14 0 0 24 0 0 0 0 0
fn=is_dst
202 12 1 1 0 0 0 10 0 0
206 6 0 0 2 0 0 0 0 0
215 6 1 1 0 0 0 0 0 0
216 10 0 0 0 0 0 0 0 0
218 10 2 2 2 0 0 0 0 0
229 10 0 0 10 0 0 0 0 0
fn=open_path
1536 28 0 0 0 0 0 0 0 0
1812 154 20 16 0 0 0 210 22 21
1813 28 0 0 14 0 0 14 8 8
1817 70 0 0 0 0 0 42 0 0
1819 14 0 0 0 0 0 0 0 0
1822 28 0 0 0 0 0 0 0 0
1824 322 18 16 28 18 14 28 9 8
1827 42 0 0 42 12 7 0 0 0
1831 14 0 0 0 0 0 0 0 0
1835 28 0 0 0 0 0 0 0 0
1842 84 8 8 42 5 0 0 0 0
1843 114 7 7 28 0 0 0 0 0
1846 42 0 0 14 0 0 0 0 0
1851 182 8 8 70 9 7 0 0 0
1854 14 0 0 0 0 0 0 0 0
1860 28 0 0 14 0 0 0 0 0
1863 112 8 8 42 0 0 0 0 0
1865 28 0 0 14 0 0 0 0 0
1867 4 0 0 0 0 0 0 0 0
1872 2 2 2 0 0 0 0 0 0
1873 16 0 0 6 2 0 0 0 0
1879 4 2 2 0 0 0 2 0 0
1881 8 0 0 0 0 0 0 0 0
1882 14 2 2 2 0 0 2 0 0
1884 2 0 0 0 0 0 0 0 0
1891 36 15 15 0 0 0 0 0 0
1893 66 0 0 14 0 0 14 0 0
1894 42 0 0 0 0 0 28 3 3
1937 126 2 2 14 0 0 0 0 0
1941 42 0 0 14 0 0 14 0 0
1943 56 0 0 28 0 0 14 0 0
1946 56 0 0 14 0 0 0 0 0
1960 126 10 8 168 0 0 0 0 0
fn=open_verify.constprop.0
1572 539 65 44 0 0 0 490 9 8
1604 147 0 0 49 0 0 0 0 0
1609 28 10 7 0 0 0 0 0 0
1623 196 0 0 0 0 0 0 0 0
1625 98 0 0 0 0 0 0 0 0
1633 105 0 0 0 0 0 35 21 21
1634 70 32 22 0 0 0 35 6 5
1639 210 0 0 0 0 0 0 0 0
1641 70 0 0 0 0 0 0 0 0
1643 105 0 0 35 0 0 35 0 0
1645 70 31 21 0 0 0 0 0 0
1651 70 0 0 0 0 0 0 0 0
1668 578 70 47 175 16 16 0 0 0
1749 105 0 0 35 5 5 0 0 0
1754 105 24 22 35 0 0 0 0 0
1760 175 0 0 35 0 0 0 0 0
1766 105 0 0 35 10 8 0 0 0
1772 70 0 0 35 0 0 0 0 0
1773 140 22 22 35 0 0 0 0 0
1799 392 9 0 490 0 0 0 0 0
fl=./elf/./elf/dl-lookup-direct.c
fn=_dl_lookup_direct
74 33 1 1 0 0 0 30 0 0
75 3 0 0 3 0 0 0 0 0
76 3 0 0 0 0 0 0 0 0
78 15 1 1 9 2 0 0 0 0
79 3 0 0 0 0 0 0 0 0
81 6 1 1 3 0 0 0 0 0
84 20 0 0 5 2 1 0 0 0
86 5 0 0 0 0 0 0 0 0
87 28 0 0 0 0 0 0 0 0
90 3 0 0 0 0 0 0 0 0
93 4 0 0 0 0 0 0 0 0
115 3 0 0 0 0 0 0 0 0
116 18 1 1 30 0 0 0 0 0
fn=check_match
31 30 2 2 0 0 0 21 0 0
32 9 0 0 6 0 0 0 0 0
33 6 0 0 0 0 0 0 0 0
36 12 0 0 6 4 4 0 0 0
40 6 0 0 0 0 0 0 0 0
48 9 1 1 0 0 0 0 0 0
51 9 0 0 6 0 0 0 0 0
53 12 0 0 3 0 0 0 0 0
57 6 0 0 6 2 0 0 0 0
58 24 1 1 6 1 0 0 0 0
59 9 0 0 3 0 0 0 0 0
64 18 0 0 21 0 0 0 0 0
fl=./elf/./elf/dl-lookup.c
fn=_dl_lookup_symbol_x
204 4115 0 0 1177 0 0 587 0 0
535 26056 121 22 0 0 0 0 0 0
548 405 0 0 405 66 0 0 0 0
551 405 0 0 0 0 0 0 0 0
555 405 7 7 405 1 0 0 0 0
556 405 0 0 0 0 0 0 0 0
558 3825 0 0 1275 127 1 0 0 0
559 2428 0 0 0 0 0 0 0 0
565 2 1 1 0 0 0 0 0 0
566 61 0 0 0 0 0 0 0 0
569 60 0 0 60 53 0 0 0 0
570 180 0 0 0 0 0 0 0 0
571 180 0 0 60 0 0 0 0 0
576 2 1 1 1 1 0 1 0 0
579 3 0 0 0 0 0 1 0 0
630 8 1 1 2 1 0 1 0 0
637 6 0 0 2 1 0 0 0 0
638 105 0 0 0 0 0 0 0 0
639 34 0 0 34 28 1 0 0 0
641 1 0 0 0 0 0 0 0 0
647 4 1 1 2 0 0 0 0 0
658 4 0 0 1 1 0 0 0 0
678 3 1 1 1 0 0 0 0 0
685 4 1 1 0 0 0 0 0 0
691 4 0 0 0 0 0 2 0 0
692 3 0 0 2 0 0 0 0 0
711 2 1 1 0 0 0 0 0 0
714 2 0 0 0 0 0 1 0 0
715 2 0 0 0 0 0 1 0 0
716 1 0 0 0 0 0 0 0 0
717 1 0 0 1 0 0 0 0 0
718 1 0 0 0 0 0 1 0 0
719 1 0 0 0 0 0 1 0 0
720 1 0 0 0 0 0 0 0 0
732 3 0 0 1 0 0 0 0 0
746 4 0 0 1 0 0 0 0 0
748 2 1 1 1 0 0 0 0 0
772 156930 356 108 0 0 0 125544 158 40
774 20924 0 0 0 0 0 10462 38 8
775 10462 0 0 0 0 0 20924 4 1
776 52310 179 51 20924 0 0 10462 0 0
778 73234 172 49 20924 192 30 31386 403 24
782 17770 0 0 0 0 0 0 0 0
785 10462 0 0 0 0 0 0 0 0
787 20924 0 0 20924 203 32 0 0 0
791 40973 0 0 6683 39 0 10462 0 0
792 203904 204 48 33984 12 0 67968 41 9
797 20924 0 0 10462 3 0 0 0 0
799 765 22 22 153 14 0 0 0 0
816 10462 0 0 0 0 0 10462 0 0
817 459 22 22 0 0 0 0 0 0
820 20924 0 0 10462 18 0 0 0 0
821 61358 0 0 10185 71 0 0 0 0
828 10309 0 0 10309 0 0 0 0 0
856 41236 182 43 10309 0 0 0 0 0
859 13028 0 0 0 0 0 0 0 0
870 20618 0 0 10309 564 75 0 0 0
871 3 2 2 0 0 0 1 0 0
873 20618 0 0 10309 0 0 0 0 0
890 20618 0 0 10309 0 0 0 0 0
892 94158 195 58 125544 91 0 0 0 0
fn=check_match
70 125568 168 64 20928 680 546 73248 225 32
73 62784 0 0 20928 5456 4351 0 0 0
78 310 2 2 0 0 0 0 0 0
86 52320 171 55 0 0 0 0 0 0
89 43323 0 0 4513 0 0 0 0 0
93 10373 0 0 10373 446 71 0 0 0
94 10373 0 0 0 0 0 0 0 0
96 4895 56 37 0 0 0 0 0 0
115 4895 0 0 4895 1921 990 0 0 0
116 44055 0 0 14685 969 144 0 0 0
117 19084 63 46 9542 81 11 0 0 0
118 372 0 0 124 0 0 0 0 0
119 124 0 0 0 0 0 0 0 0
144 5478 115 14 0 0 0 0 0 0
146 21904 0 0 5476 2002 895 0 0 0
147 16428 0 0 0 0 0 0 0 0
150 1 0 0 0 0 0 0 0 0
151 6 0 0 3 0 0 1 0 0
153 2 0 0 1 0 0 1 0 0
161 10309 116 18 0 0 0 0 0 0
162 52320 54 30 73248 0 0 0 0 0
fn=do_lookup_x
170 228 1 1 0 0 0 0 0 0
171 239 1 1 10 0 0 0 0 0
172 720 0 0 250 0 0 0 0 0
174 98 0 0 0 0 0 0 0 0
175 294 0 0 0 0 0 0 0 0
176 93069 196 52 72163 0 0 0 0 0
179 152 0 0 0 0 0 152 0 0
181 152 0 0 0 0 0 304 15 0
182 152 0 0 0 0 0 152 0 0
191 3 1 1 0 0 0 1 0 0
204 492 0 0 246 0 0 0 0 0
222 504 1 1 84 0 0 252 0 0
224 1176 1 1 84 16 1 252 0 0
226 84 0 0 0 0 0 0 0 0
227 84 0 0 168 17 3 0 0 0
228 420 0 0 336 0 0 0 0 0
230 1091 2 2 0 0 0 0 0 0
231 747 0 0 0 0 0 498 0 0
234 537 0 0 179 102 6 0 0 0
235 185 0 0 179 0 0 0 0 0
237 6 0 0 4 0 0 0 0 0
247 2 0 0 2 1 1 0 0 0
248 2 0 0 0 0 0 0 0 0
250 12 0 0 6 0 0 2 0 0
251 2 0 0 0 0 0 0 0 0
254 177 0 0 0 0 0 0 0 0
257 96 0 0 0 0 0 0 0 0
258 288 0 0 0 0 0 0 0 0
259 94 1 1 0 0 0 0 0 0
262 1620 1 1 729 0 0 0 0 0
269 12 1 1 0 0 0 8 0 0
272 2 0 0 0 0 0 0 0 0
279 290 2 2 12 0 0 0 0 0
280 184 0 0 92 25 0 0 0 0
281 140 0 0 210 1 0 0 0 0
285 26 1 1 4 0 0 10 0 0
286 2 0 0 0 0 0 4 0 0
287 2 0 0 0 0 0 0 0 0
288 2 0 0 0 0 0 0 0 0
289 6 0 0 2 0 0 2 0 0
300 1 0 0 0 0 0 0 0 0
302 1 0 0 0 0 0 0 0 0
306 5 0 0 4 0 0 2 0 0
307 3 1 1 1 0 0 1 0 0
310 82 0 0 0 0 0 0 0 0
311 164 0 0 82 0 0 0 0 0
318 328 1 1 82 0 0 0 0 0
322 2 0 0 1 0 0 0 0 0
329 738 1 1 164 0 0 82 0 0
331 410 0 0 164 0 0 82 0 0
333 164 0 0 164 0 0 0 0 0
334 164 0 0 0 0 0 164 0 0
347 305856 364 111 67968 0 0 288864 543 67
348 16992 0 0 16992 760 35 0 0 0
354 16992 0 0 16992 4 0 0 0 0
358 142642 174 58 142642 11924 272 0 0 0
361 142642 0 0 0 0 0 0 0 0
365 88406 0 0 31 5 0 0 0 0
386 142632 171 49 71316 9464 166 0 0 0
390 244584 0 0 71316 68 33 16992 0 0
396 142632 0 0 71316 2151 174 0 0 0
400 71316 178 57 0 0 0 71316 132 9
401 71316 0 0 0 0 0 71316 0 0
404 285264 0 0 142632 39007 476 0 0 0
405 213948 0 0 142632 7793 91 0 0 0
408 71316 0 0 71316 0 0 0 0 0
409 71316 0 0 0 0 0 0 0 0
411 71316 0 0 71316 33948 2477 0 0 0
412 16992 0 0 0 0 0 0 0 0
413 142632 0 0 71316 0 0 0 0 0
415 16992 0 0 0 0 0 0 0 0
416 142632 0 0 71316 0 0 0 0 0
419 285264 0 0 0 0 0 0 0 0
422 40071 0 0 26714 11006 3252 0 0 0
423 13357 142 47 0 0 0 0 0 0
424 13357 0 0 0 0 0 0 0 0
426 150984 174 50 12582 0 0 88074 40 0
429 103456 0 0 25864 12025 4653 0 0 0
431 20928 0 0 10464 0 0 0 0 0
432 129804 184 50 41856 16 0 31392 104 10
433 20928 0 0 0 0 0 0 0 0
436 10464 0 0 0 0 0 0 0 0
439 31420 0 0 155 0 0 0 0 0
448 18184 61 52 15911 0 0 0 0 0
470 6819 31 26 2273 0 0 0 0 0
476 20618 0 0 0 0 0 0 0 0
483 70964 0 0 10309 0 0 0 0 0
487 8505 47 32 2835 154 14 0 0 0
499 10225 0 0 10225 0 0 0 0 0
500 10225 0 0 0 0 0 20450 19 0
501 10309 0 0 0 0 0 0 0 0
518 183036 0 0 0 0 0 0 0 0
521 6683 0 0 0 0 0 0 0 0
522 135936 44 44 203904 101 0 0 0 0
fl=./elf/./elf/dl-minimal-malloc.c
fn=__minimal_calloc
80 42 3 1 0 0 0 28 2 2
84 14 0 0 0 0 0 0 0 0
87 14 0 0 0 0 0 0 0 0
88 56 0 0 0 0 0 0 0 0
92 14 0 0 28 0 0 0 0 0
fn=__minimal_free
97 3 0 0 0 0 0 4 0 0
99 5 0 0 1 0 0 0 0 0
106 3 1 1 4 0 0 0 0 0
fn=__minimal_malloc
36 156 2 1 0 0 0 156 0 0
37 155 0 0 39 2 1 0 0 0
42 4 0 0 0 0 0 1 0 0
43 4 2 2 1 0 0 0 0 0
44 2 0 0 0 0 0 0 0 0
48 155 0 0 38 0 0 39 0 0
49 39 0 0 0 0 0 0 0 0
51 234 6 1 0 0 0 0 0 0
56 10 0 0 2 0 0 0 0 0
57 6 0 0 0 0 0 0 0 0
59 4 2 1 0 0 0 4 0 0
60 16 0 0 0 0 0 0 0 0
62 4 0 0 0 0 0 0 0 0
64 8 0 0 0 0 0 0 0 0
65 10 0 0 2 0 0 0 0 0
67 6 0 0 4 0 0 2 0 0
70 78 0 0 0 0 0 78 0 0
71 2 0 0 0 0 0 0 0 0
73 117 0 0 156 0 0 0 0 0
fl=./elf/./elf/dl-minimal.c
fn=__rtld_malloc_init_real
76 5 2 2 0 0 0 6 0 0
86 3 0 0 0 0 0 1 0 0
87 1 0 0 0 0 0 1 0 0
89 1 0 0 0 0 0 1 0 0
91 7 0 0 0 0 0 0 0 0
92 6 0 0 0 0 0 0 0 0
93 7 1 1 0 0 0 0 0 0
94 5 0 0 0 0 0 0 0 0
99 3 0 0 0 0 0 1 1 0
101 1 0 0 0 0 0 2 0 0
102 1 1 1 0 0 0 1 0 0
103 4 0 0 6 0 0 0 0 0
fn=__rtld_malloc_init_stubs
42 2 1 1 0 0 0 2 1 1
43 5 0 0 0 0 0 1 1 1
44 2 0 0 0 0 0 0 0 0
45 3 0 0 0 0 0 2 1 1
46 3 0 0 0 0 0 1 0 0
47 2 1 1 2 0 0 0 0 0
fn=lookup_malloc_symbol
61 20 1 1 0 0 0 24 0 0
63 4 0 0 0 0 0 4 0 0
64 36 1 1 4 1 0 0 0 0
68 20 0 0 8 0 0 0 0 0
69 44 1 1 12 0 0 0 0 0
71 4 0 0 0 0 0 4 0 0
72 20 1 1 28 0 0 0 0 0
fn=strsep
239 4 2 2 0 0 0 0 0 0
242 8 0 0 4 2 2 0 0 0
244 4 0 0 4 0 0 0 0 0
245 4 0 0 0 0 0 0 0 0
247 4 2 2 0 0 0 0 0 0
249 48 0 0 23 0 0 0 0 0
251 42 0 0 0 0 0 0 0 0
254 105 0 0 35 0 0 0 0 0
256 70 0 0 35 0 0 0 0 0
267 2 0 0 0 0 0 2 0 0
270 2 2 2 0 0 0 0 0 0
271 2 0 0 0 0 0 0 0 0
fl=./elf/./elf/dl-misc.c
fn=_dl_higher_prime_number
87 4 0 0 0 0 0 4 0 0
125 6 0 0 0 0 0 0 0 0
127 26 1 1 0 0 0 0 0 0
129 40 0 0 0 0 0 0 0 0
130 30 0 0 10 4 3 0 0 0
131 6 0 0 0 0 0 0 0 0
133 7 0 0 0 0 0 0 0 0
146 6 0 0 6 0 0 0 0 0
fn=_dl_name_match_p
68 10425 47 46 0 0 0 8340 51 43
69 6255 0 0 2085 608 386 0 0 0
70 211 0 0 0 0 0 0 0 0
72 2084 0 0 2084 546 316 0 0 0
74 4107 0 0 0 0 0 0 0 0
75 8932 0 0 2233 775 436 0 0 0
80 4046 0 0 2023 0 0 0 0 0
82 1874 0 0 0 0 0 0 0 0
83 6255 24 23 8340 0 0 0 0 0
fn=_dl_sysdep_read_whole_file
36 48 8 8 0 0 0 40 0 0
39 16 0 0 0 0 0 0 0 0
40 8 0 0 0 0 0 0 0 0
42 32 8 8 0 0 0 0 0 0
44 16 0 0 8 0 0 8 0 0
47 8 0 0 0 0 0 0 0 0
49 64 0 0 0 0 0 0 0 0
60 16 0 0 0 0 0 0 0 0
63 40 0 0 40 0 0 0 0 0
fl=./elf/./elf/dl-object.c
fn=_dl_add_to_namespace_list
31 216 23 22 0 0 0 180 0 0
33 180 0 0 36 1 0 0 0 0
35 323 28 22 36 0 0 0 0 0
38 1995 0 0 665 160 0 0 0 0
40 35 0 0 0 0 0 35 0 0
42 35 0 0 0 0 0 35 0 0
45 2 1 1 0 0 0 1 0 0
46 252 0 0 36 0 0 36 0 0
47 72 0 0 36 32 17 36 0 0
48 72 0 0 0 0 0 36 0 0
50 180 0 0 36 0 0 0 0 0
51 108 23 21 180 0 0 0 0 0
fn=_dl_new_object
59 468 30 22 0 0 0 432 28 27
62 108 0 0 0 0 0 0 0 0
64 1 1 1 0 0 0 0 0 0
66 1 1 1 0 0 0 0 0 0
67 2 0 0 0 0 0 0 0 0
71 4 1 1 0 0 0 0 0 0
77 4 0 0 0 0 0 1 0 0
80 70 29 21 35 0 0 0 0 0
83 175 0 0 0 0 0 35 0 0
87 35 0 0 0 0 0 0 0 0
92 70 0 0 0 0 0 0 0 0
95 36 0 0 0 0 0 0 0 0
98 36 0 0 0 0 0 36 5 5
99 36 0 0 0 0 0 36 6 6
100 72 30 22 0 0 0 0 0 0
102 72 0 0 0 0 0 72 2 2
103 36 0 0 0 0 0 0 0 0
104 180 0 0 36 0 0 36 2 2
106 108 0 0 36 0 0 36 0 0
119 107 57 43 36 3 0 0 0 0
123 35 30 21 0 0 0 0 0 0
125 1 0 0 0 0 0 0 0 0
127 108 0 0 36 6 6 36 0 0
130 144 0 0 36 0 0 36 0 0
131 108 1 1 0 0 0 36 6 6
132 36 0 0 0 0 0 36 1 1
136 36 0 0 0 0 0 36 0 0
139 105 1 1 0 0 0 0 0 0
141 16 0 0 0 0 0 16 4 4
149 72 0 0 0 0 0 36 1 1
150 72 22 22 0 0 0 36 6 6
153 1 1 1 0 0 0 0 0 0
155 216 21 21 36 1 1 0 0 0
157 98 0 0 0 0 0 35 3 3
160 38 0 0 0 0 0 0 0 0
161 42 21 21 0 0 0 0 0 0
164 45 0 0 15 3 0 0 0 0
168 147 0 0 14 0 0 0 0 0
170 30 0 0 0 0 0 0 0 0
176 91 0 0 0 0 0 31 1 1
179 72 0 0 0 0 0 36 0 0
189 72 23 22 36 0 0 0 0 0
191 140 0 0 0 0 0 0 0 0
195 70 0 0 0 0 0 0 0 0
200 35 0 0 0 0 0 0 0 0
245 140 25 22 0 0 0 0 0 0
250 1140 0 0 0 0 0 0 0 0
251 3420 0 0 1140 0 0 0 0 0
255 70 0 0 0 0 0 0 0 0
256 35 0 0 0 0 0 35 0 0
259 35 0 0 0 0 0 35 0 0
263 288 0 0 432 0 0 0 0 0
fl=./elf/./elf/dl-open.c
fn=_dl_find_dso_for_object
214 110 22 22 0 0 0 132 2 1
218 154 22 20 22 0 0 22 0 0
219 92 2 2 46 24 20 0 0 0
220 276 0 0 92 51 48 0 0 0
221 44 0 0 22 21 21 0 0 0
222 80 20 20 0 0 0 0 0 0
224 66 22 20 22 21 21 0 0 0
228 132 0 0 154 0 0 0 0 0
fn=_dl_open
845 198 22 22 0 0 0 242 39 5
846 44 0 0 0 0 0 0 0 0
851 220 22 22 22 22 20 0 0 0
853 44 0 0 0 0 0 0 0 0
880 66 0 0 0 0 0 0 0 0
893 22 22 22 0 0 0 22 2 0
894 22 0 0 0 0 0 22 0 0
896 22 0 0 0 0 0 44 0 0
897 22 0 0 0 0 0 22 0 0
900 22 0 0 0 0 0 22 0 0
902 22 0 0 0 0 0 44 0 0
905 154 21 4 0 0 0 0 0 0
909 22 0 0 0 0 0 0 0 0
921 44 0 0 22 0 0 0 0 0
923 154 22 22 22 1 0 22 9 0
926 44 0 0 22 0 0 0 0 0
952 22 0 0 0 0 0 0 0 0
953 44 0 0 22 0 0 0 0 0
956 88 0 0 22 1 0 0 0 0
959 176 22 22 264 21 5 0 0 0
fn=_dl_open_relocate_one_object.part.0
474 90 0 0 0 0 0 0 0 0
481 60 42 42 30 9 2 0 0 0
484 21 0 0 0 0 0 0 0 0
485 42 0 0 0 0 0 21 0 0
489 90 0 0 30 16 0 0 0 0
498 30 0 0 30 16 4 0 0 0
511 60 0 0 0 0 0 0 0 0
fn=call_dl_init
527 63 21 21 0 0 0 42 0 0
529 84 0 0 84 0 0 0 0 0
530 21 0 0 42 0 0 0 0 0
fn=dl_open_worker
793 110 44 43 0 0 0 110 22 17
796 22 0 0 0 0 0 22 0 0
800 110 0 0 22 0 0 0 0 0
803 176 43 24 0 0 0 0 0 0
805 88 0 0 22 0 0 0 0 0
807 44 0 0 22 0 0 0 0 0
812 44 0 0 22 0 0 0 0 0
815 21 0 0 21 1 0 0 0 0
816 21 0 0 21 4 2 0 0 0
822 84 0 0 21 0 0 63 0 0
826 21 0 0 21 0 0 0 0 0
829 105 21 21 0 0 0 0 0 0
833 21 1 0 0 0 0 0 0 0
837 63 0 0 21 0 0 0 0 0
840 88 1 0 110 1 0 0 0 0
fn=dl_open_worker_begin
236 96 3 3 38 6 6 0 0 0
237 44 3 3 0 0 0 0 0 0
247 44 0 0 22 0 0 0 0 0
248 44 0 0 0 0 0 0 0 0
260 324 0 0 21 7 0 0 0 0
262 160 0 0 160 17 0 0 0 0
266 362 21 21 80 21 0 0 0 0
273 16 0 0 4 0 0 0 0 0
280 2 0 0 0 0 0 1 1 1
281 3 1 1 0 0 0 0 0 0
293 2 0 0 0 0 0 1 0 0
296 2 0 0 1 0 0 0 0 0
302 5 1 1 1 0 0 0 0 0
304 1 0 0 1 0 0 0 0 0
306 1 0 0 0 0 0 1 0 0
308 4 0 0 1 0 0 0 0 0
311 4 0 0 2 0 0 1 0 0
325 303 42 42 21 0 0 0 0 0
327 160 0 0 160 0 0 0 0 0
328 80 0 0 0 0 0 0 0 0
330 362 0 0 80 0 0 0 0 0
339 20 0 0 4 0 0 0 0 0
344 4 0 0 0 0 0 4 1 1
345 4 0 0 0 0 0 0 0 0
346 29 3 2 4 0 0 4 0 0
348 4 0 0 0 0 0 0 0 0
352 240 0 0 160 0 0 0 0 0
364 42 0 0 0 0 0 0 0 0
365 282 21 21 0 0 0 0 0 0
367 160 0 0 160 0 0 0 0 0
371 220 21 21 110 9 4 0 0 0
373 8 0 0 0 0 0 0 0 0
374 12 0 0 4 0 0 0 0 0
386 6 3 3 3 0 0 0 0 0
387 70 3 3 0 0 0 0 0 0
389 40 0 0 40 0 0 0 0 0
393 56 0 0 28 2 0 0 0 0
395 12 0 0 0 0 0 0 0 0
397 14 3 3 4 0 0 0 0 0
398 4 0 0 4 0 0 0 0 0
403 6 0 0 3 0 0 0 0 0
404 6 0 0 0 0 0 0 0 0
408 9 0 0 0 0 0 3 0 0
413 48 3 3 3 0 0 0 0 0
415 18 0 0 18 0 0 0 0 0
417 24 0 0 0 0 0 0 0 0
418 21 0 0 9 0 0 0 0 0
419 6 0 0 3 0 0 0 0 0
423 9 3 3 3 0 0 3 0 0
434 9 0 0 3 0 0 0 0 0
438 12 0 0 6 0 0 0 0 0
452 619 0 0 42 27 3 0 0 0
453 493 0 0 493 379 59 0 0 0
454 986 0 0 493 355 45 0 0 0
456 4 0 0 2 0 0 0 0 0
463 25 0 0 0 0 0 2 0 0
478 309 0 0 106 4 0 0 0 0
534 154 22 22 0 0 0 220 4 1
536 22 22 22 22 0 0 0 0 0
537 22 0 0 22 0 0 0 0 0
544 66 0 0 0 0 0 0 0 0
545 89 22 22 22 0 0 0 0 0
546 6 0 0 0 0 0 0 0 0
552 88 0 0 22 22 22 0 0 0
554 44 0 0 22 0 0 0 0 0
559 66 22 22 22 0 0 0 0 0
560 42 0 0 21 0 0 21 0 0
566 176 0 0 22 0 0 22 0 0
570 44 0 0 22 0 0 22 0 0
574 66 22 22 0 0 0 0 0 0
578 198 0 0 22 0 0 22 10 0
583 22 0 0 0 0 0 0 0 0
589 22 0 0 0 0 0 0 0 0
594 88 22 22 22 0 0 22 0 0
597 44 0 0 22 1 1 0 0 0
600 3 1 1 1 0 0 0 0 0
607 2 0 0 0 0 0 0 0 0
612 1 1 1 0 0 0 0 0 0
626 2 0 0 1 0 0 0 0 0
627 2 0 0 1 0 0 0 0 0
634 42 0 0 0 0 0 42 17 0
638 168 0 0 0 0 0 0 0 0
642 303 7 0 21 0 0 0 0 0
643 400 21 21 320 37 4 0 0 0
646 90 0 0 30 5 0 0 0 0
661 63 21 21 21 2 0 0 0 0
665 63 0 0 21 10 0 0 0 0
666 21 0 0 0 0 0 21 0 0
667 21 0 0 0 0 0 0 0 0
668 21 0 0 0 0 0 0 0 0
673 63 0 0 21 1 0 0 0 0
677 105 21 21 0 0 0 0 0 0
678 42 0 0 21 21 14 0 0 0
685 21 0 0 0 0 0 0 0 0
686 21 0 0 0 0 0 0 0 0
687 42 0 0 0 0 0 0 0 0
688 42 0 0 42 2 0 0 0 0
691 320 0 0 160 2 0 0 0 0
694 60 0 0 0 0 0 0 0 0
695 110 21 21 0 0 0 0 0 0
697 80 0 0 80 0 0 0 0 0
699 80 0 0 0 0 0 0 0 0
701 21 0 0 0 0 0 21 19 0
717 147 0 0 42 0 0 0 0 0
722 317 22 22 0 0 0 0 0 0
723 64 21 21 64 15 3 0 0 0
736 21 21 21 0 0 0 0 0 0
756 63 0 0 0 0 0 0 0 0
768 21 0 0 0 0 0 0 0 0
774 42 0 0 21 21 2 0 0 0
775 21 0 0 0 0 0 0 0 0
781 42 0 0 21 20 4 0 0 0
788 63 0 0 42 19 3 21 0 0
789 132 2 2 220 17 2 0 0 0
fl=./elf/./elf/dl-reloc.c
fn=_dl_protect_relro
355 148 22 22 0 0 0 111 6 0
356 259 22 22 111 10 2 0 0 0
359 111 0 0 37 0 0 0 0 0
363 74 0 0 0 0 0 0 0 0
364 148 22 22 0 0 0 0 0 0
370 111 0 0 111 0 0 0 0 0
fn=_dl_relocate_object
170 37167 0 0 12389 8010 5301 0 0 0
171 24742 20 20 0 0 0 0 0 0
174 83627 0 0 12371 28 6 0 0 0
175 15050 10 10 2150 0 0 0 0 0
177 10750 5 5 2150 3 0 2150 0 0
178 6450 0 0 2150 0 0 2150 0 0
183 10406 0 0 0 0 0 10332 2 0
184 10221 0 0 0 0 0 10221 0 0
186 71459 23 23 30663 403 3 0 0 0
187 30399 0 0 0 0 0 0 0 0
188 20266 0 0 10133 828 39 0 0 0
190 71760 23 23 10221 0 0 0 0 0
193 20442 0 0 10221 0 0 10221 150 2
194 10221 0 0 0 0 0 10221 94 3
196 2150 0 0 2150 0 0 0 0 0
207 380 22 22 0 0 0 494 5 2
208 76 0 0 38 0 0 0 0 0
220 67 0 0 0 0 0 0 0 0
221 111 0 0 0 0 0 74 0 0
224 74 22 22 0 0 0 0 0 0
226 74 0 0 0 0 0 0 0 0
228 111 22 22 37 34 4 0 0 0
229 74 0 0 37 2 0 0 0 0
251 37 22 22 0 0 0 0 0 0
252 74 0 0 37 23 3 0 0 0
253 14 6 6 0 0 0 0 0 0
255 74 23 23 37 0 0 0 0 0
262 74 0 0 37 9 1 0 0 0
301 1953 155 155 553 115 26 340 0 0
304 259 22 22 74 2 0 0 0 0
328 111 22 19 37 1 0 37 0 0
331 37 0 0 0 0 0 0 0 0
348 74 0 0 37 31 6 0 0 0
349 74 23 23 0 0 0 0 0 0
350 304 1 1 456 32 3 0 0 0
fn=_dl_try_allocate_static_tls
53 16 3 3 0 0 0 12 1 0
56 12 0 0 4 0 0 0 0 0
57 24 3 3 8 4 4 0 0 0
60 2 0 0 0 0 0 0 0 0
87 40 0 0 8 4 3 0 0 0
91 8 0 0 4 0 0 0 0 0
93 12 0 0 4 0 0 0 0 0
97 3 0 0 0 0 0 0 0 0
98 15 3 3 3 0 0 0 0 0
101 9 0 0 0 0 0 3 0 0
103 3 0 0 0 0 0 3 0 0
104 3 0 0 0 0 0 3 0 0
105 6 0 0 0 0 0 3 0 0
112 9 0 0 6 0 0 0 0 0
125 9 3 3 3 0 0 3 0 0
127 6 3 3 0 0 0 0 0 0
128 12 0 0 12 0 0 0 0 0
fl=./elf/./elf/dl-runtime.c
fn=_dl_fixup
46 936 109 54 0 0 0 1170 37 18
48 468 0 0 351 183 86 0 0 0
49 351 0 0 234 147 59 0 0 0
54 117 0 0 117 49 27 0 0 0
55 468 64 29 117 59 34 0 0 0
56 702 0 0 117 14 11 117 0 0
58 234 0 0 117 117 81 0 0 0
63 234 0 0 0 0 0 0 0 0
67 351 0 0 117 117 112 0 0 0
69 349 0 0 0 0 0 0 0 0
71 234 64 30 117 55 30 0 0 0
75 348 0 0 232 168 114 0 0 0
76 464 0 0 116 1 0 0 0 0
77 116 0 0 116 62 38 0 0 0
84 117 0 0 0 0 0 0 0 0
85 468 58 29 117 51 27 0 0 0
95 1053 0 0 234 56 26 0 0 0
99 234 0 0 117 0 0 0 0 0
109 1404 57 29 468 1 1 117 0 0
124 468 0 0 117 0 0 0 0 0
125 10 0 0 0 0 0 5 0 0
133 234 0 0 117 0 0 0 0 0
159 351 0 0 117 25 17 0 0 0
162 117 58 32 117 0 0 0 0 0
163 702 53 31 1170 2 0 0 0 0
fl=./elf/./elf/dl-setup_hash.c
fn=_dl_setup_hash
28 74 31 18 37 0 0 0 0 0
31 74 0 0 37 0 0 0 0 0
32 74 0 0 37 37 37 37 0 0
34 37 0 0 74 1 1 0 0 0
36 111 0 0 0 0 0 0 0 0
37 37 0 0 0 0 0 37 0 0
38 111 23 18 37 0 0 37 0 0
40 37 0 0 0 0 0 37 0 0
41 74 0 0 0 0 0 0 0 0
43 37 0 0 0 0 0 37 0 0
44 37 0 0 0 0 0 0 0 0
45 111 0 0 0 0 0 37 0 0
50 37 0 0 0 0 0 0 0 0
fl=./elf/./elf/dl-sort-maps.c
fn=_dl_sort_maps
140 954 1 1 161 5 0 0 0 0
181 23 0 0 0 0 0 0 0 0
182 23 23 23 23 0 0 0 0 0
183 340 23 23 0 0 0 0 0 0
184 496 0 0 248 0 0 124 0 0
211 299 23 23 0 0 0 23 5 0
216 46 0 0 0 0 0 23 0 0
218 23 0 0 0 0 0 23 1 0
219 115 0 0 0 0 0 0 0 0
221 225 0 0 0 0 0 0 0 0
223 124 23 23 124 0 0 0 0 0
226 372 0 0 124 0 0 0 0 0
244 47 0 0 23 0 0 0 0 0
246 74 1 1 0 0 0 0 0 0
247 148 0 0 74 0 0 37 0 0
249 3 0 0 0 0 0 1 0 0
250 73 0 0 0 0 0 0 0 0
252 37 0 0 37 1 0 0 0 0
257 111 0 0 37 0 0 0 0 0
263 110 22 22 0 0 0 0 0 0
276 92 22 22 23 0 0 0 0 0
283 23 23 20 0 0 0 0 0 0
298 276 45 45 0 0 0 276 2 0
306 69 0 0 23 23 2 0 0 0
310 207 23 23 276 0 0 0 0 0
fn=_dl_sort_maps_init
289 2 1 1 0 0 0 2 0 0
290 5 0 0 1 0 0 0 0 0
291 2 0 0 0 0 0 1 0 0
292 2 1 1 0 0 0 0 0 0
293 2 0 0 2 0 0 0 0 0
fn=dfs_traversal.part.0
135 1127 23 23 0 0 0 966 9 1
140 1288 1 1 389 0 0 0 0 0
143 483 0 0 161 0 0 161 0 0
145 322 0 0 161 33 16 0 0 0
147 1746 2 2 621 99 73 117 0 0
156 235 22 22 37 0 0 0 0 0
160 2 0 0 0 0 0 1 0 0
162 6 1 1 1 1 1 0 0 0
164 3 0 0 1 0 0 1 0 0
171 483 0 0 161 0 0 161 0 0
172 161 0 0 0 0 0 161 4 0
173 699 22 22 977 0 0 0 0 0
fl=./elf/./elf/dl-sym.c
fn=_dl_sym
194 240 120 21 0 0 0 240 0 0
195 360 0 0 0 0 0 0 0 0
196 120 120 22 240 0 0 0 0 0
fn=do_sym
51 240 0 0 120 0 0 0 0 0
87 1800 240 44 240 0 0 1080 33 1
88 120 0 0 0 0 0 120 5 0
93 120 0 0 0 0 0 0 0 0
95 240 0 0 0 0 0 0 0 0
129 240 0 0 0 0 0 0 0 0
153 1560 120 21 240 108 1 0 0 0
157 240 0 0 120 0 0 0 0 0
162 360 120 21 120 0 0 0 0 0
168 960 0 0 240 0 0 0 0 0
170 120 0 0 0 0 0 120 0 0
174 1680 120 22 1320 0 0 0 0 0
fl=./elf/./elf/dl-tls.c
fn=__tls_get_addr
942 2 0 0 0 0 0 2 1 1
943 2 1 1 1 0 0 0 0 0
949 3 1 1 1 1 1 0 0 0
950 3 0 0 1 0 0 0 0 0
958 3 0 0 2 0 0 0 0 0
960 2 0 0 0 0 0 0 0 0
961 2 0 0 0 0 0 0 0 0
964 1 1 1 2 0 0 0 0 0
fn=_dl_add_to_slotinfo
1017 70 4 4 0 0 0 80 2 0
1023 10 0 0 10 2 2 0 0 0
1026 30 4 4 10 7 2 0 0 0
1027 10 0 0 0 0 0 0 0 0
1031 30 0 0 10 3 2 0 0 0
1065 10 0 0 0 0 0 0 0 0
1068 18 1 1 0 0 0 6 4 2
1069 30 0 0 6 4 2 6 0 0
1072 50 7 7 80 0 0 0 0 0
fn=_dl_allocate_tls_init
523 6 1 1 0 0 0 5 0 0
524 1 0 0 0 0 0 0 0 0
528 1 0 0 1 1 0 0 0 0
530 1 0 0 0 0 0 1 0 0
531 1 0 0 0 0 0 0 0 0
534 9 1 1 1 1 0 8 0 0
537 6 0 0 2 1 0 0 0 0
549 2 0 0 1 0 0 0 0 0
554 20 1 1 2 0 0 0 0 0
560 6 1 1 0 0 0 0 0 0
563 2 0 0 2 0 0 0 0 0
564 2 0 0 0 0 0 0 0 0
570 8 0 0 4 0 0 0 0 0
571 4 1 1 0 0 0 0 0 0
573 12 0 0 4 2 0 2 0 0
576 4 0 0 0 0 0 0 0 0
577 4 0 0 2 0 0 0 0 0
580 4 0 0 0 0 0 0 0 0
581 8 0 0 4 1 0 0 0 0
586 2 0 0 0 0 0 0 0 0
593 2 0 0 0 0 0 2 0 0
601 10 1 1 4 2 0 0 0 0
603 20 0 0 8 0 0 0 0 0
609 2 0 0 2 0 0 0 0 0
615 5 0 0 1 0 0 0 0 0
618 5 1 1 8 0 0 1 0 0
621 4 0 0 4 0 0 0 0 0
fn=_dl_allocate_tls_storage
417 4 1 1 0 0 0 5 0 0
430 3 0 0 1 0 0 0 0 0
431 2 0 0 1 0 0 0 0 0
432 1 0 0 0 0 0 0 0 0
452 5 1 1 0 0 0 0 0 0
459 4 0 0 0 0 0 0 0 0
464 2 0 0 0 0 0 1 0 0
466 3 0 0 0 0 0 0 0 0
467 1 0 0 0 0 0 0 0 0
470 5 1 1 5 0 0 0 0 0
fn=_dl_assign_tls_modid
128 15 5 4 5 0 0 0 0 0
141 15 4 4 5 0 0 0 0 0
181 15 0 0 5 0 0 0 0 0
183 15 0 0 0 0 0 5 0 0
186 10 0 0 0 0 0 5 0 0
fn=_dl_count_modids
192 2 1 1 0 0 0 2 0 0
194 5 1 1 1 0 0 0 0 0
195 1 0 0 1 0 0 0 0 0
210 2 0 0 2 0 0 0 0 0
fn=_dl_determine_tlsoffset
216 2 0 0 0 0 0 2 0 0
217 2 0 0 0 0 0 0 0 0
218 1 0 0 0 0 0 0 0 0
219 1 0 0 0 0 0 0 0 0
222 4 1 1 1 0 0 0 0 0
225 2 0 0 1 0 0 0 0 0
307 1 0 0 0 0 0 0 0 0
309 11 1 1 3 0 0 0 0 0
311 5 1 1 1 0 0 0 0 0
313 6 1 1 2 0 0 0 0 0
314 4 0 0 2 1 0 0 0 0
316 4 0 0 0 0 0 0 0 0
318 10 0 0 2 0 0 0 0 0
325 2 0 0 0 0 0 2 0 0
332 8 0 0 0 0 0 0 0 0
333 2 0 0 0 0 0 0 0 0
334 6 0 0 0 0 0 0 0 0
336 2 0 0 0 0 0 0 0 0
337 2 0 0 0 0 0 0 0 0
340 6 0 0 0 0 0 0 0 0
343 2 0 0 0 0 0 0 0 0
346 2 0 0 0 0 0 1 0 0
347 6 2 2 1 0 0 0 0 0
354 1 0 0 0 0 0 2 0 0
355 2 0 0 2 0 0 0 0 0
fn=_dl_init_static_tls
1081 6 3 3 3 0 0 0 0 0
1087 30 0 0 12 0 0 0 0 0
1093 18 3 3 0 0 0 21 0 0
1094 21 3 3 0 0 0 0 0 0
1098 21 0 0 3 0 0 0 0 0
1102 30 3 3 6 3 1 0 0 0
1105 18 3 3 0 0 0 0 0 0
1106 15 0 0 21 0 0 0 0 0
fn=_dl_tls_static_surplus_init
83 4 0 0 0 0 0 0 0 0
97 4 1 1 0 0 0 4 0 0
100 6 1 1 1 0 0 0 0 0
101 5 0 0 1 0 0 0 0 0
102 3 0 0 0 0 0 0 0 0
104 3 0 0 0 0 0 0 0 0
107 1 0 0 0 0 0 0 0 0
109 2 0 0 0 0 0 1 0 0
111 4 0 0 0 0 0 1 1 1
112 3 0 0 4 0 0 0 0 0
fn=_dl_update_slotinfo
720 21 6 6 0 0 0 21 0 0
721 3 0 0 0 0 0 3 0 0
722 9 0 0 3 3 3 3 0 0
768 9 0 0 3 3 3 0 0 0
770 3 0 0 0 0 0 0 0 0
771 18 0 0 3 0 0 18 0 0
772 6 3 3 0 0 0 0 0 0
775 9 0 0 3 0 0 0 0 0
778 41 3 3 3 0 0 0 0 0
780 16 0 0 0 0 0 0 0 0
783 77 3 3 0 0 0 0 0 0
786 13 0 0 13 2 2 0 0 0
789 26 0 0 0 0 0 0 0 0
793 39 0 0 13 0 0 0 0 0
800 11 3 3 4 0 0 3 0 0
802 12 0 0 4 0 0 0 0 0
822 12 0 0 0 0 0 4 0 0
823 12 0 0 4 3 3 4 0 0
826 16 0 0 12 0 0 0 0 0
830 3 0 0 0 0 0 0 0 0
831 6 3 3 0 0 0 0 0 0
844 12 0 0 18 0 0 3 0 0
848 15 0 0 21 0 0 0 0 0
fn=allocate_dtv
360 4 1 1 0 0 0 4 0 0
365 3 0 0 1 0 0 0 0 0
369 1 0 0 0 0 0 0 0 0
371 1 0 0 0 0 0 0 0 0
374 3 0 0 0 0 0 1 1 1
380 1 0 0 0 0 0 1 0 0
386 3 0 0 4 0 0 0 0 0
fn=tls_get_addr_tail
676 4 0 0 0 0 0 0 0 0
680 2 0 0 0 0 0 0 0 0
704 2 0 0 2 1 1 0 0 0
706 1 1 1 0 0 0 0 0 0
710 10 1 1 4 0 0 0 0 0
854 7 2 2 0 0 0 6 0 0
856 1 0 0 0 0 0 0 0 0
859 1 0 0 1 0 0 0 0 0
860 2 1 1 1 1 1 0 0 0
862 3 0 0 1 1 1 0 0 0
868 2 1 1 1 1 1 0 0 0
875 3 0 0 1 1 1 0 0 0
878 5 0 0 1 1 1 0 0 0
879 2 0 0 1 0 0 0 0 0
881 2 0 0 0 0 0 1 0 0
882 6 1 1 1 0 0 2 0 0
905 5 0 0 1 0 0 2 0 0
906 1 0 0 0 0 0 0 0 0
908 3 0 0 3 0 0 0 0 0
909 4 0 0 6 0 0 0 0 0
fl=./elf/./elf/dl-tunables.c
fn=__GI___tunable_set_val
153 2 0 0 0 0 0 2 0 0
154 3 0 0 0 0 0 0 0 0
156 2 0 0 0 0 0 0 0 0
157 1 0 0 2 0 0 0 0 0
fn=__GI___tunables_init
42 49 1 1 18 0 0 0 0 0
45 15 0 0 0 0 0 0 0 0
48 801 1 1 136 9 9 0 0 0
52 15 0 0 0 0 0 0 0 0
56 62 0 0 0 0 0 0 0 0
261 4 2 2 0 0 0 4 0 0
267 3 0 0 1 0 0 0 0 0
281 1920 0 0 0 0 0 0 0 0
283 3 0 0 0 0 0 2 0 0
287 3015 1 1 960 31 31 0 0 0
304 3 0 0 4 0 0 0 0 0
fn=__tunable_get_val
387 74 0 0 0 0 0 74 0 0
390 332 30 18 37 32 30 0 0 0
399 46 0 0 36 29 13 10 0 0
409 30 1 1 0 0 0 27 2 2
416 296 4 2 37 0 0 0 0 0
418 74 0 0 74 0 0 0 0 0
fn=do_tunable_update_val
69 2 1 1 0 0 0 2 0 0
72 4 1 1 1 0 0 0 0 0
79 1 1 1 1 0 0 0 0 0
93 2 0 0 0 0 0 0 0 0
94 3 2 2 2 0 0 0 0 0
100 2 0 0 0 0 0 0 0 0
104 3 0 0 0 0 0 0 0 0
111 2 0 0 0 0 0 0 0 0
112 2 0 0 0 0 0 0 0 0
115 1 0 0 0 0 0 1 0 0
117 1 0 0 0 0 0 2 0 0
118 2 0 0 0 0 0 1 0 0
119 2 0 0 2 0 0 0 0 0
fl=./elf/./elf/dl-tunables.h
fn=__GI___tunables_init
160 428 1 1 184 1 1 0 0 0
161 516 0 0 0 0 0 0 0 0
fn=do_tunable_update_val
141 2 0 0 0 0 0 0 0 0
fl=./elf/./elf/dl-version.c
fn=_dl_check_all_versions
392 3 1 1 0 0 0 4 1 0
394 5 0 0 0 0 0 2 0 0
396 17 0 0 9 0 0 0 0 0
397 14 0 0 7 1 0 0 0 0
398 49 1 1 0 0 0 0 0 0
401 4 0 0 4 0 0 0 0 0
fn=_dl_check_map_versions
36 1262 20 20 176 9 0 0 0 0
37 558 0 0 558 0 0 0 0 0
38 2672 0 0 0 0 0 0 0 0
56 501 0 0 334 51 8 0 0 0
64 501 0 0 167 15 0 0 0 0
70 334 20 20 167 60 49 0 0 0
86 167 0 0 167 43 20 0 0 0
87 167 0 0 0 0 0 0 0 0
89 334 0 0 167 0 0 0 0 0
94 3555 20 20 1185 154 139 0 0 0
108 3555 0 0 1185 66 63 0 0 0
110 167 20 20 167 0 0 0 0 0
113 835 0 0 167 14 14 0 0 0
120 2036 0 0 1018 39 36 0 0 0
124 1018 0 0 0 0 0 0 0 0
147 165 0 0 0 0 0 99 7 0
155 148 22 21 0 0 0 148 32 0
156 37 2 2 0 0 0 37 18 0
164 37 0 0 0 0 0 0 0 0
170 74 0 0 37 8 0 0 0 0
172 111 0 0 37 16 1 0 0 0
174 37 0 0 37 17 1 0 0 0
175 37 0 0 37 4 0 0 0 0
177 37 0 0 0 0 0 0 0 0
180 99 0 0 66 18 0 0 0 0
184 99 0 0 33 32 32 0 0 0
198 55 0 0 0 0 0 0 0 0
200 264 0 0 176 6 6 0 0 0
208 88 0 0 0 0 0 0 0 0
213 440 0 0 88 12 12 352 2 0
215 79 0 0 0 0 0 0 0 0
217 501 0 0 334 41 41 0 0 0
218 1356 40 37 880 9 0 88 0 0
221 334 0 0 167 0 0 167 0 0
224 835 0 0 167 0 0 0 0 0
231 668 20 20 167 0 0 0 0 0
234 510 20 20 431 0 0 0 0 0
239 79 0 0 0 0 0 0 0 0
243 176 20 20 88 0 0 0 0 0
248 55 0 0 0 0 0 0 0 0
257 172 20 20 66 0 0 0 0 0
260 40 0 0 20 0 0 0 0 0
263 608 0 0 152 17 13 0 0 0
266 304 0 0 152 7 7 0 0 0
270 142 0 0 0 0 0 0 0 0
274 34 20 20 0 0 0 0 0 0
279 34 20 20 0 0 0 34 7 0
280 34 0 0 0 0 0 0 0 0
281 68 0 0 34 0 0 0 0 0
291 34 0 0 0 0 0 34 0 0
294 138 0 0 69 31 0 34 12 0
296 34 0 0 0 0 0 0 0 0
299 132 0 0 66 2 0 0 0 0
301 55 0 0 0 0 0 0 0 0
303 264 20 20 88 1 0 0 0 0
306 334 0 0 167 0 0 0 0 0
308 334 0 0 0 0 0 0 0 0
310 534 0 0 167 0 0 0 0 0
311 334 20 20 0 0 0 334 10 10
312 501 0 0 167 1 0 167 3 3
313 501 0 0 167 1 0 167 1 1
316 334 0 0 167 0 0 0 0 0
321 79 0 0 0 0 0 0 0 0
324 176 0 0 88 0 0 0 0 0
329 55 0 0 0 0 0 0 0 0
334 34 0 0 0 0 0 0 0 0
337 30 0 0 10 0 0 0 0 0
341 142 0 0 284 0 0 0 0 0
343 304 0 0 152 0 0 0 0 0
347 142 0 0 142 0 0 0 0 0
348 578 0 0 0 0 0 142 14 14
349 426 0 0 142 0 0 142 0 0
350 142 0 0 0 0 0 142 6 6
353 304 0 0 152 0 0 0 0 0
357 142 0 0 0 0 0 0 0 0
365 10 0 0 0 0 0 0 0 0
366 66 20 20 33 0 0 0 0 0
367 66 20 20 33 21 0 0 0 0
368 148 2 2 296 2 0 0 0 0
387 148 0 0 185 0 0 0 0 0
fl=./elf/./elf/do-rel.h
fn=_dl_relocate_object
49 222 0 0 74 0 0 0 0 0
50 148 0 0 148 32 5 0 0 0
51 74 0 0 37 19 1 0 0 0
53 370 22 22 148 15 0 0 0 0
80 74 0 0 0 0 0 0 0 0
83 1692 0 0 0 0 0 0 0 0
114 177 22 22 0 0 0 0 0 0
123 84424 0 0 0 0 0 0 0 0
126 140 0 0 70 47 7 0 0 0
129 130 0 0 65 35 4 0 0 0
131 37218 2 2 148 21 0 0 0 0
133 49204 20 20 36903 8462 3655 0 0 0
134 36903 0 0 0 0 0 24602 5 1
135 12301 0 0 0 0 0 0 0 0
136 36903 0 0 12301 94 1 0 0 0
150 50650 21 21 12296 61 0 0 0 0
151 20085 20 20 13390 345 4 0 0 0
180 277 3 3 0 0 0 0 0 0
182 440 0 0 176 23 23 176 0 0
183 88 0 0 0 0 0 0 0 0
196 492 9 9 88 1 0 0 0 0
197 116 0 0 58 1 0 0 0 0
fn=_dl_start
49 6 0 0 2 0 0 0 0 0
50 4 0 0 4 0 0 0 0 0
51 2 0 0 1 0 0 0 0 0
53 11 1 1 4 0 0 0 0 0
56 74 0 0 0 0 0 0 0 0
61 17 0 0 0 0 0 0 0 0
63 8 1 1 8 1 1 0 0 0
64 8 0 0 0 0 0 0 0 0
65 4 0 0 0 0 0 0 0 0
fl=./elf/./elf/get-dynamic-info.h
fn=_dl_map_object_from_fd
39 35 0 0 0 0 0 0 0 0
43 35 0 0 0 0 0 0 0 0
45 1874 0 0 937 262 262 0 0 0
49 1804 0 0 0 0 0 0 0 0
51 400 0 0 0 0 0 0 0 0
52 270 34 21 0 0 0 0 0 0
53 70 0 0 0 0 0 0 0 0
54 635 29 19 0 0 0 0 0 0
55 349 0 0 0 0 0 0 0 0
56 172 24 22 0 0 0 0 0 0
59 215 22 22 0 0 0 0 0 0
62 172 0 0 0 0 0 0 0 0
64 129 18 18 0 0 0 0 0 0
68 902 0 0 0 0 0 902 34 33
72 70 0 0 0 0 0 0 0 0
84 70 0 0 35 0 0 0 0 0
85 175 0 0 70 0 0 35 0 0
86 175 24 22 70 0 0 35 0 0
87 175 0 0 70 0 0 35 0 0
88 70 0 0 35 4 4 0 0 0
89 175 0 0 70 0 0 35 0 0
90 166 35 22 67 1 1 32 0 0
91 175 0 0 70 0 0 35 0 0
103 210 22 22 70 0 0 35 0 0
110 70 0 0 35 0 0 0 0 0
115 105 0 0 35 0 0 0 0 0
122 70 0 0 35 0 0 0 0 0
123 140 0 0 70 0 0 0 0 0
129 70 0 0 35 0 0 0 0 0
147 70 22 18 35 0 0 0 0 0
152 14 0 0 7 0 0 7 0 0
154 7 0 0 0 0 0 0 0 0
156 7 0 0 0 0 0 0 0 0
158 7 0 0 0 0 0 0 0 0
159 14 0 0 0 0 0 7 0 0
162 70 0 0 35 0 0 0 0 0
164 24 1 1 8 0 0 8 0 0
165 8 0 0 0 0 0 0 0 0
166 2 0 0 0 0 0 1 0 0
174 16 0 0 8 0 0 0 0 0
180 8 0 0 0 0 0 0 0 0
181 21 0 0 7 0 0 7 0 0
184 70 21 21 35 0 0 0 0 0
186 1 0 0 0 0 0 1 0 0
fl=./elf/./elf/libc-dl-profstub.c
fn=_dl_mcount_wrapper_check
36 1575 0 0 0 0 0 0 0 0
37 6300 662 211 3150 1160 415 0 0 0
38 1575 0 0 0 0 0 0 0 0
fl=./elf/./elf/libc-dl_find_object.c
fn=_dl_find_object
24 36 2 2 0 0 0 36 0 0
25 90 0 0 36 4 2 0 0 0
26 18 0 0 36 0 0 0 0 0
fl=./elf/./elf/libc_early_init.c
fn=__libc_early_init
33 10 2 2 2 2 1 4 0 0
35 1 0 0 0 0 0 0 0 0
38 3 0 0 1 0 0 1 0 0
41 4 0 0 0 0 0 2 2 2
49 11 1 1 6 0 0 0 0 0
fl=./elf/./elf/rtld.c
fn=_dl_start
458 5 0 0 0 0 0 1 0 0
476 3 0 0 0 0 0 0 0 0
477 2 0 0 0 0 0 1 0 0
478 1 0 0 0 0 0 1 1 1
479 3 0 0 0 0 0 1 0 0
488 2 1 1 0 0 0 1 0 0
494 4 0 0 1 0 0 0 0 0
496 2 1 0 1 0 0 0 0 0
517 9 2 2 0 0 0 13 2 2
543 3 0 0 0 0 0 1 1 1
546 3 0 0 0 0 0 1 0 0
547 3 1 1 1 1 1 1 0 0
563 48 4 4 10 0 0 9 2 2
565 4 2 2 1 0 0 1 0 0
578 1 0 0 0 0 0 0 0 0
585 7 0 0 12 2 2 0 0 0
fn=dl_main
197 2 1 1 0 0 0 1 0 0
199 1 0 0 0 0 0 1 0 0
224 2 1 1 2 0 0 0 0 0
225 3 0 0 2 0 0 0 0 0
226 3 1 1 0 0 0 0 0 0
296 4 0 0 0 0 0 3 0 0
302 1 0 0 0 0 0 1 0 0
303 1 0 0 0 0 0 1 0 0
837 2 1 1 1 0 0 0 0 0
841 3 0 0 1 0 0 1 0 0
850 4 0 0 2 1 0 1 1 0
855 1 0 0 0 0 0 1 0 0
1115 1 0 0 1 0 0 0 0 0
1116 1 0 0 1 0 0 0 0 0
1118 1 0 0 0 0 0 0 0 0
1122 6 0 0 1 1 1 2 0 0
1124 3 1 1 1 0 0 1 0 0
1125 3 0 0 1 0 0 1 0 0
1140 1 0 0 0 0 0 0 0 0
1143 36 2 2 0 0 0 0 0 0
1144 84 2 2 10 4 4 0 0 0
1148 4 1 1 2 0 0 1 0 0
1149 1 0 0 0 0 0 0 0 0
1153 4 0 0 2 0 0 1 0 0
1154 6 0 0 2 0 0 1 0 0
1155 1 0 0 0 0 0 0 0 0
1163 4 1 1 0 0 0 1 1 1
1164 3 2 2 2 1 1 0 0 0
1166 1 0 0 0 0 0 1 0 0
1173 2 0 0 1 0 0 0 0 0
1191 2 0 0 0 0 0 0 0 0
1199 4 0 0 2 0 0 0 0 0
1200 7 0 0 3 1 1 0 0 0
1201 6 0 0 2 0 0 0 0 0
1202 1 0 0 0 0 0 1 0 0
1204 4 0 0 2 0 0 0 0 0
1205 6 0 0 0 0 0 0 0 0
1206 3 1 1 0 0 0 1 0 0
1209 6 0 0 2 1 1 0 0 0
1210 6 0 0 2 0 0 0 0 0
1211 2 0 0 0 0 0 2 0 0
1215 4 0 0 0 0 0 0 0 0
1221 2 0 0 1 0 0 0 0 0
1227 1 0 0 0 0 0 1 1 1
1228 2 0 0 1 1 1 1 0 0
1233 5 0 0 0 0 0 1 0 0
1234 2 0 0 1 0 0 1 0 0
1235 1 0 0 0 0 0 1 1 1
1238 6 0 0 1 0 0 2 1 1
1243 4 0 0 2 0 0 1 0 0
1244 1 0 0 0 0 0 0 0 0
1247 2 0 0 1 1 1 1 0 0
1248 2 0 0 1 0 0 1 0 0
1249 1 0 0 0 0 0 0 0 0
1253 21 1 1 0 0 0 0 0 0
1254 34 0 0 10 0 0 0 0 0
1266 2 0 0 1 0 0 0 0 0
1268 3 0 0 1 0 0 1 0 0
1269 2 0 0 1 0 0 0 0 0
1271 4 0 0 2 0 0 0 0 0
1346 12 1 1 0 0 0 13 3 3
1351 1 0 0 0 0 0 0 0 0
1352 1 0 0 0 0 0 0 0 0
1357 1 0 0 0 0 0 0 0 0
1373 5 0 0 2 0 0 1 0 0
1374 5 0 0 1 0 0 0 0 0
1637 9 1 1 0 0 0 1 0 0
1639 1 0 0 0 0 0 0 0 0
1640 1 1 1 0 0 0 1 0 0
1641 3 0 0 1 0 0 2 1 1
1642 2 0 0 1 0 0 1 0 0
1646 2 0 0 0 0 0 0 0 0
1647 6 0 0 2 0 0 1 0 0
1672 4 1 1 2 0 0 0 0 0
1673 6 1 1 3 0 0 0 0 0
1674 4 0 0 2 0 0 0 0 0
1675 4 0 0 1 0 0 1 0 0
1678 3 0 0 0 0 0 0 0 0
1680 1 0 0 0 0 0 2 0 0
1681 2 0 0 0 0 0 1 0 0
1683 2 0 0 1 0 0 0 0 0
1684 1 0 0 0 0 0 1 0 0
1688 4 0 0 2 0 0 0 0 0
1690 1 0 0 0 0 0 0 0 0
1698 2 1 1 1 0 0 0 0 0
1705 4 1 1 1 0 0 1 0 0
1708 3 0 0 1 0 0 0 0 0
1733 6 0 0 2 0 0 0 0 0
1735 1 1 1 0 0 0 1 0 0
1740 3 0 0 2 0 0 0 0 0
1743 4 1 1 2 0 0 1 0 0
1744 6 0 0 2 0 0 1 0 0
1745 3 0 0 1 0 0 1 0 0
1746 1 0 0 0 0 0 1 0 0
1747 3 0 0 1 0 0 1 0 0
1748 3 0 0 1 0 0 1 0 0
1759 5 1 1 1 1 1 0 0 0
1760 3 0 0 1 0 0 0 0 0
1762 2 0 0 1 0 0 0 0 0
1764 1 0 0 0 0 0 1 0 0
1765 4 1 1 1 0 0 1 1 1
1770 3 0 0 0 0 0 0 0 0
1771 8 0 0 1 1 1 0 0 0
1773 4 0 0 2 0 0 1 1 1
1774 2 1 1 1 0 0 1 0 0
1779 4 0 0 2 0 0 0 0 0
1788 3 1 1 0 0 0 0 0 0
1792 1 1 1 0 0 0 0 0 0
1793 2 0 0 1 0 0 0 0 0
1817 3 0 0 0 0 0 2 0 0
1823 2 0 0 0 0 0 1 0 0
1824 2 0 0 0 0 0 1 0 0
1825 1 0 0 0 0 0 0 0 0
1829 4 1 1 1 0 0 0 0 0
1834 3 0 0 2 0 0 0 0 0
1836 1 0 0 0 0 0 0 0 0
1838 2 0 0 1 0 0 0 0 0
1842 8 2 2 1 0 0 1 0 0
1847 2 0 0 1 0 0 0 0 0
1863 8 1 1 1 0 0 1 0 0
1939 2 0 0 1 0 0 0 0 0
1943 14 3 3 0 0 0 1 0 0
1944 1 0 0 0 0 0 0 0 0
1947 3 0 0 0 0 0 1 0 0
1948 1 0 0 1 0 0 0 0 0
1949 1 1 1 0 0 0 0 0 0
1950 2 0 0 0 0 0 0 0 0
1955 3 0 0 1 0 0 0 0 0
1965 9 1 1 1 0 0 1 0 0
1971 24 1 0 2 1 1 0 0 0
1972 32 1 1 15 0 0 7 0 0
1975 5 0 0 3 0 0 1 0 0
1976 1 0 0 0 0 0 0 0 0
1977 1 0 0 0 0 0 1 0 0
1979 19 0 0 0 0 0 0 0 0
1980 26 1 1 7 1 1 0 0 0
1984 2 0 0 0 0 0 0 0 0
1990 1 0 0 0 0 0 0 0 0
1992 5 0 0 2 0 0 1 0 0
1993 1 0 0 0 0 0 0 0 0
1995 4 1 1 1 0 0 1 0 0
1997 3 0 0 0 0 0 0 0 0
1999 3 0 0 1 0 0 0 0 0
2000 1 0 0 1 0 0 0 0 0
2001 3 0 0 0 0 0 0 0 0
2013 2 1 1 0 0 0 0 0 0
2014 3 0 0 1 0 0 1 0 0
2015 4 0 0 2 0 0 0 0 0
2026 4 0 0 1 1 0 1 1 1
2027 3 1 1 0 0 0 1 0 0
2028 8 0 0 0 0 0 1 0 0
2038 2 1 0 1 0 0 0 0 0
2039 2 0 0 1 0 0 0 0 0
2040 5 1 1 1 0 0 0 0 0
2042 1 0 0 0 0 0 0 0 0
2047 2 0 0 1 0 0 0 0 0
2246 4 1 1 1 0 0 1 0 0
2250 4 0 0 3 0 0 2 1 0
2256 2 0 0 1 0 0 1 1 0
2259 2 0 0 1 0 0 0 0 0
2267 2 0 0 1 0 0 0 0 0
2279 4 1 1 1 0 0 0 0 0
2282 3 0 0 1 0 0 1 0 0
2284 4 0 0 3 0 0 0 0 0
2285 7 1 1 2 2 0 1 0 0
2292 1 0 0 1 0 0 0 0 0
2293 24 0 0 0 0 0 0 0 0
2295 14 0 0 14 1 0 0 0 0
2300 14 1 1 14 7 0 0 0 0
2302 8 0 0 0 0 0 0 0 0
2304 8 1 0 0 0 0 1 1 0
2305 1 0 0 1 0 0 0 0 0
2308 21 0 0 7 0 0 7 0 0
2310 18 0 0 1 1 0 0 0 0
2311 43 0 0 12 6 1 0 0 0
2315 20 1 1 9 3 0 0 0 0
2316 6 0 0 0 0 0 0 0 0
2325 4 0 0 2 2 0 0 0 0
2329 5 1 1 2 0 0 0 0 0
2331 6 0 0 2 0 0 2 0 0
2338 3 0 0 0 0 0 0 0 0
2341 4 1 1 2 0 0 0 0 0
2345 7 0 0 3 2 0 0 0 0
2347 1 0 0 0 0 0 0 0 0
2357 2 1 0 0 0 0 1 0 0
2362 3 1 1 1 1 0 0 0 0
2365 1 0 0 0 0 0 0 0 0
2371 3 0 0 1 0 0 1 0 0
2372 8 0 0 3 1 1 0 0 0
2380 5 0 0 2 0 0 0 0 0
2387 1 0 0 0 0 0 0 0 0
2390 3 1 1 0 0 0 0 0 0
2394 3 0 0 0 0 0 0 0 0
2395 1 0 0 0 0 0 1 0 0
2396 1 0 0 0 0 0 0 0 0
2397 1 0 0 0 0 0 0 0 0
2401 1 0 0 0 0 0 0 0 0
2406 9 1 1 12 2 2 0 0 0
2598 5 0 0 1 0 0 2 0 0
2600 1 0 0 0 0 0 0 0 0
2602 10 0 0 0 0 0 0 0 0
2604 2 0 0 0 0 0 0 0 0
2606 84 0 0 21 0 0 0 0 0
2607 19 1 1 0 0 0 0 0 0
2609 4 0 0 0 0 0 0 0 0
2615 15 2 2 0 0 0 0 0 0
2640 5 1 1 1 0 0 0 0 0
2650 11 2 2 2 0 0 0 0 0
2652 2 0 0 0 0 0 1 0 0
2653 1 0 0 0 0 0 0 0 0
2687 12 1 1 2 0 0 0 0 0
2689 2 0 0 0 0 0 1 0 0
2690 3 1 1 0 0 0 1 0 0
2691 1 0 0 0 0 0 0 0 0
2727 5 2 2 1 0 0 0 0 0
2749 3 1 1 1 0 0 0 0 0
fn=do_preload
804 7 1 1 0 0 0 6 0 0
810 1 0 0 0 0 0 2 0 0
811 1 0 0 0 0 0 1 0 0
812 2 0 0 0 0 0 1 0 0
814 3 0 0 1 0 0 0 0 0
816 7 1 1 0 0 0 0 0 0
817 2 0 0 1 0 0 0 0 0
825 3 0 0 1 0 0 0 0 0
831 4 0 0 6 0 0 0 0 0
fn=handle_preload_list
183 7 0 0 1 0 0 2 0 0
869 7 1 1 0 0 0 6 2 2
870 4 1 1 0 0 0 2 0 0
874 4 0 0 2 0 0 0 0 0
877 5 1 1 0 0 0 0 0 0
878 3 0 0 0 0 0 0 0 0
880 5 0 0 0 0 0 0 0 0
881 1 0 0 0 0 0 1 0 0
887 1 1 1 0 0 0 0 0 0
888 1 0 0 1 0 0 0 0 0
889 2 0 0 0 0 0 0 0 0
891 2 0 0 1 0 0 0 0 0
892 5 0 0 0 0 0 0 0 0
895 9 1 1 10 0 0 0 0 0
fn=init_tls
734 5 1 1 0 0 0 6 0 0
736 4 1 1 1 0 0 1 0 0
740 2 0 0 1 0 0 0 0 0
746 1 0 0 0 0 0 0 0 0
749 1 1 1 0 0 0 1 0 0
751 1 0 0 0 0 0 0 0 0
755 1 0 0 0 0 0 0 0 0
756 1 0 0 0 0 0 1 0 0
757 1 0 0 0 0 0 1 0 0
761 2 0 0 1 1 1 0 0 0
762 2 0 0 0 0 0 0 0 0
763 9 0 0 1 1 0 0 0 0
764 7 0 0 7 1 0 0 0 0
765 14 0 0 7 7 0 0 0 0
769 6 0 0 0 0 0 2 1 1
773 5 1 1 1 0 0 0 0 0
776 2 0 0 0 0 0 0 0 0
779 1 0 0 0 0 0 0 0 0
786 2 0 0 0 0 0 0 0 0
787 1 0 0 0 0 0 0 0 0
793 2 0 0 1 0 0 1 0 0
797 3 0 0 0 0 0 1 0 0
800 5 1 1 6 0 0 0 0 0
fn=map_doit
641 4 1 1 0 0 0 3 1 1
643 3 0 0 1 0 0 0 0 0
644 6 1 1 2 0 0 1 0 0
646 3 0 0 3 0 0 0 0 0
fn=version_check_doit
674 4 1 1 0 0 0 3 0 0
676 6 1 1 2 0 0 0 0 0
680 3 0 0 3 0 0 0 0 0
fl=./elf/./get-dynamic-info.h
fn=_dl_start
45 44 0 0 22 6 6 0 0 0
49 42 0 0 0 0 0 0 0 0
51 12 0 0 0 0 0 0 0 0
52 8 0 0 0 0 0 0 0 0
53 1 0 0 0 0 0 0 0 0
54 19 1 1 0 0 0 0 0 0
55 12 0 0 0 0 0 0 0 0
56 4 1 1 0 0 0 0 0 0
59 5 0 0 0 0 0 0 0 0
62 4 1 1 0 0 0 0 0 0
64 3 0 0 0 0 0 0 0 0
68 23 1 1 0 0 0 21 8 8
72 2 0 0 0 0 0 0 0 0
84 2 0 0 1 0 0 0 0 0
85 6 1 1 2 0 0 1 0 0
86 6 0 0 2 0 0 1 0 0
87 6 0 0 2 0 0 1 0 0
88 3 1 1 1 1 1 0 0 0
89 6 0 0 2 0 0 1 0 0
90 6 1 1 2 0 0 1 0 0
91 6 0 0 2 0 0 1 0 0
103 8 1 1 2 0 0 1 0 0
110 2 0 0 1 0 0 0 0 0
115 3 0 0 1 0 0 0 0 0
122 2 1 1 1 0 0 0 0 0
123 5 0 0 2 0 0 0 0 0
129 2 0 0 1 0 0 0 0 0
133 3 1 1 1 0 0 0 0 0
134 2 0 0 1 0 0 0 0 0
139 5 0 0 2 0 0 0 0 0
142 6 0 0 2 0 0 0 0 0
fn=dl_main
39 2 1 1 1 0 0 0 0 0
43 1 0 0 0 0 0 0 0 0
45 56 0 0 28 8 8 0 0 0
49 54 0 0 0 0 0 0 0 0
51 8 0 0 0 0 0 0 0 0
52 6 0 0 0 0 0 0 0 0
53 1 0 0 0 0 0 0 0 0
54 13 1 1 0 0 0 0 0 0
55 7 1 1 0 0 0 0 0 0
56 4 1 1 0 0 0 0 0 0
59 5 0 0 0 0 0 0 0 0
62 4 1 1 0 0 0 0 0 0
64 3 0 0 0 0 0 0 0 0
68 27 1 1 0 0 0 27 6 6
72 2 0 0 1 0 0 0 0 0
110 2 0 0 1 0 0 0 0 0
115 3 0 0 1 0 0 0 0 0
122 2 1 1 1 0 0 0 0 0
123 4 0 0 2 0 0 0 0 0
129 2 1 1 1 1 1 0 0 0
147 2 0 0 1 0 0 0 0 0
162 2 1 1 1 1 1 0 0 0
184 2 0 0 1 0 0 0 0 0
fl=./elf/./setup-vdso.h
fn=dl_main
24 3 0 0 1 0 0 0 0 0
fl=./elf/./tlsdeschtab.h
fn=_dl_make_tlsdesc_dynamic
49 1 0 0 1 0 0 0 0 0
50 4 0 0 1 0 0 0 0 0
56 3 1 1 1 1 1 0 0 0
62 4 0 0 1 1 1 0 0 0
77 3 0 0 1 1 1 0 0 0
86 6 1 1 0 0 0 6 0 0
91 1 0 0 1 0 0 0 0 0
92 1 0 0 0 0 0 0 0 0
97 2 0 0 0 0 0 1 0 0
100 1 1 1 1 0 0 0 0 0
112 1 0 0 0 0 0 1 0 0
113 1 0 0 0 0 0 0 0 0
118 3 0 0 3 0 0 1 0 0
119 1 0 0 0 0 0 2 0 0
121 4 1 1 6 0 0 0 0 0
fl=./iconv/../iconv/loop.c
fn=__gconv_transform_ascii_internal
230 264 1 1 0 0 0 0 0 0
232 132 0 0 0 0 0 0 0 0
238 448 0 0 0 0 0 0 0 0
251 660 0 0 0 0 0 0 0 0
252 220 0 0 0 0 0 0 0 0
265 1704 2 2 348 0 0 92 2 2
269 132 0 0 0 0 0 132 0 0
fn=__gconv_transform_internal_utf8
230 5 5 1 0 0 0 0 0 0
232 5 0 0 0 0 0 10 0 0
238 50 5 1 0 0 0 0 0 0
243 30 0 0 0 0 0 0 0 0
244 15 0 0 0 0 0 0 0 0
251 30 0 0 0 0 0 0 0 0
265 135 0 0 15 0 0 45 0 0
269 5 0 0 0 0 0 5 0 0
270 15 0 0 30 0 0 0 0 0
297 65 5 1 5 0 0 35 0 0
fn=__gconv_transform_utf8_internal
230 2620 0 0 0 0 0 0 0 0
231 1310 0 0 0 0 0 0 0 0
232 1310 0 0 0 0 0 0 0 0
238 70424 0 0 0 0 0 0 0 0
251 67804 0 0 0 0 0 0 0 0
252 33902 0 0 0 0 0 0 0 0
265 237314 655 211 33902 0 0 33902 973 236
269 1310 655 209 0 0 0 1310 0 0
297 2620 655 211 1310 0 0 0 0 0
fl=./iconv/../iconv/skeleton.c
fn=__gconv_transform_ascii_internal
331 2376 2 2 264 0 0 1584 0 0
332 264 0 0 0 0 0 264 0 0
333 132 0 0 0 0 0 0 0 0
334 132 0 0 0 0 0 0 0 0
337 264 0 0 132 0 0 0 0 0
347 132 1 1 0 0 0 0 0 0
443 528 1 1 132 0 0 264 0 0
444 132 0 0 132 0 0 0 0 0
448 132 0 0 0 0 0 132 0 0
449 660 0 0 0 0 0 132 0 0
493 132 0 0 132 0 0 0 0 0
499 264 0 0 132 0 0 0 0 0
500 132 0 0 0 0 0 0 0 0
518 132 0 0 0 0 0 0 0 0
525 396 0 0 264 0 0 132 0 0
529 132 0 0 0 0 0 0 0 0
532 132 0 0 0 0 0 132 0 0
536 528 1 1 264 0 0 132 0 0
538 264 0 0 264 0 0 0 0 0
547 264 0 0 0 0 0 132 0 0
663 2108 2 2 1716 0 0 0 0 0
fn=__gconv_transform_internal_utf8
331 95 10 2 10 0 0 55 4 0
332 5 0 0 0 0 0 0 0 0
333 5 0 0 0 0 0 0 0 0
334 5 0 0 0 0 0 0 0 0
337 10 0 0 5 0 0 0 0 0
347 5 5 1 0 0 0 0 0 0
443 20 0 0 5 0 0 10 0 0
444 5 0 0 5 0 0 0 0 0
448 5 0 0 0 0 0 5 1 0
449 15 0 0 0 0 0 0 0 0
459 5 0 0 0 0 0 0 0 0
462 20 5 1 10 0 0 0 0 0
518 5 0 0 0 0 0 0 0 0
525 15 0 0 10 0 0 5 0 0
529 5 0 0 0 0 0 0 0 0
532 5 0 0 0 0 0 5 0 0
536 55 10 2 25 0 0 5 0 0
637 25 0 0 10 0 0 0 0 0
663 75 10 2 65 0 0 0 0 0
fn=__gconv_transform_utf8_internal
331 23580 1310 418 2620 0 0 18340 1576 13
332 2620 0 0 0 0 0 2620 0 0
333 2620 0 0 0 0 0 1310 0 0
334 1310 0 0 0 0 0 0 0 0
337 2620 0 0 1310 0 0 0 0 0
347 1310 655 209 0 0 0 0 0 0
443 3930 0 0 1310 0 0 0 0 0
444 1310 0 0 1310 0 0 0 0 0
448 1310 0 0 0 0 0 2620 0 0
449 5240 0 0 1310 0 0 0 0 0
459 2620 0 0 1310 0 0 0 0 0
462 5240 655 210 2620 0 0 0 0 0
518 1310 0 0 0 0 0 0 0 0
525 3930 0 0 2620 0 0 1310 0 0
529 1310 655 211 0 0 0 0 0 0
532 1310 0 0 0 0 0 1310 0 0
536 6550 1309 414 3930 0 0 1310 0 0
637 5240 0 0 1310 0 0 0 0 0
663 20960 1310 418 19650 0 0 0 0 0
fl=./iconv/../sysdeps/unix/sysv/linux/not-cancel.h
fn=__gconv_load_cache
75 2 0 0 0 0 0 0 0 0
fl=./iconv/./iconv/gconv_builtin.c
fn=__gconv_get_builtin_trans
62 16 1 1 0 0 0 14 0 0
65 29 0 0 0 0 0 0 0 0
66 57 1 1 11 4 4 0 0 0
71 6 1 1 2 0 0 2 0 0
73 4 0 0 0 0 0 2 0 0
75 2 0 0 0 0 0 2 0 0
78 2 0 0 2 0 0 0 0 0
79 4 0 0 2 0 0 4 0 0
80 2 0 0 2 0 0 0 0 0
81 4 0 0 2 0 0 4 0 0
84 2 0 0 0 0 0 2 0 0
85 10 0 0 14 0 0 0 0 0
fl=./iconv/./iconv/gconv_cache.c
fn=__gconv_compare_alias_cache
223 48 12 2 12 0 0 18 0 0
227 18 0 0 6 0 0 0 0 0
230 48 0 0 0 0 0 18 0 0
231 24 5 1 0 0 0 0 0 0
232 6 0 0 12 0 0 0 0 0
234 24 3 1 12 0 0 6 0 0
236 12 0 0 6 0 0 0 0 0
237 60 0 0 30 0 0 0 0 0
fn=__gconv_load_cache
49 8 1 1 2 0 0 3 0 0
56 5 1 1 0 0 0 1 0 0
57 1 0 0 0 0 0 0 0 0
61 7 1 1 0 0 0 2 0 0
62 2 0 0 0 0 0 0 0 0
67 3 0 0 0 0 0 0 0 0
70 3 0 0 1 0 0 0 0 0
78 4 0 0 0 0 0 3 0 0
80 7 1 1 0 0 0 1 0 0
81 2 0 0 0 0 0 0 0 0
113 2 0 0 1 0 0 0 0 0
114 5 0 0 1 1 1 0 0 0
115 4 1 1 2 0 0 0 0 0
116 3 0 0 1 0 0 0 0 0
117 2 0 0 1 0 0 0 0 0
118 2 0 0 0 0 0 0 0 0
119 1 0 0 0 0 0 0 0 0
121 3 0 0 1 0 0 0 0 0
122 5 1 1 5 0 0 0 0 0
139 1 0 0 0 0 0 0 0 0
140 10 0 0 5 0 0 0 0 0
fn=__gconv_lookup_cache
243 22 2 2 4 0 0 18 0 0
253 6 0 0 2 1 1 0 0 0
258 10 0 0 2 1 1 0 0 0
259 2 0 0 0 0 0 0 0 0
260 2 1 1 2 0 0 0 0 0
262 14 0 0 0 0 0 8 0 0
263 22 0 0 6 0 0 2 0 0
266 2 0 0 0 0 0 0 0 0
268 10 2 2 0 0 0 0 0 0
269 18 0 0 6 0 0 0 0 0
272 6 0 0 0 0 0 2 0 0
275 10 1 1 2 0 0 0 0 0
279 3 0 0 0 0 0 0 0 0
354 2 0 0 1 1 1 0 0 0
355 4 1 1 1 0 0 0 0 0
361 8 1 1 0 0 0 3 0 0
362 2 0 0 0 0 0 0 0 0
365 3 0 0 1 0 0 2 0 0
366 3 0 0 0 0 0 3 0 0
369 1 0 0 0 0 0 0 0 0
371 3 0 0 3 0 0 0 0 0
372 3 0 0 0 0 0 2 0 0
374 2 0 0 0 0 0 1 0 0
375 1 1 1 0 0 0 1 1 1
378 4 0 0 2 0 0 0 0 0
381 1 0 0 0 0 0 0 0 0
382 1 0 0 1 0 0 0 0 0
394 6 1 1 1 0 0 1 0 0
397 2 0 0 1 0 0 0 0 0
401 4 0 0 4 0 0 0 0 0
403 1 0 0 0 0 0 0 0 0
405 4 0 0 0 0 0 0 0 0
406 3 0 0 1 0 0 2 0 0
408 2 0 0 0 0 0 1 1 1
409 1 0 0 0 0 0 1 1 1
412 5 1 1 3 0 0 0 0 0
415 1 0 0 0 0 0 0 0 0
416 1 0 0 1 0 0 0 0 0
430 2 0 0 0 0 0 0 0 0
433 6 1 1 5 0 0 1 0 0
437 28 0 0 22 0 0 0 0 0
fn=find_module_idx
145 144 2 2 0 0 0 192 1 0
154 48 0 0 16 0 0 0 0 0
155 16 0 0 16 1 0 0 0 0
157 16 0 0 16 0 0 0 0 0
159 16 0 0 0 0 0 0 0 0
160 48 0 0 16 0 0 0 0 0
161 64 0 0 0 0 0 0 0 0
163 48 2 2 32 0 0 0 0 0
164 144 2 2 32 7 6 0 0 0
165 64 0 0 0 0 0 0 0 0
166 160 0 0 0 0 0 0 0 0
168 32 4 2 16 1 1 16 0 0
172 16 0 0 0 0 0 0 0 0
173 64 0 0 0 0 0 0 0 0
177 112 0 0 192 0 0 0 0 0
fl=./iconv/./iconv/gconv_conf.c
fn=__gconv_load_conf
527 16 7 2 0 0 0 16 0 0
528 48 0 0 0 0 0 0 0 0
529 8 7 2 16 0 0 0 0 0
fn=__gconv_read_conf
463 8 2 2 2 0 0 3 0 0
464 6 0 0 2 0 0 3 0 0
468 2 0 0 0 0 0 0 0 0
471 3 0 0 3 0 0 1 0 0
514 10 1 1 5 0 0 0 0 0
fl=./iconv/./iconv/gconv_db.c
fn=__gconv_compare_alias
688 66 6 1 12 0 0 30 0 0
692 6 0 0 0 0 0 0 0 0
694 30 4 1 0 0 0 0 0 0
698 6 0 0 6 0 0 0 0 0
699 66 0 0 42 0 0 0 0 0
fn=__gconv_find_transform
706 34 2 2 4 0 0 22 0 0
712 2 0 0 0 0 0 0 0 0
715 16 0 0 0 0 0 0 0 0
717 14 1 1 0 0 0 0 0 0
718 4 0 0 0 0 0 0 0 0
721 14 1 1 0 0 0 0 0 0
763 30 1 1 26 0 0 0 0 0
fl=./iconv/./iconv/gconv_simple.c
fn=__gconv_btwoc_ascii
49 384 1 1 0 0 0 256 0 0
51 128 0 0 0 0 0 0 0 0
54 384 0 0 256 0 0 0 0 0
fl=./intl/../include/../locale/localeinfo.h
fn=__dcigettext
222 3918 653 209 653 653 210 0 0 0
fl=./intl/../string/argz.h
fn=_nl_make_l10nflist
138 20 0 0 5 0 0 5 0 0
139 20 0 0 0 0 0 0 0 0
141 20 0 0 5 0 0 0 0 0
144 20 1 1 0 0 0 0 0 0
fl=./intl/../string/bits/string_fortified.h
fn=__dcigettext
45 4571 0 0 653 0 0 653 0 0
fn=_nl_make_l10nflist
29 48 4 1 0 0 0 0 0 0
fl=./intl/./intl/dcgettext.c
fn=dcgettext
46 1306 653 209 0 0 0 1306 0 0
47 3265 0 0 0 0 0 0 0 0
48 653 0 0 1306 0 0 0 0 0
fl=./intl/./intl/dcigettext.c
fn=__dcigettext
485 9795 1306 416 1306 653 6 10448 731 0
494 653 0 0 0 0 0 653 13 0
508 653 0 0 0 0 0 0 0 0
512 3265 0 0 0 0 0 0 0 0
517 653 653 205 0 0 0 0 0 0
521 4571 653 207 1306 0 0 1959 199 0
525 1959 0 0 0 0 0 0 0 0
528 2612 0 0 0 0 0 0 0 0
534 2612 653 208 653 268 207 0 0 0
544 653 0 0 0 0 0 653 0 0
545 653 0 0 0 0 0 653 0 0
546 653 0 0 0 0 0 653 0 0
547 653 0 0 0 0 0 653 0 0
551 2612 0 0 0 0 0 653 13 0
560 653 0 0 0 0 0 653 0 0
567 1959 0 0 0 0 0 0 0 0
569 5224 653 207 0 0 0 653 0 0
571 1306 0 0 0 0 0 0 0 0
573 653 0 0 0 0 0 0 0 0
601 3265 653 209 1306 652 210 0 0 0
616 1959 653 207 0 0 0 0 0 0
650 3265 653 207 0 0 0 653 0 0
651 9795 653 206 0 0 0 653 0 0
655 3918 653 206 0 0 0 653 0 0
660 9142 653 207 0 0 0 653 0 0
669 1959 0 0 653 0 0 0 0 0
671 653 0 0 0 0 0 0 0 0
682 653 653 204 0 0 0 0 0 0
683 2612 0 0 653 0 0 0 0 0
684 653 653 204 0 0 0 653 0 0
685 653 0 0 0 0 0 653 0 0
689 4571 0 0 1959 904 411 653 0 0
696 1959 0 0 653 0 0 0 0 0
697 2612 653 206 653 0 0 0 0 0
698 1959 0 0 0 0 0 653 0 0
710 1306 0 0 0 0 0 653 0 0
832 653 0 0 0 0 0 0 0 0
834 1306 653 207 653 0 0 0 0 0
836 2612 0 0 0 0 0 0 0 0
838 1959 0 0 0 0 0 0 0 0
853 1959 0 0 1959 0 0 653 0 0
857 3265 653 207 1306 0 0 0 0 0
858 10448 0 0 9795 0 0 0 0 0
1536 1959 0 0 0 0 0 0 0 0
1569 4571 653 206 1306 652 205 0 0 0
1570 653 0 0 0 0 0 0 0 0
fl=./intl/./intl/explodename.c
fn=_nl_explode_name
46 126 6 1 12 0 0 12 0 0
47 6 0 0 0 0 0 0 0 0
58 30 6 1 0 0 0 36 0 0
62 6 0 0 0 0 0 6 0 0
63 6 0 0 0 0 0 6 0 0
64 6 0 0 0 0 0 6 0 0
65 6 0 0 0 0 0 6 0 0
69 12 6 1 0 0 0 0 0 0
70 6 0 0 0 0 0 6 0 0
73 12 0 0 0 0 0 0 0 0
91 18 0 0 6 0 0 0 0 0
94 12 4 1 0 0 0 6 0 0
95 18 0 0 0 0 0 6 0 0
97 150 0 0 36 0 0 6 0 0
98 30 1 1 0 0 0 0 0 0
100 6 0 0 0 0 0 0 0 0
102 12 0 0 0 0 0 0 0 0
104 42 0 0 6 0 0 18 0 0
106 6 0 0 0 0 0 0 0 0
108 30 2 1 12 0 0 0 0 0
111 12 0 0 6 0 0 0 0 0
116 42 0 0 18 0 0 0 0 0
126 12 0 0 6 0 0 0 0 0
129 18 4 1 12 0 0 0 0 0
130 18 0 0 0 0 0 0 0 0
133 30 0 0 36 0 0 0 0 0
fl=./intl/./intl/hash-string.c
fn=__hash_string
32 32 5 2 0 0 0 32 0 0
37 16 0 0 0 0 0 0 0 0
38 276 0 0 130 1 1 0 0 0
41 228 4 2 0 0 0 0 0 0
42 114 0 0 0 0 0 0 0 0
46 342 0 0 0 0 0 0 0 0
50 32 0 0 32 0 0 0 0 0
fl=./intl/./intl/l10nflist.c
fn=_nl_make_l10nflist
73 4 0 0 0 0 0 0 0 0
74 39 0 0 0 0 0 0 0 0
76 36 1 1 0 0 0 0 0 0
77 24 1 1 0 0 0 0 0 0
79 12 0 0 0 0 0 0 0 0
96 36 0 0 0 0 0 0 0 0
98 24 0 0 0 0 0 0 0 0
99 24 0 0 0 0 0 0 0 0
101 24 0 0 0 0 0 0 0 0
102 36 0 0 0 0 0 0 0 0
140 20 0 0 0 0 0 0 0 0
141 20 0 0 0 0 0 0 0 0
142 12 1 1 0 0 0 0 0 0
143 4 0 0 0 0 0 0 0 0
157 192 5 2 0 0 0 192 0 0
166 60 0 0 0 0 0 0 0 0
167 48 0 0 0 0 0 0 0 0
169 48 0 0 0 0 0 12 0 0
171 72 3 1 8 0 0 0 0 0
173 84 0 0 8 0 0 12 0 0
175 60 3 1 0 0 0 12 0 0
176 36 0 0 12 0 0 0 0 0
178 12 0 0 0 0 0 0 0 0
188 36 2 1 0 0 0 12 0 0
189 24 0 0 0 0 0 0 0 0
191 24 0 0 12 0 0 0 0 0
196 12 0 0 0 0 0 0 0 0
198 16 0 0 0 0 0 8 0 0
199 16 6 1 8 0 0 0 0 0
201 24 6 1 12 0 0 0 0 0
203 16 0 0 0 0 0 8 0 0
204 16 0 0 8 0 0 0 0 0
206 24 0 0 12 0 0 0 0 0
212 24 0 0 0 0 0 12 0 0
213 36 0 0 12 0 0 0 0 0
217 12 6 1 0 0 0 0 0 0
218 80 0 0 40 1 1 12 0 0
219 52 0 0 26 0 0 0 0 0
221 52 0 0 0 0 0 0 0 0
222 52 0 0 0 0 0 0 0 0
225 19 0 0 0 0 0 0 0 0
232 16 0 0 0 0 0 0 0 0
235 10 1 1 5 0 0 0 0 0
237 16 5 0 0 0 0 0 0 0
238 8 0 0 0 0 0 0 0 0
242 12 0 0 0 0 0 0 0 0
243 16 0 0 0 0 0 4 0 0
244 12 1 1 4 0 0 0 0 0
245 4 0 0 0 0 0 0 0 0
251 12 0 0 0 0 0 4 1 1
255 4 0 0 0 0 0 4 0 0
256 36 0 0 0 0 0 0 0 0
258 4 0 0 0 0 0 4 1 1
260 8 1 1 0 0 0 0 0 0
262 6 0 0 3 0 0 3 0 0
263 6 0 0 3 0 0 3 0 0
267 2 0 0 1 0 0 1 0 0
268 1 0 0 0 0 0 1 0 0
275 12 0 0 0 0 0 0 0 0
276 25 0 0 0 0 0 0 0 0
277 20 0 0 0 0 0 0 0 0
284 5 0 0 0 0 0 0 0 0
285 95 1 1 35 0 0 30 0 0
290 24 1 1 4 0 0 0 0 0
291 4 0 0 0 0 0 0 0 0
292 8 0 0 0 0 0 0 0 0
300 8 0 0 0 0 0 4 0 0
303 108 4 1 144 0 0 0 0 0
fn=_nl_normalize_codeset
311 72 7 1 0 0 0 72 0 0
312 12 6 1 0 0 0 0 0 0
313 12 0 0 0 0 0 0 0 0
323 192 0 0 0 0 0 0 0 0
324 300 0 0 132 5 2 0 0 0
326 48 0 0 0 0 0 0 0 0
328 60 0 0 0 0 0 0 0 0
329 96 0 0 0 0 0 0 0 0
332 48 7 1 0 0 0 0 0 0
334 12 0 0 0 0 0 0 0 0
341 180 0 0 0 0 0 0 0 0
342 264 7 1 120 0 0 0 0 0
343 192 0 0 60 3 2 36 0 0
344 108 0 0 0 0 0 0 0 0
345 24 0 0 0 0 0 12 0 0
347 12 0 0 0 0 0 12 0 0
351 48 0 0 72 0 0 0 0 0
fl=./intl/./intl/localealias.c
fn=_nl_expand_alias
146 42 1 1 0 0 0 60 0 0
149 6 0 0 0 0 0 0 0 0
152 48 0 0 0 0 0 0 0 0
154 24 1 1 6 0 0 0 0 0
155 4 1 1 0 0 0 1 0 0
163 24 0 0 6 1 0 0 0 0
181 28 2 0 7 1 1 0 0 0
185 5 2 2 0 0 0 0 0 0
189 30 0 0 24 0 0 0 0 0
190 53 0 0 0 0 0 0 0 0
191 17 0 0 0 0 0 0 0 0
193 2 1 1 0 0 0 0 0 0
194 4 0 0 0 0 0 1 0 0
199 42 0 0 0 0 0 0 0 0
202 43 1 0 60 0 0 0 0 0
413 6 0 0 0 0 0 0 0 0
fn=read_alias_file
207 15 2 2 2 0 0 13 0 0
213 12 1 1 0 0 0 1 0 0
215 11 0 0 2 0 0 2 0 0
225 4 1 1 0 0 0 0 0 0
230 1 0 0 0 0 0 0 0 0
231 2 1 1 0 0 0 0 0 0
387 16 2 2 15 0 0 0 0 0
fl=./io/../sysdeps/posix/isatty.c
fn=isatty
24 6960 870 865 1740 36 0 2610 0 0
27 3480 0 0 0 0 0 0 0 0
28 8700 870 855 4350 0 0 0 0 0
fl=./io/../sysdeps/unix/syscall-template.S
fn=chdir
120 10 2 2 0 0 0 0 0 0
122 2 0 0 0 0 0 0 0 0
fl=./io/../sysdeps/unix/sysv/linux/access.c
fn=access
25 3 1 1 0 0 0 2 1 0
29 9 1 1 0 0 0 1 0 0
31 3 0 0 2 0 0 0 0 0
fl=./io/../sysdeps/unix/sysv/linux/close.c
fn=close
26 2592 864 861 0 0 0 2592 0 0
27 8640 864 864 864 0 0 0 0 0
28 3456 0 0 2592 0 0 0 0 0
fl=./io/../sysdeps/unix/sysv/linux/close_nocancel.c
fn=__GI___close_nocancel
25 86 33 22 0 0 0 86 0 0
26 215 0 0 0 0 0 0 0 0
27 86 22 22 86 0 0 0 0 0
fn=__close_nocancel
25 426 212 194 0 0 0 426 0 0
26 1065 211 183 0 0 0 0 0 0
27 426 0 0 426 0 0 0 0 0
fl=./io/../sysdeps/unix/sysv/linux/fcntl64.c
fn=fcntl
38 40 4 2 8 7 0 24 0 0
42 24 0 0 0 0 0 20 0 0
48 12 4 2 0 0 0 0 0 0
51 12 4 2 0 0 0 0 0 0
52 48 4 2 28 0 0 0 0 0
fl=./io/../sysdeps/unix/sysv/linux/fcntl_nocancel.c
fn=__fcntl64_nocancel_adjusted
51 32 4 2 8 0 0 12 0 0
52 8 0 0 0 0 0 0 0 0
55 4 0 0 0 0 0 0 0 0
63 20 4 2 0 0 0 0 0 0
64 40 0 0 20 0 0 0 0 0
fl=./io/../sysdeps/unix/sysv/linux/fstat64.c
fn=fstat
30 3976 1977 901 0 0 0 3976 22 21
39 9940 0 0 0 0 0 0 0 0
72 3976 1939 11 3976 0 0 0 0 0
fl=./io/../sysdeps/unix/sysv/linux/fstatat64.c
fn=fstatat
91 16072 4016 887 0 0 0 0 0 0
146 8036 4018 897 0 0 0 8036 0 0
160 3906 0 0 651 635 0 651 143 0
161 12054 0 0 0 0 0 0 0 0
162 8036 0 0 8036 0 0 0 0 0
fl=./io/../sysdeps/unix/sysv/linux/getcwd.c
fn=getcwd
49 33 3 3 6 3 1 15 2 2
55 3 0 0 0 0 0 0 0 0
66 6 3 3 6 0 0 0 0 0
76 3 0 0 0 0 0 3 0 0
80 15 3 3 3 0 0 0 0 0
81 18 3 3 6 0 0 0 0 0
84 9 3 3 6 0 0 0 0 0
88 15 3 3 6 0 0 3 0 0
131 33 3 3 18 0 0 0 0 0
fl=./io/../sysdeps/unix/sysv/linux/lseek64.c
fn=lseek
28 3474 873 791 0 0 0 3474 0 0
40 10440 3 1 3 0 0 3 0 0
42 3474 871 693 3474 0 0 0 0 0
fl=./io/../sysdeps/unix/sysv/linux/lstat64.c
fn=lstat
28 4 2 2 0 0 0 4 0 0
29 10 0 0 0 0 0 0 0 0
30 2 2 2 4 0 0 0 0 0
fl=./io/../sysdeps/unix/sysv/linux/open64.c
fn=open
30 11375 874 748 1750 866 856 6125 0 0
33 6119 873 804 0 0 0 0 0 0
36 6 1 1 0 0 0 5 0 0
41 11424 875 819 884 3 0 8 1 0
43 11375 8 4 7000 0 0 0 0 0
fl=./io/../sysdeps/unix/sysv/linux/open64_nocancel.c
fn=__open_nocancel
28 2639 444 424 428 211 182 1027 27 25
31 1897 0 0 0 0 0 0 0 0
39 1446 33 33 5 0 0 19 3 0
41 2254 210 200 1184 0 0 0 0 0
fl=./io/../sysdeps/unix/sysv/linux/read.c
fn=read
25 5220 872 488 0 0 0 6960 1 0
26 17400 875 621 1740 0 0 0 0 0
27 6960 0 0 6960 0 0 0 0 0
fl=./io/../sysdeps/unix/sysv/linux/read_nocancel.c
fn=__read_nocancel
25 74 36 23 0 0 0 74 0 0
26 185 33 23 0 0 0 0 0 0
27 74 0 0 74 0 0 0 0 0
fl=./io/../sysdeps/unix/sysv/linux/readlink.c
fn=readlink
28 24 2 2 0 0 0 12 0 0
32 72 2 2 5 1 0 5 1 0
34 12 2 2 12 0 0 0 0 0
fl=./io/../sysdeps/unix/sysv/linux/stat64.c
fn=stat
28 8032 4014 880 0 0 0 8032 0 0
29 20080 0 0 0 0 0 0 0 0
30 4016 0 0 8032 0 0 0 0 0
fl=./io/../sysdeps/unix/sysv/linux/statfs64.c
fn=statfs
30 2 1 1 0 0 0 2 0 0
34 10 1 1 1 0 0 1 0 0
36 2 0 0 2 0 0 0 0 0
fl=./io/../sysdeps/unix/sysv/linux/write.c
fn=write
25 60 20 13 0 0 0 80 0 0
26 200 20 13 20 0 0 0 0 0
27 80 0 0 80 0 0 0 0 0
fl=./libio/../include/printf_buffer.h
fn=__vsnprintf_internal
125 1256 0 0 0 0 0 2512 200 6
127 1256 0 0 0 0 0 2512 0 0
128 2512 0 0 0 0 0 1256 16 2
137 1256 0 0 0 0 0 0 0 0
fn=__vsprintf_internal
125 17348 0 0 0 0 0 34696 5213 0
127 17348 0 0 0 0 0 34696 0 0
128 34696 0 0 0 0 0 17348 0 0
fl=./libio/../libio/libioP.h
fn=_IO_seekoff_unlocked
1025 12 0 0 0 0 0 0 0 0
1026 8 0 0 0 0 0 0 0 0
fn=ftello
979 2 1 1 0 0 0 0 0 0
fl=./libio/../string/bits/string_fortified.h
fn=_IO_file_xsgetn
29 39 2 2 0 0 0 0 0 0
fn=_IO_getline_info
29 2742 4 0 0 0 0 0 0 0
fn=getdelim
29 336 1 1 0 0 0 0 0 0
fl=./libio/./libio/filedoalloc.c
fn=_IO_file_doallocate
78 50 4 4 10 0 0 25 1 0
84 40 0 0 15 0 0 0 0 0
86 20 0 0 5 1 1 0 0 0
97 25 0 0 5 0 0 0 0 0
98 5 4 4 0 0 0 0 0 0
101 15 0 0 0 0 0 0 0 0
102 5 0 0 0 0 0 0 0 0
104 20 4 4 0 0 0 0 0 0
105 5 0 0 0 0 0 0 0 0
106 55 0 0 35 0 0 0 0 0
fl=./libio/./libio/fileno.c
fn=fileno
32 22 7 5 0 0 0 22 0 0
35 44 0 0 22 12 12 0 0 0
42 22 0 0 22 0 0 0 0 0
fl=./libio/./libio/fileops.c
fn=_IO_file_close
1165 10 4 4 0 0 0 10 0 0
1168 10 0 0 5 0 0 0 0 0
1169 5 0 0 10 0 0 0 0 0
fn=_IO_file_close_it@@GLIBC_2.17
128 15 4 4 0 0 0 15 0 0
130 15 4 4 5 0 0 0 0 0
133 10 0 0 0 0 0 0 0 0
134 25 0 0 5 0 0 10 0 0
137 5 0 0 0 0 0 0 0 0
139 10 0 0 0 0 0 0 0 0
141 5 0 0 5 0 0 0 0 0
142 35 0 0 10 2 0 0 0 0
145 15 0 0 5 0 0 0 0 0
153 25 5 4 0 0 0 0 0 0
154 20 0 0 0 0 0 15 0 0
157 10 5 4 0 0 0 0 0 0
158 15 0 0 0 0 0 5 0 0
159 10 0 0 0 0 0 5 0 0
160 15 0 0 10 0 0 5 0 0
162 10 0 0 0 0 0 0 0 0
163 20 5 4 15 0 0 0 0 0
fn=_IO_file_finish@@GLIBC_2.17
168 20 5 4 0 0 0 20 0 0
169 15 0 0 5 0 0 0 0 0
175 15 5 4 0 0 0 0 0 0
176 10 4 1 20 0 0 0 0 0
fn=_IO_file_fopen@@GLIBC_2.17
213 110 11 6 22 0 0 55 0 0
214 11 10 6 0 0 0 0 0 0
222 33 10 6 11 0 0 0 0 0
223 6 6 2 0 0 0 0 0 0
224 44 0 0 11 5 5 0 0 0
227 11 0 0 0 0 0 0 0 0
228 55 0 0 22 0 0 22 0 0
238 22 0 0 0 0 0 0 0 0
245 22 0 0 0 0 0 0 0 0
247 184 19 11 22 0 0 0 0 0
268 6 2 2 2 0 0 2 0 0
269 2 0 0 0 0 0 0 0 0
271 2 0 0 0 0 0 0 0 0
272 6 0 0 2 0 0 2 0 0
273 2 0 0 0 0 0 0 0 0
281 55 10 6 0 0 0 0 0 0
284 11 0 0 0 0 0 0 0 0
287 20 0 0 0 0 0 0 0 0
288 5 0 0 0 0 0 0 0 0
357 132 12 8 77 0 0 0 0 0
fn=_IO_file_open
182 99 10 6 0 0 0 55 0 0
184 22 11 6 11 0 0 0 0 0
185 6 0 0 0 0 0 0 0 0
188 18 0 0 0 0 0 0 0 0
189 11 0 0 0 0 0 0 0 0
190 12 6 2 0 0 0 0 0 0
191 5 0 0 0 0 0 5 0 0
192 35 0 0 5 0 0 5 0 0
195 15 4 4 0 0 0 0 0 0
205 10 5 4 0 0 0 0 0 0
206 5 0 0 0 0 0 0 0 0
207 44 0 0 55 0 0 0 0 0
fn=_IO_file_read
1131 34 7 1 0 0 0 34 0 0
1133 19 0 0 34 0 0 0 0 0
1134 32 0 0 0 0 0 0 0 0
1135 17 0 0 34 0 0 0 0 0
fn=_IO_file_seek
1140 6 1 1 0 0 0 6 0 0
1141 6 0 0 3 0 0 0 0 0
1142 3 0 0 6 0 0 0 0 0
fn=_IO_file_seekoff@@GLIBC_2.17
843 1 0 0 0 0 0 0 0 0
847 4 2 2 2 1 0 0 0 0
849 3 0 0 6 0 0 0 0 0
851 1 1 1 1 0 0 0 0 0
856 3 0 0 0 0 0 0 0 0
866 2 0 0 0 0 0 0 0 0
867 3 0 0 2 0 0 0 0 0
880 7 3 3 2 0 0 2 0 0
883 6 0 0 2 1 1 0 0 0
885 3 0 0 2 0 0 0 0 0
890 4 2 2 0 0 0 0 0 0
901 40 2 2 8 2 0 20 0 0
909 8 2 2 0 0 0 4 0 0
914 2 0 0 0 0 0 0 0 0
915 10 0 0 4 0 0 4 0 0
918 8 0 0 2 0 0 0 0 0
930 4 0 0 2 0 0 0 0 0
943 6 1 1 0 0 0 0 0 0
947 3 2 2 2 0 0 0 0 0
949 3 0 0 1 0 0 0 0 0
976 2 1 1 0 0 0 0 0 0
981 3 0 0 1 0 0 0 0 0
982 4 1 1 1 0 0 0 0 0
998 1 0 0 0 0 0 0 0 0
1002 3 1 1 2 0 0 0 0 0
1003 1 0 0 0 0 0 0 0 0
1004 1 0 0 0 0 0 0 0 0
1007 3 0 0 0 0 0 0 0 0
1009 6 1 1 2 0 0 0 0 0
1010 1 0 0 0 0 0 0 0 0
1012 1 0 0 0 0 0 0 0 0
1027 4 1 1 1 0 0 2 0 0
1029 2 0 0 0 0 0 4 0 0
1030 1 0 0 0 0 0 1 0 0
1031 3 0 0 1 0 0 1 0 0
1032 4 1 1 4 0 0 0 0 0
1035 2 0 0 0 0 0 0 0 0
1036 6 0 0 2 0 0 0 0 0
1037 2 0 0 0 0 0 0 0 0
1039 5 0 0 5 0 0 1 0 0
1040 1 0 0 0 0 0 1 0 0
1041 2 0 0 1 0 0 2 0 0
1042 2 0 0 0 0 0 4 0 0
1055 44 1 1 28 0 0 0 0 0
fn=_IO_file_stat
1147 10 3 3 0 0 0 10 1 1
1148 10 4 4 5 0 0 0 0 0
1149 5 0 0 10 0 0 0 0 0
fn=_IO_file_sync@@GLIBC_2.17
793 48 2 2 0 0 0 48 0 0
798 36 0 0 24 2 1 0 0 0
800 12 0 0 24 0 0 0 0 0
801 24 0 0 0 0 0 0 0 0
812 36 1 1 0 0 0 12 0 0
816 36 1 1 48 0 0 0 0 0
fn=_IO_file_underflow@@GLIBC_2.17
462 76 8 5 0 0 0 76 2 0
466 38 0 0 19 0 0 0 0 0
467 12 1 0 0 0 0 0 0 0
469 17 0 0 0 0 0 0 0 0
475 51 0 0 34 0 0 0 0 0
478 68 8 5 17 0 0 68 0 0
481 6 2 2 3 0 0 0 0 0
486 6 0 0 0 0 0 0 0 0
490 57 2 2 3 0 0 0 0 0
499 34 7 5 0 0 0 0 0 0
506 34 0 0 0 0 0 0 0 0
512 17 0 0 17 0 0 0 0 0
513 17 0 0 0 0 0 34 0 0
514 17 0 0 0 0 0 34 0 0
515 17 0 0 0 0 0 34 0 0
517 102 0 0 51 5 1 0 0 0
519 34 11 5 0 0 0 0 0 0
522 20 1 1 4 0 0 4 0 0
526 39 0 0 13 0 0 13 0 0
532 8 0 0 0 0 0 4 0 0
533 8 0 0 16 0 0 0 0 0
535 39 0 0 13 0 0 0 0 0
536 6 0 0 0 0 0 3 0 0
537 52 0 0 78 4 1 0 0 0
538 57 3 0 76 0 0 0 0 0
fn=_IO_file_xsgetn
1273 104 2 2 0 0 0 104 0 0
1280 26 0 0 13 0 0 0 0 0
1283 4 2 2 2 0 0 0 0 0
1288 6 2 2 0 0 0 0 0 0
1291 52 0 0 0 0 0 0 0 0
1293 32 0 0 32 0 0 0 0 0
1294 32 0 0 0 0 0 0 0 0
1297 39 0 0 13 0 0 13 0 0
1302 3 0 0 0 0 0 0 0 0
1310 6 0 0 3 0 0 0 0 0
1319 6 0 0 3 0 0 0 0 0
1320 12 0 0 3 0 0 0 0 0
1322 12 0 0 0 0 0 0 0 0
1361 65 2 2 104 0 0 0 0 0
fn=_IO_new_file_init_internal
106 44 10 6 0 0 0 44 0 0
110 22 0 0 0 0 0 11 0 0
111 44 0 0 11 0 0 11 0 0
113 11 0 0 0 0 0 0 0 0
114 11 0 0 0 0 0 11 0 0
115 33 10 6 44 0 0 0 0 0
fl=./libio/./libio/fseek.c
fn=fseek
32 8 2 2 0 0 0 7 0 0
35 2 0 0 1 0 0 0 0 0
36 7 1 1 0 0 0 0 0 0
39 6 1 1 7 0 0 0 0 0
fl=./libio/./libio/ftello.c
fn=ftello
38 5 1 1 0 0 0 5 0 0
41 2 0 0 1 0 0 0 0 0
42 6 1 1 0 0 0 0 0 0
43 2 1 1 1 0 0 0 0 0
49 2 0 0 0 0 0 0 0 0
61 5 0 0 5 0 0 0 0 0
fl=./libio/./libio/genops.c
fn=_IO_cleanup
776 6 0 0 0 0 0 2 0 0
777 12 1 1 2 0 0 2 0 0
780 10 2 2 6 0 0 0 0 0
784 3 0 0 0 0 0 3 0 0
785 30 0 0 12 0 0 6 0 0
792 4 0 0 0 0 0 0 0 0
794 4 1 1 2 0 0 0 0 0
808 2 0 0 2 0 0 0 0 0
814 5 0 0 0 0 0 3 0 0
816 25 2 2 6 0 0 6 0 0
817 3 0 0 0 0 0 3 0 0
821 10 1 1 3 0 0 2 0 0
822 2 1 1 0 0 0 0 0 0
842 12 2 2 2 2 2 11 0 0
843 2 0 0 0 0 0 0 0 0
855 15 0 0 13 0 0 0 0 0
fn=_IO_default_finish
54 10 0 0 5 0 0 0 0 0
601 20 5 4 0 0 0 15 0 0
603 10 0 0 5 0 0 0 0 0
609 10 0 0 5 0 0 0 0 0
612 10 5 4 5 0 0 0 0 0
624 15 0 0 15 0 0 0 0 0
fn=_IO_default_uflow
361 40 5 4 0 0 0 40 0 0
362 40 0 0 20 8 3 0 0 0
363 20 0 0 0 0 0 0 0 0
365 24 0 0 12 0 0 6 0 0
366 30 0 0 40 0 0 0 0 0
fn=_IO_doallocbuf
343 20 4 4 0 0 0 20 1 0
344 10 0 0 5 0 0 0 0 0
346 15 0 0 5 0 0 5 0 0
347 30 4 4 10 3 3 0 0 0
350 20 4 4 25 0 0 0 0 0
fn=_IO_flush_all
686 12 1 1 2 0 0 11 0 0
687 2 1 1 0 0 0 0 0 0
691 6 2 2 0 0 0 2 0 0
692 12 0 0 2 1 1 2 0 0
695 10 2 2 6 3 3 0 0 0
697 3 0 0 0 0 0 3 0 0
698 34 1 1 12 6 5 6 0 0
700 18 1 1 9 4 4 0 0 0
705 2 0 0 0 0 0 2 0 0
708 30 1 1 12 0 0 6 0 0
709 3 0 0 0 0 0 3 0 0
713 10 1 1 3 0 0 2 0 0
714 2 1 1 0 0 0 0 0 0
718 15 1 1 13 0 0 0 0 0
fn=_IO_free_backup_area
187 4 1 1 0 0 0 3 0 0
188 2 0 0 1 0 0 0 0 0
190 2 0 0 1 0 0 0 0 0
191 1 0 0 0 0 0 2 0 0
192 1 0 0 0 0 0 1 0 0
194 3 0 0 3 0 0 0 0 0
fn=_IO_link_in
87 160 7 6 32 0 0 80 0 0
88 32 0 0 16 0 0 0 0 0
90 33 11 6 0 0 0 33 0 0
92 66 0 0 0 0 0 22 1 0
93 143 21 12 22 9 6 44 0 0
94 11 0 0 0 0 0 11 0 0
95 88 20 12 33 0 0 22 0 0
97 33 0 0 11 6 5 11 0 0
98 11 0 0 0 0 0 11 0 0
100 44 0 0 11 0 0 22 0 0
101 22 0 0 0 0 0 11 0 0
102 77 10 6 11 0 0 22 0 0
103 22 10 6 0 0 0 0 0 0
106 209 0 0 156 0 0 0 0 0
fn=_IO_no_init
563 88 11 6 0 0 0 66 0 0
564 11 0 0 0 0 0 0 0 0
565 11 0 0 0 0 0 11 8 6
566 11 0 0 0 0 0 0 0 0
568 11 0 0 0 0 0 11 0 0
572 44 11 6 0 0 0 55 0 0
579 11 0 0 0 0 0 11 10 6
581 11 0 0 0 0 0 11 9 5
587 11 0 0 0 0 0 11 0 0
588 44 0 0 66 0 0 0 0 0
fn=_IO_old_init
531 22 10 6 0 0 0 22 0 0
532 33 11 6 0 0 0 11 0 0
534 55 0 0 11 9 6 0 0 0
539 66 0 0 0 0 0 66 7 6
544 22 0 0 0 0 0 22 0 0
550 11 0 0 0 0 0 11 0 0
555 22 0 0 11 0 0 0 0 0
556 22 0 0 0 0 0 22 10 6
558 22 0 0 22 0 0 0 0 0
fn=_IO_setb
329 80 11 10 0 0 0 60 0 0
330 35 0 0 20 0 0 0 0 0
331 5 0 0 0 0 0 0 0 0
333 10 0 0 0 0 0 20 0 0
335 60 2 1 5 0 0 10 0 0
338 40 0 0 60 0 0 0 0 0
fn=_IO_sgetn
409 39 2 2 0 0 0 39 0 0
411 52 0 0 26 1 1 0 0 0
412 26 2 2 39 0 0 0 0 0
fn=_IO_sputbackc
635 4 1 1 0 0 0 4 0 0
638 4 0 0 2 1 0 0 0 0
639 3 0 0 1 0 0 0 0 0
641 3 1 1 0 0 0 1 0 0
647 1 0 0 0 0 0 0 0 0
648 3 1 1 1 0 0 1 0 0
651 3 0 0 4 0 0 0 0 0
fn=_IO_switch_to_get_mode
164 68 7 5 0 0 0 68 1 0
165 68 0 0 34 0 0 0 0 0
168 34 7 5 17 0 0 0 0 0
172 34 0 0 17 0 0 17 0 0
173 51 0 0 17 0 0 0 0 0
176 17 0 0 0 0 0 17 0 0
178 34 0 0 0 0 0 34 0 0
180 34 7 5 0 0 0 17 0 0
181 17 0 0 0 0 0 0 0 0
182 51 0 0 68 0 0 0 0 0
fn=_IO_un_link
53 32 11 6 0 0 0 32 0 0
54 32 0 0 16 0 0 0 0 0
82 32 3 1 32 0 0 0 0 0
fn=_IO_unsave_markers
937 24 4 4 0 0 0 18 0 0
939 12 0 0 6 0 0 0 0 0
944 12 6 4 6 1 0 0 0 0
946 18 0 0 18 0 0 0 0 0
fn=__GI__IO_un_link.part.0
52 132 21 12 22 4 2 99 1 0
58 66 0 0 0 0 0 22 0 0
59 132 10 6 22 2 1 22 0 0
60 11 0 0 0 0 0 11 0 0
61 82 11 6 31 2 0 20 0 0
63 44 21 11 11 2 1 0 0 0
65 32 1 1 0 0 0 0 0 0
66 33 11 6 11 0 0 11 0 0
74 22 11 6 0 0 0 11 0 0
76 81 0 0 20 0 0 20 0 0
77 22 0 0 0 0 0 11 0 0
78 67 10 5 11 0 0 22 0 0
79 22 11 6 0 0 0 0 0 0
82 143 0 0 121 0 0 0 0 0
fn=__uflow
299 40 9 4 0 0 0 40 0 0
300 40 6 4 10 4 1 0 0 0
305 20 0 0 10 0 0 0 0 0
308 30 9 4 20 0 0 0 0 0
310 20 0 0 10 0 0 0 0 0
316 20 0 0 10 0 0 0 0 0
321 20 0 0 10 6 1 0 0 0
323 50 0 0 20 8 2 0 0 0
324 20 0 0 40 0 0 0 0 0
fn=__underflow
269 36 3 3 0 0 0 36 0 0
270 36 0 0 9 0 0 4 0 0
275 18 0 0 9 0 0 0 0 0
278 27 0 0 18 0 0 0 0 0
280 18 0 0 9 0 0 0 0 0
286 18 3 3 9 0 0 0 0 0
291 18 3 3 9 0 0 0 0 0
293 45 0 0 18 3 3 0 0 0
294 18 0 0 36 0 0 0 0 0
fl=./libio/./libio/getc.c
fn=getc
34 5 1 1 0 0 0 5 0 0
37 2 0 0 1 1 0 0 0 0
38 4 1 1 2 1 0 0 0 0
43 3 1 1 5 0 0 0 0 0
fl=./libio/./libio/iofclose.c
fn=fclose@@GLIBC_2.17
34 30 9 8 0 0 0 35 1 0
48 10 0 0 5 1 0 0 0 0
49 5 5 4 0 0 0 0 0 0
51 59 8 6 17 0 0 8 0 0
52 9 5 4 0 0 0 0 0 0
53 15 5 4 0 0 0 0 0 0
57 25 0 0 10 1 0 0 0 0
58 15 5 4 5 0 0 0 0 0
71 10 0 0 5 0 0 0 0 0
76 30 0 0 35 0 0 0 0 0
fl=./libio/./libio/iofflush.c
fn=fflush
32 60 2 1 0 0 0 60 0 0
33 12 2 1 0 0 0 0 0 0
39 168 4 3 48 6 5 24 0 0
40 72 0 0 24 3 2 0 0 0
44 60 0 0 60 0 0 0 0 0
fl=./libio/./libio/iofgets.c
fn=fgets
32 1564 1 1 0 0 0 1955 0 0
37 1564 0 0 0 0 0 0 0 0
39 782 0 0 0 0 0 0 0 0
47 6256 2 2 1564 0 0 1564 0 0
51 391 0 0 0 0 0 0 0 0
52 782 26 1 0 0 0 391 0 0
53 2737 0 0 0 0 0 0 0 0
56 1172 2 1 391 0 0 0 0 0
57 391 0 0 0 0 0 0 0 0
60 390 0 0 0 0 0 390 0 0
61 390 0 0 0 0 0 0 0 0
63 1172 0 0 390 0 0 391 0 0
66 1955 0 0 1955 0 0 0 0 0
fl=./libio/./libio/iofopen.c
fn=__fopen_internal
37 10 0 0 5 0 0 0 0 0
57 88 10 6 0 0 0 77 1 0
65 22 10 6 0 0 0 0 0 0
67 11 0 0 0 0 0 0 0 0
68 6 0 0 0 0 0 0 0 0
70 22 0 0 0 0 0 11 8 6
72 88 0 0 0 0 0 0 0 0
73 33 0 0 0 0 0 11 0 0
74 22 10 6 0 0 0 0 0 0
75 66 0 0 0 0 0 0 0 0
78 12 6 2 0 0 0 0 0 0
79 12 0 0 0 0 0 0 0 0
81 66 4 4 77 0 0 0 0 0
fn=fopen@@GLIBC_2.17
85 22 10 6 0 0 0 22 0 0
86 22 0 0 0 0 0 0 0 0
87 11 0 0 22 0 0 0 0 0
fl=./libio/./libio/iofread.c
fn=fread
31 4 1 1 0 0 0 5 0 0
32 1 0 0 0 0 0 0 0 0
35 1 0 0 0 0 0 0 0 0
37 20 2 2 4 0 0 6 0 0
38 5 1 1 0 0 0 0 0 0
40 4 1 1 2 0 0 0 0 0
41 6 0 0 7 0 0 0 0 0
fl=./libio/./libio/iofread_u.c
fn=fread_unlocked
34 36 1 1 0 0 0 48 0 0
35 12 0 0 0 0 0 0 0 0
38 12 0 0 0 0 0 0 0 0
40 72 0 0 0 0 0 12 0 0
41 48 1 1 12 0 0 0 0 0
42 60 0 0 48 0 0 0 0 0
fl=./libio/./libio/ioftell.c
fn=ftell
34 5 1 1 0 0 0 5 0 0
37 14 2 2 4 2 0 2 0 0
38 6 1 1 0 0 0 0 0 0
39 2 0 0 1 0 0 0 0 0
45 2 0 0 0 0 0 0 0 0
57 5 0 0 5 0 0 0 0 0
fl=./libio/./libio/iogetdelim.c
fn=getdelim
41 1006 1 1 0 0 0 1008 0 0
47 1092 2 2 336 0 0 168 0 0
48 84 0 0 0 0 0 0 0 0
50 2 0 0 0 0 0 0 0 0
54 252 1 1 0 0 0 0 0 0
62 332 0 0 166 0 0 0 0 0
64 4 1 1 0 0 0 2 0 0
65 4 0 0 0 0 0 2 0 0
66 2 0 0 0 0 0 0 0 0
74 168 1 1 168 0 0 0 0 0
75 168 0 0 0 0 0 0 0 0
77 16 1 1 0 0 0 0 0 0
82 6 0 0 4 0 0 0 0 0
89 420 1 1 0 0 0 0 0 0
91 252 0 0 0 0 0 0 0 0
92 416 1 1 0 0 0 0 0 0
100 168 0 0 0 0 0 0 0 0
101 252 0 0 84 0 0 0 0 0
105 3 0 0 0 0 0 0 0 0
107 86 0 0 84 0 0 0 0 0
108 1 0 0 0 0 0 0 0 0
114 1 0 0 0 0 0 1 0 0
115 1 0 0 0 0 0 1 0 0
117 1 0 0 1 0 0 0 0 0
118 252 0 0 84 0 0 84 0 0
119 2 0 0 0 0 0 0 0 0
120 92 0 0 0 0 0 0 0 0
122 4 0 0 4 0 0 0 0 0
124 164 1 1 82 0 0 82 0 0
130 672 0 0 1008 0 0 0 0 0
fl=./libio/./libio/iogetline.c
fn=_IO_getline
33 782 1 1 0 0 0 782 0 0
34 782 0 0 0 0 0 0 0 0
35 391 0 0 782 0 0 0 0 0
fn=_IO_getline_info
49 4692 23 2 0 0 0 3910 0 0
51 391 0 0 0 0 0 0 0 0
53 782 0 0 391 0 0 0 0 0
54 3 1 1 0 0 0 1 0 0
55 1572 0 0 2 0 0 782 0 0
57 796 0 0 796 0 0 0 0 0
58 796 0 0 0 0 0 0 0 0
60 10 1 1 0 0 0 0 0 0
61 10 0 0 0 0 0 0 0 0
63 1 1 1 0 0 0 0 0 0
67 8 0 0 0 0 0 0 0 0
77 13 1 1 0 0 0 4 0 0
78 5 0 0 0 0 0 0 0 0
83 786 0 0 0 0 0 0 0 0
85 1975 21 1 0 0 0 0 0 0
86 393 0 0 0 0 0 0 0 0
88 390 0 0 0 0 0 0 0 0
89 390 0 0 0 0 0 0 0 0
90 780 0 0 0 0 0 0 0 0
92 390 0 0 0 0 0 0 0 0
94 390 0 0 0 0 0 0 0 0
97 390 0 0 0 0 0 390 0 0
98 780 0 0 780 0 0 0 0 0
101 9 0 0 3 0 0 3 0 0
102 3 3 0 0 0 0 0 0 0
103 3 0 0 0 0 0 0 0 0
106 1 0 0 0 0 0 0 0 0
107 2346 0 0 3910 0 0 0 0 0
fl=./libio/./libio/ioseekoff.c
fn=_IO_seekoff_unlocked
33 36 2 2 0 0 0 28 0 0
34 8 2 2 0 0 0 0 0 0
43 14 1 1 4 0 0 0 0 0
59 32 2 2 8 1 1 0 0 0
60 16 1 1 28 0 0 0 0 0
fl=./libio/./libio/ioungetc.c
fn=ungetc
31 4 1 1 0 0 0 4 0 0
34 2 0 0 0 0 0 0 0 0
36 4 1 1 1 0 0 2 0 0
37 4 1 1 2 0 0 0 0 0
42 2 0 0 4 0 0 0 0 0
fl=./libio/./libio/iovsprintf.c
fn=__vsprintf_internal
37 242872 12983 1113 34696 0 0 69392 5758 13
45 17348 0 0 0 0 0 0 0 0
47 17348 0 0 0 0 0 17348 1 0
52 34696 0 0 0 0 0 0 0 0
62 104088 0 0 34696 0 0 34696 233 0
66 52044 6444 1207 34696 0 0 0 0 0
68 17398 19 4 0 0 0 17348 0 0
70 34696 0 0 0 0 0 0 0 0
71 190828 6425 5518 104088 0 0 0 0 0
fl=./libio/./libio/libioP.h
fn=_IO_cleanup
1025 3 1 1 0 0 0 2 0 0
fn=_IO_default_uflow
1025 30 5 3 0 0 0 0 0 0
1026 20 0 0 0 0 0 0 0 0
fn=_IO_doallocbuf
1025 15 0 0 0 0 0 0 0 0
1026 10 0 0 0 0 0 0 0 0
fn=_IO_file_close_it@@GLIBC_2.17
1025 15 5 4 0 0 0 0 0 0
1026 10 0 0 0 0 0 0 0 0
fn=_IO_file_doallocate
1025 15 0 0 0 0 0 0 0 0
1026 10 4 4 0 0 0 0 0 0
fn=_IO_file_seekoff@@GLIBC_2.17
1025 9 2 2 0 0 0 0 0 0
1026 6 1 1 0 0 0 0 0 0
fn=_IO_file_underflow@@GLIBC_2.17
1025 34 11 5 0 0 0 0 0 0
1026 34 0 0 0 0 0 0 0 0
fn=_IO_file_xsgetn
1025 26 2 2 0 0 0 0 0 0
fn=_IO_flush_all
1025 3 0 0 0 0 0 0 0 0
fn=_IO_sgetn
1025 39 0 0 0 0 0 0 0 0
1026 26 0 0 0 0 0 0 0 0
fn=__uflow
1025 30 0 0 0 0 0 0 0 0
1026 20 0 0 0 0 0 0 0 0
fn=__underflow
1025 27 0 0 0 0 0 0 0 0
1026 18 0 0 0 0 0 0 0 0
fn=fclose@@GLIBC_2.17
952 50 5 4 15 7 6 0 0 0
958 10 0 0 0 0 0 0 0 0
979 15 0 0 5 0 0 0 0 0
980 40 0 0 15 0 0 10 0 0
1025 15 0 0 0 0 0 0 0 0
1026 10 1 1 0 0 0 0 0 0
fn=fflush
979 24 0 0 12 0 0 0 0 0
980 96 0 0 36 0 0 24 0 0
1025 36 0 0 0 0 0 0 0 0
1026 24 0 0 0 0 0 0 0 0
fn=fgets
979 781 0 0 0 0 0 0 0 0
980 3910 46 1 1955 0 0 782 0 0
fn=fread
979 2 0 0 1 0 0 0 0 0
980 8 1 1 3 0 0 2 0 0
fn=fseek
979 2 0 0 1 0 0 0 0 0
fn=ftell
979 2 1 1 0 0 0 0 0 0
980 8 1 1 3 0 0 2 0 0
fn=getdelim
979 168 2 1 84 0 0 0 0 0
980 672 0 0 252 0 0 168 0 0
fn=rewind
979 1 0 0 0 0 0 0 0 0
980 8 1 1 3 0 0 2 0 0
fl=./libio/./libio/rewind.c
fn=rewind
32 5 1 1 0 0 0 5 0 0
34 14 3 3 4 0 0 2 0 0
35 5 1 1 0 0 0 0 0 0
36 3 0 0 1 0 0 1 0 0
38 4 0 0 5 0 0 0 0 0
fl=./libio/./libio/vsnprintf.c
fn=__vsnprintf_internal
63 1256 0 0 0 0 0 0 0 0
66 1256 0 0 0 0 0 1256 5 2
75 3768 0 0 2512 0 0 0 0 0
76 1256 0 0 0 0 0 1256 0 0
87 2512 0 0 0 0 0 0 0 0
93 16328 1346 46 2512 1 0 5024 9 3
96 7536 24 23 2512 0 0 2512 108 2
98 13816 40 23 7536 0 0 0 0 0
fl=./libio/./libio/vtables.c
fn=check_stdfiles_vtables
545 2 0 0 0 0 0 2 0 0
546 8 1 1 2 1 0 0 0 0
547 5 1 1 2 1 0 0 0 0
548 6 0 0 2 1 0 0 0 0
550 2 0 0 2 0 0 0 0 0
fl=./locale/../iconv/gconv_charset.h
fn=_nl_find_locale
58 12 0 0 0 0 0 0 0 0
60 144 6 1 72 0 0 0 0 0
62 396 6 1 72 1 0 0 0 0
63 570 6 1 0 0 0 0 0 0
64 240 0 0 60 5 4 60 0 0
74 36 12 2 0 0 0 0 0 0
75 84 0 0 0 0 0 0 0 0
77 12 0 0 0 0 0 12 0 0
78 6 0 0 0 0 0 0 0 0
85 504 10 2 198 1 1 96 0 0
fl=./locale/../string/bits/string_fortified.h
fn=_nl_find_locale
29 24 0 0 0 0 0 0 0 0
fn=_nl_intern_locale_data
59 11 0 0 0 0 0 2 0 0
fn=_nl_load_locale_from_archive
29 24 0 0 0 0 0 0 0 0
fl=./locale/../sysdeps/unix/sysv/linux/not-cancel.h
fn=_nl_load_locale
75 2 0 0 0 0 0 0 0 0
fl=./locale/./locale/findlocale.c
fn=_nl_find_locale
65 162 0 0 8 0 0 0 0 0
74 18 0 0 0 0 0 0 0 0
77 12 0 0 0 0 0 0 0 0
81 42 4 1 0 0 0 0 0 0
84 12 0 0 0 0 0 0 0 0
86 6 0 0 0 0 0 0 0 0
87 42 0 0 12 0 0 0 0 0
95 30 0 0 0 0 0 0 0 0
103 901 6 2 106 0 0 583 0 0
106 106 0 0 53 0 0 53 0 0
114 106 0 0 53 0 0 0 0 0
118 200 5 1 0 0 0 50 0 0
120 150 0 0 0 0 0 50 0 0
122 184 0 0 0 0 0 46 0 0
123 4 1 0 4 0 0 0 0 0
124 230 1 1 0 0 0 46 0 0
131 220 4 1 4 0 0 0 0 0
132 30 0 0 0 0 0 0 0 0
136 94 0 0 0 0 0 47 0 0
137 188 5 1 47 3 1 0 0 0
145 12 0 0 6 0 0 6 0 0
149 6 0 0 0 0 0 0 0 0
152 18 0 0 0 0 0 0 0 0
153 6 0 0 0 0 0 0 0 0
158 18 6 1 6 0 0 6 0 0
159 6 6 1 0 0 0 0 0 0
167 12 0 0 0 0 0 0 0 0
168 6 0 0 0 0 0 0 0 0
178 18 0 0 6 0 0 6 0 0
181 84 6 1 0 0 0 6 0 0
196 42 3 1 0 0 0 0 0 0
198 12 0 0 0 0 0 0 0 0
204 90 0 0 30 0 0 18 0 0
210 6 0 0 0 0 0 0 0 0
214 15 1 1 5 0 0 3 0 0
219 1 0 0 0 0 0 0 0 0
225 6 0 0 0 0 0 0 0 0
226 18 4 1 6 0 0 0 0 0
228 12 3 1 6 0 0 0 0 0
231 12 0 0 6 0 0 0 0 0
234 26 4 1 7 0 0 0 0 0
236 14 0 0 7 0 0 0 0 0
237 6 0 0 0 0 0 0 0 0
238 21 0 0 14 0 0 0 0 0
243 6 0 0 0 0 0 6 0 0
244 12 0 0 0 0 0 0 0 0
256 12 0 0 6 0 0 0 0 0
279 6 0 0 0 0 0 0 0 0
280 18 0 0 12 2 1 0 0 0
281 12 0 0 0 0 0 0 0 0
282 6 0 0 0 0 0 0 0 0
285 84 3 1 0 0 0 6 0 0
288 84 6 1 0 0 0 6 0 0
291 24 0 0 0 0 0 0 0 0
301 18 0 0 12 0 0 0 0 0
305 4 1 1 1 0 0 0 0 0
306 1 0 0 0 0 0 0 0 0
307 18 0 0 6 0 0 0 0 0
308 5 0 0 0 0 0 0 0 0
310 4 0 0 0 0 0 1 0 0
314 12 6 1 6 0 0 0 0 0
316 12 6 1 6 0 0 0 0 0
319 18 0 0 6 0 0 0 0 0
321 3 0 0 0 0 0 1 0 0
324 742 6 2 689 0 0 0 0 0
fl=./locale/./locale/freelocale.c
fn=freelocale
36 84 21 3 0 0 0 0 0 0
51 21 21 3 0 0 0 0 0 0
fl=./locale/./locale/lc-ctype.c
fn=_nl_postload_ctype
33 18 1 1 0 0 0 18 0 0
38 27 1 1 9 0 0 0 0 0
57 9 0 0 0 0 0 0 0 0
58 9 0 0 0 0 0 18 1 0
59 18 0 0 9 0 0 0 0 0
60 9 0 0 0 0 0 9 0 0
61 18 0 0 18 1 0 0 0 0
65 54 0 0 18 6 0 0 0 0
67 27 1 1 9 1 0 9 0 0
69 27 0 0 9 0 0 9 0 0
71 27 0 0 9 1 0 9 0 0
112 18 0 0 18 0 0 0 0 0
fl=./locale/./locale/loadarchive.c
fn=_nl_load_locale_from_archive
134 90 3 1 12 0 0 84 0 0
135 6 3 1 6 0 0 0 0 0
153 12 0 0 0 0 0 0 0 0
159 24 0 0 6 4 0 0 0 0
169 18 4 1 0 0 0 0 0 0
170 30 0 0 6 0 0 0 0 0
172 30 1 1 0 0 0 0 0 0
173 30 0 0 0 0 0 0 0 0
174 6 1 1 0 0 0 0 0 0
175 12 1 1 0 0 0 0 0 0
176 24 0 0 0 0 0 0 0 0
181 18 0 0 0 0 0 0 0 0
182 18 0 0 0 0 0 0 0 0
183 90 3 2 0 0 0 6 0 0
184 48 0 0 0 0 0 0 0 0
187 6 0 0 0 0 0 0 0 0
189 18 1 1 0 0 0 0 0 0
194 24 2 1 6 0 0 0 0 0
202 2 0 0 0 0 0 1 0 0
205 5 0 0 0 0 0 0 0 0
206 1 0 0 0 0 0 0 0 0
265 10 0 0 5 0 0 0 0 0
499 90 2 1 90 0 0 0 0 0
fl=./locale/./locale/loadlocale.c
fn=_nl_intern_locale_data
69 1 0 0 1 0 0 0 0 0
72 1 0 0 0 0 0 0 0 0
74 33 1 1 6 0 0 0 0 0
76 10 0 0 10 0 0 0 0 0
79 60 2 2 20 0 0 0 0 0
81 1 0 0 0 0 0 0 0 0
86 10 0 0 0 0 0 0 0 0
87 10 0 0 0 0 0 10 0 0
88 10 0 0 0 0 0 0 0 0
89 1 0 0 0 0 0 1 0 0
90 27 0 0 9 0 0 0 0 0
99 3 1 1 0 0 0 0 0 0
112 1 0 0 0 0 0 0 0 0
115 2 0 0 0 0 0 0 0 0
123 3 1 1 0 0 0 4 0 0
133 7 1 1 0 0 0 4 0 0
134 12 1 1 1 1 1 0 0 0
141 8 0 0 2 1 1 2 0 0
143 2 0 0 0 0 0 0 0 0
144 1 0 0 0 0 0 0 0 0
152 1 0 0 0 0 0 0 0 0
153 1 0 0 0 0 0 0 0 0
156 4 1 1 0 0 0 0 0 0
157 1 0 0 0 0 0 0 0 0
161 1 0 0 0 0 0 2 1 1
166 2 0 0 0 0 0 1 0 0
169 1 1 1 0 0 0 1 0 0
171 2 0 0 1 0 0 1 0 0
172 270 0 0 0 0 0 0 0 0
174 176 1 1 89 5 5 0 0 0
175 179 1 1 1 0 0 0 0 0
186 7 1 1 0 0 0 0 0 0
206 1 0 0 0 0 0 0 0 0
210 174 0 0 0 0 0 0 0 0
213 430 1 1 86 6 6 0 0 0
214 207 1 1 69 0 0 69 9 9
217 40 0 0 0 0 0 0 0 0
219 20 0 0 0 0 0 20 2 2
220 40 0 0 40 5 5 0 0 0
228 4 0 0 4 0 0 0 0 0
fn=_nl_load_locale
232 30 2 2 4 0 0 26 0 0
240 4 0 0 0 0 0 2 0 0
241 2 0 0 0 0 0 2 0 0
243 6 0 0 2 0 0 0 0 0
244 2 0 0 0 0 0 0 0 0
248 5 1 1 0 0 0 0 0 0
254 4 0 0 1 0 0 0 0 0
279 4 0 0 2 0 0 0 0 0
289 8 1 1 1 0 0 0 0 0
291 2 0 0 0 0 0 0 0 0
328 1 0 0 0 0 0 0 0 0
332 4 0 0 1 0 0 0 0 0
333 2 0 0 0 0 0 0 0 0
344 1 0 0 0 0 0 1 0 0
345 1 0 0 0 0 0 1 0 0
347 1 0 0 0 0 0 1 0 0
348 30 2 2 30 0 0 0 0 0
fl=./locale/./locale/localeinfo.h
fn=_nl_find_locale
222 286 8 2 56 3 1 0 0 0
fn=new_composite_name
222 84 0 0 72 0 0 0 0 0
fl=./locale/./locale/localename.c
fn=__current_locale_name
24 2612 653 209 0 0 0 2612 224 0
25 6530 653 208 2612 0 0 0 0 0
26 3918 0 0 3918 0 0 0 0 0
fl=./locale/./locale/newlocale.c
fn=newlocale
43 352 44 9 44 12 2 286 0 0
55 44 0 0 0 0 0 0 0 0
56 1 0 0 0 0 0 0 0 0
59 63 0 0 0 0 0 0 0 0
63 22 1 1 0 0 0 0 0 0
66 88 1 1 0 0 0 0 0 0
72 84 21 3 0 0 0 0 0 0
73 146 39 7 42 18 3 0 0 0
75 42 21 3 0 0 0 0 0 0
277 352 22 4 330 0 0 0 0 0
fl=./locale/./locale/nl_langinfo.c
fn=nl_langinfo
30 10 5 3 0 0 0 10 0 0
31 25 0 0 10 2 1 0 0 0
32 5 0 0 10 0 0 0 0 0
fn=nl_langinfo_l
31 5 5 3 0 0 0 10 0 0
fl=./locale/./locale/nl_langinfo_l.c
fn=nl_langinfo_l
31 5 0 0 0 0 0 0 0 0
32 5 0 0 0 0 0 0 0 0
36 15 0 0 0 0 0 0 0 0
42 20 0 0 0 0 0 0 0 0
58 5 0 0 5 2 1 0 0 0
61 15 2 2 5 2 1 0 0 0
66 10 0 0 5 4 2 0 0 0
67 10 0 0 10 0 0 0 0 0
fl=./locale/./locale/setlocale.c
fn=new_composite_name
139 108 9 2 0 0 0 108 0 0
144 9 0 0 0 0 0 0 0 0
146 756 4 1 0 0 0 0 0 0
150 312 2 1 48 0 0 0 0 0
151 203 2 1 60 1 0 0 0 0
152 324 0 0 0 0 0 0 0 0
153 441 0 0 108 0 0 0 0 0
154 318 0 0 48 0 0 0 0 0
158 9 0 0 0 0 0 0 0 0
161 21 0 0 3 0 0 0 0 0
170 18 3 1 0 0 0 0 0 0
171 12 0 0 0 0 0 0 0 0
174 432 0 0 0 0 0 0 0 0
179 216 4 1 36 0 0 0 0 0
180 129 2 1 36 0 0 0 0 0
181 144 0 0 0 0 0 0 0 0
182 84 0 0 0 0 0 72 0 0
183 216 0 0 0 0 0 0 0 0
184 144 0 0 0 0 0 72 0 0
186 6 0 0 0 0 0 6 0 0
188 72 0 0 108 0 0 0 0 0
fn=setlocale
195 205 1 1 62 0 0 0 0 0
198 60 1 0 0 0 0 0 0 0
199 8 0 0 0 0 0 0 0 0
201 30 2 1 0 0 0 14 0 0
210 106 0 0 48 0 0 53 3 0
211 168 0 0 53 7 1 0 0 0
212 9 0 0 0 0 0 0 0 0
218 150 11 2 30 5 0 75 0 0
225 30 0 0 0 0 0 0 0 0
230 45 0 0 0 0 0 30 0 0
231 36 3 2 18 2 0 0 0 0
234 36 0 0 0 0 0 0 0 0
236 81 8 1 9 0 0 36 0 0
250 9 0 0 0 0 0 18 0 0
252 36 0 0 0 0 0 0 0 0
253 9 0 0 0 0 0 0 0 0
265 34 6 1 0 0 0 12 0 0
277 160 1 1 0 0 0 0 0 0
278 96 0 0 0 0 0 0 0 0
279 48 0 0 0 0 0 48 1 0
281 20 0 0 0 0 0 4 0 0
327 176 1 1 0 0 0 0 0 0
334 104 0 0 0 0 0 0 0 0
335 96 0 0 0 0 0 0 0 0
337 336 3 1 96 0 0 48 0 0
341 48 0 0 0 0 0 0 0 0
355 144 0 0 48 17 2 0 0 0
359 240 5 1 48 0 0 0 0 0
361 21 0 0 3 1 0 0 0 0
363 4 0 0 0 0 0 2 0 0
366 3 1 1 0 0 0 1 0 0
367 1 0 0 0 0 0 0 0 0
375 16 4 0 0 0 0 0 0 0
376 12 0 0 0 0 0 0 0 0
379 204 6 1 0 0 0 0 0 0
380 96 0 0 0 0 0 0 0 0
382 96 4 1 0 0 0 0 0 0
383 96 0 0 48 0 0 0 0 0
389 20 4 1 8 0 0 4 0 0
398 8 0 0 0 0 0 0 0 0
401 8 0 0 4 0 0 0 0 0
402 8 0 0 4 0 0 0 0 0
404 20 0 0 32 0 0 0 0 0
409 5 0 0 0 0 0 5 0 0
414 30 5 1 10 0 0 0 0 0
416 5 0 0 0 0 0 0 0 0
424 15 1 1 5 1 0 0 0 0
425 2 0 0 0 0 0 1 0 0
429 25 0 0 5 0 0 0 0 0
431 6 0 0 0 0 0 3 0 0
432 3 0 0 0 0 0 0 0 0
437 20 0 0 0 0 0 0 0 0
438 5 3 1 0 0 0 0 0 0
452 5 0 0 5 0 0 0 0 0
457 25 5 1 10 2 1 5 0 0
461 10 0 0 0 0 0 0 0 0
464 10 0 0 5 0 0 0 0 0
466 25 0 0 35 0 0 0 0 0
468 180 6 0 105 4 0 0 0 0
fl=./locale/./locale/uselocale.c
fn=uselocale
30 3924 0 0 0 0 0 2616 0 0
31 5232 654 209 2616 1 1 0 0 0
33 1308 0 0 0 0 0 0 0 0
36 3924 0 0 0 0 0 0 0 0
37 1308 0 0 0 0 0 1308 0 0
65 3924 0 0 1308 0 0 1308 0 0
66 5232 0 0 3924 1600 414 1308 0 0
68 5232 654 210 2616 500 203 1308 0 0
72 2616 0 0 0 0 0 0 0 0
73 3924 0 0 2616 0 0 0 0 0
fl=./malloc/../string/bits/string_fortified.h
fn=_int_realloc
29 4809 0 0 0 0 0 0 0 0
fn=calloc
59 4742 177 89 4740 0 0 0 0 0
fn=tcache_init.part.0
59 4 0 0 0 0 0 0 0 0
fl=./malloc/../sysdeps/unix/sysv/linux/not-cancel.h
fn=ptmalloc_init.part.0
97 6 0 0 0 0 0 0 0 0
fl=./malloc/./malloc/alloc_buffer_alloc_array.c
fn=__libc_alloc_buffer_alloc_array
25 18 1 1 0 0 0 12 0 0
26 6 0 0 6 0 0 0 0 0
28 24 1 1 0 0 0 0 0 0
30 24 0 0 0 0 0 0 0 0
31 6 0 0 0 0 0 0 0 0
32 6 0 0 0 0 0 0 0 0
33 12 0 0 0 0 0 0 0 0
34 24 0 0 0 0 0 0 0 0
35 18 0 0 6 0 0 0 0 0
38 12 1 1 0 0 0 6 0 0
45 12 0 0 12 0 0 0 0 0
fl=./malloc/./malloc/arena.c
fn=calloc
153 1584 0 0 792 0 0 0 0 0
fn=free
153 365228 20219 802 0 0 0 0 0 0
fn=malloc
153 53268 0 0 26634 0 0 0 0 0
264 1 1 1 0 0 0 0 0 0
fn=ptmalloc_init.part.0
262 10 2 2 2 1 0 7 0 0
267 4 0 0 0 0 0 1 0 0
274 6 2 2 1 0 0 0 0 0
292 3 0 0 1 0 0 0 0 0
296 8 1 1 1 1 0 1 1 0
300 5 0 0 0 0 0 0 0 0
301 5 0 0 0 0 0 0 0 0
302 5 1 1 0 0 0 0 0 0
303 5 0 0 0 0 0 0 0 0
304 5 0 0 0 0 0 0 0 0
305 5 1 1 0 0 0 0 0 0
306 5 0 0 0 0 0 0 0 0
308 5 0 0 0 0 0 0 0 0
309 5 0 0 0 0 0 0 0 0
310 5 1 1 0 0 0 0 0 0
313 5 0 0 0 0 0 0 0 0
314 5 1 1 0 0 0 0 0 0
316 4 0 0 1 1 1 0 0 0
326 12 0 0 9 0 0 0 0 0
fn=realloc
153 25704 0 0 3213 0 0 0 0 0
fl=./malloc/./malloc/malloc.c
fn=_int_free
1792 32303 0 0 32303 2236 59 0 0 0
1992 20643 0 0 6881 0 0 0 0 0
3163 247608 18453 1134 61902 0 0 123804 0 0
3165 123804 16558 315 61902 7132 1187 0 0 0
3166 61902 0 0 0 0 0 61902 0 0
3167 123804 0 0 0 0 0 61902 0 0
4495 565230 21831 1100 0 0 0 565230 3426 82
4499 188410 0 0 94205 11 0 0 0 0
4505 376820 0 0 0 0 0 188410 7 0
4506 188410 0 0 0 0 0 0 0 0
4510 376820 20208 862 0 0 0 0 0 0
4517 188410 0 0 0 0 0 0 0 0
4518 1130460 22139 1413 282615 5617 49 0 0 0
4521 83484 0 0 0 0 0 0 0 0
4527 511625 0 0 166968 1950 427 0 0 0
4547 417420 0 0 166968 26860 3521 0 0 0
4550 61902 0 0 0 0 0 0 0 0
4561 64606 0 0 0 0 0 0 0 0
4572 27524 247 144 6881 1915 1010 0 0 0
4574 27524 0 0 6881 136 4 0 0 0
4593 6881 0 0 0 0 0 0 0 0
4595 20643 0 0 0 0 0 6881 163 15
4596 6881 0 0 0 0 0 0 0 0
4600 6881 0 0 6881 3 1 0 0 0
4602 34405 262 156 6881 112 4 0 0 0
4606 13762 0 0 0 0 0 0 0 0
4608 13762 0 0 0 0 0 6881 0 0
4609 6881 0 0 0 0 0 6881 0 0
4628 27524 0 0 0 0 0 0 0 0
4629 36 8 0 12 10 1 0 0 0
4637 50844 5094 810 25422 0 0 0 0 0
4640 76266 0 0 25422 1704 46 0 0 0
4643 25422 0 0 0 0 0 0 0 0
4646 127110 4892 678 50844 0 0 0 0 0
4658 420181 16879 576 702796 0 0 0 0 0
fn=_int_free_create_chunk
4713 203376 6724 2420 0 0 0 152532 1090 34
4714 76266 0 0 25422 0 0 0 0 0
4717 48708 4208 1939 24354 16721 9468 0 0 0
4720 24354 0 0 0 0 0 0 0 0
4721 17466 2399 624 0 0 0 0 0 0
4722 17466 0 0 0 0 0 0 0 0
4724 62484 0 0 15621 0 0 15621 0 0
4732 24354 0 0 0 0 0 0 0 0
4733 24354 0 0 24354 3091 100 0 0 0
4734 73062 0 0 24354 2053 67 0 0 0
4737 24354 0 0 0 0 0 48708 506 186
4738 48708 0 0 0 0 0 0 0 0
4740 13848 0 0 0 0 0 27696 904 457
4743 24354 0 0 0 0 0 24354 0 0
4744 24354 2224 632 0 0 0 24354 0 0
4746 48708 0 0 0 0 0 24354 0 0
4747 24354 0 0 0 0 0 24354 0 0
4756 1068 576 142 0 0 0 0 0 0
4757 2136 0 0 0 0 0 1068 0 0
4758 1068 0 0 0 0 0 1068 0 0
4763 101688 808 501 152532 0 0 0 0 0
fn=_int_free_maybe_consolidate.part.0
4769 15570 1963 1032 3114 1951 350 7785 0 0
4778 4671 0 0 1557 0 0 0 0 0
4779 12 10 9 0 0 0 0 0 0
4781 6228 0 0 0 0 0 0 0 0
4784 12456 855 510 4671 1581 675 0 0 0
4785 1854 124 30 824 0 0 0 0 0
4798 15479 799 437 10281 12 0 0 0 0
fn=_int_free_merge_chunk
1992 76266 0 0 25422 0 0 0 0 0
4665 152532 4611 1254 0 0 0 177954 9 0
4666 25422 0 0 0 0 0 0 0 0
4670 76266 0 0 25422 4319 783 0 0 0
4673 127826 0 0 25422 3546 149 0 0 0
4675 39207 5538 1124 13069 2125 287 0 0 0
4678 50844 5264 1248 25422 10858 3770 0 0 0
4681 25422 0 0 0 0 0 0 0 0
4682 50844 0 0 0 0 0 0 0 0
4683 76266 0 0 25422 3537 59 0 0 0
4689 50844 0 0 25422 0 0 0 0 0
4691 6740 0 0 6740 0 0 0 0 0
4692 6740 0 0 0 0 0 0 0 0
4693 6740 0 0 0 0 0 0 0 0
4694 26960 439 23 6740 3231 1135 0 0 0
4696 13480 0 0 0 0 0 0 0 0
4700 152532 5117 1657 0 0 0 0 0 0
4702 128667 2792 757 177954 0 0 0 0 0
4776 76266 0 0 0 0 0 0 0 0
fn=_int_malloc
1326 29047 0 0 0 0 0 0 0 0
1336 290470 6946 1839 29047 42 1 174282 2353 191
1345 116188 0 0 0 0 0 0 0 0
1794 28708 0 0 28708 0 0 0 0 0
1985 109342 6012 602 138129 17 0 0 0 0
3159 4691 0 0 0 0 0 0 0 0
3163 15911 113 89 5092 0 0 10093 0 0
3165 10366 3 2 5183 100 32 91 0 0
3166 5092 2 0 0 0 0 5092 0 0
3167 15057 0 0 91 0 0 5092 0 0
3168 4691 0 0 0 0 0 0 0 0
3178 620 0 0 310 0 0 0 0 0
3182 620 0 0 0 0 0 0 0 0
3186 1550 169 66 310 0 0 310 0 0
3190 930 109 90 310 0 0 310 0 0
3191 310 0 0 0 0 0 310 0 0
3199 620 136 74 310 0 0 0 0 0
3846 87141 8158 1564 0 0 0 116188 7083 667
3887 29047 118 28 0 0 0 0 0 0
3914 60128 254 26 339 0 0 678 0 0
3916 12584 0 0 0 0 0 0 0 0
3917 18 0 0 0 0 0 0 0 0
3919 12923 0 0 6631 302 30 0 0 0
3921 6631 0 0 0 0 0 0 0 0
3923 36 0 0 0 0 0 0 0 0
3926 54 0 0 18 0 0 0 0 0
3927 72 0 0 18 17 4 18 0 0
3930 33065 401 154 13226 0 0 0 0 0
3932 18 6 3 18 5 2 0 0 0
3933 36 0 0 0 0 0 0 0 0
3934 57796 2185 376 0 0 0 0 0 0
3939 36 0 0 0 0 0 0 0 0
3940 198 0 0 54 0 0 0 0 0
3945 291 0 0 109 0 0 0 0 0
3946 513 11 5 202 3 1 0 0 0
3948 182 0 0 0 0 0 0 0 0
3950 363 0 0 182 0 0 30 0 0
3951 455 0 0 91 86 38 91 0 0
3977 44832 8538 1563 0 0 0 0 0 0
3979 58932 423 202 0 0 0 12584 0 0
3980 36400 5005 1621 0 0 0 0 0 0
3982 54600 0 0 18200 7268 2765 0 0 0
3984 1145 0 0 1145 597 286 0 0 0
3985 3435 0 0 1145 743 208 0 0 0
3987 4580 0 0 1145 847 325 1145 0 0
3988 1145 0 0 0 0 0 1145 0 0
3989 1145 0 0 0 0 0 1145 0 0
3991 4580 579 471 0 0 0 0 0 0
3997 2290 0 0 0 0 0 0 0 0
3998 13740 579 452 3435 17 0 0 0 0
4003 15107 0 0 2290 623 112 0 0 0
4004 27563 571 407 5297 0 0 0 0 0
4006 4691 0 0 0 0 0 0 0 0
4008 4691 0 0 4691 0 0 0 0 0
4009 18764 367 292 4691 3567 783 4691 0 0
4010 14073 382 279 0 0 0 0 0 0
4012 9382 109 70 0 0 0 4691 0 0
4013 4691 0 0 0 0 0 4691 3674 795
4020 1145 0 0 0 0 0 0 0 0
4039 74565 962 545 0 0 0 21658 0 0
4040 32487 0 0 10829 6550 1574 0 0 0
4041 432 134 82 0 0 0 0 0 0
4058 83650 0 0 0 0 0 0 0 0
4059 55768 0 0 0 0 0 0 0 0
4060 223070 8284 1605 83651 462 0 0 0 0
4069 41188 0 0 0 0 0 0 0 0
4070 230164 20684 3060 54267 12205 1203 0 0 0
4072 31750 0 0 31750 2185 233 0 0 0
4073 63500 0 0 31750 10262 1815 0 0 0
4074 31750 0 0 0 0 0 0 0 0
4076 63500 0 0 0 0 0 0 0 0
4077 95250 0 0 31750 9170 280 0 0 0
4079 31750 0 0 31750 18047 5412 0 0 0
4080 95250 0 0 0 0 0 0 0 0
4081 34110 4929 456 0 0 0 34110 0 0
4082 127000 7264 936 31750 0 0 0 0 0
4084 95250 0 0 31750 9149 4042 0 0 0
4085 95250 0 0 31750 0 0 0 0 0
4087 31750 0 0 0 0 0 0 0 0
4098 95250 0 0 0 0 0 0 0 0
4099 36114 2647 783 12038 3394 235 0 0 0
4100 17722 2601 607 0 0 0 0 0 0
4101 8861 0 0 0 0 0 0 0 0
4104 5332 0 0 0 0 0 0 0 0
4105 5332 2349 664 0 0 0 0 0 0
4106 5332 0 0 0 0 0 10664 0 0
4107 5332 0 0 0 0 0 5332 0 0
4108 5332 0 0 0 0 0 10664 3633 2695
4109 10664 0 0 0 0 0 0 0 0
4111 2838 0 0 0 0 0 5676 678 406
4115 37324 2318 640 0 0 0 5332 0 0
4117 10664 0 0 0 0 0 5332 664 514
4118 5332 0 0 0 0 0 5332 0 0
4121 5678 0 0 0 0 0 0 0 0
4122 15996 0 0 0 0 0 0 0 0
4127 26418 0 0 0 0 0 26418 0 0
4128 26418 5551 935 0 0 0 26418 0 0
4132 52836 0 0 0 0 0 0 0 0
4134 692 92 68 0 0 0 346 0 0
4135 1384 184 114 0 0 0 0 0 0
4140 346 0 0 0 0 0 0 0 0
4141 2496 52 1 936 55 5 0 0 0
4144 14 0 0 0 0 0 0 0 0
4161 52150 0 0 0 0 0 0 0 0
4163 14411 955 393 0 0 0 0 0 0
4164 57644 0 0 0 0 0 0 0 0
4165 14411 0 0 14411 3852 2634 0 0 0
4169 133335 7089 2849 0 0 0 0 0 0
4170 23039 6480 1526 0 0 0 0 0 0
4171 11661 4578 1141 11661 9319 2578 0 0 0
4174 23322 0 0 0 0 0 0 0 0
4177 283 0 0 0 0 0 0 0 0
4179 849 0 0 566 103 39 0 0 0
4180 566 0 0 0 0 0 0 0 0
4187 192 0 0 96 44 8 192 27 4
4188 288 0 0 0 0 0 192 3 1
4192 374 77 67 187 8 5 0 0 0
4193 416 0 0 0 0 0 0 0 0
4195 21 0 0 21 5 3 0 0 0
4196 42 0 0 21 3 1 0 0 0
4199 187 0 0 0 0 0 0 0 0
4202 228 15 12 114 2 1 0 0 0
4206 146 0 0 73 13 4 146 13 6
4207 219 51 40 73 2 1 0 0 0
4209 73 0 0 0 0 0 73 0 0
4210 219 0 0 73 0 0 73 0 0
4212 187 14 9 187 1 0 0 0 0
4213 561 0 0 187 0 0 0 0 0
4218 22756 4534 1676 0 0 0 22756 1880 299
4221 156432 9670 2788 26072 9005 645 26072 0 0
4222 26072 0 0 0 0 0 52144 0 0
4224 26072 0 0 0 0 0 26072 2821 2283
4225 26072 0 0 0 0 0 26072 0 0
4230 52144 0 0 0 0 0 0 0 0
4231 26072 0 0 0 0 0 0 0 0
4232 74 0 0 37 0 0 0 0 0
4233 111 0 0 0 0 0 0 0 0
4240 104288 11612 2625 0 0 0 0 0 0
4246 14923 0 0 0 0 0 0 0 0
4248 1550 149 88 2480 0 0 0 0 0
4257 44414 1630 97 0 0 0 0 0 0
4259 32385 0 0 0 0 0 0 0 0
4262 43180 0 0 10795 8802 3567 0 0 0
4263 1155 0 0 385 149 65 0 0 0
4266 225 222 171 225 44 16 0 0 0
4267 1141 0 0 229 7 3 0 0 0
4269 4 0 0 4 0 0 0 0 0
4273 675 0 0 225 0 0 0 0 0
4274 6 0 0 6 2 0 0 0 0
4275 6 0 0 6 0 0 0 0 0
4276 12 0 0 0 0 0 0 0 0
4278 225 0 0 0 0 0 0 0 0
4279 450 222 197 0 0 0 0 0 0
4282 450 0 0 0 0 0 0 0 0
4284 328 82 68 82 0 0 82 0 0
4285 328 0 0 0 0 0 0 0 0
4291 143 0 0 0 0 0 0 0 0
4295 143 0 0 143 0 0 0 0 0
4296 429 0 0 143 0 0 0 0 0
4298 143 0 0 0 0 0 286 128 102
4300 143 0 0 0 0 0 143 0 0
4301 143 0 0 0 0 0 143 0 0
4302 286 0 0 0 0 0 0 0 0
4304 17 0 0 0 0 0 34 4 2
4307 1001 143 117 0 0 0 143 0 0
4309 286 0 0 0 0 0 143 21 19
4310 143 0 0 0 0 0 143 0 0
4313 225 80 67 0 0 0 0 0 0
4314 675 0 0 0 0 0 0 0 0
4330 21982 0 0 0 0 0 0 0 0
4331 109910 7046 1629 0 0 0 0 0 0
4332 21982 0 0 0 0 0 0 0 0
4333 65946 0 0 21982 2726 61 0 0 0
4334 43964 0 0 0 0 0 0 0 0
4339 117459 0 0 0 0 0 0 0 0
4343 79812 0 0 0 0 0 0 0 0
4346 70757 0 0 19534 0 0 0 0 0
4348 36895 7049 2029 0 0 0 0 0 0
4349 14758 0 0 0 0 0 0 0 0
4353 372470 505 40 0 0 0 0 0 0
4355 162057 0 0 0 0 0 0 0 0
4356 162057 0 0 0 0 0 0 0 0
4357 162057 0 0 0 0 0 0 0 0
4361 24178 0 0 24178 8821 1802 0 0 0
4364 48356 0 0 0 0 0 0 0 0
4366 37064 0 0 0 0 0 9266 0 0
4367 9266 0 0 0 0 0 0 0 0
4368 9266 0 0 0 0 0 0 0 0
4373 29824 5751 1822 14912 5427 2009 0 0 0
4376 29824 0 0 0 0 0 0 0 0
4378 14912 0 0 0 0 0 0 0 0
4381 29824 0 0 0 0 0 0 0 0
4384 29824 0 0 0 0 0 0 0 0
4386 4016 316 228 1004 0 0 1004 0 0
4387 4016 0 0 0 0 0 0 0 0
4394 13908 6357 1625 0 0 0 0 0 0
4399 13908 0 0 13908 0 0 0 0 0
4400 41724 0 0 13908 0 0 0 0 0
4402 13908 0 0 0 0 0 27816 12495 9574
4404 13908 0 0 0 0 0 13908 0 0
4405 13908 0 0 0 0 0 13908 0 0
4408 27816 0 0 0 0 0 0 0 0
4409 6628 0 0 0 0 0 6628 166 6
4410 27816 0 0 0 0 0 0 0 0
4412 7664 0 0 0 0 0 15328 1807 1396
4415 97356 7126 1524 0 0 0 13908 0 0
4417 27816 0 0 0 0 0 13908 3574 2713
4418 13908 0 0 0 0 0 13908 0 0
4421 14912 0 0 0 0 0 0 0 0
4443 7070 0 0 7070 2175 303 0 0 0
4444 14140 0 0 7070 2606 438 0 0 0
4446 21210 2477 783 7070 1658 61 0 0 0
4449 21210 0 0 0 0 0 0 0 0
4451 6982 0 0 0 0 0 0 0 0
4452 6982 0 0 0 0 0 0 0 0
4453 6982 0 0 0 0 0 6982 0 0
4454 48874 2920 738 0 0 0 6982 0 0
4456 13964 0 0 0 0 0 6982 6050 5472
4459 6982 3194 573 0 0 0 0 0 0
4460 13964 0 0 0 0 0 0 0 0
4466 352 0 0 88 3 1 176 0 0
4468 2 0 0 0 0 0 0 0 0
4470 3 1 0 2 0 0 0 0 0
4471 1 0 0 0 0 0 0 0 0
4481 348 80 64 0 0 0 0 0 0
4482 87 0 0 0 0 0 0 0 0
4483 75930 2492 645 101008 2 0 0 0 0
4487 118478 3565 222 120768 0 0 0 0 0
fn=_int_realloc
441 4183 0 0 1450 0 0 0 0 0
461 8015 0 0 1603 1 0 1603 2 0
1461 4830 246 56 1610 0 0 0 0 0
4914 16065 966 566 0 0 0 19278 384 26
4925 9639 0 0 3213 0 0 0 0 0
4926 16065 893 576 3213 1719 5 0 0 0
4927 9639 0 0 0 0 0 0 0 0
4933 9639 0 0 0 0 0 12852 43 3
4935 3213 0 0 0 0 0 0 0 0
4936 6426 0 0 3213 0 0 0 0 0
4938 12852 0 0 0 0 0 0 0 0
4941 9639 850 551 0 0 0 0 0 0
4951 8606 1407 899 2762 1428 14 0 0 0
4952 160 88 53 0 0 0 0 0 0
4953 160 0 0 0 0 0 0 0 0
4955 7080 0 0 0 0 0 160 0 0
4956 320 0 0 0 0 0 160 0 0
4957 480 68 53 0 0 0 160 160 155
4959 160 0 0 0 0 0 0 0 0
4963 2602 0 0 0 0 0 0 0 0
4964 10408 0 0 2602 1709 410 0 0 0
4965 4600 1139 391 0 0 0 0 0 0
4969 1998 0 0 0 0 0 0 0 0
4975 6412 0 0 0 0 0 0 0 0
4976 1603 0 0 0 0 0 0 0 0
4979 1603 0 0 0 0 0 0 0 0
4980 3206 610 452 1603 5 4 0 0 0
4985 3206 0 0 0 0 0 0 0 0
4992 1603 0 0 0 0 0 0 0 0
4993 9618 0 0 1603 2 0 0 0 0
4997 6412 570 443 0 0 0 0 0 0
4999 1603 0 0 1603 9 0 0 0 0
5006 999 0 0 0 0 0 0 0 0
5008 1450 0 0 0 0 0 0 0 0
5010 2900 0 0 0 0 0 0 0 0
5012 2285 122 81 167 0 0 167 0 0
5013 668 0 0 167 0 0 167 0 0
5017 1283 801 384 0 0 0 0 0 0
5020 6415 0 0 1283 0 0 1283 0 0
5021 3849 0 0 0 0 0 1283 1007 886
5024 5132 0 0 1283 0 0 1283 0 0
5025 5132 237 55 0 0 0 0 0 0
5029 1450 0 0 0 0 0 0 0 0
5030 22491 0 0 32130 30 0 0 0 0
fn=alloc_perturb
1984 25252 5873 1231 0 0 0 25252 366 17
1985 37878 5200 1135 12626 0 0 0 0 0
1987 25252 0 0 25252 0 0 0 0 0
fn=calloc
461 4758 393 129 1586 0 0 0 0 0
463 792 0 0 0 0 0 0 0 0
3699 2382 410 118 0 0 0 3176 96 41
3709 4764 0 0 0 0 0 0 0 0
3717 5558 413 99 794 43 4 4764 0 0
3720 4764 0 0 1588 262 1 0 0 0
3722 2382 0 0 794 48 1 0 0 0
3732 2382 244 114 794 98 8 0 0 0
3733 2382 420 117 794 127 24 0 0 0
3754 3176 0 0 0 0 0 0 0 0
3756 6344 361 119 794 18 13 0 0 0
3759 1588 1 1 794 0 0 0 0 0
3784 1586 508 128 794 0 0 0 0 0
3787 794 0 0 0 0 0 0 0 0
3789 1599 0 0 812 0 0 0 0 0
3796 1584 435 117 0 0 0 0 0 0
3799 2376 459 158 0 0 0 0 0 0
3807 792 0 0 0 0 0 0 0 0
3809 1584 0 0 0 0 0 0 0 0
3811 1584 0 0 0 0 0 0 0 0
3816 4 0 0 0 0 0 2 0 0
3818 2 0 0 0 0 0 2 0 0
3819 4 0 0 0 0 0 0 0 0
3821 2 0 0 0 0 0 2 0 0
3823 4 0 0 0 0 0 0 0 0
3825 1 0 0 0 0 0 1 0 0
3827 2 0 0 0 0 0 0 0 0
3829 2 0 0 0 0 0 1 0 0
3830 3 0 0 6 0 0 0 0 0
3837 1596 0 0 3176 0 0 0 0 0
fn=free
3359 456610 0 0 0 0 0 639254 1179 28
3363 157679 55717 3230 0 0 0 0 0 0
3368 365288 20019 882 91322 3954 71 0 0 0
3371 365288 0 0 182644 37213 834 0 0 0
3373 91322 0 0 0 0 0 0 0 0
3375 182644 0 0 91322 18914 5938 0 0 0
3379 60 9 5 15 9 6 0 0 0
3381 75 0 0 15 12 9 0 0 0
3383 24 5 4 0 0 0 12 0 0
3384 24 0 0 0 0 0 12 0 0
3385 66381 40363 6245 0 0 0 0 0 0
3388 30 0 0 0 0 0 0 0 0
3392 456535 41024 2761 182614 9652 162 0 0 0
3395 273921 0 0 91307 0 0 0 0 0
3398 273921 0 0 0 0 0 0 0 0
3401 91322 0 0 0 0 0 91322 4 0
3402 456610 0 0 639254 7 0 0 0 0
fn=malloc
461 79947 0 0 26649 0 0 0 0 0
1326 92901 0 0 0 0 0 0 0 0
1336 371604 0 0 92901 22765 4885 0 0 0
1345 92901 0 0 0 0 0 0 0 0
1461 278703 15909 5880 92901 5 0 0 0 0
3178 132504 0 0 66252 30992 10694 0 0 0
3182 132504 0 0 0 0 0 0 0 0
3186 198756 0 0 66252 58024 29702 66252 0 0
3190 132504 0 0 0 0 0 66252 0 0
3191 66252 0 0 0 0 0 66252 0 0
3248 3 1 1 1 0 0 0 0 0
3294 557406 23716 524 0 0 0 743208 25846 204
3301 371604 22914 818 92901 23739 7229 0 0 0
3311 464505 24895 1454 0 0 0 0 0 0
3313 557406 0 0 185802 47522 6495 0 0 0
3316 371604 0 0 92901 21616 5777 0 0 0
3317 167008 20648 5900 1 0 0 0 0 0
3318 167006 0 0 83503 29202 1609 0 0 0
3326 79947 0 0 26649 6659 166 0 0 0
3328 133245 16606 2117 0 0 0 0 0 0
3329 106596 0 0 26649 229 97 0 0 0
3354 557406 25777 7588 743208 0 0 0 0 0
fn=malloc_consolidate
4811 942 156 141 0 0 0 1256 96 22
4826 314 0 0 0 0 0 157 0 0
4828 157 0 0 0 0 0 0 0 0
4839 157 0 0 0 0 0 0 0 0
4841 5295 0 0 0 0 0 390 0 0
4842 1570 0 0 0 0 0 0 0 0
4845 7536 156 149 0 0 0 0 0 0
4849 7536 0 0 3768 2653 503 0 0 0
4850 18840 156 149 0 0 0 0 0 0
4855 15072 0 0 3768 630 115 0 0 0
4858 3768 0 0 0 0 0 0 0 0
4859 3768 0 0 0 0 0 0 0 0
4860 7536 0 0 3768 1196 213 0 0 0
4862 3768 0 0 0 0 0 0 0 0
4863 1695 0 0 1695 0 0 0 0 0
4864 1695 10 10 0 0 0 0 0 0
4865 1695 0 0 0 0 0 0 0 0
4866 6780 0 0 1695 761 95 0 0 0
4868 6780 0 0 1695 0 0 1695 0 0
4871 11304 146 140 3768 90 25 0 0 0
4872 7528 0 0 3764 2443 681 0 0 0
4874 3764 0 0 0 0 0 0 0 0
4875 1567 0 0 0 0 0 0 0 0
4876 7835 22 21 1567 0 0 1567 0 0
4878 4394 0 0 0 0 0 2197 0 0
4880 3764 0 0 3764 121 44 0 0 0
4881 3764 0 0 0 0 0 3764 0 0
4882 3764 0 0 0 0 0 3764 84 26
4884 7528 0 0 0 0 0 0 0 0
4885 370 0 0 0 0 0 740 26 4
4889 3764 0 0 0 0 0 0 0 0
4890 3764 0 0 0 0 0 3764 0 0
4891 3764 0 0 0 0 0 7528 0 0
4892 3764 0 0 0 0 0 3764 0 0
4896 4 0 0 0 0 0 0 0 0
4897 8 0 0 0 0 0 4 0 0
4898 4 0 0 0 0 0 4 0 0
4901 11694 134 131 780 6 0 0 0 0
4904 4710 140 127 0 0 0 0 0 0
4905 980 15 14 1256 0 0 390 0 0
fn=munmap_chunk
3024 60 8 4 0 0 0 75 3 3
3025 45 0 0 30 22 18 0 0 0
3026 15 0 0 15 0 0 0 0 0
3028 15 11 10 0 0 0 0 0 0
3030 15 0 0 0 0 0 0 0 0
3031 45 0 0 15 0 0 0 0 0
3032 15 0 0 0 0 0 0 0 0
3038 45 0 0 0 0 0 0 0 0
3039 75 0 0 0 0 0 0 0 0
3042 75 12 11 0 0 0 0 0 0
3043 45 0 0 0 0 0 0 0 0
3048 45 0 0 0 0 0 0 0 0
3049 45 0 0 75 0 0 0 0 0
fn=ptmalloc_init.part.0
1946 382 0 0 0 0 0 0 0 0
1949 127 0 0 0 0 0 254 32 32
1957 2 0 0 0 0 0 1 0 0
1958 3 1 1 0 0 0 1 1 0
1960 2 0 0 0 0 0 1 1 1
3143 2 0 0 0 0 0 0 0 0
fn=realloc
461 9667 873 519 3233 23 0 0 0 0
463 4110 0 0 0 0 0 0 0 0
1326 3217 0 0 0 0 0 0 0 0
1336 16085 0 0 3217 0 0 0 0 0
1345 16085 0 0 0 0 0 0 0 0
2008 28 0 0 8 4 4 0 0 0
3056 12 4 4 8 0 0 0 0 0
3057 4 0 0 4 0 0 0 0 0
3058 4 0 0 0 0 0 0 0 0
3063 8 4 4 0 0 0 8 0 0
3064 4 0 0 0 0 0 0 0 0
3065 4 0 0 0 0 0 0 0 0
3066 16 0 0 0 0 0 0 0 0
3067 24 0 0 0 0 0 0 0 0
3071 16 0 0 0 0 0 8 0 0
3074 8 4 4 0 0 0 0 0 0
3077 20 0 0 0 0 0 0 0 0
3080 8 0 0 0 0 0 0 0 0
3085 4 4 4 0 0 0 0 0 0
3087 12 0 0 0 0 0 0 0 0
3089 12 0 0 4 0 0 0 0 0
3090 12 0 0 0 0 0 4 0 0
3093 24 4 4 0 0 0 0 0 0
3095 16 0 0 4 0 0 0 0 0
3407 28812 2398 952 0 0 0 32928 271 8
3413 16464 2510 891 4116 1011 12 0 0 0
3417 12348 0 0 0 0 0 0 0 0
3424 4116 0 0 0 0 0 0 0 0
3425 12 0 0 0 0 0 0 0 0
3429 16440 0 0 4110 1240 5 8220 0 0
3433 4110 0 0 0 0 0 0 0 0
3441 9113 3626 598 1786 0 0 0 0 0
3443 1348 0 0 0 0 0 0 0 0
3444 2696 0 0 0 0 0 0 0 0
3445 986 370 168 484 10 8 0 0 0
3446 893 0 0 0 0 0 0 0 0
3450 5986 0 0 2762 0 0 0 0 0
3452 2762 0 0 0 0 0 0 0 0
3453 4 2 2 0 0 0 0 0 0
3456 19278 1904 424 6426 2608 2 0 0 0
3464 9651 1960 523 0 0 0 0 0 0
3465 6434 0 0 0 0 0 0 0 0
3475 3217 2695 492 0 0 0 0 0 0
3506 9639 0 0 3213 1170 3 0 0 0
3508 19278 1668 550 0 0 0 0 0 0
3509 19278 0 0 3213 11 0 0 0 0
3538 27897 934 524 39354 51 0 0 0 0
5238 8220 0 0 4110 1867 156 0 0 0
5239 4121 11 8 0 0 0 0 0 0
5240 12297 2469 770 4099 759 176 0 0 0
5241 28693 3491 945 4099 0 0 0 0 0
fn=sysmalloc
2008 297 0 0 59 0 0 0 0 0
2532 1218 167 163 174 107 45 783 65 20
2552 261 0 0 174 79 76 0 0 0
2553 210 0 0 0 0 0 350 13 4
2563 87 0 0 0 0 0 0 0 0
2564 348 84 83 87 83 71 0 0 0
2565 51 14 12 34 0 0 0 0 0
2568 85 14 13 17 0 0 0 0 0
2576 85 0 0 0 0 0 17 0 0
2577 34 0 0 0 0 0 0 0 0
2588 140 0 0 70 0 0 0 0 0
2589 140 0 0 70 0 0 0 0 0
2590 70 0 0 0 0 0 0 0 0
2599 554 69 69 0 0 0 0 0 0
2605 210 1 1 0 0 0 0 0 0
2608 280 0 0 0 0 0 0 0 0
2669 280 69 69 70 0 0 0 0 0
2677 70 0 0 70 0 0 0 0 0
2678 210 0 0 0 0 0 0 0 0
2691 140 69 69 70 0 0 0 0 0
2695 1 1 1 0 0 0 0 0 0
2699 350 0 0 0 0 0 70 0 0
2707 140 0 0 0 0 0 0 0 0
2709 280 69 69 0 0 0 140 0 0
2710 140 0 0 140 0 0 0 0 0
2711 58 0 0 0 0 0 0 0 0
2712 70 69 69 0 0 0 0 0 0
2715 70 0 0 0 0 0 0 0 0
2727 48 0 0 12 0 0 0 0 0
2732 108 12 12 0 0 0 24 0 0
2734 36 0 0 24 0 0 0 0 0
2738 24 12 12 12 0 0 0 0 0
2742 12 0 0 0 0 0 0 0 0
2744 325 0 0 70 0 0 0 0 0
2745 3 1 1 0 0 0 1 0 0
2746 338 12 12 128 0 0 70 0 0
2752 186 58 57 0 0 0 0 0 0
2753 228 0 0 0 0 0 57 0 0
2755 42 1 1 13 0 0 0 0 0
2782 12 0 0 0 0 0 0 0 0
2783 2 0 0 0 0 0 0 0 0
2789 1 0 0 0 0 0 0 0 0
2795 2 0 0 0 0 0 0 0 0
2817 2 1 1 0 0 0 0 0 0
2818 7 0 0 0 0 0 0 0 0
2820 1 0 0 0 0 0 0 0 0
2821 4 0 0 0 0 0 2 0 0
2833 2 1 1 2 0 0 0 0 0
2847 24 12 12 0 0 0 0 0 0
2866 12 0 0 0 0 0 0 0 0
2875 26 0 0 0 0 0 13 0 0
2876 52 13 13 0 0 0 13 13 13
2877 39 0 0 13 0 0 13 0 0
2888 13 0 0 0 0 0 0 0 0
2895 24 0 0 0 0 0 0 0 0
2896 24 0 0 0 0 0 12 0 0
2904 36 0 0 0 0 0 12 12 12
2906 12 0 0 0 0 0 12 0 0
2911 24 12 12 0 0 0 0 0 0
2913 48 0 0 0 0 0 0 0 0
2921 234 70 70 82 0 0 0 0 0
2922 70 0 0 0 0 0 70 0 0
2926 69 0 0 69 0 0 0 0 0
2927 140 0 0 70 0 0 0 0 0
2930 140 70 70 0 0 0 0 0 0
2932 70 0 0 0 0 0 0 0 0
2933 70 0 0 0 0 0 0 0 0
2934 70 0 0 0 0 0 70 0 0
2935 420 0 0 0 0 0 70 0 0
2936 140 0 0 0 0 0 70 69 69
2938 210 0 0 280 0 0 0 0 0
2944 1131 70 70 957 0 0 0 0 0
fn=sysmalloc_mmap.isra.0
2008 85 28 26 17 0 0 0 0 0
2400 68 13 12 0 0 0 102 9 5
2413 68 13 12 0 0 0 0 0 0
2418 34 0 0 0 0 0 0 0 0
2421 204 12 11 17 0 0 0 0 0
2424 34 0 0 0 0 0 0 0 0
2428 51 0 0 0 0 0 51 0 0
2432 85 13 12 0 0 0 0 0 0
2448 51 0 0 0 0 0 0 0 0
2467 34 0 0 0 0 0 34 17 16
2471 102 0 0 0 0 0 0 0 0
2472 104 14 13 17 0 0 0 0 0
2475 85 0 0 0 0 0 0 0 0
2476 158 0 0 17 0 0 0 0 0
2481 119 0 0 153 0 0 0 0 0
fn=sysmalloc_mmap_fallback.constprop.0
2008 60 12 12 12 0 0 0 0 0
2490 84 12 12 0 0 0 96 0 0
2494 12 0 0 12 0 0 0 0 0
2497 60 0 0 12 0 0 0 0 0
2498 6 1 1 0 0 0 0 0 0
2502 48 11 11 0 0 0 0 0 0
2505 24 0 0 0 0 0 0 0 0
2506 12 0 0 0 0 0 0 0 0
2508 132 12 12 12 0 0 0 0 0
2511 24 0 0 0 0 0 0 0 0
2515 12 0 0 0 0 0 0 0 0
2519 60 0 0 0 0 0 0 0 0
2524 48 0 0 12 0 0 12 0 0
2526 12 0 0 0 0 0 12 0 0
2528 72 0 0 96 0 0 0 0 0
fn=systrim.constprop.0
2957 824 124 28 0 0 0 1236 0 0
2966 1030 120 28 412 0 0 0 0 0
2968 206 0 0 0 0 0 0 0 0
2969 412 0 0 0 0 0 0 0 0
2970 203 0 0 0 0 0 0 0 0
2974 618 0 0 206 0 0 0 0 0
2975 206 0 0 0 0 0 0 0 0
2978 1030 0 0 412 116 47 0 0 0
2980 206 0 0 0 0 0 0 0 0
2987 603 0 0 0 0 0 0 0 0
2988 1005 111 23 201 0 0 0 0 0
3000 6 0 0 0 0 0 0 0 0
3001 6 0 0 0 0 0 0 0 0
3003 3 0 0 0 0 0 0 0 0
3005 3 0 0 0 0 0 0 0 0
3009 6 0 0 0 0 0 0 0 0
3012 9 0 0 3 0 0 3 0 0
3013 12 0 0 3 0 0 3 0 0
3015 6 0 0 0 0 0 0 0 0
3020 824 5 5 1236 0 0 0 0 0
fn=tcache_init.part.0
3242 4 1 1 0 0 0 6 0 0
3251 10 1 1 2 0 0 0 0 0
3252 4 0 0 0 0 0 0 0 0
3253 1 0 0 0 0 0 0 0 0
3261 5 1 1 0 0 0 0 0 0
3270 2 0 0 0 0 0 1 0 0
3274 3 0 0 6 0 0 0 0 0
fn=unlink_chunk.isra.0
1608 69742 9257 2013 0 0 0 69742 1201 81
1610 174355 10872 1802 69742 6946 3082 0 0 0
1614 34871 0 0 69742 3438 1011 0 0 0
1616 209226 0 0 69742 19073 6613 0 0 0
1619 34871 0 0 0 0 0 34871 0 0
1620 34871 0 0 0 0 0 34871 0 0
1621 111454 0 0 20856 2047 540 0 0 0
1623 34644 6608 1551 11548 29 10 0 0 0
1624 46192 0 0 23096 8 4 0 0 0
1627 23096 0 0 11548 2208 719 0 0 0
1629 16 0 0 0 0 0 0 0 0
1630 10 5 5 0 0 0 10 0 0
1634 3 0 0 0 0 0 6 0 0
1635 3 2 2 0 0 0 3 0 0
1636 9 0 0 3 0 0 3 0 0
1641 11540 0 0 0 0 0 11540 0 0
1642 11540 0 0 0 0 0 11540 0 0
1645 69742 3028 267 69742 0 0 0 0 0
fl=./malloc/./malloc/morecore.c
fn=__glibc_morecore
25 556 0 0 0 0 0 556 7 0
26 834 188 91 278 0 0 0 0 0
27 12 0 0 0 0 0 0 0 0
29 278 0 0 0 0 0 0 0 0
30 556 70 69 0 0 0 0 0 0
34 556 0 0 556 0 0 0 0 0
fl=./malloc/./malloc/scratch_buffer_set_array_size.c
fn=__libc_scratch_buffer_set_array_size
30 56 9 8 0 0 0 56 0 0
31 14 0 0 0 0 0 0 0 0
34 14 0 0 0 0 0 0 0 0
35 42 9 8 0 0 0 0 0 0
45 42 0 0 14 0 0 0 0 0
46 14 9 8 0 0 0 0 0 0
63 42 0 0 56 0 0 0 0 0
fl=./math/../sysdeps/aarch64/fpu/fenv_private.h
fn=fetestexcept
107 144559 0 0 0 0 0 0 0 0
108 144559 0 0 0 0 0 0 0 0
fl=./math/../sysdeps/aarch64/fpu/ftestexcept.c
fn=fetestexcept
24 289118 60386 136 0 0 0 289118 1107 0
26 433677 0 0 289118 0 0 0 0 0
fl=./math/../sysdeps/aarch64/fpu/math_private.h
fn=exp@@GLIBC_2.29
31 1 0 0 0 0 0 0 0 0
37 1 0 0 0 0 0 0 0 0
fn=pow@@GLIBC_2.29
31 2 0 0 0 0 0 0 0 0
37 2 0 0 0 0 0 0 0 0
fn=powf@@GLIBC_2.27
31 2 0 0 0 0 0 0 0 0
37 2 0 0 0 0 0 0 0 0
fl=./math/../sysdeps/ieee754/dbl-64/e_exp.c
fn=exp@@GLIBC_2.29
98 2 0 0 0 0 0 2 0 0
104 1 0 0 0 0 0 0 0 0
105 3 0 0 0 0 0 0 0 0
129 4 0 0 1 1 1 0 0 0
139 3 0 0 2 0 0 0 0 0
141 1 0 0 0 0 0 0 0 0
143 1 0 0 0 0 0 0 0 0
145 3 0 0 1 0 0 0 0 0
148 1 0 0 0 0 0 0 0 0
151 8 2 2 4 1 1 0 0 0
152 1 0 0 0 0 0 0 0 0
157 1 0 0 0 0 0 0 0 0
158 2 0 0 2 0 0 0 0 0
fl=./math/../sysdeps/ieee754/dbl-64/e_log.c
fn=log@@GLIBC_2.29
49 10 0 0 0 0 0 10 0 0
61 35 0 0 0 0 0 0 0 0
85 20 4 4 0 0 0 0 0 0
102 10 0 0 0 0 0 0 0 0
104 5 0 0 0 0 0 0 0 0
105 10 0 0 0 0 0 0 0 0
106 30 0 0 0 0 0 0 0 0
114 20 0 0 5 5 5 0 0 0
119 5 0 0 0 0 0 0 0 0
122 15 0 0 10 4 4 0 0 0
123 5 0 0 0 0 0 0 0 0
124 15 4 4 0 0 0 0 0 0
127 5 0 0 0 0 0 0 0 0
130 50 4 4 30 0 0 0 0 0
132 10 0 0 10 0 0 0 0 0
fl=./math/../sysdeps/ieee754/dbl-64/e_log10.c
fn=__log10_finite@GLIBC_2.17
59 3 0 0 0 0 0 3 0 0
64 1 1 1 0 0 0 0 0 0
66 1 1 1 0 0 0 0 0 0
67 3 0 0 0 0 0 0 0 0
78 3 0 0 0 0 0 0 0 0
80 3 0 0 0 0 0 0 0 0
81 1 0 0 0 0 0 0 0 0
82 2 0 0 0 0 0 0 0 0
83 2 1 1 0 0 0 0 0 0
87 9 0 0 2 1 1 0 0 0
88 3 0 0 1 0 0 0 0 0
89 3 1 1 3 0 0 0 0 0
fl=./math/../sysdeps/ieee754/dbl-64/e_pow.c
fn=pow@@GLIBC_2.29
45 4 0 0 0 0 0 0 0 0
62 6 0 0 0 0 0 0 0 0
64 2 0 0 0 0 0 0 0 0
65 4 0 0 0 0 0 0 0 0
67 2 0 0 0 0 0 0 0 0
70 2 0 0 0 0 0 0 0 0
72 8 2 2 2 0 0 0 0 0
77 8 0 0 2 2 2 0 0 0
88 6 2 2 4 2 2 0 0 0
89 2 0 0 0 0 0 0 0 0
90 4 0 0 2 0 0 0 0 0
91 4 0 0 0 0 0 0 0 0
95 4 0 0 2 0 0 0 0 0
96 2 0 0 0 0 0 0 0 0
97 2 0 0 0 0 0 0 0 0
100 2 0 0 0 0 0 0 0 0
101 2 2 2 0 0 0 0 0 0
102 4 0 0 0 0 0 0 0 0
112 18 0 0 12 2 2 0 0 0
113 8 0 0 0 0 0 0 0 0
114 2 0 0 0 0 0 0 0 0
115 4 0 0 0 0 0 0 0 0
193 2 0 0 0 0 0 0 0 0
194 6 0 0 0 0 0 0 0 0
218 8 0 0 2 1 1 0 0 0
229 6 2 2 4 0 0 0 0 0
231 2 0 0 0 0 0 0 0 0
233 2 0 0 0 0 0 0 0 0
234 2 0 0 0 0 0 0 0 0
235 2 0 0 0 0 0 0 0 0
237 6 0 0 2 0 0 0 0 0
240 2 0 0 0 0 0 0 0 0
243 16 2 2 8 2 1 0 0 0
244 2 0 0 0 0 0 0 0 0
249 2 0 0 0 0 0 0 0 0
283 6 0 0 0 0 0 4 0 0
284 2 0 0 0 0 0 0 0 0
292 14 0 0 0 0 0 0 0 0
369 2 0 0 0 0 0 0 0 0
370 4 0 0 0 0 0 0 0 0
380 4 0 0 4 0 0 0 0 0
fl=./math/../sysdeps/ieee754/dbl-64/math_config.h
fn=exp@@GLIBC_2.29
85 1 1 1 0 0 0 0 0 0
97 2 0 0 1 1 1 0 0 0
fn=log@@GLIBC_2.29
85 5 4 4 0 0 0 0 0 0
fn=pow@@GLIBC_2.29
85 6 4 4 0 0 0 0 0 0
97 4 0 0 2 2 2 0 0 0
fl=./math/../sysdeps/ieee754/dbl-64/s_frexp.c
fn=frexp
36 17806 0 0 0 0 0 17806 0 0
38 8903 2423 632 0 0 0 0 0 0
39 8903 0 0 0 0 0 0 0 0
40 60 0 0 0 0 0 0 0 0
42 35612 0 0 0 0 0 0 0 0
45 8843 0 0 0 0 0 0 0 0
46 8843 0 0 0 0 0 0 0 0
56 17686 0 0 0 0 0 0 0 0
60 120 2 2 0 0 0 0 0 0
62 8903 0 0 0 0 0 8903 0 0
64 26709 0 0 17806 0 0 0 0 0
fl=./math/../sysdeps/ieee754/dbl-64/s_scalbn.c
fn=__scalbn
30 9 0 0 0 0 0 6 0 0
33 3 3 2 0 0 0 0 0 0
34 3 0 0 0 0 0 0 0 0
35 3 0 0 0 0 0 0 0 0
41 6 0 0 0 0 0 0 0 0
42 9 0 0 0 0 0 0 0 0
44 18 3 2 0 0 0 0 0 0
49 6 0 0 0 0 0 0 0 0
50 9 0 0 0 0 0 0 0 0
57 6 0 0 6 0 0 0 0 0
fl=./math/../sysdeps/ieee754/flt-32/e_exp2f.c
fn=exp2f@@GLIBC_2.27
49 10 0 0 0 0 0 10 0 0
55 5 0 0 0 0 0 0 0 0
56 5 5 1 0 0 0 0 0 0
57 10 0 0 0 0 0 0 0 0
75 15 0 0 0 0 0 0 0 0
77 5 0 0 0 0 0 0 0 0
78 5 0 0 0 0 0 0 0 0
81 10 0 0 5 5 1 0 0 0
82 5 0 0 0 0 0 0 0 0
84 10 0 0 10 4 2 0 0 0
85 5 4 2 0 0 0 0 0 0
86 15 0 0 10 5 2 0 0 0
87 5 0 0 0 0 0 0 0 0
88 10 0 0 0 0 0 0 0 0
89 5 0 0 0 0 0 0 0 0
90 10 0 0 10 0 0 0 0 0
fl=./math/../sysdeps/ieee754/flt-32/e_log10f.c
fn=__log10f_finite@GLIBC_2.17
28 6 2 1 0 0 0 6 0 0
32 2 2 1 0 0 0 0 0 0
34 2 2 1 0 0 0 0 0 0
35 6 0 0 0 0 0 0 0 0
43 6 0 0 0 0 0 0 0 0
44 6 0 0 0 0 0 0 0 0
45 2 0 0 0 0 0 0 0 0
46 4 0 0 0 0 0 0 0 0
47 4 0 0 0 0 0 0 0 0
51 22 2 1 0 0 0 0 0 0
52 8 0 0 0 0 0 0 0 0
53 6 0 0 6 0 0 0 0 0
fl=./math/../sysdeps/ieee754/flt-32/e_logf.c
fn=logf@@GLIBC_2.27
41 4 0 0 0 0 0 4 0 0
50 6 2 1 0 0 0 0 0 0
53 8 0 0 0 0 0 0 0 0
70 4 0 0 0 0 0 0 0 0
72 2 0 0 0 0 0 0 0 0
73 4 0 0 0 0 0 0 0 0
75 12 0 0 2 0 0 0 0 0
76 4 2 1 0 0 0 0 0 0
79 6 0 0 2 2 1 0 0 0
80 4 0 0 0 0 0 0 0 0
83 2 0 0 0 0 0 0 0 0
84 4 0 0 4 2 1 0 0 0
85 4 0 0 4 2 1 0 0 0
86 4 0 0 0 0 0 0 0 0
87 2 0 0 0 0 0 0 0 0
88 4 2 1 4 0 0 0 0 0
fl=./math/../sysdeps/ieee754/flt-32/e_powf.c
fn=powf@@GLIBC_2.27
55 4 0 0 0 0 0 0 0 0
57 2 0 0 0 0 0 0 0 0
58 2 0 0 0 0 0 0 0 0
59 2 2 1 0 0 0 0 0 0
61 12 0 0 2 0 0 0 0 0
62 4 0 0 0 0 0 0 0 0
65 6 0 0 2 2 2 0 0 0
66 4 0 0 0 0 0 0 0 0
69 2 0 0 0 0 0 0 0 0
70 4 0 0 4 0 0 0 0 0
71 4 0 0 4 2 2 0 0 0
72 2 0 0 0 0 0 0 0 0
73 4 0 0 2 0 0 0 0 0
74 2 0 0 0 0 0 0 0 0
75 2 2 1 0 0 0 0 0 0
108 2 0 0 0 0 0 0 0 0
111 8 0 0 2 2 1 0 0 0
112 2 0 0 0 0 0 0 0 0
113 2 0 0 0 0 0 0 0 0
115 4 0 0 4 0 0 0 0 0
116 2 0 0 0 0 0 0 0 0
117 6 2 1 2 2 0 0 0 0
118 2 0 0 0 0 0 0 0 0
119 4 0 0 0 0 0 0 0 0
143 4 0 0 0 0 0 0 0 0
148 6 0 0 0 0 0 4 0 0
149 2 2 1 0 0 0 0 0 0
154 12 0 0 0 0 0 0 0 0
158 2 0 0 0 0 0 0 0 0
206 4 0 0 0 0 0 0 0 0
207 10 0 0 0 0 0 0 0 0
230 2 0 0 0 0 0 0 0 0
231 4 0 0 4 0 0 0 0 0
fl=./math/../sysdeps/ieee754/flt-32/math_config.h
fn=exp2f@@GLIBC_2.27
67 5 5 1 0 0 0 0 0 0
89 5 0 0 0 0 0 0 0 0
fn=logf@@GLIBC_2.27
67 2 2 1 0 0 0 0 0 0
fn=powf@@GLIBC_2.27
67 4 2 1 0 0 0 0 0 0
fl=./math/../sysdeps/ieee754/flt-32/s_nextafterf.c
fn=nextafterf
27 3 0 0 0 0 0 2 0 0
30 1 0 0 0 0 0 0 0 0
31 1 1 1 0 0 0 0 0 0
33 2 0 0 0 0 0 0 0 0
35 4 0 0 0 0 0 0 0 0
38 3 1 1 0 0 0 0 0 0
39 1 0 0 0 0 0 0 0 0
41 3 1 1 0 0 0 0 0 0
42 1 0 0 0 0 0 0 0 0
43 1 0 0 0 0 0 0 0 0
73 2 0 0 2 0 0 0 0 0
fl=./math/../sysdeps/ieee754/ldbl-128/e_log10l.c
fn=__log10l_finite@GLIBC_2.17
151 21 3 3 3 0 0 0 0 0
154 75 0 0 30 6 6 0 0 0
156 33 0 0 0 0 0 0 0 0
169 24 0 0 6 0 0 0 0 0
172 75 0 0 30 6 6 0 0 0
174 36 0 0 0 0 0 0 0 0
182 27 3 3 6 3 1 12 2 1
189 3 0 0 6 0 0 0 0 0
190 9 3 3 0 0 0 0 0 0
192 3 0 0 0 0 0 0 0 0
194 9 0 0 0 0 0 0 0 0
197 15 0 0 3 3 0 0 0 0
198 3 0 0 0 0 0 0 0 0
205 21 3 3 3 0 0 18 0 0
211 12 0 0 3 0 0 0 0 0
213 18 3 3 6 3 3 0 0 0
215 3 0 0 0 0 0 0 0 0
216 15 3 3 3 3 3 3 0 0
217 15 3 3 6 0 0 0 0 0
223 18 3 3 3 0 0 0 0 0
225 12 0 0 3 0 0 3 0 0
226 6 0 0 0 0 0 3 0 0
227 24 3 3 9 0 0 3 0 0
228 3 0 0 0 0 0 0 0 0
252 21 3 3 3 3 3 6 0 0
253 24 0 0 9 0 0 3 0 0
254 33 3 3 6 0 0 6 0 0
255 27 3 3 9 0 0 3 0 0
256 27 0 0 9 0 0 3 0 0
257 30 0 0 24 3 2 0 0 0
258 3 0 0 0 0 0 0 0 0
259 30 3 3 15 0 0 0 0 0
fl=./math/../sysdeps/ieee754/ldbl-128/e_powl.c
fn=__powl_finite@GLIBC_2.17
151 33 3 3 9 0 0 30 0 0
162 3 3 2 0 0 0 0 0 0
166 12 0 0 0 0 0 0 0 0
170 6 0 0 0 0 0 0 0 0
175 15 3 2 3 3 0 0 0 0
177 36 3 2 6 3 2 0 0 0
182 9 3 3 0 0 0 0 0 0
183 3 0 0 0 0 0 0 0 0
185 12 0 0 0 0 0 0 0 0
186 9 3 3 0 0 0 0 0 0
195 3 0 0 0 0 0 0 0 0
196 3 0 0 0 0 0 0 0 0
214 3 0 0 0 0 0 0 0 0
226 9 0 0 0 0 0 0 0 0
233 9 3 3 0 0 0 0 0 0
237 12 0 0 0 0 0 0 0 0
242 6 0 0 0 0 0 6 0 0
244 15 3 2 6 0 0 0 0 0
246 21 6 5 0 0 0 0 0 0
265 12 3 3 0 0 0 0 0 0
269 12 0 0 3 0 0 3 0 0
270 9 0 0 0 0 0 0 0 0
271 12 0 0 3 0 0 3 0 0
276 12 3 3 0 0 0 0 0 0
293 15 3 3 3 0 0 0 0 0
294 21 3 3 6 3 2 0 0 0
299 9 3 3 0 0 0 0 0 0
306 12 3 3 0 0 0 0 0 0
309 3 0 0 0 0 0 0 0 0
310 9 0 0 0 0 0 0 0 0
312 9 0 0 0 0 0 0 0 0
321 3 3 3 6 0 0 0 0 0
322 3 0 0 0 0 0 0 0 0
323 6 0 0 0 0 0 0 0 0
326 12 0 0 3 0 0 6 0 0
327 33 3 3 9 0 0 3 0 0
328 12 0 0 3 0 0 3 0 0
331 9 0 0 0 0 0 3 0 0
332 3 0 0 0 0 0 0 0 0
333 12 3 3 0 0 0 0 0 0
334 6 0 0 0 0 0 0 0 0
337 6 0 0 0 0 0 0 0 0
338 3 0 0 0 0 0 0 0 0
339 15 0 0 3 0 0 0 0 0
340 6 3 3 0 0 0 0 0 0
341 21 0 0 9 0 0 0 0 0
342 57 3 2 12 0 0 12 0 0
344 12 0 0 3 0 0 3 0 0
345 81 6 5 24 3 3 3 0 0
346 87 6 6 30 6 6 0 0 0
347 33 0 0 9 0 0 6 0 0
348 24 3 3 12 0 0 3 0 0
349 15 0 0 3 0 0 3 0 0
350 21 3 3 6 3 3 0 0 0
351 6 0 0 0 0 0 0 0 0
352 3 0 0 0 0 0 0 0 0
353 12 0 0 0 0 0 0 0 0
354 6 0 0 0 0 0 0 0 0
355 30 0 0 12 0 0 0 0 0
357 15 3 3 3 0 0 6 0 0
358 33 3 3 12 0 0 3 0 0
360 12 0 0 3 0 0 3 0 0
361 6 0 0 0 0 0 0 0 0
362 3 0 0 0 0 0 0 0 0
363 12 3 3 0 0 0 0 0 0
364 6 0 0 0 0 0 0 0 0
365 21 3 3 9 0 0 0 0 0
366 21 0 0 3 0 0 6 0 0
367 51 3 3 15 0 0 6 0 0
369 9 0 0 0 0 0 3 0 0
370 21 0 0 12 0 0 0 0 0
371 6 0 0 0 0 0 0 0 0
372 3 0 0 0 0 0 0 0 0
373 12 0 0 0 0 0 0 0 0
374 6 0 0 0 0 0 0 0 0
375 33 6 6 12 0 0 3 0 0
379 3 0 0 6 0 0 0 0 0
380 3 0 0 0 0 0 0 0 0
381 9 3 3 0 0 0 0 0 0
382 3 0 0 0 0 0 6 0 0
383 39 3 3 15 0 0 6 0 0
384 18 0 0 6 0 0 3 0 0
385 9 0 0 3 0 0 3 0 0
387 3 0 0 3 0 0 0 0 0
388 12 0 0 0 0 0 0 0 0
399 12 0 0 0 0 0 0 0 0
414 3 0 0 0 0 0 0 0 0
415 54 6 6 9 3 3 9 0 0
417 24 3 3 6 3 0 0 0 0
418 3 0 0 0 0 0 0 0 0
419 18 3 3 3 0 0 3 0 0
421 9 0 0 3 0 0 3 0 0
422 3 0 0 6 0 0 0 0 0
423 3 0 0 0 0 0 0 0 0
424 12 3 3 3 0 0 0 0 0
425 6 0 0 0 0 0 0 0 0
426 18 0 0 3 3 3 6 0 0
427 63 3 3 21 3 0 3 0 0
428 15 3 3 3 0 0 6 0 0
429 21 0 0 6 0 0 3 0 0
431 12 0 0 3 0 0 3 0 0
432 78 6 5 24 3 3 0 0 0
433 69 6 5 24 3 3 0 0 0
434 30 0 0 9 0 0 3 0 0
435 72 3 2 24 3 3 9 0 0
436 27 3 3 6 0 0 0 0 0
438 3 0 0 0 0 0 0 0 0
439 6 0 0 0 0 0 0 0 0
440 9 0 0 0 0 0 0 0 0
448 3 0 0 0 0 0 0 0 0
449 6 3 3 0 0 0 0 0 0
451 15 0 0 3 0 0 3 0 0
452 18 3 0 27 0 0 0 0 0
fl=./math/../sysdeps/ieee754/ldbl-128/s_floorl.c
fn=floorl
34 6 3 2 0 0 0 0 0 0
42 15 0 0 0 0 0 0 0 0
43 6 0 0 0 0 0 0 0 0
45 3 0 0 0 0 0 0 0 0
60 6 0 0 0 0 0 0 0 0
61 9 3 1 0 0 0 0 0 0
62 6 0 0 0 0 0 0 0 0
64 15 0 0 0 0 0 0 0 0
95 12 0 0 0 0 0 0 0 0
98 6 0 0 0 0 0 0 0 0
fl=./math/../sysdeps/ieee754/ldbl-128/s_frexpl.c
fn=frexpl
37 36 6 1 6 0 0 24 3 0
40 6 0 0 0 0 0 0 0 0
42 36 6 3 6 0 0 0 0 0
43 18 0 0 0 0 0 0 0 0
49 18 0 0 0 0 0 6 0 0
50 6 6 3 0 0 0 0 0 0
51 24 0 0 6 0 0 0 0 0
53 18 0 0 18 0 0 0 0 0
fl=./math/../sysdeps/ieee754/ldbl-128/s_nextafterl.c
fn=nextafterl
33 27 6 6 12 0 0 24 0 0
40 3 0 0 0 0 0 0 0 0
42 19 2 2 0 0 0 0 0 0
45 13 3 2 7 0 0 0 0 0
46 4 0 0 0 0 0 0 0 0
48 10 0 0 0 0 0 2 0 0
49 4 0 0 0 0 0 0 0 0
50 4 0 0 0 0 0 0 0 0
52 2 0 0 2 0 0 0 0 0
54 1 0 0 0 0 0 0 0 0
55 2 0 0 0 0 0 0 0 0
64 1 0 0 0 0 0 0 0 0
65 1 0 0 0 0 0 0 0 0
71 1 0 0 0 0 0 0 0 0
72 3 0 0 0 0 0 0 0 0
77 1 0 0 0 0 0 0 0 0
82 2 1 0 0 0 0 0 0 0
84 15 2 1 18 0 0 0 0 0
fl=./math/../sysdeps/ieee754/ldbl-128/s_scalbnl.c
fn=__scalbnl
37 98 11 2 0 0 0 42 3 0
40 14 0 0 0 0 0 0 0 0
41 14 11 2 0 0 0 0 0 0
47 42 11 2 0 0 0 0 0 0
48 42 11 2 0 0 0 0 0 0
49 98 0 0 0 0 0 0 0 0
54 28 0 0 0 0 0 0 0 0
55 70 8 3 0 0 0 0 0 0
61 56 0 0 42 0 0 0 0 0
fl=./math/./e_exp2_template.c
fn=__exp2l_finite@GLIBC_2.17
26 24 0 0 0 0 0 24 0 0
27 88 16 6 24 8 1 0 0 0
29 96 0 0 32 0 0 0 0 0
32 32 8 3 8 0 0 8 0 0
33 40 0 0 8 0 0 8 0 0
35 88 8 3 32 8 1 16 0 0
36 64 8 3 16 5 2 8 0 0
39 56 8 3 24 8 2 0 0 0
54 24 0 0 24 0 0 0 0 0
fl=./math/./math/s_nextafter.c
fn=nextafter
36 14 2 2 0 0 0 4 0 0
40 4 2 1 0 0 0 0 0 0
43 2 0 0 0 0 0 0 0 0
45 10 2 1 0 0 0 0 0 0
48 6 0 0 0 0 0 0 0 0
49 4 2 1 0 0 0 0 0 0
51 12 0 0 0 0 0 0 0 0
52 2 0 0 0 0 0 0 0 0
53 2 0 0 0 0 0 0 0 0
87 4 0 0 4 0 0 0 0 0
fl=./math/./math/w_exp2l_compat.c
fn=exp2l
13 24 8 3 0 0 0 24 0 0
14 16 0 0 0 0 0 8 0 0
15 176 16 5 56 0 0 16 0 0
21 24 0 0 24 0 0 0 0 0
fl=./math/./math/w_log10_compat.c
fn=log10
30 2 1 1 0 0 0 0 0 0
44 1 1 1 0 0 0 0 0 0
fl=./math/./math/w_log10f_compat.c
fn=log10f
30 4 2 1 0 0 0 0 0 0
44 2 2 2 0 0 0 0 0 0
fl=./math/./math/w_log10l_compat.c
fn=log10l
29 9 0 0 0 0 0 9 0 0
30 24 6 6 3 0 0 0 0 0
44 6 0 0 3 0 0 0 0 0
45 3 0 0 6 0 0 0 0 0
fl=./math/./math/w_powl_compat.c
fn=powl
28 12 3 3 0 0 0 12 0 0
29 6 3 0 0 0 0 3 0 0
30 54 3 3 18 0 0 6 0 0
54 12 0 0 3 0 0 0 0 0
61 9 0 0 9 0 0 0 0 0
fl=./math/./s_ldexp_template.c
fn=ldexp
22 12 3 2 0 0 0 9 0 0
23 21 3 2 0 0 0 0 0 0
24 3 0 0 0 0 0 0 0 0
25 15 0 0 0 0 0 0 0 0
27 9 0 0 9 0 0 0 0 0
fn=ldexpl
22 30 6 6 0 0 0 24 0 0
23 132 3 3 42 0 0 12 0 0
24 24 3 3 6 0 0 6 0 0
25 132 3 2 42 0 0 12 0 0
27 24 0 0 24 0 0 0 0 0
fl=./misc/../sysdeps/unix/syscall-template.S
fn=epoll_create1
120 5 1 1 0 0 0 0 0 0
122 1 0 0 0 0 0 0 0 0
fn=mprotect
120 360 54 24 0 0 0 0 0 0
122 72 0 0 0 0 0 0 0 0
fn=munmap
120 545 63 39 0 0 0 0 0 0
122 109 0 0 0 0 0 0 0 0
fl=./misc/../sysdeps/unix/sysv/linux/aarch64/ioctl.S
fn=ioctl
22 1 1 1 0 0 0 0 0 0
23 1 0 0 0 0 0 0 0 0
24 1 0 0 0 0 0 0 0 0
25 1 0 0 0 0 0 0 0 0
26 1 0 0 0 0 0 0 0 0
27 1 0 0 0 0 0 0 0 0
28 1 0 0 0 0 0 0 0 0
fl=./misc/../sysdeps/unix/sysv/linux/aarch64/syscall.S
fn=syscall
29 2 2 2 0 0 0 0 0 0
30 2 0 0 0 0 0 0 0 0
31 2 0 0 0 0 0 0 0 0
32 2 0 0 0 0 0 0 0 0
33 2 0 0 0 0 0 0 0 0
34 2 0 0 0 0 0 0 0 0
35 2 0 0 0 0 0 0 0 0
36 2 0 0 0 0 0 0 0 0
37 2 0 0 0 0 0 0 0 0
38 2 0 0 0 0 0 0 0 0
39 2 0 0 0 0 0 0 0 0
40 2 0 0 0 0 0 0 0 0
41 2 0 0 0 0 0 0 0 0
fl=./misc/../sysdeps/unix/sysv/linux/brk.c
fn=brk
36 222 71 71 0 0 0 148 6 0
37 222 0 0 74 0 0 74 0 0
38 148 0 0 0 0 0 0 0 0
40 60 0 0 12 3 0 12 3 1
41 24 0 0 0 0 0 0 0 0
44 62 0 0 0 0 0 0 0 0
45 148 0 0 148 0 0 0 0 0
fl=./misc/../sysdeps/unix/sysv/linux/brk_call.h
fn=brk
24 148 72 72 0 0 0 0 0 0
fl=./misc/../sysdeps/unix/sysv/linux/getclktck.c
fn=__getclktck
29 2 0 0 0 0 0 2 0 0
30 5 1 1 2 0 0 0 0 0
31 3 1 1 2 0 0 0 0 0
fl=./misc/../sysdeps/unix/sysv/linux/getpagesize.c
fn=getpagesize
28 36 7 2 18 1 1 0 0 0
30 9 0 0 0 0 0 0 0 0
fl=./misc/../sysdeps/unix/sysv/linux/mmap64.c
fn=mmap
47 390 84 71 0 0 0 390 14 10
50 390 0 0 0 0 0 0 0 0
58 1365 60 49 0 0 0 0 0 0
60 390 29 22 390 0 0 0 0 0
fl=./misc/../sysdeps/unix/sysv/linux/mremap.c
fn=mremap
26 36 4 4 8 4 4 16 0 0
30 8 0 0 0 0 0 0 0 0
37 24 4 4 0 0 0 0 0 0
39 40 0 0 20 0 0 0 0 0
fl=./misc/../sysdeps/unix/sysv/linux/setvmaname.c
fn=__set_vma_name
33 298 50 48 58 0 0 153 15 7
35 124 0 0 31 28 26 0 0 0
40 18 2 2 2 0 0 4 0 0
47 4 2 2 0 0 0 2 0 0
48 3 0 0 4 0 0 0 0 0
49 325 25 24 211 0 0 0 0 0
fl=./misc/./misc/getauxval.c
fn=__getauxval2
25 2 1 1 0 0 0 2 0 0
30 2 0 0 0 0 0 0 0 0
32 2 0 0 1 0 0 0 0 0
33 2 1 1 0 0 0 0 0 0
37 1 0 0 0 0 0 1 0 0
51 2 0 0 2 0 0 0 0 0
fn=getauxval
30 28 0 0 0 0 0 0 0 0
32 33 8 6 22 8 0 0 0 0
35 6 0 0 0 0 0 0 0 0
37 6 1 1 4 2 0 0 0 0
42 45 0 0 23 8 7 0 0 0
43 40 0 0 0 0 0 0 0 0
56 30 10 8 0 0 0 30 0 0
59 3 0 0 0 0 0 0 0 0
60 1 1 1 1 0 0 0 0 0
62 5 1 1 1 0 0 1 0 0
63 1 0 0 0 0 0 0 0 0
64 30 0 0 30 0 0 0 0 0
fl=./misc/./misc/init-misc.c
fn=__init_misc
30 4 1 1 0 0 0 4 0 0
31 3 1 1 1 0 0 0 0 0
33 3 0 0 0 0 0 0 0 0
37 4 0 0 1 1 0 0 0 0
38 5 0 0 2 0 0 2 1 0
40 3 1 1 4 0 0 0 0 0
fl=./misc/./misc/sbrk.c
fn=sbrk
37 1390 183 95 0 0 0 1390 22 10
40 834 0 0 556 385 175 0 0 0
43 834 0 0 278 143 32 0 0 0
50 12 0 0 0 0 0 0 0 0
58 278 186 95 0 0 0 0 0 0
59 3 1 1 0 0 0 0 0 0
62 556 0 0 0 0 0 0 0 0
63 2 0 0 1 0 0 0 0 0
66 222 0 0 0 0 0 0 0 0
68 3 2 2 0 0 0 0 0 0
74 146 68 66 0 0 0 0 0 0
78 1390 57 55 1390 0 0 0 0 0
fl=./misc/./misc/tsearch.c
fn=maybe_split_for_insert.isra.0
204 8 0 0 0 0 0 8 0 0
207 4 2 1 0 0 0 0 0 0
211 4 0 0 8 0 0 0 0 0
213 4 0 0 0 0 0 0 0 0
216 8 0 0 0 0 0 0 0 0
217 6 2 1 0 0 0 0 0 0
220 4 0 0 0 0 0 2 0 0
221 2 0 0 0 0 0 0 0 0
223 4 0 0 0 0 0 0 0 0
228 10 2 1 4 0 0 0 0 0
284 8 2 1 8 0 0 0 0 0
fn=tfind
372 1971 656 203 0 0 0 2628 0 0
376 657 0 0 0 0 0 0 0 0
377 656 0 0 0 0 0 0 0 0
382 4602 0 0 659 0 0 657 0 0
384 3 3 2 0 0 0 0 0 0
387 9 0 0 3 1 0 0 0 0
388 7 0 0 1 0 0 0 0 0
391 8 0 0 0 0 0 0 0 0
394 3284 656 201 3284 0 0 0 0 0
fn=tsearch
291 24 6 4 0 0 0 12 0 0
302 9 3 2 0 0 0 6 0 0
306 20 0 0 3 0 0 18 0 0
307 6 0 0 0 0 0 0 0 0
308 6 0 0 2 0 0 2 0 0
313 6 3 2 0 0 0 0 0 0
315 3 0 0 0 0 0 0 0 0
316 9 0 0 2 0 0 0 0 0
317 2 0 0 0 0 0 0 0 0
320 14 0 0 2 0 0 0 0 0
325 7 0 0 2 0 0 0 0 0
326 4 0 0 0 0 0 0 0 0
329 2 0 0 0 0 0 0 0 0
333 2 1 0 0 0 0 0 0 0
337 9 2 2 0 0 0 0 0 0
338 3 0 0 0 0 0 0 0 0
349 13 0 0 5 0 0 3 0 0
350 4 0 0 2 0 0 3 0 0
352 10 1 1 5 3 2 3 0 0
353 1 0 0 2 0 0 0 0 0
355 4 2 1 0 0 0 0 0 0
358 16 0 0 6 0 0 0 0 0
362 18 2 1 24 0 0 0 0 0
fl=./nptl/../string/bits/string_fortified.h
fn=pthread_cond_init@@GLIBC_2.17
59 6 0 0 0 0 0 12 1 0
fn=pthread_mutex_init@@GLIBC_2.17
59 9 2 2 0 0 0 18 5 5
fn=pthread_rwlock_init@@GLIBC_2.34
59 240 0 0 0 0 0 240 0 0
fl=./nptl/../sysdeps/nptl/futex-internal.h
fn=__pthread_once_slow
209 160 7 4 0 0 0 0 0 0
fn=pthread_rwlock_wrlock@@GLIBC_2.34
213 210 43 6 0 0 0 0 0 0
fl=./nptl/../sysdeps/unix/sysv/linux/sigsetops.h
fn=pthread_sigmask@@GLIBC_2.32
96 2 0 0 2 0 0 0 0 0
fl=./nptl/./nptl/cleanup_compat.c
fn=_pthread_cleanup_pop@@GLIBC_2.34
40 40 0 0 0 0 0 40 0 0
41 20 2 0 0 0 0 0 0 0
43 60 13 4 20 5 1 20 4 0
47 20 0 0 0 0 0 0 0 0
49 40 0 0 40 0 0 0 0 0
fn=_pthread_cleanup_push@@GLIBC_2.34
25 40 0 0 0 0 0 40 0 0
26 20 6 4 0 0 0 0 0 0
29 20 0 0 0 0 0 40 0 0
30 60 0 0 20 4 1 20 0 0
32 20 0 0 0 0 0 20 0 0
33 40 0 0 40 0 0 0 0 0
fl=./nptl/./nptl/libc-cleanup.c
fn=__libc_cleanup_pop_restore
54 96 14 8 0 0 0 120 0 0
55 24 0 0 0 0 0 0 0 0
57 72 0 0 24 0 0 24 0 0
59 48 0 0 24 0 0 0 0 0
60 48 0 0 24 0 0 0 0 0
61 24 0 0 0 0 0 0 0 0
77 96 13 8 120 0 0 0 0 0
fn=__libc_cleanup_push_defer
24 120 14 8 0 0 0 144 1 0
25 24 0 0 0 0 0 0 0 0
27 72 0 0 24 8 3 24 0 0
29 48 0 0 24 0 0 0 0 0
32 24 0 0 0 0 0 0 0 0
44 24 0 0 0 0 0 24 0 0
46 24 0 0 0 0 0 0 0 0
48 24 0 0 0 0 0 24 0 0
49 96 14 8 144 0 0 0 0 0
fl=./nptl/./nptl/pthread_cond_init.c
fn=pthread_cond_init@@GLIBC_2.17
27 4 1 1 0 0 0 4 0 0
38 6 0 0 2 0 0 0 0 0
44 2 0 0 0 0 0 0 0 0
45 6 0 0 2 0 0 2 0 0
47 2 0 0 0 0 0 0 0 0
50 6 0 0 4 0 0 0 0 0
fl=./nptl/./nptl/pthread_cond_signal.c
fn=pthread_cond_signal@@GLIBC_2.17
35 435390 30147 5197 0 0 0 522468 3977 29
36 87078 0 0 0 0 0 0 0 0
41 174156 0 0 87078 29654 1016 0 0 0
42 174156 0 0 0 0 0 0 0 0
96 435390 58211 3126 522468 0 0 0 0 0
fl=./nptl/./nptl/pthread_condattr_init.c
fn=pthread_condattr_init
24 3 1 1 0 0 0 2 0 0
31 1 0 0 0 0 0 1 0 0
34 3 0 0 2 0 0 0 0 0
fl=./nptl/./nptl/pthread_condattr_setclock.c
fn=pthread_condattr_setclock@@GLIBC_2.34
28 2 0 0 0 0 0 2 0 0
30 2 0 0 0 0 0 0 0 0
38 1 0 0 0 0 0 0 0 0
40 3 0 0 1 0 0 1 0 0
41 1 1 1 0 0 0 0 0 0
43 1 0 0 0 0 0 0 0 0
44 2 0 0 2 0 0 0 0 0
fl=./nptl/./nptl/pthread_getspecific.c
fn=pthread_getspecific@@GLIBC_2.34
24 507 50 6 0 0 0 338 0 0
29 338 0 0 0 0 0 0 0 0
30 676 0 0 0 0 0 0 0 0
36 288 41 4 0 0 0 0 0 0
54 169 0 0 169 50 7 0 0 0
55 169 0 0 0 0 0 0 0 0
59 175 11 3 50 12 4 0 0 0
64 338 40 4 338 0 0 0 0 0
fl=./nptl/./nptl/pthread_key_create.c
fn=pthread_key_create@@GLIBC_2.34
25 72 4 3 0 0 0 64 1 0
27 120 3 2 0 0 0 0 0 0
29 36 0 0 36 10 7 0 0 0
31 144 0 0 0 0 0 0 0 0
33 48 1 1 0 0 0 0 0 0
37 24 0 0 0 0 0 8 0 0
40 8 0 0 0 0 0 8 3 3
43 8 0 0 0 0 0 0 0 0
48 40 4 3 64 0 0 0 0 0
fl=./nptl/./nptl/pthread_key_delete.c
fn=pthread_key_delete@@GLIBC_2.34
25 24 2 2 0 0 0 24 0 0
28 16 2 1 0 0 0 0 0 0
30 40 0 0 8 5 1 0 0 0
32 8 0 0 0 0 0 0 0 0
33 48 0 0 0 0 0 0 0 0
36 8 0 0 0 0 0 0 0 0
40 24 0 0 24 0 0 0 0 0
fl=./nptl/./nptl/pthread_mutex_conf.c
fn=__pthread_tunables_init
55 9 1 1 2 0 0 4 0 0
56 6 0 0 0 0 0 0 0 0
58 5 1 1 0 0 0 0 0 0
60 5 0 0 0 0 0 0 0 0
62 11 1 1 6 0 0 0 0 0
fl=./nptl/./nptl/pthread_mutex_destroy.c
fn=pthread_mutex_destroy@@GLIBC_2.17
26 10 1 1 0 0 0 10 0 0
27 5 0 0 0 0 0 0 0 0
31 15 0 0 5 0 0 0 0 0
33 10 0 0 5 0 0 0 0 0
34 5 0 0 0 0 0 0 0 0
39 10 0 0 0 0 0 5 0 0
41 5 0 0 0 0 0 0 0 0
42 10 0 0 10 0 0 0 0 0
fl=./nptl/./nptl/pthread_mutex_init.c
fn=pthread_mutex_init@@GLIBC_2.17
53 33 2 2 6 2 0 21 0 0
65 9 2 2 0 0 0 0 0 0
92 6 0 0 0 0 0 0 0 0
94 3 0 0 0 0 0 0 0 0
105 21 2 2 0 0 0 0 0 0
134 3 2 2 0 0 0 0 0 0
136 9 0 0 0 0 0 0 0 0
140 6 0 0 0 0 0 3 0 0
149 3 0 0 0 0 0 0 0 0
151 3 0 0 0 0 0 0 0 0
152 36 0 0 27 0 0 0 0 0
fl=./nptl/./nptl/pthread_mutex_lock.c
fn=pthread_mutex_lock@@GLIBC_2.17
44 130907 0 0 130907 0 0 0 0 0
45 916349 64536 7312 261814 27639 105 0 0 0
46 392441 0 0 0 0 0 130907 0 0
77 392724 30272 3419 0 0 0 523632 151 24
80 523632 30261 5870 130908 55755 2738 0 0 0
82 130908 0 0 0 0 0 0 0 0
84 261816 0 0 0 0 0 0 0 0
88 392724 0 0 0 0 0 261816 0 0
94 261254 0 0 130627 0 0 0 0 0
108 1124 154 6 281 0 0 0 0 0
112 261816 174 26 0 0 0 0 0 0
115 1124 0 0 562 156 3 0 0 0
118 3 0 0 1 0 0 0 0 0
122 2 0 0 0 0 0 1 0 0
124 130909 1 0 0 0 0 0 0 0
130 280 0 0 0 0 0 0 0 0
131 840 0 0 0 0 0 280 0 0
182 130907 0 0 130907 28931 811 0 0 0
184 392721 151 5 130907 0 0 261814 0 0
187 130907 0 0 0 0 0 0 0 0
190 523632 0 0 785448 0 0 0 0 0
fl=./nptl/./nptl/pthread_mutex_unlock.c
fn=__pthread_mutex_unlock_usercnt
39 130907 0 0 130907 0 0 0 0 0
40 654535 37574 630 130907 15 2 0 0 0
41 130907 0 0 0 0 0 130907 0 0
48 654540 0 0 0 0 0 523632 1 0
51 523632 31971 672 130908 42 9 0 0 0
52 261816 0 0 0 0 0 0 0 0
57 130908 0 0 0 0 0 0 0 0
62 130907 0 0 0 0 0 130907 0 0
63 130907 0 0 0 0 0 0 0 0
65 523628 36527 664 130907 0 0 130907 0 0
70 130907 0 0 0 0 0 0 0 0
72 130908 1 0 0 0 0 0 0 0
74 562 151 7 0 0 0 0 0 0
80 1124 129 24 281 0 0 0 0 0
84 1686 0 0 562 19 1 0 0 0
87 1404 125 28 281 0 0 281 0 0
104 392724 0 0 523632 0 0 0 0 0
fn=pthread_mutex_unlock@@GLIBC_2.17
367 261816 30858 662 0 0 0 261816 21 4
368 261816 0 0 0 0 0 0 0 0
369 130908 29005 710 261816 0 0 0 0 0
fl=./nptl/./nptl/pthread_once.c
fn=__pthread_once_slow
68 240 14 8 40 3 0 140 1 0
76 20 0 0 20 0 0 0 0 0
80 20 0 0 0 0 0 0 0 0
88 60 6 4 20 7 4 0 0 0
92 140 0 0 0 0 0 0 0 0
101 80 7 4 0 0 0 0 0 0
114 300 17 8 0 0 0 160 2 0
116 20 0 0 0 0 0 0 0 0
118 60 3 0 0 0 0 0 0 0
124 40 0 0 0 0 0 20 4 0
132 260 2 0 180 8 1 0 0 0
fn=pthread_once@@GLIBC_2.34
136 2380 212 9 0 0 0 2380 23 2
139 1190 0 0 1190 110 14 0 0 0
140 1190 0 0 0 0 0 0 0 0
143 20 0 0 0 0 0 0 0 0
144 3530 7 4 2380 0 0 0 0 0
fl=./nptl/./nptl/pthread_rwlock_common.c
fn=pthread_rwlock_rdlock@@GLIBC_2.34
298 22400 671 213 6400 1870 633 0 0 0
310 9600 0 0 3200 573 219 0 0 0
353 12800 0 0 0 0 0 0 0 0
370 3200 0 0 0 0 0 0 0 0
390 3200 0 0 0 0 0 0 0 0
391 3200 0 0 0 0 0 0 0 0
396 285 43 4 0 0 0 0 0 0
402 665 0 0 0 0 0 0 0 0
413 475 48 3 0 0 0 0 0 0
fn=pthread_rwlock_unlock@@GLIBC_2.34
221 18844 722 219 4711 0 0 0 0 0
232 3200 0 0 3200 0 0 0 0 0
236 3200 0 0 0 0 0 0 0 0
240 6400 0 0 0 0 0 0 0 0
243 9600 735 211 0 0 0 0 0 0
244 6400 0 0 0 0 0 0 0 0
254 25600 0 0 0 0 0 0 0 0
259 3200 0 0 0 0 0 0 0 0
275 6400 666 208 0 0 0 0 0 0
531 1511 0 0 0 0 0 1511 0 0
535 6044 0 0 0 0 0 0 0 0
536 1511 0 0 0 0 0 0 0 0
538 3022 43 7 1511 20 3 0 0 0
559 1511 0 0 1511 0 0 0 0 0
561 15110 0 0 0 0 0 0 0 0
569 3022 0 0 0 0 0 0 0 0
582 1511 79 5 0 0 0 0 0 0
fn=pthread_rwlock_wrlock@@GLIBC_2.34
603 10577 0 0 3022 64 11 0 0 0
622 7555 0 0 0 0 0 3022 0 0
624 3022 0 0 0 0 0 0 0 0
778 4533 61 6 0 0 0 1511 0 0
783 3022 0 0 0 0 0 0 0 0
789 420 0 0 0 0 0 0 0 0
795 1470 0 0 0 0 0 0 0 0
802 315 29 2 0 0 0 105 0 0
947 3022 48 4 1511 0 0 1511 0 0
949 3022 0 0 3022 0 0 0 0 0
fl=./nptl/./nptl/pthread_rwlock_destroy.c
fn=pthread_rwlock_destroy@@GLIBC_2.34
24 92 2 2 0 0 0 92 0 0
25 46 0 0 0 0 0 0 0 0
29 138 2 1 92 0 0 0 0 0
fl=./nptl/./nptl/pthread_rwlock_init.c
fn=pthread_rwlock_init@@GLIBC_2.34
34 180 25 2 0 0 0 120 0 0
46 240 0 0 0 0 0 0 0 0
50 120 1 1 120 27 2 60 0 0
53 180 0 0 0 0 0 60 0 0
56 180 0 0 120 0 0 0 0 0
fl=./nptl/./nptl/pthread_rwlock_rdlock.c
fn=pthread_rwlock_rdlock@@GLIBC_2.34
23 12800 667 210 0 0 0 12800 528 0
24 3200 0 0 0 0 0 0 0 0
27 3200 0 0 0 0 0 0 0 0
29 12800 872 209 12800 0 0 0 0 0
fl=./nptl/./nptl/pthread_rwlock_unlock.c
fn=pthread_rwlock_unlock@@GLIBC_2.34
30 28266 671 212 0 0 0 37688 166 1
31 4711 0 0 0 0 0 0 0 0
38 23555 0 0 9422 76 0 0 0 0
39 9422 0 0 0 0 0 0 0 0
44 28266 14 5 37688 0 0 0 0 0
fl=./nptl/./nptl/pthread_rwlock_wrlock.c
fn=pthread_rwlock_wrlock@@GLIBC_2.34
23 7555 659 11 0 0 0 9066 6 0
24 1511 0 0 0 0 0 0 0 0
27 1511 0 0 0 0 0 0 0 0
29 7555 0 0 9066 0 0 0 0 0
fl=./nptl/./nptl/pthread_self.c
fn=pthread_self
24 106045 57157 357 0 0 0 0 0 0
25 212090 0 0 0 0 0 0 0 0
fl=./nptl/./nptl/pthread_setspecific.c
fn=pthread_setspecific@@GLIBC_2.34
25 48 3 3 0 0 0 48 0 0
32 8 0 0 0 0 0 0 0 0
36 16 0 0 0 0 0 0 0 0
39 48 0 0 8 3 1 0 0 0
41 8 0 0 0 0 0 0 0 0
43 24 3 3 0 0 0 0 0 0
46 8 0 0 0 0 0 0 0 0
47 15 0 0 0 0 0 5 2 2
66 8 0 0 0 0 0 0 0 0
87 8 0 0 0 0 0 16 0 0
90 32 0 0 48 0 0 0 0 0
fl=./nptl/./nptl/pthread_sigmask.c
fn=pthread_sigmask@@GLIBC_2.32
25 20 1 1 4 0 0 6 0 0
30 2 0 0 0 0 0 0 0 0
32 4 1 1 0 0 0 0 0 0
40 10 0 0 0 0 0 0 0 0
45 4 0 0 0 0 0 0 0 0
46 20 1 1 10 0 0 0 0 0
fl=./nptl/./nptl/pthread_testcancel.c
fn=pthread_testcancel@@GLIBC_2.34
24 576 131 81 0 0 0 576 9 2
25 192 0 0 0 0 0 0 0 0
26 576 0 0 192 126 80 0 0 0
27 768 0 0 0 0 0 0 0 0
32 576 0 0 576 0 0 0 0 0
fl=./nptl/./nptl/sem_destroy.c
fn=sem_destroy@@GLIBC_2.34
25 5552 1817 1635 0 0 0 5552 1 1
30 8328 0 0 5552 0 0 0 0 0
fl=./nptl/./nptl/sem_init.c
fn=sem_init@@GLIBC_2.34
28 5568 1824 1790 0 0 0 5568 0 0
32 5568 0 0 0 0 0 0 0 0
50 5568 0 0 0 0 0 2784 0 0
58 2784 0 0 0 0 0 2784 0 0
59 8352 1824 1813 0 0 0 0 0 0
61 2784 0 0 0 0 0 0 0 0
62 5568 0 0 5568 0 0 0 0 0
fl=./nptl/./nptl/sem_post.c
fn=sem_post@@GLIBC_2.34
33 58570 9382 1058 0 0 0 70284 324 0
35 11714 0 0 11714 2653 8 0 0 0
43 11714 0 0 11714 0 0 0 0 0
46 35142 0 0 0 0 0 0 0 0
52 81998 9938 1053 0 0 0 0 0 0
55 23428 0 0 0 0 0 0 0 0
76 11714 0 0 0 0 0 0 0 0
77 46856 0 0 70284 0 0 0 0 0
fl=./nptl/./nptl/sem_wait.c
fn=sem_trywait@@GLIBC_2.34
78 46092 8537 986 0 0 0 46092 0 0
82 11522 0 0 0 0 0 0 0 0
83 5 0 0 1 1 0 1 1 0
84 2 0 0 0 0 0 0 0 0
85 34569 0 0 46092 0 0 0 0 0
fn=sem_wait@@GLIBC_2.34
25 768 128 79 0 0 0 768 0 0
37 192 0 0 0 0 0 0 0 0
44 768 124 13 768 0 0 0 0 0
fl=./nptl/./nptl/sem_waitcommon.c
fn=sem_trywait@@GLIBC_2.34
136 11523 0 0 11523 5930 1503 0 0 0
139 11523 0 0 0 0 0 0 0 0
141 80657 8701 836 0 0 0 0 0 0
fn=sem_wait@@GLIBC_2.34
136 192 0 0 192 124 91 0 0 0
139 192 0 0 0 0 0 0 0 0
141 1152 0 0 0 0 0 0 0 0
fl=./posix/../malloc/dynarray-skeleton.c
fn=__unregister_atfork
243 68 0 0 34 1 1 0 0 0
fl=./posix/../sysdeps/posix/sysconf.c
fn=sysconf
60 160 19 8 10 3 2 0 0 0
83 3 2 1 0 0 0 0 0 0
221 27 4 2 0 0 0 0 0 0
fl=./posix/../sysdeps/unix/syscall-template.S
fn=getegid
91 3 1 1 0 0 0 0 0 0
93 1 0 0 0 0 0 0 0 0
fn=geteuid
91 3 1 1 0 0 0 0 0 0
93 1 0 0 0 0 0 0 0 0
fn=getgid
91 3 1 1 0 0 0 0 0 0
93 1 0 0 0 0 0 0 0 0
fn=getuid
91 3 1 1 0 0 0 0 0 0
93 1 0 0 0 0 0 0 0 0
fn=uname
120 15 3 3 0 0 0 0 0 0
122 3 0 0 0 0 0 0 0 0
fl=./posix/../sysdeps/unix/sysv/linux/_exit.c
fn=_Exit
27 3 1 1 0 0 0 2 0 0
30 6 0 0 1 0 0 0 0 0
fl=./posix/../sysdeps/unix/sysv/linux/aarch64/sysconf.c
fn=sysconf
29 110 9 3 22 2 0 55 1 0
39 44 0 0 0 0 0 0 0 0
50 121 0 0 77 0 0 0 0 0
fl=./posix/../sysdeps/unix/sysv/linux/sysconf-sigstksz.h
fn=sysconf
24 3 1 1 2 1 0 0 0 0
25 1 0 0 0 0 0 0 0 0
28 3 0 0 0 0 0 0 0 0
31 1 0 0 0 0 0 0 0 0
fl=./posix/../sysdeps/unix/sysv/linux/sysconf.c
fn=sysconf
49 96 17 6 0 0 0 0 0 0
91 1 0 0 0 0 0 0 0 0
fl=./posix/./posix/confstr.c
fn=confstr
33 20 2 2 4 3 0 10 0 0
41 12 3 3 0 0 0 0 0 0
253 3 1 1 0 0 0 0 0 0
254 1 0 0 0 0 0 0 0 0
259 3 2 2 0 0 0 0 0 0
260 1 0 0 0 0 0 0 0 0
280 6 2 2 0 0 0 0 0 0
282 4 0 0 0 0 0 0 0 0
283 8 1 1 0 0 0 0 0 0
291 24 2 2 14 0 0 0 0 0
fl=./posix/./posix/register-atfork.c
fn=__unregister_atfork
71 34 0 0 0 0 0 0 0 0
82 170 1 1 0 0 0 170 0 0
83 238 1 1 0 0 0 0 0 0
109 204 1 1 0 0 0 0 0 0
110 136 0 0 170 0 0 0 0 0
fl=./resource/../sysdeps/unix/sysv/linux/getrlimit64.c
fn=getrlimit
38 2 1 1 0 0 0 2 0 0
39 8 0 0 0 0 0 0 0 0
40 2 0 0 2 0 0 0 0 0
fl=./setjmp/../sysdeps/aarch64/setjmp.S
fn=__sigsetjmp
36 322 168 29 0 0 0 0 0 0
40 323 1 1 0 0 0 646 1 0
41 323 0 0 0 0 0 646 42 14
42 323 0 0 0 0 0 646 5 3
43 323 0 0 0 0 0 646 15 5
44 323 0 0 0 0 0 646 15 4
47 970 0 0 324 141 22 0 0 0
48 323 0 0 0 0 0 646 41 16
55 323 0 0 0 0 0 0 0 0
56 323 0 0 0 0 0 646 31 6
57 323 0 0 0 0 0 646 1 0
58 323 0 0 0 0 0 646 40 17
59 323 0 0 0 0 0 646 2 1
61 323 1 1 0 0 0 0 0 0
62 970 169 28 324 0 0 0 0 0
63 323 0 0 0 0 0 323 0 0
70 322 0 0 0 0 0 0 0 0
71 322 0 0 0 0 0 0 0 0
73 1 0 0 0 0 0 0 0 0
fn=_setjmp
30 1 1 1 0 0 0 0 0 0
31 1 0 0 0 0 0 0 0 0
32 1 0 0 0 0 0 0 0 0
fl=./setjmp/./setjmp/sigjmp.c
fn=__sigjmp_save
28 4 0 0 0 0 0 3 0 0
29 1 0 0 0 0 0 1 0 0
30 1 0 0 0 0 0 0 0 0
34 4 1 1 3 0 0 0 0 0
fl=./signal/../string/bits/string_fortified.h
fn=__libc_sigaction
29 657 7 7 584 0 0 584 3 0
fl=./signal/../sysdeps/unix/sysv/linux/internal-signals.h
fn=sigaction
53 70 0 0 0 0 0 0 0 0
fn=sigdelset
53 5 0 0 0 0 0 0 0 0
fl=./signal/../sysdeps/unix/sysv/linux/libc_sigaction.c
fn=__libc_sigaction
43 612 4 3 136 5 2 204 0 0
48 68 0 0 0 0 0 0 0 0
50 12 0 0 6 0 0 0 0 0
52 18 0 0 6 0 0 12 1 0
53 6 0 0 0 0 0 0 0 0
58 555 6 5 0 0 0 0 0 0
63 204 0 0 0 0 0 0 0 0
65 201 0 0 67 0 0 67 0 0
67 67 0 0 0 0 0 67 0 0
68 134 0 0 134 0 0 67 0 0
71 680 3 3 340 0 0 0 0 0
fl=./signal/../sysdeps/unix/sysv/linux/sigprocmask.c
fn=sigprocmask
24 4 1 1 0 0 0 4 0 0
25 2 0 0 0 0 0 0 0 0
26 2 0 0 0 0 0 0 0 0
30 4 0 0 4 0 0 0 0 0
fl=./signal/../sysdeps/unix/sysv/linux/sigsetops.h
fn=sigdelset
110 10 0 0 0 0 0 0 0 0
112 15 0 0 5 0 0 5 0 0
fn=sigemptyset
54 4 0 0 0 0 0 4 0 0
fn=sigfillset
112 2 0 0 0 0 0 1 0 0
fl=./signal/./signal/allocrtsig.c
fn=__libc_current_sigrtmax
46 2 1 0 0 0 0 2 0 0
48 1 0 0 0 0 0 0 0 0
52 3 0 0 3 1 0 0 0 0
fn=__libc_current_sigrtmin
34 2 1 1 0 0 0 2 0 0
36 1 0 0 0 0 0 0 0 0
40 3 1 1 3 1 1 0 0 0
fl=./signal/./signal/sigaction.c
fn=sigaction
26 140 4 4 0 0 0 140 0 0
27 350 4 4 0 0 0 0 0 0
29 10 0 0 2 1 0 2 1 0
33 68 0 0 0 0 0 0 0 0
34 74 0 0 140 0 0 0 0 0
fl=./signal/./signal/sigdelset.c
fn=sigdelset
26 15 1 1 0 0 0 10 0 0
27 20 1 1 0 0 0 0 0 0
28 10 0 0 0 0 0 0 0 0
35 5 0 0 0 0 0 0 0 0
36 10 0 0 10 0 0 0 0 0
fl=./signal/./signal/sigempty.c
fn=sigemptyset
26 8 3 3 0 0 0 8 0 0
27 8 0 0 0 0 0 0 0 0
34 4 0 0 0 0 0 0 0 0
35 8 0 0 8 0 0 0 0 0
fl=./signal/./signal/sigfillset.c
fn=sigfillset
26 2 1 1 0 0 0 2 0 0
27 2 0 0 0 0 0 0 0 0
35 1 0 0 0 0 0 0 0 0
36 2 0 0 2 0 0 0 0 0
fl=./stdio-common/../include/printf_buffer.h
fn=__printf_buffer
148 54 15 1 36 0 0 0 0 0
149 87 0 0 0 0 0 36 0 0
163 69366 6542 1542 0 0 0 0 0 0
164 72 9 1 18 0 0 18 0 0
fl=./stdio-common/../string/bits/string_fortified.h
fn=__printf_buffer_pad_1
59 27 0 0 0 0 0 0 0 0
fn=__printf_buffer_write
29 60072 0 0 0 0 0 0 0 0
fl=./stdio-common/./stdio-common/Xprintf_buffer_done.c
fn=__printf_buffer_done
25 37208 6643 5581 0 0 0 37208 0 0
26 37208 0 0 18604 0 0 0 0 0
31 37208 0 0 37208 0 0 0 0 0
33 167436 7605 6096 18604 0 0 0 0 0
40 37208 0 0 37208 0 0 0 0 0
fl=./stdio-common/./stdio-common/Xprintf_buffer_pad_1.c
fn=__printf_buffer_pad_1
24 36 9 1 0 0 0 36 0 0
25 18 0 0 9 0 0 0 0 0
33 72 9 1 18 0 0 18 0 0
35 9 9 1 18 0 0 0 0 0
36 9 0 0 0 0 0 0 0 0
37 18 0 0 0 0 0 0 0 0
40 27 0 0 9 0 0 9 0 0
43 18 0 0 0 0 0 0 0 0
44 27 0 0 36 0 0 0 0 0
fl=./stdio-common/./stdio-common/Xprintf_buffer_write.c
fn=__printf_buffer_write
27 223840 6511 5947 0 0 0 223840 2629 105
28 223840 6668 1629 55960 0 0 111920 0 0
31 96008 0 0 0 0 0 0 0 0
33 120144 7795 1546 40048 0 0 0 0 0
35 55960 6653 791 111920 0 0 0 0 0
36 20024 0 0 0 0 0 0 0 0
37 40048 0 0 0 0 0 0 0 0
40 60072 0 0 20024 0 0 20024 0 0
41 20024 0 0 0 0 0 0 0 0
44 167880 0 0 223840 0 0 0 0 0
fl=./stdio-common/./stdio-common/_itoa.c
fn=_itoa_word
169 69364 6539 225 0 0 0 34682 0 0
172 104046 0 0 0 0 0 0 0 0
174 36780 918 152 0 0 0 0 0 0
183 196304 11049 5530 16372 5524 5264 16372 0 0
184 6294 918 739 1049 917 28 1049 0 0
192 34682 0 0 34682 0 0 0 0 0
fl=./stdio-common/./stdio-common/errlist.c
fn=__get_errlist
27 1306 653 208 0 0 0 1306 0 0
29 3918 0 0 653 550 207 0 0 0
30 1959 0 0 653 653 206 0 0 0
31 653 0 0 0 0 0 0 0 0
32 1306 0 0 1306 0 0 0 0 0
fl=./stdio-common/./stdio-common/flockfile.c
fn=flockfile
24 825 114 1 0 0 0 825 32 1
25 1815 229 2 495 167 0 330 0 0
26 660 0 0 825 0 0 0 0 0
fl=./stdio-common/./stdio-common/funlockfile.c
fn=funlockfile
25 495 116 1 0 0 0 495 0 0
26 1320 116 1 495 0 0 330 0 0
27 495 115 1 495 0 0 0 0 0
fl=./stdio-common/./stdio-common/printf-parse.h
fn=__printf_buffer
82 167732 0 0 18604 0 0 18604 0 0
fn=read_int
52 312 80 62 0 0 0 208 0 0
53 416 0 0 208 0 0 0 0 0
55 1504 0 0 268 0 0 268 0 0
56 164 80 62 0 0 0 0 0 0
58 534 0 0 0 0 0 0 0 0
59 103 0 0 0 0 0 0 0 0
64 328 0 0 0 0 0 0 0 0
65 267 0 0 0 0 0 0 0 0
68 492 0 0 0 0 0 0 0 0
73 208 80 63 208 0 0 0 0 0
fl=./stdio-common/./stdio-common/vfprintf-internal.c
fn=__printf_buffer
600 334872 13079 8141 55812 0 0 204644 13921 17
627 148832 0 0 37208 9496 4 93020 11976 180
631 18604 0 0 0 0 0 18604 0 0
634 111624 0 0 0 0 0 93020 0 0
638 130228 6464 97 93020 0 0 74416 10867 176
642 18604 0 0 0 0 0 0 0 0
649 37208 0 0 0 0 0 18604 6498 43
653 74416 0 0 0 0 0 0 0 0
655 37208 6447 954 18604 0 0 0 0 0
659 37208 0 0 18604 0 0 0 0 0
663 223248 0 0 55812 6463 42 55812 0 0
683 18678 0 0 0 0 0 18678 0 0
684 18678 0 0 0 0 0 18678 0 0
685 18678 0 0 0 0 0 18678 0 0
686 18678 0 0 0 0 0 18678 0 0
687 18678 0 0 0 0 0 0 0 0
690 18678 0 0 0 0 0 0 0 0
691 18678 0 0 0 0 0 0 0 0
692 18678 0 0 0 0 0 0 0 0
693 18678 0 0 0 0 0 0 0 0
694 18678 0 0 0 0 0 18678 0 0
695 18678 0 0 0 0 0 0 0 0
698 18678 0 0 0 0 0 0 0 0
699 37356 0 0 0 0 0 18678 0 0
705 429002 27493 12969 112068 18319 11578 74490 5344 57
714 36 0 0 0 0 0 18 0 0
715 306 36 2 90 0 0 18 0 0
813 312 160 127 104 0 0 104 0 0
814 312 0 0 104 21 21 0 0 0
840 312 0 0 0 0 0 0 0 0
842 520 160 92 0 0 0 208 0 0
846 208 0 0 0 0 0 0 0 0
854 104 0 0 0 0 0 0 0 0
855 1872 80 63 728 93 66 0 0 0
870 10803 0 0 0 0 0 0 0 0
871 183651 10844 10676 54015 5420 212 10803 0 0
883 35 35 0 0 0 0 0 0 0
891 35 0 0 0 0 0 0 0 0
892 35 0 0 0 0 0 0 0 0
893 595 35 34 175 70 35 35 0 0
1018 18678 0 0 0 0 0 0 0 0
1024 56034 6528 5369 18678 0 0 18678 0 0
1028 74712 6476 5990 0 0 0 0 0 0
1031 167732 0 0 130376 0 0 0 0 0
1044 223248 6668 5368 167436 0 0 0 0 0
fl=./stdio-common/./stdio-common/vfprintf-process-arg.c
fn=__printf_buffer
35 48876 15 1 0 0 0 16292 0 0
48 16292 0 0 0 0 0 0 0 0
49 135510 16401 5932 59644 0 0 10838 0 0
50 5454 5452 5338 0 0 0 0 0 0
52 5454 5452 5290 0 0 0 0 0 0
53 59994 16354 15957 21816 0 0 5454 0 0
57 16292 0 0 0 0 0 0 0 0
58 16307 0 0 0 0 0 0 0 0
78 2098 921 635 0 0 0 1049 0 0
79 1049 922 240 0 0 0 0 0 0
92 1049 0 0 0 0 0 0 0 0
93 1049 921 326 0 0 0 1049 0 0
126 1049 0 0 0 0 0 0 0 0
127 1049 0 0 1049 0 0 0 0 0
128 1049 0 0 0 0 0 0 0 0
130 1049 919 8 0 0 0 0 0 0
131 11539 1931 773 4196 0 0 1049 0 0
136 52005 5521 303 0 0 0 0 0 0
138 34646 0 0 0 0 0 0 0 0
147 18 0 0 0 0 0 0 0 0
155 208092 6425 366 34682 0 0 69364 0 0
161 121387 6439 5509 17341 0 0 0 0 0
166 52023 0 0 34682 0 0 0 0 0
170 17341 0 0 0 0 0 0 0 0
186 86705 6439 5371 0 0 0 0 0 0
187 122805 12707 626 23594 0 0 0 0 0
195 69418 18 1 0 0 0 18 0 0
197 34682 0 0 17341 0 0 0 0 0
199 69364 6535 297 17341 0 0 0 0 0
201 104046 12897 12028 34682 0 0 18390 0 0
206 17341 0 0 0 0 0 0 0 0
208 86705 0 0 34682 0 0 0 0 0
209 18 0 0 0 0 0 0 0 0
211 52023 6422 770 17341 0 0 0 0 0
217 18 18 3 0 0 0 0 0 0
219 6 0 0 3 0 0 0 0 0
224 17341 15 1 0 0 0 0 0 0
233 17341 0 0 0 0 0 0 0 0
236 17341 0 0 0 0 0 0 0 0
240 86705 6495 874 17341 0 0 0 0 0
403 16044 2478 259 6685 0 0 1337 0 0
408 1337 0 0 0 0 0 0 0 0
422 5348 97 66 0 0 0 0 0 0
430 2674 0 0 0 0 0 0 0 0
433 344 0 0 0 0 0 0 0 0
435 3753 119 4 0 0 0 0 0 0
455 6685 236 126 1337 0 0 0 0 0
461 4 0 0 2 0 0 0 0 0
463 5348 0 0 0 0 0 0 0 0
464 1337 0 0 0 0 0 0 0 0
fl=./stdlib/../include/rounding-mode.h
fn=round_and_return
46 68 0 0 0 0 0 0 0 0
52 17 0 0 0 0 0 0 0 0
fl=./stdlib/../include/scratch_buffer.h
fn=realpath@@GLIBC_2.17
77 5 1 1 0 0 0 2 2 2
78 4 0 0 0 0 0 4 1 1
85 9 1 1 3 0 0 0 0 0
101 7 0 0 0 0 0 3 0 0
fl=./stdlib/../stdlib/gmp.h
fn=str_to_mpn.part.0.constprop.0
452 17 0 0 0 0 0 0 0 0
fl=./stdlib/../stdlib/strtol.c
fn=__isoc23_strtol
125 1368 659 197 0 0 0 1368 0 0
126 4788 0 0 1368 1311 166 0 0 0
128 684 0 0 1368 0 0 0 0 0
fl=./stdlib/../stdlib/strtol_l.c
fn=____strtol_l_internal
238 6156 660 146 0 0 0 6156 0 0
252 684 0 0 684 659 647 0 0 0
257 684 0 0 0 0 0 0 0 0
258 684 0 0 0 0 0 0 0 0
264 684 0 0 0 0 0 0 0 0
292 684 0 0 0 0 0 0 0 0
295 2052 0 0 0 0 0 0 0 0
298 80 0 0 0 0 0 0 0 0
301 684 0 0 0 0 0 0 0 0
304 3420 660 83 2052 1328 199 0 0 0
306 684 0 0 0 0 0 0 0 0
310 684 0 0 0 0 0 0 0 0
311 2052 657 92 0 0 0 1368 0 0
317 2052 0 0 0 0 0 0 0 0
320 2052 0 0 684 0 0 0 0 0
335 684 0 0 0 0 0 0 0 0
342 1368 659 182 0 0 0 0 0 0
345 3420 0 0 0 0 0 0 0 0
393 684 0 0 0 0 0 0 0 0
394 684 0 0 0 0 0 0 0 0
449 1288 0 0 644 0 0 0 0 0
451 4668 670 48 0 0 0 0 0 0
453 2736 682 93 0 0 0 0 0 0
460 40 0 0 0 0 0 0 0 0
477 1488 0 0 724 681 652 0 0 0
478 2212 0 0 724 18 6 0 0 0
481 1368 672 91 0 0 0 0 0 0
484 2576 0 0 0 0 0 0 0 0
489 684 0 0 0 0 0 0 0 0
490 644 0 0 0 0 0 0 0 0
495 1368 0 0 0 0 0 0 0 0
500 644 0 0 0 0 0 0 0 0
501 644 0 0 0 0 0 644 0 0
506 644 0 0 0 0 0 0 0 0
507 1288 0 0 1288 0 0 0 0 0
509 1288 0 0 0 0 0 0 0 0
533 40 16 3 0 0 0 0 0 0
535 120 0 0 0 0 0 0 0 0
537 40 22 3 80 0 0 0 0 0
542 40 0 0 0 0 0 40 0 0
546 4104 0 0 6156 0 0 0 0 0
fl=./stdlib/../string/bits/string_fortified.h
fn=__add_to_environ
29 4 0 0 0 0 0 0 0 0
fn=msort_with_tmp.part.0
29 926 4 3 428 0 0 0 0 0
fn=realpath@@GLIBC_2.17
79 4 0 0 1 0 0 0 0 0
fl=./stdlib/../sysdeps/aarch64/fpu/get-rounding-mode.h
fn=round_and_return
34 17 0 0 0 0 0 0 0 0
35 17 0 0 0 0 0 0 0 0
fl=./stdlib/../sysdeps/ieee754/ldbl-128/mpn2ldbl.c
fn=__mpn_construct_long_double
30 34 17 1 0 0 0 34 0 0
34 85 0 0 0 0 0 0 0 0
42 68 17 1 17 0 0 0 0 0
43 17 0 0 0 0 0 0 0 0
44 34 0 0 17 0 0 0 0 0
45 34 0 0 0 0 0 0 0 0
51 34 0 0 0 0 0 0 0 0
52 34 0 0 34 0 0 0 0 0
fl=./stdlib/../sysdeps/unix/sysv/linux/getrandom.c
fn=getrandom
28 24 8 7 0 0 0 32 0 0
29 80 0 0 8 0 0 0 0 0
30 32 8 8 32 0 0 0 0 0
fl=./stdlib/./stdlib/canonicalize.c
fn=realpath@@GLIBC_2.17
118 14 0 0 3 0 0 0 0 0
122 2 0 0 0 0 0 0 0 0
123 6 0 0 2 0 0 0 0 0
125 8 0 0 0 0 0 0 0 0
195 1 0 0 0 0 0 0 0 0
205 6 0 0 1 0 0 2 0 0
213 1 0 0 0 0 0 0 0 0
221 2 0 0 0 0 0 0 0 0
223 3 0 0 0 0 0 0 0 0
225 5 1 1 1 0 0 0 0 0
234 3 2 2 0 0 0 0 0 0
252 20 2 2 8 0 0 2 0 0
255 17 2 2 2 0 0 1 0 0
259 181 0 0 35 0 0 2 0 0
266 9 0 0 3 0 0 0 0 0
268 6 1 1 0 0 0 0 0 0
270 9 0 0 0 0 0 0 0 0
283 9 1 1 3 0 0 0 0 0
284 12 0 0 0 0 0 3 0 0
286 9 0 0 3 0 0 0 0 0
287 12 1 1 0 0 0 0 0 0
296 18 1 1 3 0 0 3 0 0
297 3 0 0 0 0 0 3 0 0
303 3 0 0 3 0 0 0 0 0
305 21 0 0 3 0 0 3 0 0
306 9 0 0 3 0 0 0 0 0
311 3 1 1 0 0 0 0 0 0
343 1 0 0 0 0 0 2 0 0
372 21 1 1 6 0 0 0 0 0
378 6 1 1 1 0 0 0 0 0
386 2 0 0 0 0 0 1 0 0
387 2 0 0 1 0 0 0 0 0
392 3 0 0 0 0 0 0 0 0
395 1 0 0 0 0 0 0 0 0
426 13 2 2 2 1 0 11 2 2
436 14 0 0 11 0 0 0 0 0
fl=./stdlib/./stdlib/cxa_atexit.c
fn=__cxa_atexit
67 108 3 3 0 0 0 108 0 0
68 162 0 0 0 0 0 0 0 0
69 54 3 3 108 0 0 0 0 0
fn=__internal_atexit
36 216 3 3 0 0 0 324 0 0
41 54 0 0 0 0 0 0 0 0
43 540 3 3 54 1 0 0 0 0
44 162 0 0 0 0 0 0 0 0
46 54 0 0 0 0 0 0 0 0
52 216 0 0 108 4 2 0 0 0
53 54 0 0 0 0 0 108 0 0
55 54 0 0 0 0 0 108 15 14
56 54 0 0 0 0 0 0 0 0
57 324 3 3 54 0 0 0 0 0
58 54 0 0 0 0 0 0 0 0
59 216 0 0 324 0 0 0 0 0
fn=__new_exitfn
80 216 3 3 0 0 0 216 0 0
81 54 0 0 0 0 0 0 0 0
86 162 0 0 54 3 3 0 0 0
91 219 0 0 55 3 3 0 0 0
93 161 3 3 54 3 2 0 0 0
94 266 0 0 53 1 1 0 0 0
101 1 0 0 0 0 0 1 0 0
104 106 2 2 0 0 0 0 0 0
108 1 0 0 0 0 0 0 0 0
112 4 1 1 0 0 0 0 0 0
113 1 0 0 0 0 0 0 0 0
115 1 0 0 0 0 0 1 0 0
116 1 0 0 0 0 0 1 0 0
122 2 0 0 0 0 0 0 0 0
123 4 1 1 0 0 0 2 0 0
129 104 0 0 0 0 0 0 0 0
130 104 0 0 0 0 0 52 0 0
134 2 0 0 0 0 0 0 0 0
136 108 0 0 0 0 0 54 1 1
137 216 1 1 54 0 0 54 0 0
141 162 0 0 216 0 0 0 0 0
fl=./stdlib/./stdlib/cxa_finalize.c
fn=__cxa_finalize
30 272 0 0 0 0 0 408 0 0
33 204 2 2 34 1 0 0 0 0
36 170 1 1 68 1 0 0 0 0
40 204 0 0 34 3 0 0 0 0
43 34 0 0 0 0 0 0 0 0
78 68 0 0 34 3 1 0 0 0
81 68 0 0 34 0 0 0 0 0
93 170 0 0 68 0 0 0 0 0
97 204 1 1 34 2 1 0 0 0
104 34 0 0 0 0 0 0 0 0
105 68 0 0 0 0 0 0 0 0
106 204 1 1 34 0 0 0 0 0
107 238 0 0 408 0 0 0 0 0
fl=./stdlib/./stdlib/cxa_thread_atexit_impl.c
fn=__call_tls_dtors
148 4 1 1 0 0 0 6 1 1
149 5 0 0 2 0 0 0 0 0
165 4 2 2 6 0 0 0 0 0
fl=./stdlib/./stdlib/exit.c
fn=__run_exit_handlers
38 10 2 2 0 0 0 12 1 1
40 1 0 0 0 0 0 0 0 0
41 2 1 1 0 0 0 0 0 0
43 6 0 0 1 0 0 0 0 0
54 2 0 0 2 1 1 0 0 0
56 2 0 0 0 0 0 0 0 0
60 3 0 0 0 0 0 1 1 1
64 112 3 1 56 1 1 0 0 0
66 108 0 0 0 0 0 54 0 0
67 55 0 0 54 1 1 0 0 0
69 324 0 0 54 25 25 0 0 0
91 2 0 0 1 1 1 0 0 0
94 2 0 0 1 0 0 0 0 0
101 54 0 0 0 0 0 54 0 0
103 54 2 1 108 2 1 0 0 0
104 108 1 1 54 1 0 0 0 0
107 270 0 0 0 0 0 0 0 0
108 162 0 0 0 0 0 0 0 0
109 270 2 0 0 0 0 0 0 0
113 162 3 1 54 1 0 0 0 0
119 4 1 1 2 0 0 2 0 0
120 2 0 0 0 0 0 0 0 0
123 2 0 0 0 0 0 0 0 0
126 6 1 0 1 0 0 0 0 0
128 1 0 0 0 0 0 0 0 0
129 2 1 0 0 0 0 0 0 0
131 2 0 0 0 0 0 0 0 0
fn=exit
137 2 1 1 0 0 0 2 0 0
138 5 1 1 0 0 0 0 0 0
fl=./stdlib/./stdlib/getenv.c
fn=getenv
24 657 0 0 0 0 0 876 1 1
25 1971 33 21 657 62 38 657 0 0
28 438 0 0 0 0 0 0 0 0
29 7328 0 0 3664 43 30 0 0 0
31 10353 0 0 3451 139 87 0 0 0
32 3838 14 6 6 0 0 0 0 0
33 24 0 0 18 0 0 0 0 0
37 1302 19 12 1515 0 0 0 0 0
fl=./stdlib/./stdlib/grouping.c
fn=__correctly_grouped_prefixmb
54 21 3 0 0 0 0 21 6 4
55 3 0 0 0 0 0 0 0 0
56 3 3 2 0 0 0 3 0 0
185 15 0 0 21 0 0 0 0 0
fl=./stdlib/./stdlib/lshift.c
fn=__mpn_lshift
37 34 0 0 0 0 0 34 0 0
63 17 0 0 0 0 0 0 0 0
64 34 0 0 0 0 0 0 0 0
66 34 17 1 17 0 0 0 0 0
67 17 0 0 0 0 0 0 0 0
69 34 0 0 0 0 0 0 0 0
75 34 17 1 0 0 0 17 0 0
78 34 0 0 34 0 0 0 0 0
fl=./stdlib/./stdlib/mbstowcs.c
fn=mbstowcs
28 12978 1312 419 2884 1 0 5768 0 0
31 1442 0 0 0 0 0 1442 0 0
33 4326 0 0 0 0 0 0 0 0
34 14420 656 209 7210 0 0 0 0 0
fl=./stdlib/./stdlib/qsort.c
fn=msort_with_tmp.part.0
196 2140 22 11 0 0 0 2782 47 14
201 1490 0 0 0 0 0 0 0 0
204 214 0 0 0 0 0 0 0 0
205 214 0 0 0 0 0 0 0 0
206 214 0 0 214 0 0 0 0 0
207 428 0 0 214 0 0 0 0 0
212 214 0 0 214 0 0 0 0 0
213 214 0 0 214 0 0 0 0 0
215 214 0 0 428 0 0 0 0 0
216 1284 22 8 214 0 0 0 0 0
273 2400 0 0 0 0 0 0 0 0
275 4634 11 7 0 0 0 0 0 0
277 1845 0 0 0 0 0 0 0 0
278 615 10 8 0 0 0 0 0 0
279 615 0 0 0 0 0 0 0 0
283 2080 0 0 0 0 0 0 0 0
284 47 0 0 0 0 0 0 0 0
285 47 0 0 0 0 0 0 0 0
291 214 0 0 0 0 0 0 0 0
293 214 1 1 0 0 0 0 0 0
294 1284 11 4 2568 0 0 0 0 0
fn=qsort
404 22 9 4 0 0 0 22 0 0
405 22 0 0 0 0 0 0 0 0
406 11 0 0 22 0 0 0 0 0
fn=qsort_r
132 66 0 0 0 0 0 0 0 0
134 22 0 0 0 0 0 0 0 0
135 11 10 8 0 0 0 0 0 0
136 22 0 0 0 0 0 0 0 0
140 22 0 0 0 0 0 0 0 0
201 11 0 0 0 0 0 0 0 0
344 121 9 9 22 15 3 66 6 3
345 99 9 8 0 0 0 44 0 0
350 11 0 0 0 0 0 0 0 0
353 55 0 0 0 0 0 22 0 0
356 22 0 0 0 0 0 0 0 0
357 22 9 7 0 0 0 0 0 0
360 6 2 2 2 2 0 2 0 0
361 2 0 0 0 0 0 0 0 0
362 1 0 0 0 0 0 1 0 0
363 4 0 0 2 0 0 0 0 0
385 44 0 0 0 0 0 55 12 4
396 22 9 4 0 0 0 0 0 0
397 68 0 0 66 0 0 0 0 0
398 121 9 6 77 0 0 0 0 0
fl=./stdlib/./stdlib/secure-getenv.c
fn=secure_getenv
28 8 0 0 0 0 0 8 0 0
29 20 3 2 8 5 1 0 0 0
30 4 0 0 8 0 0 0 0 0
fl=./stdlib/./stdlib/setenv.c
fn=__add_to_environ
118 44 4 2 0 0 0 52 0 0
128 8 4 2 0 0 0 0 0 0
130 4 0 0 0 0 0 0 0 0
131 16 8 4 4 0 0 4 0 0
133 28 0 0 0 0 0 0 0 0
137 12 0 0 8 4 2 0 0 0
139 68 4 2 0 0 0 0 0 0
140 4 0 0 0 0 0 0 0 0
142 134 0 0 67 6 3 0 0 0
143 323 0 0 1 0 0 0 0 0
146 63 0 0 0 0 0 0 0 0
155 9 0 0 3 0 0 3 0 0
156 15 3 2 0 0 0 0 0 0
157 3 0 0 0 0 0 0 0 0
158 6 0 0 3 0 0 0 0 0
164 9 0 0 3 0 0 0 0 0
165 3 0 0 0 0 0 0 0 0
168 6 0 0 0 0 0 6 0 0
172 9 3 2 0 0 0 6 0 0
174 16 1 0 4 0 0 0 0 0
179 4 0 0 0 0 0 0 0 0
183 4 0 0 0 0 0 0 0 0
185 16 4 2 4 0 0 0 0 0
186 4 0 0 0 0 0 0 0 0
192 40 0 0 8 0 0 4 0 0
200 30 5 3 1 0 0 0 0 0
201 1 0 0 0 0 0 0 0 0
208 18 0 0 0 0 0 0 0 0
212 3 0 0 0 0 0 0 0 0
216 4 0 0 0 0 0 4 0 0
219 24 0 0 0 0 0 0 0 0
221 4 0 0 0 0 0 0 0 0
222 28 0 0 48 0 0 0 0 0
fn=setenv
226 20 0 0 0 0 0 16 0 0
227 32 8 4 4 1 1 4 0 0
233 24 0 0 4 0 0 0 0 0
234 8 0 0 16 0 0 0 0 0
fn=unsetenv
238 12 3 2 0 0 0 12 0 0
242 18 3 2 3 0 0 0 0 0
248 15 0 0 0 0 0 9 0 0
250 21 3 2 0 0 0 0 0 0
252 9 0 0 6 3 2 0 0 0
253 3 0 0 0 0 0 0 0 0
254 108 3 2 54 4 3 0 0 0
256 261 0 0 2 0 0 0 0 0
259 2 0 0 0 0 0 0 0 0
262 6 2 1 3 0 0 3 0 0
263 5 0 0 0 0 0 0 0 0
267 49 0 0 0 0 0 0 0 0
270 21 0 0 6 0 0 0 0 0
272 6 0 0 3 0 0 0 0 0
273 9 0 0 12 0 0 0 0 0
fl=./stdlib/./stdlib/srand48.c
fn=srand48
23 6 3 3 0 0 0 6 0 0
24 9 0 0 0 0 0 0 0 0
25 3 3 3 6 0 0 0 0 0
fl=./stdlib/./stdlib/srand48_r.c
fn=srand48_r
23 9 0 0 0 0 0 6 0 0
29 3 3 3 0 0 0 3 0 0
30 6 0 0 0 0 0 3 3 3
32 12 0 0 0 0 0 3 0 0
33 9 0 0 0 0 0 3 3 3
37 9 0 0 6 0 0 0 0 0
fl=./stdlib/./stdlib/wcstombs.c
fn=wcstombs
28 45 10 2 10 4 1 20 0 0
31 5 0 0 0 0 0 5 0 0
34 15 0 0 0 0 0 0 0 0
35 50 5 1 25 0 0 0 0 0
fl=./stdlib/./strtod_l.c
fn=____strtold_l_internal
378 17 17 1 0 0 0 17 5 3
379 204 17 1 0 0 0 0 0 0
508 360 32 3 40 0 0 280 20 5
514 26 0 0 0 0 0 0 0 0
553 20 0 0 0 0 0 0 0 0
561 20 0 0 20 13 8 0 0 0
563 20 0 0 0 0 0 0 0 0
587 20 0 0 0 0 0 0 0 0
595 20 0 0 20 16 1 0 0 0
596 60 0 0 0 0 0 0 0 0
597 20 0 0 0 0 0 0 0 0
601 20 0 0 0 0 0 20 18 6
602 12 0 0 0 0 0 12 0 0
607 20 0 0 0 0 0 0 0 0
610 40 0 0 20 0 0 0 0 0
611 80 16 2 40 29 5 0 0 0
614 40 0 0 0 0 0 0 0 0
616 24 0 0 0 0 0 8 0 0
617 16 8 1 8 0 0 0 0 0
619 24 0 0 0 0 0 0 0 0
632 100 0 0 20 0 0 0 0 0
633 60 16 1 20 0 0 0 0 0
641 80 0 0 0 0 0 0 0 0
685 3 3 0 0 0 0 6 0 0
689 52 6 4 6 3 0 0 0 0
708 74 0 0 0 0 0 0 0 0
709 6 0 0 0 0 0 0 0 0
710 3 0 0 3 0 0 0 0 0
723 34 15 2 0 0 0 0 0 0
732 29 0 0 23 0 0 0 0 0
733 18 0 0 0 0 0 0 0 0
734 21 3 2 0 0 0 0 0 0
739 18 6 4 0 0 0 0 0 0
740 9 3 0 3 0 0 0 0 0
752 3 0 0 0 0 0 0 0 0
760 21 6 5 0 0 0 6 5 4
765 27 0 0 9 0 0 3 0 0
773 38 17 1 0 0 0 0 0 0
775 203 15 3 0 0 0 0 0 0
776 34 0 0 0 0 0 0 0 0
779 76 17 1 0 0 0 0 0 0
788 17 0 0 0 0 0 0 0 0
801 76 0 0 38 0 0 0 0 0
804 51 0 0 0 0 0 0 0 0
846 51 0 0 0 0 0 0 0 0
855 17 0 0 0 0 0 0 0 0
856 68 17 2 17 0 0 0 0 0
874 17 0 0 0 0 0 0 0 0
880 51 0 0 34 13 2 0 0 0
881 119 0 0 0 0 0 0 0 0
882 51 17 2 0 0 0 0 0 0
980 17 17 1 0 0 0 0 0 0
1013 34 0 0 0 0 0 0 0 0
1023 85 17 1 17 0 0 0 0 0
1042 17 0 0 0 0 0 0 0 0
1043 17 0 0 0 0 0 17 0 0
1048 17 17 2 0 0 0 0 0 0
1072 34 0 0 17 0 0 0 0 0
1081 34 17 1 0 0 0 0 0 0
1175 68 34 8 0 0 0 0 0 0
1176 17 0 0 0 0 0 0 0 0
1177 34 0 0 0 0 0 17 0 0
1180 68 0 0 0 0 0 0 0 0
1192 51 0 0 0 0 0 0 0 0
1195 17 0 0 0 0 0 0 0 0
1204 34 0 0 0 0 0 0 0 0
1224 17 0 0 34 0 0 0 0 0
1248 51 17 3 17 0 0 0 0 0
1249 34 0 0 0 0 0 0 0 0
1253 34 0 0 0 0 0 0 0 0
1259 34 0 0 0 0 0 0 0 0
1291 34 0 0 0 0 0 0 0 0
1294 85 17 2 0 0 0 0 0 0
1296 34 0 0 0 0 0 0 0 0
1302 68 0 0 0 0 0 17 0 0
1304 34 0 0 0 0 0 0 0 0
1306 153 17 1 0 0 0 0 0 0
1310 34 0 0 0 0 0 0 0 0
1325 170 47 6 17 0 0 17 3 3
1770 340 20 1 320 0 0 0 0 0
fn=round_and_return
215 187 17 2 0 0 0 187 0 0
218 51 0 0 0 0 0 0 0 0
226 17 0 0 0 0 0 0 0 0
236 17 0 0 17 0 0 0 0 0
313 51 17 3 0 0 0 0 0 0
316 34 0 0 0 0 0 0 0 0
319 102 17 3 0 0 0 0 0 0
320 17 0 0 0 0 0 0 0 0
350 17 0 0 0 0 0 0 0 0
355 102 0 0 0 0 0 0 0 0
356 102 17 1 187 0 0 0 0 0
fn=str_to_mpn.part.0.constprop.0
365 255 34 2 0 0 0 221 30 9
374 17 0 0 0 0 0 0 0 0
375 17 0 0 0 0 0 0 0 0
382 76 17 2 0 0 0 0 0 0
387 17 0 0 0 0 0 0 0 0
392 51 17 1 0 0 0 0 0 0
413 190 0 0 38 0 0 0 0 0
426 190 0 0 0 0 0 0 0 0
427 38 0 0 0 0 0 0 0 0
429 76 0 0 0 0 0 0 0 0
431 68 17 1 34 0 0 0 0 0
438 51 0 0 34 25 8 0 0 0
440 34 17 1 17 0 0 0 0 0
442 17 0 0 0 0 0 17 3 0
443 34 0 0 0 0 0 17 0 0
458 136 17 1 204 0 0 0 0 0
fn=strtold_l
1782 60 16 4 0 0 0 40 0 0
1783 40 0 0 0 0 0 0 0 0
1784 20 16 3 40 0 0 0 0 0
fl=./string/../include/rtld-malloc.h
fn=strdup
56 148 31 22 37 30 0 0 0 0
fl=./string/../string/bits/string_fortified.h
fn=memmem
59 72 3 1 6 1 0 96 0 0
fn=strcspn
59 70 7 1 0 0 0 112 0 0
fn=strdup
29 40 0 0 0 0 0 0 0 0
fn=strndup
29 4 0 0 0 0 0 0 0 0
fl=./string/../sysdeps/aarch64/memcmp.S
fn=bcmp
46 330001 88421 500 0 0 0 0 0 0
51 330001 0 0 0 0 0 0 0 0
52 330001 0 0 0 0 0 0 0 0
53 87413 0 0 174826 24503 11877 0 0 0
54 87413 0 0 174826 377 180 0 0 0
55 87413 0 0 0 0 0 0 0 0
56 87413 0 0 0 0 0 0 0 0
57 87413 0 0 0 0 0 0 0 0
59 51539 0 0 0 0 0 0 0 0
60 51539 0 0 0 0 0 0 0 0
61 51539 0 0 0 0 0 0 0 0
62 51539 0 0 0 0 0 0 0 0
63 3619 0 0 0 0 0 0 0 0
64 3619 0 0 0 0 0 0 0 0
65 4200 0 0 0 0 0 0 0 0
69 4236 1874 1256 8472 198 59 0 0 0
70 4236 0 0 8472 141 52 0 0 0
71 4236 0 0 0 0 0 0 0 0
72 4236 0 0 0 0 0 0 0 0
73 4236 0 0 0 0 0 0 0 0
74 4236 0 0 0 0 0 0 0 0
75 4236 0 0 0 0 0 0 0 0
77 1264 0 0 2528 370 43 0 0 0
78 1264 0 0 2528 379 105 0 0 0
79 1264 0 0 0 0 0 0 0 0
80 1264 0 0 0 0 0 0 0 0
81 1264 0 0 0 0 0 0 0 0
82 1264 0 0 0 0 0 0 0 0
83 1264 0 0 0 0 0 0 0 0
85 2782 759 3 0 0 0 0 0 0
86 2782 0 0 0 0 0 0 0 0
90 51538 41913 217 103076 302 166 0 0 0
91 51538 0 0 103076 106 51 0 0 0
93 292290 20006 12 0 0 0 0 0 0
94 292290 0 0 0 0 0 0 0 0
95 292290 0 0 0 0 0 0 0 0
100 295787 0 0 0 0 0 0 0 0
101 295787 0 0 0 0 0 0 0 0
103 295787 0 0 0 0 0 0 0 0
104 295787 0 0 0 0 0 0 0 0
105 295787 0 0 0 0 0 0 0 0
106 295787 0 0 0 0 0 0 0 0
110 242588 36023 559 0 0 0 0 0 0
111 242588 0 0 0 0 0 0 0 0
112 242588 0 0 0 0 0 0 0 0
113 67283 0 0 67283 1676 254 0 0 0
114 67283 8672 339 67283 1998 1277 0 0 0
115 67283 0 0 67283 2058 99 0 0 0
116 67283 0 0 67283 1191 902 0 0 0
117 67283 0 0 0 0 0 0 0 0
121 175305 32682 1542 0 0 0 0 0 0
122 137595 0 0 137595 688 129 0 0 0
123 137595 0 0 137595 837 690 0 0 0
124 137595 0 0 137595 0 0 0 0 0
125 137595 0 0 137595 0 0 0 0 0
126 137595 0 0 0 0 0 0 0 0
129 37710 0 0 0 0 0 0 0 0
130 17102 0 0 17102 5 1 0 0 0
131 17102 0 0 17102 415 397 0 0 0
132 17102 0 0 0 0 0 0 0 0
133 17102 0 0 0 0 0 0 0 0
135 34213 0 0 0 0 0 0 0 0
136 34213 21544 1543 0 0 0 0 0 0
137 28158 0 0 28158 1197 305 0 0 0
138 28158 0 0 28158 482 180 0 0 0
139 28158 0 0 0 0 0 0 0 0
141 34213 0 0 0 0 0 0 0 0
144 1519 760 3 3038 0 0 0 0 0
145 1519 0 0 3038 0 0 0 0 0
146 1519 0 0 0 0 0 0 0 0
147 1519 0 0 0 0 0 0 0 0
148 1519 0 0 0 0 0 0 0 0
151 1519 0 0 0 0 0 0 0 0
152 1519 0 0 0 0 0 0 0 0
153 1519 0 0 0 0 0 0 0 0
154 1519 0 0 0 0 0 0 0 0
155 1519 0 0 0 0 0 0 0 0
156 1519 0 0 0 0 0 0 0 0
160 4555 761 4 4555 0 0 0 0 0
161 4555 0 0 4555 0 0 0 0 0
162 4555 0 0 0 0 0 0 0 0
163 4555 0 0 4555 286 0 0 0 0
164 4555 0 0 4555 0 0 0 0 0
165 4555 0 0 0 0 0 0 0 0
166 4555 0 0 0 0 0 0 0 0
167 4555 0 0 4555 1 0 0 0 0
168 4555 0 0 4555 0 0 0 0 0
169 4555 0 0 0 0 0 0 0 0
170 4555 0 0 4555 274 0 0 0 0
171 4555 0 0 4555 1 0 0 0 0
172 4555 0 0 0 0 0 0 0 0
173 4555 0 0 0 0 0 0 0 0
174 4555 0 0 0 0 0 0 0 0
175 4555 0 0 0 0 0 0 0 0
176 4555 762 4 0 0 0 0 0 0
177 4555 0 0 0 0 0 0 0 0
178 4555 0 0 0 0 0 0 0 0
179 4555 0 0 0 0 0 0 0 0
182 1519 0 0 0 0 0 0 0 0
183 1519 0 0 0 0 0 0 0 0
189 1 0 0 0 0 0 0 0 0
190 1 0 0 0 0 0 0 0 0
191 1 0 0 0 0 0 0 0 0
192 1 0 0 0 0 0 0 0 0
193 1 0 0 1 0 0 0 0 0
194 1 0 0 1 0 0 0 0 0
196 1 0 0 0 0 0 0 0 0
197 1 0 0 0 0 0 0 0 0
199 1 0 0 0 0 0 0 0 0
200 1 0 0 0 0 0 0 0 0
201 1 1 1 0 0 0 0 0 0
202 1 0 0 0 0 0 0 0 0
fl=./string/../sysdeps/aarch64/memrchr.S
fn=memrchr
57 6916 5941 971 0 0 0 0 0 0
60 6916 0 0 0 0 0 0 0 0
61 6916 0 0 0 0 0 0 0 0
62 6916 0 0 0 0 0 0 0 0
63 6916 0 0 0 0 0 0 0 0
64 6916 0 0 6916 2146 30 0 0 0
65 6916 0 0 0 0 0 0 0 0
66 6916 0 0 0 0 0 0 0 0
67 6916 0 0 0 0 0 0 0 0
68 6916 0 0 0 0 0 0 0 0
69 6916 0 0 0 0 0 0 0 0
70 6916 0 0 0 0 0 0 0 0
71 6916 0 0 0 0 0 0 0 0
73 2220 0 0 0 0 0 0 0 0
74 2220 0 0 0 0 0 0 0 0
75 2220 0 0 0 0 0 0 0 0
76 2220 2218 359 0 0 0 0 0 0
77 2220 0 0 0 0 0 0 0 0
81 4696 4695 940 0 0 0 0 0 0
82 4696 0 0 0 0 0 0 0 0
85 4696 0 0 0 0 0 0 0 0
86 4696 0 0 0 0 0 0 0 0
87 1222 0 0 0 0 0 0 0 0
91 1226 0 0 1226 83 0 0 0 0
92 1226 0 0 0 0 0 0 0 0
93 1226 0 0 0 0 0 0 0 0
94 1226 0 0 0 0 0 0 0 0
95 1226 0 0 0 0 0 0 0 0
98 3495 0 0 3495 3 0 0 0 0
99 3495 0 0 0 0 0 0 0 0
100 3495 0 0 0 0 0 0 0 0
101 3495 3484 855 0 0 0 0 0 0
102 3495 0 0 0 0 0 0 0 0
103 3495 0 0 0 0 0 0 0 0
104 3495 0 0 0 0 0 0 0 0
106 3491 0 0 0 0 0 0 0 0
108 4696 1191 297 0 0 0 0 0 0
109 4696 0 0 0 0 0 0 0 0
111 4696 0 0 0 0 0 0 0 0
115 4696 0 0 0 0 0 0 0 0
116 4696 0 0 0 0 0 0 0 0
117 4696 0 0 0 0 0 0 0 0
118 4696 0 0 0 0 0 0 0 0
119 4696 0 0 0 0 0 0 0 0
fl=./string/../sysdeps/aarch64/multiarch/../memchr.S
fn=__GI_memchr
59 2961 1869 1154 0 0 0 0 0 0
62 2961 0 0 0 0 0 0 0 0
63 2961 0 0 0 0 0 0 0 0
64 2947 0 0 2947 33 1 0 0 0
65 2947 0 0 0 0 0 0 0 0
66 2947 0 0 0 0 0 0 0 0
67 2947 0 0 0 0 0 0 0 0
68 2947 0 0 0 0 0 0 0 0
69 2947 0 0 0 0 0 0 0 0
70 2947 0 0 0 0 0 0 0 0
71 2947 0 0 0 0 0 0 0 0
73 1525 0 0 0 0 0 0 0 0
74 1525 0 0 0 0 0 0 0 0
75 1525 0 0 0 0 0 0 0 0
76 1525 0 0 0 0 0 0 0 0
77 1525 0 0 0 0 0 0 0 0
78 1525 1195 334 0 0 0 0 0 0
82 1422 734 288 0 0 0 0 0 0
83 1422 0 0 0 0 0 0 0 0
84 1422 0 0 0 0 0 0 0 0
85 1422 0 0 0 0 0 0 0 0
88 1388 0 0 0 0 0 0 0 0
89 837 0 0 0 0 0 0 0 0
92 3794 0 0 3794 285 61 0 0 0
93 3794 0 0 0 0 0 0 0 0
94 3794 0 0 0 0 0 0 0 0
95 3794 0 0 0 0 0 0 0 0
96 3794 0 0 0 0 0 0 0 0
99 3728 0 0 3728 140 32 0 0 0
100 3728 0 0 0 0 0 0 0 0
101 3728 0 0 0 0 0 0 0 0
102 3728 454 123 0 0 0 0 0 0
103 3728 0 0 0 0 0 0 0 0
104 3728 0 0 0 0 0 0 0 0
105 3728 0 0 0 0 0 0 0 0
107 771 0 0 0 0 0 0 0 0
109 1388 309 252 0 0 0 0 0 0
110 1388 0 0 0 0 0 0 0 0
111 1388 0 0 0 0 0 0 0 0
112 1388 0 0 0 0 0 0 0 0
114 1388 0 0 0 0 0 0 0 0
116 1388 0 0 0 0 0 0 0 0
117 1388 0 0 0 0 0 0 0 0
118 1388 0 0 0 0 0 0 0 0
119 1388 0 0 0 0 0 0 0 0
120 1388 0 0 0 0 0 0 0 0
123 48 43 21 0 0 0 0 0 0
124 48 44 28 0 0 0 0 0 0
fl=./string/../sysdeps/aarch64/multiarch/../memcpy.S
fn=__GI_memcpy
72 792746 119498 240 0 0 0 0 0 0
77 792746 0 0 0 0 0 0 0 0
78 792746 0 0 0 0 0 0 0 0
79 792746 0 0 0 0 0 0 0 0
80 792746 0 0 0 0 0 0 0 0
81 732948 0 0 0 0 0 0 0 0
82 732948 0 0 0 0 0 0 0 0
85 652451 0 0 0 0 0 0 0 0
86 652451 0 0 0 0 0 0 0 0
87 253960 0 0 253960 14956 6452 0 0 0
88 253960 0 0 253960 4033 492 0 0 0
89 253960 0 0 0 0 0 253960 43229 23182
90 253960 0 0 0 0 0 253960 11885 8587
91 253960 0 0 0 0 0 0 0 0
95 401325 879 0 0 0 0 0 0 0
96 204017 0 0 204017 11313 1961 0 0 0
97 204017 47263 1837 204017 1068 1049 0 0 0
98 204017 0 0 0 0 0 204017 15376 4219
99 204017 0 0 0 0 0 204017 176 98
100 204017 0 0 0 0 0 0 0 0
104 197308 36391 89 0 0 0 0 0 0
105 75951 0 0 75951 620 468 0 0 0
106 75951 0 0 75951 62 61 0 0 0
107 75951 0 0 0 0 0 75951 222 82
108 75951 0 0 0 0 0 75951 65 24
109 75951 0 0 0 0 0 0 0 0
113 121357 0 0 0 0 0 0 0 0
114 113688 0 0 0 0 0 0 0 0
115 113688 0 0 113688 572 340 0 0 0
116 113688 0 0 113688 136 136 0 0 0
117 113688 0 0 113688 0 0 0 0 0
118 113688 0 0 0 0 0 113688 134 57
119 113688 28478 5355 0 0 0 113688 2 2
120 113688 0 0 0 0 0 113688 5 3
122 121357 1780 42 0 0 0 0 0 0
127 91525 22275 164 183050 7664 4960 0 0 0
128 91525 0 0 183050 10005 5798 0 0 0
129 91525 0 0 0 0 0 0 0 0
130 91525 0 0 0 0 0 0 0 0
131 35955 0 0 0 0 0 71910 3467 2004
132 35955 0 0 0 0 0 71910 923 170
133 35955 0 0 0 0 0 0 0 0
138 55570 0 0 111140 9 0 0 0 0
139 55570 0 0 0 0 0 0 0 0
140 55570 0 0 0 0 0 0 0 0
141 14071 0 0 28142 0 0 0 0 0
142 14071 7309 52 0 0 0 28142 10644 5647
144 55570 37931 501 0 0 0 111140 10157 3997
145 55570 0 0 0 0 0 111140 6112 1171
146 55570 0 0 0 0 0 111140 7746 1991
147 55570 0 0 0 0 0 0 0 0
155 59829 24537 197 59829 13455 4106 0 0 0
156 59829 0 0 0 0 0 0 0 0
157 59829 0 0 0 0 0 0 0 0
158 59829 0 0 0 0 0 0 0 0
159 59829 0 0 0 0 0 0 0 0
160 59829 0 0 119658 13051 2299 0 0 0
161 59829 0 0 0 0 0 59829 3978 3450
162 59829 0 0 119658 8687 3707 0 0 0
163 59829 0 0 0 0 0 0 0 0
164 59829 0 0 0 0 0 0 0 0
166 869716 30108 7116 0 0 0 1739432 437900 420627
167 869716 0 0 1739432 180227 99559 0 0 0
168 869716 0 0 0 0 0 1739432 409545 380206
169 869716 0 0 1739432 530643 478044 0 0 0
170 869716 0 0 0 0 0 0 0 0
171 869716 0 0 0 0 0 0 0 0
172 869716 0 0 0 0 0 0 0 0
173 869716 0 0 0 0 0 0 0 0
177 59829 898 9 119658 7868 6389 0 0 0
178 59829 0 0 0 0 0 119658 23181 19640
179 59829 0 0 119658 6125 2756 0 0 0
180 59829 0 0 0 0 0 119658 19043 11845
181 59829 0 0 0 0 0 119658 9245 8528
182 59829 0 0 0 0 0 119658 14613 4356
183 59829 0 0 0 0 0 0 0 0
fn=__GI_memmove
189 26471 1344 427 0 0 0 0 0 0
194 26471 0 0 0 0 0 0 0 0
195 26471 0 0 0 0 0 0 0 0
196 26471 0 0 0 0 0 0 0 0
197 26471 0 0 0 0 0 0 0 0
198 17221 0 0 0 0 0 0 0 0
199 17221 0 0 0 0 0 0 0 0
202 6193 0 0 0 0 0 0 0 0
203 6193 0 0 0 0 0 0 0 0
204 3359 0 0 3359 8 0 0 0 0
205 3359 0 0 3359 0 0 0 0 0
206 3359 0 0 0 0 0 3359 0 0
207 3359 0 0 0 0 0 3359 0 0
208 3359 0 0 0 0 0 0 0 0
212 9250 0 0 0 0 0 0 0 0
213 9250 0 0 0 0 0 0 0 0
214 9250 718 227 0 0 0 0 0 0
215 9250 0 0 0 0 0 0 0 0
220 9219 0 0 9219 0 0 0 0 0
221 9219 0 0 0 0 0 0 0 0
222 9219 0 0 0 0 0 0 0 0
223 9219 0 0 0 0 0 0 0 0
224 9219 0 0 18438 0 0 0 0 0
225 9219 0 0 0 0 0 9219 0 0
226 9219 0 0 18438 0 0 0 0 0
227 9219 0 0 0 0 0 0 0 0
228 9219 0 0 0 0 0 0 0 0
229 9219 0 0 0 0 0 0 0 0
232 12873 0 0 0 0 0 12873 0 0
233 12873 0 0 0 0 0 12873 0 0
234 12873 0 0 25746 1 0 0 0 0
235 12873 0 0 0 0 0 12873 0 0
236 12873 25 24 0 0 0 12873 0 0
237 12873 0 0 25746 0 0 0 0 0
238 12873 0 0 0 0 0 0 0 0
239 12873 0 0 0 0 0 0 0 0
240 12873 0 0 0 0 0 0 0 0
244 9219 675 196 18438 0 0 0 0 0
245 9219 0 0 0 0 0 18438 0 0
246 9219 0 0 18438 1 0 0 0 0
247 9219 0 0 0 0 0 18438 0 0
248 9219 0 0 0 0 0 18438 0 0
249 9219 0 0 0 0 0 18438 0 0
251 9219 0 0 0 0 0 0 0 0
fn=memcpy
72 252 41 23 0 0 0 0 0 0
77 252 0 0 0 0 0 0 0 0
78 252 0 0 0 0 0 0 0 0
79 252 0 0 0 0 0 0 0 0
80 252 0 0 0 0 0 0 0 0
81 252 0 0 0 0 0 0 0 0
82 252 0 0 0 0 0 0 0 0
85 127 0 0 0 0 0 0 0 0
86 127 0 0 0 0 0 0 0 0
87 54 0 0 54 1 0 0 0 0
88 54 0 0 54 0 0 0 0 0
89 54 0 0 0 0 0 54 3 3
90 54 0 0 0 0 0 54 2 2
91 54 0 0 0 0 0 0 0 0
95 73 0 0 0 0 0 0 0 0
96 53 0 0 53 2 1 0 0 0
97 53 10 9 53 0 0 0 0 0
98 53 0 0 0 0 0 53 15 14
99 53 0 0 0 0 0 53 0 0
100 53 0 0 0 0 0 0 0 0
104 20 5 3 0 0 0 0 0 0
113 20 0 0 0 0 0 0 0 0
114 1 0 0 0 0 0 0 0 0
115 1 0 0 1 1 1 0 0 0
116 1 0 0 1 0 0 0 0 0
117 1 0 0 1 0 0 0 0 0
118 1 0 0 0 0 0 1 1 1
119 1 1 1 0 0 0 1 0 0
120 1 0 0 0 0 0 1 0 0
122 20 2 2 0 0 0 0 0 0
127 125 21 20 250 0 0 0 0 0
128 125 0 0 250 0 0 0 0 0
129 125 0 0 0 0 0 0 0 0
130 125 0 0 0 0 0 0 0 0
131 61 0 0 0 0 0 122 9 9
132 61 0 0 0 0 0 122 9 6
133 61 0 0 0 0 0 0 0 0
138 64 0 0 128 0 0 0 0 0
139 64 0 0 0 0 0 0 0 0
140 64 0 0 0 0 0 0 0 0
144 64 21 21 0 0 0 128 14 12
145 64 0 0 0 0 0 128 10 10
146 64 0 0 0 0 0 128 10 9
147 64 0 0 0 0 0 0 0 0
fl=./string/../sysdeps/aarch64/multiarch/../strlen.S
fn=__GI_strlen
50 4581 835 260 0 0 0 0 0 0
52 4581 0 0 0 0 0 0 0 0
53 4581 0 0 4581 807 287 0 0 0
54 4581 0 0 0 0 0 0 0 0
55 4581 0 0 0 0 0 0 0 0
56 4581 0 0 0 0 0 0 0 0
57 4581 0 0 0 0 0 0 0 0
58 4581 0 0 0 0 0 0 0 0
59 4581 0 0 0 0 0 0 0 0
61 3580 0 0 0 0 0 0 0 0
62 3580 0 0 0 0 0 0 0 0
63 3580 0 0 0 0 0 0 0 0
64 3580 0 0 0 0 0 0 0 0
68 1010 679 216 1010 36 15 0 0 0
69 1010 0 0 0 0 0 0 0 0
70 1010 0 0 0 0 0 0 0 0
71 1010 0 0 0 0 0 0 0 0
72 1010 0 0 0 0 0 0 0 0
73 17 0 0 17 3 2 0 0 0
74 17 0 0 0 0 0 0 0 0
75 17 0 0 0 0 0 0 0 0
76 17 0 0 0 0 0 0 0 0
77 17 0 0 0 0 0 0 0 0
78 8 0 0 0 0 0 0 0 0
80 1001 0 0 0 0 0 0 0 0
81 1001 0 0 0 0 0 0 0 0
82 1001 0 0 0 0 0 0 0 0
84 1001 0 0 0 0 0 0 0 0
86 1001 0 0 0 0 0 0 0 0
87 1001 670 219 0 0 0 0 0 0
88 1001 0 0 0 0 0 0 0 0
89 1001 0 0 0 0 0 0 0 0
fn=strlen
50 142 22 22 0 0 0 0 0 0
52 142 0 0 0 0 0 0 0 0
53 142 0 0 142 9 6 0 0 0
54 142 0 0 0 0 0 0 0 0
55 142 0 0 0 0 0 0 0 0
56 142 0 0 0 0 0 0 0 0
57 142 0 0 0 0 0 0 0 0
58 142 0 0 0 0 0 0 0 0
59 142 0 0 0 0 0 0 0 0
61 9 0 0 0 0 0 0 0 0
62 9 0 0 0 0 0 0 0 0
63 9 0 0 0 0 0 0 0 0
64 9 0 0 0 0 0 0 0 0
68 242 22 22 242 3 0 0 0 0
69 242 0 0 0 0 0 0 0 0
70 242 0 0 0 0 0 0 0 0
71 242 0 0 0 0 0 0 0 0
72 242 0 0 0 0 0 0 0 0
73 172 0 0 172 3 0 0 0 0
74 172 0 0 0 0 0 0 0 0
75 172 0 0 0 0 0 0 0 0
76 172 0 0 0 0 0 0 0 0
77 172 0 0 0 0 0 0 0 0
78 63 0 0 0 0 0 0 0 0
80 133 0 0 0 0 0 0 0 0
81 133 0 0 0 0 0 0 0 0
82 133 0 0 0 0 0 0 0 0
84 133 0 0 0 0 0 0 0 0
86 133 0 0 0 0 0 0 0 0
87 133 22 22 0 0 0 0 0 0
88 133 0 0 0 0 0 0 0 0
89 133 0 0 0 0 0 0 0 0
fl=./string/../sysdeps/aarch64/multiarch/memchr.c
fn=memchr
34 84 12 12 28 13 2 14 4 0
fl=./string/../sysdeps/aarch64/multiarch/memcpy.c
fn=memcpy
41 75 17 17 50 24 5 0 0 0
43 50 0 0 25 20 3 0 0 0
46 50 0 0 25 0 0 0 0 0
48 25 0 0 0 0 0 0 0 0
53 50 0 0 0 0 0 0 0 0
56 50 17 17 0 0 0 0 0 0
59 50 17 17 0 0 0 0 0 0
62 100 17 17 50 0 0 50 4 2
fl=./string/../sysdeps/aarch64/multiarch/memmove.c
fn=memmove
41 72 18 18 48 10 0 0 0 0
43 48 0 0 24 10 1 0 0 0
46 48 0 0 24 0 0 0 0 0
48 24 18 18 0 0 0 0 0 0
53 48 0 0 0 0 0 0 0 0
56 48 0 0 0 0 0 0 0 0
59 48 0 0 0 0 0 0 0 0
62 96 18 18 48 0 0 48 3 0
fl=./string/../sysdeps/aarch64/multiarch/memset.c
fn=memset
41 84 15 15 63 18 0 0 0 0
43 42 0 0 21 15 0 0 0 0
46 42 0 0 21 0 0 0 0 0
48 63 0 0 0 0 0 0 0 0
52 42 0 0 0 0 0 0 0 0
55 84 15 15 0 0 0 0 0 0
61 126 0 0 0 0 0 0 0 0
64 84 0 0 42 0 0 42 3 0
fl=./string/../sysdeps/aarch64/multiarch/strlen.c
fn=strlen
34 182 20 18 56 6 0 28 3 0
fl=./string/../sysdeps/aarch64/multiarch/strlen_asimd.S
fn=__strlen_asimd
89 145366 35393 7559 0 0 0 0 0 0
91 145366 0 0 0 0 0 0 0 0
92 145366 0 0 0 0 0 0 0 0
93 145366 0 0 0 0 0 0 0 0
96 145198 0 0 290396 80431 61344 0 0 0
97 145198 0 0 0 0 0 0 0 0
107 145198 0 0 0 0 0 0 0 0
108 145198 0 0 0 0 0 0 0 0
109 145198 0 0 0 0 0 0 0 0
110 145198 0 0 0 0 0 0 0 0
111 145198 0 0 0 0 0 0 0 0
112 145198 0 0 0 0 0 0 0 0
113 145198 0 0 0 0 0 0 0 0
114 145198 0 0 0 0 0 0 0 0
118 108490 0 0 0 0 0 0 0 0
119 108490 0 0 0 0 0 0 0 0
120 108490 13097 809 0 0 0 0 0 0
121 108490 0 0 0 0 0 0 0 0
122 108490 0 0 0 0 0 0 0 0
123 108490 0 0 0 0 0 0 0 0
124 108490 0 0 0 0 0 0 0 0
128 36708 22850 5474 73416 1082 694 0 0 0
133 36708 0 0 0 0 0 0 0 0
134 36708 0 0 0 0 0 0 0 0
135 36708 0 0 0 0 0 0 0 0
136 36708 0 0 0 0 0 0 0 0
137 36708 0 0 0 0 0 0 0 0
138 36708 0 0 0 0 0 0 0 0
139 36708 0 0 0 0 0 0 0 0
140 36708 0 0 0 0 0 0 0 0
144 8357 0 0 0 0 0 0 0 0
145 8357 0 0 0 0 0 0 0 0
146 8357 3402 542 0 0 0 0 0 0
147 8357 0 0 0 0 0 0 0 0
148 8357 0 0 0 0 0 0 0 0
149 8357 0 0 0 0 0 0 0 0
150 8357 0 0 0 0 0 0 0 0
151 8357 0 0 0 0 0 0 0 0
155 28351 21767 901 0 0 0 0 0 0
159 57752 15 1 115504 13888 12570 0 0 0
160 57752 0 0 0 0 0 0 0 0
161 57752 0 0 0 0 0 0 0 0
162 57752 0 0 0 0 0 0 0 0
163 57752 0 0 0 0 0 0 0 0
164 57752 0 0 0 0 0 0 0 0
167 28414 0 0 0 0 0 0 0 0
168 28414 0 0 0 0 0 0 0 0
169 28414 22368 860 0 0 0 0 0 0
170 20094 0 0 0 0 0 0 0 0
171 20094 0 0 0 0 0 0 0 0
174 28414 0 0 0 0 0 0 0 0
175 28414 0 0 0 0 0 0 0 0
177 28414 0 0 0 0 0 0 0 0
179 28414 0 0 0 0 0 0 0 0
180 28414 0 0 0 0 0 0 0 0
181 28414 0 0 0 0 0 0 0 0
184 168 61 16 0 0 0 0 0 0
185 168 0 0 0 0 0 0 0 0
186 168 0 0 0 0 0 0 0 0
187 168 0 0 336 14 7 0 0 0
188 168 0 0 0 0 0 0 0 0
189 168 0 0 0 0 0 0 0 0
190 168 0 0 0 0 0 0 0 0
191 168 126 105 0 0 0 0 0 0
192 168 0 0 0 0 0 0 0 0
193 168 0 0 0 0 0 0 0 0
194 168 0 0 0 0 0 0 0 0
195 168 0 0 0 0 0 0 0 0
196 168 0 0 0 0 0 0 0 0
197 168 0 0 0 0 0 0 0 0
198 168 0 0 0 0 0 0 0 0
200 105 0 0 0 0 0 0 0 0
201 105 0 0 0 0 0 0 0 0
202 105 0 0 0 0 0 0 0 0
203 105 0 0 0 0 0 0 0 0
fl=./string/../sysdeps/aarch64/nptl/../memset.S
fn=__GI_memset
32 1153034 221913 119 0 0 0 0 0 0
37 1153034 0 0 0 0 0 0 0 0
38 1153034 0 0 0 0 0 0 0 0
40 1153034 0 0 0 0 0 0 0 0
41 1153034 0 0 0 0 0 0 0 0
42 1098857 0 0 0 0 0 0 0 0
43 1098857 0 0 0 0 0 0 0 0
44 265551 0 0 0 0 0 0 0 0
47 265551 0 0 0 0 0 0 0 0
48 258192 0 0 0 0 0 258192 44193 1625
49 258192 0 0 0 0 0 258192 456 141
50 258192 0 0 0 0 0 0 0 0
52 7359 0 0 0 0 0 0 0 0
53 329 0 0 0 0 0 329 1 1
54 329 0 0 0 0 0 329 1 0
55 329 206 1 0 0 0 0 0 0
56 7030 5476 0 0 0 0 0 0 0
57 5702 0 0 0 0 0 5702 15 14
58 5702 0 0 0 0 0 0 0 0
59 77 0 0 0 0 0 77 0 0
60 7030 0 0 0 0 0 0 0 0
64 833306 266079 131 0 0 0 833306 178933 17666
65 833306 0 0 0 0 0 0 0 0
66 615082 0 0 0 0 0 615082 43687 6937
67 615082 0 0 0 0 0 0 0 0
68 146472 0 0 0 0 0 146472 0 0
69 146472 0 0 0 0 0 146472 0 0
70 615082 0 0 0 0 0 0 0 0
76 218224 161256 513 0 0 0 218224 53146 6991
77 218224 0 0 0 0 0 436448 58101 10452
78 218224 0 0 0 0 0 436448 61398 6105
79 218224 0 0 0 0 0 0 0 0
84 54177 33469 1069 0 0 0 0 0 0
85 54177 0 0 0 0 0 0 0 0
86 54177 0 0 0 0 0 54177 13193 4974
87 54177 0 0 0 0 0 0 0 0
88 54177 0 0 0 0 0 0 0 0
89 54177 0 0 0 0 0 0 0 0
91 54177 0 0 0 0 0 0 0 0
92 54177 0 0 0 0 0 0 0 0
93 54177 0 0 0 0 0 0 0 0
94 238548 0 0 0 0 0 477096 98710 66919
95 238548 0 0 0 0 0 477096 114230 57779
97 238548 0 0 0 0 0 0 0 0
98 238548 0 0 0 0 0 0 0 0
99 54177 0 0 0 0 0 108354 4984 1939
100 54177 0 0 0 0 0 108354 17914 2705
101 108354 45316 2542 0 0 0 0 0 0
106 54177 0 0 0 0 0 0 0 0
107 54177 0 0 0 0 0 0 0 0
fn=memset
32 48 26 26 0 0 0 0 0 0
37 48 0 0 0 0 0 0 0 0
38 48 0 0 0 0 0 0 0 0
40 48 0 0 0 0 0 0 0 0
41 48 0 0 0 0 0 0 0 0
42 23 0 0 0 0 0 0 0 0
43 23 0 0 0 0 0 0 0 0
44 17 0 0 0 0 0 0 0 0
47 17 0 0 0 0 0 0 0 0
48 13 0 0 0 0 0 13 13 13
49 13 0 0 0 0 0 13 0 0
50 13 0 0 0 0 0 0 0 0
52 4 0 0 0 0 0 0 0 0
53 4 0 0 0 0 0 4 0 0
54 4 0 0 0 0 0 4 0 0
55 4 1 1 0 0 0 0 0 0
64 6 5 4 0 0 0 6 4 4
65 6 0 0 0 0 0 0 0 0
66 6 0 0 0 0 0 6 2 2
67 6 0 0 0 0 0 0 0 0
68 2 0 0 0 0 0 2 0 0
69 2 0 0 0 0 0 2 0 0
70 6 0 0 0 0 0 0 0 0
84 25 23 17 0 0 0 0 0 0
85 25 0 0 0 0 0 0 0 0
86 25 0 0 0 0 0 25 22 22
87 25 0 0 0 0 0 0 0 0
88 25 0 0 0 0 0 0 0 0
89 25 0 0 0 0 0 0 0 0
91 25 0 0 0 0 0 0 0 0
92 25 0 0 0 0 0 0 0 0
93 25 0 0 0 0 0 0 0 0
94 427 0 0 0 0 0 854 331 331
95 427 0 0 0 0 0 854 90 90
97 427 0 0 0 0 0 0 0 0
98 427 0 0 0 0 0 0 0 0
99 25 0 0 0 0 0 50 7 7
100 25 0 0 0 0 0 50 7 7
101 50 23 17 0 0 0 0 0 0
106 25 0 0 0 0 0 0 0 0
107 25 0 0 0 0 0 0 0 0
fl=./string/../sysdeps/aarch64/strchr.S
fn=index
54 30257 24624 1064 0 0 0 0 0 0
56 30257 0 0 0 0 0 0 0 0
57 30257 0 0 0 0 0 0 0 0
58 30257 0 0 30257 18810 5667 0 0 0
59 30257 0 0 0 0 0 0 0 0
60 30257 0 0 0 0 0 0 0 0
61 30257 0 0 0 0 0 0 0 0
62 30257 0 0 0 0 0 0 0 0
63 30257 0 0 0 0 0 0 0 0
64 30257 0 0 0 0 0 0 0 0
65 30257 0 0 0 0 0 0 0 0
66 30257 0 0 0 0 0 0 0 0
67 30257 0 0 0 0 0 0 0 0
69 29057 0 0 0 0 0 0 0 0
70 29057 0 0 0 0 0 0 0 0
73 29057 0 0 0 0 0 0 0 0
74 29057 20209 1457 0 0 0 0 0 0
75 29057 0 0 0 0 0 0 0 0
76 29057 0 0 0 0 0 0 0 0
80 1364 887 72 1364 41 27 0 0 0
81 1364 0 0 0 0 0 0 0 0
82 1364 0 0 0 0 0 0 0 0
83 1364 0 0 0 0 0 0 0 0
84 1364 0 0 0 0 0 0 0 0
85 1364 0 0 0 0 0 0 0 0
86 230 0 0 230 4 2 0 0 0
87 230 0 0 0 0 0 0 0 0
88 230 0 0 0 0 0 0 0 0
89 230 0 0 0 0 0 0 0 0
90 230 0 0 0 0 0 0 0 0
91 230 0 0 0 0 0 0 0 0
92 66 42 30 0 0 0 0 0 0
100 1200 836 167 0 0 0 0 0 0
101 1200 0 0 0 0 0 0 0 0
102 1200 0 0 0 0 0 0 0 0
103 1200 0 0 0 0 0 0 0 0
105 1200 0 0 0 0 0 0 0 0
106 1200 0 0 0 0 0 0 0 0
108 1200 0 0 0 0 0 0 0 0
109 1200 0 0 0 0 0 0 0 0
110 1200 0 0 0 0 0 0 0 0
111 1200 0 0 0 0 0 0 0 0
fl=./string/../sysdeps/aarch64/strchrnul.S
fn=strchrnul
53 37288 6503 5425 0 0 0 0 0 0
55 37288 0 0 0 0 0 0 0 0
56 37288 0 0 0 0 0 0 0 0
57 37288 0 0 37288 11911 11108 0 0 0
58 37288 0 0 0 0 0 0 0 0
59 37288 0 0 0 0 0 0 0 0
60 37288 0 0 0 0 0 0 0 0
61 37288 0 0 0 0 0 0 0 0
62 37288 0 0 0 0 0 0 0 0
63 37288 0 0 0 0 0 0 0 0
64 37288 0 0 0 0 0 0 0 0
66 36050 0 0 0 0 0 0 0 0
67 36050 0 0 0 0 0 0 0 0
68 36050 0 0 0 0 0 0 0 0
69 36050 0 0 0 0 0 0 0 0
73 1238 23 3 1238 0 0 0 0 0
74 1238 0 0 0 0 0 0 0 0
75 1238 0 0 0 0 0 0 0 0
76 1238 0 0 0 0 0 0 0 0
77 1238 0 0 0 0 0 0 0 0
78 1238 0 0 0 0 0 0 0 0
87 1238 0 0 0 0 0 0 0 0
88 1238 0 0 0 0 0 0 0 0
89 1238 0 0 0 0 0 0 0 0
91 1238 97 3 0 0 0 0 0 0
93 1238 0 0 0 0 0 0 0 0
94 1238 0 0 0 0 0 0 0 0
95 1238 0 0 0 0 0 0 0 0
fl=./string/../sysdeps/aarch64/strcmp.S
fn=strcmp
64 290733 43440 1136 0 0 0 0 0 0
67 290733 0 0 0 0 0 0 0 0
68 290733 0 0 0 0 0 0 0 0
69 290733 0 0 0 0 0 0 0 0
70 290733 0 0 0 0 0 0 0 0
71 290733 0 0 0 0 0 0 0 0
72 558688 0 0 0 0 0 0 0 0
77 533970 0 0 533970 120375 13978 0 0 0
78 533970 0 0 533970 1107 590 0 0 0
85 537602 0 0 0 0 0 0 0 0
86 537602 0 0 0 0 0 0 0 0
88 537602 0 0 0 0 0 0 0 0
89 537602 0 0 0 0 0 0 0 0
90 537602 0 0 0 0 0 0 0 0
94 281160 0 0 0 0 0 0 0 0
95 281160 71666 913 0 0 0 0 0 0
98 287501 151 31 0 0 0 0 0 0
99 287501 0 0 0 0 0 0 0 0
100 287501 0 0 0 0 0 0 0 0
102 287501 0 0 0 0 0 0 0 0
107 287501 0 0 0 0 0 0 0 0
108 287501 0 0 0 0 0 0 0 0
111 287501 0 0 0 0 0 0 0 0
112 287501 0 0 0 0 0 0 0 0
113 287501 0 0 0 0 0 0 0 0
121 3632 7 3 0 0 0 0 0 0
122 3632 0 0 3632 619 20 0 0 0
123 3632 0 0 3632 575 375 0 0 0
124 3632 0 0 0 0 0 0 0 0
125 3632 6 3 0 0 0 0 0 0
126 3632 0 0 0 0 0 0 0 0
127 3632 0 0 0 0 0 0 0 0
128 3632 0 0 0 0 0 0 0 0
129 3632 0 0 0 0 0 0 0 0
134 9573 203 56 0 0 0 0 0 0
136 25297 0 0 25297 3736 2401 0 0 0
137 25297 0 0 25297 843 83 0 0 0
138 25297 0 0 0 0 0 0 0 0
139 25297 0 0 0 0 0 0 0 0
140 25297 0 0 0 0 0 0 0 0
141 22065 0 0 0 0 0 0 0 0
142 22065 0 0 0 0 0 0 0 0
145 6341 0 0 0 0 0 0 0 0
146 6341 0 0 0 0 0 0 0 0
147 6341 0 0 6341 241 207 0 0 0
151 6341 204 63 0 0 0 0 0 0
152 6341 0 0 0 0 0 0 0 0
153 6341 0 0 0 0 0 0 0 0
154 6341 0 0 0 0 0 0 0 0
155 6341 0 0 0 0 0 0 0 0
156 6341 0 0 0 0 0 0 0 0
158 11030 0 0 0 0 0 0 0 0
163 8248 0 0 8248 123 52 0 0 0
164 8248 0 0 8248 0 0 0 0 0
168 8248 0 0 0 0 0 0 0 0
169 8248 0 0 0 0 0 0 0 0
170 8248 0 0 8248 1092 898 0 0 0
171 8248 0 0 0 0 0 0 0 0
172 8248 0 0 0 0 0 0 0 0
173 8248 0 0 0 0 0 0 0 0
175 5515 160 47 0 0 0 0 0 0
179 5515 0 0 0 0 0 0 0 0
180 5515 0 0 0 0 0 0 0 0
181 5515 0 0 0 0 0 0 0 0
183 2387 40 13 2387 261 188 0 0 0
184 2387 0 0 0 0 0 0 0 0
185 2387 0 0 0 0 0 0 0 0
186 2387 0 0 0 0 0 0 0 0
191 2387 0 0 0 0 0 0 0 0
192 2387 0 0 0 0 0 0 0 0
193 2387 0 0 0 0 0 0 0 0
196 3232 30 4 0 0 0 0 0 0
197 3232 0 0 0 0 0 0 0 0
fl=./string/../sysdeps/aarch64/strcpy.S
fn=stpcpy
71 826 657 211 0 0 0 0 0 0
74 826 0 0 0 0 0 0 0 0
75 826 0 0 826 0 0 0 0 0
76 826 0 0 0 0 0 0 0 0
77 826 0 0 0 0 0 0 0 0
78 826 0 0 0 0 0 0 0 0
79 826 0 0 0 0 0 0 0 0
80 826 0 0 0 0 0 0 0 0
81 826 0 0 0 0 0 0 0 0
83 37 0 0 37 6 1 0 0 0
84 37 0 0 0 0 0 0 0 0
85 37 0 0 0 0 0 0 0 0
86 37 0 0 0 0 0 0 0 0
87 37 0 0 0 0 0 0 0 0
90 36 0 0 0 0 0 0 0 0
92 36 0 0 0 0 0 0 0 0
93 36 0 0 0 0 0 0 0 0
94 36 0 0 0 0 0 0 0 0
95 36 0 0 0 0 0 0 0 0
96 6 0 0 0 0 0 0 0 0
97 6 0 0 6 0 0 0 0 0
98 6 0 0 6 0 0 0 0 0
99 6 0 0 0 0 0 6 0 0
100 6 0 0 0 0 0 6 0 0
101 6 0 0 0 0 0 0 0 0
102 6 0 0 0 0 0 0 0 0
105 789 655 209 0 0 0 0 0 0
106 789 0 0 0 0 0 0 0 0
107 789 0 0 0 0 0 0 0 0
109 819 0 0 0 0 0 0 0 0
110 707 0 0 0 0 0 0 0 0
111 707 0 0 707 0 0 0 0 0
112 707 653 211 707 0 0 0 0 0
113 707 0 0 0 0 0 707 1 1
114 707 0 0 0 0 0 707 1 1
115 707 0 0 0 0 0 0 0 0
116 707 0 0 0 0 0 0 0 0
120 112 3 1 0 0 0 0 0 0
121 112 0 0 0 0 0 0 0 0
122 34 0 0 34 0 0 0 0 0
123 34 0 0 34 0 0 0 0 0
124 34 0 0 0 0 0 34 2 1
125 34 0 0 0 0 0 34 1 1
126 34 0 0 0 0 0 0 0 0
127 34 0 0 0 0 0 0 0 0
130 78 2 1 0 0 0 0 0 0
131 78 0 0 78 0 0 0 0 0
132 78 0 0 0 0 0 78 3 0
134 78 0 0 0 0 0 78 0 0
135 78 0 0 0 0 0 0 0 0
136 78 0 0 0 0 0 0 0 0
140 1 1 1 0 0 0 0 0 0
141 1 0 0 1 0 0 0 0 0
142 1 0 0 0 0 0 0 0 0
143 1 0 0 0 0 0 1 0 0
145 1 0 0 0 0 0 1 0 0
146 1 0 0 1 0 0 0 0 0
147 1 0 0 0 0 0 0 0 0
148 1 0 0 0 0 0 0 0 0
149 1 1 1 0 0 0 0 0 0
150 1 0 0 0 0 0 0 0 0
151 1 0 0 0 0 0 1 1 1
152 1 0 0 1 0 0 0 0 0
153 1 0 0 0 0 0 0 0 0
154 1 0 0 0 0 0 0 0 0
155 1 0 0 0 0 0 0 0 0
156 1 0 0 0 0 0 0 0 0
157 1 0 0 0 0 0 0 0 0
159 1 0 0 0 0 0 0 0 0
160 1 0 0 0 0 0 0 0 0
161 1 0 0 0 0 0 0 0 0
163 1 0 0 0 0 0 0 0 0
165 1 0 0 0 0 0 0 0 0
166 1 0 0 0 0 0 0 0 0
167 1 0 0 0 0 0 0 0 0
168 1 1 1 1 0 0 0 0 0
169 1 0 0 0 0 0 1 0 0
170 1 0 0 0 0 0 0 0 0
171 1 0 0 0 0 0 0 0 0
fn=strcpy
71 2192 338 53 0 0 0 0 0 0
74 2192 0 0 0 0 0 0 0 0
75 2192 0 0 2192 35 35 0 0 0
76 2192 0 0 0 0 0 0 0 0
77 2192 0 0 0 0 0 0 0 0
78 2192 0 0 0 0 0 0 0 0
79 2192 0 0 0 0 0 0 0 0
80 2192 0 0 0 0 0 0 0 0
81 2192 0 0 0 0 0 0 0 0
83 1814 0 0 1814 0 0 0 0 0
84 1814 0 0 0 0 0 0 0 0
85 1814 0 0 0 0 0 0 0 0
86 1814 0 0 0 0 0 0 0 0
87 1814 0 0 0 0 0 0 0 0
90 1147 0 0 0 0 0 0 0 0
92 1147 0 0 0 0 0 0 0 0
93 1147 89 4 0 0 0 0 0 0
94 1147 0 0 0 0 0 0 0 0
95 1147 0 0 0 0 0 0 0 0
96 715 0 0 0 0 0 0 0 0
97 715 0 0 715 0 0 0 0 0
98 715 0 0 715 0 0 0 0 0
99 715 0 0 0 0 0 715 1 0
100 715 0 0 0 0 0 715 10 1
102 715 0 0 0 0 0 0 0 0
105 378 224 48 0 0 0 0 0 0
106 378 0 0 0 0 0 0 0 0
107 378 0 0 0 0 0 0 0 0
109 810 0 0 0 0 0 0 0 0
110 497 0 0 0 0 0 0 0 0
111 497 0 0 497 0 0 0 0 0
112 497 0 0 497 0 0 0 0 0
113 497 75 3 0 0 0 497 0 0
114 497 0 0 0 0 0 497 0 0
116 497 0 0 0 0 0 0 0 0
120 313 168 49 0 0 0 0 0 0
121 313 0 0 0 0 0 0 0 0
122 138 0 0 138 0 0 0 0 0
123 138 0 0 138 0 0 0 0 0
124 138 0 0 0 0 0 138 0 0
125 138 0 0 0 0 0 138 0 0
127 138 0 0 0 0 0 0 0 0
130 175 0 0 0 0 0 0 0 0
131 175 0 0 175 0 0 0 0 0
132 175 0 0 0 0 0 175 0 0
134 175 0 0 0 0 0 175 0 0
136 175 0 0 0 0 0 0 0 0
140 667 72 4 0 0 0 0 0 0
141 667 0 0 667 0 0 0 0 0
142 667 0 0 0 0 0 0 0 0
143 667 0 0 0 0 0 667 1 1
145 673 0 0 0 0 0 673 5 3
146 673 0 0 673 0 0 0 0 0
147 673 0 0 0 0 0 0 0 0
148 673 0 0 0 0 0 0 0 0
149 673 0 0 0 0 0 0 0 0
150 673 0 0 0 0 0 0 0 0
151 11 0 0 0 0 0 11 3 1
152 11 0 0 11 0 0 0 0 0
153 11 0 0 0 0 0 0 0 0
154 11 0 0 0 0 0 0 0 0
155 11 0 0 0 0 0 0 0 0
156 11 0 0 0 0 0 0 0 0
157 5 4 0 0 0 0 0 0 0
159 667 76 4 0 0 0 0 0 0
160 667 0 0 0 0 0 0 0 0
161 667 0 0 0 0 0 0 0 0
163 667 0 0 0 0 0 0 0 0
165 667 0 0 0 0 0 0 0 0
166 667 0 0 0 0 0 0 0 0
167 667 0 0 0 0 0 0 0 0
168 667 0 0 667 0 0 0 0 0
169 667 0 0 0 0 0 667 0 0
171 667 0 0 0 0 0 0 0 0
fl=./string/../sysdeps/aarch64/strncmp.S
fn=strncmp
72 4728 629 119 0 0 0 0 0 0
73 4728 0 0 0 0 0 0 0 0
74 4728 0 0 0 0 0 0 0 0
75 4728 0 0 0 0 0 0 0 0
76 4728 0 0 0 0 0 0 0 0
77 4728 0 0 0 0 0 0 0 0
78 4728 0 0 0 0 0 0 0 0
79 1380 442 80 0 0 0 0 0 0
86 1377 0 0 1377 462 273 0 0 0
87 1377 0 0 1377 19 4 0 0 0
89 1414 0 0 0 0 0 0 0 0
90 1414 0 0 0 0 0 0 0 0
91 1414 0 0 0 0 0 0 0 0
92 1414 0 0 0 0 0 0 0 0
93 1414 0 0 0 0 0 0 0 0
94 1414 0 0 0 0 0 0 0 0
95 1414 0 0 0 0 0 0 0 0
96 1414 0 0 0 0 0 0 0 0
101 1435 8 1 0 0 0 0 0 0
102 1435 0 0 0 0 0 0 0 0
106 1499 9 8 0 0 0 0 0 0
107 1499 0 0 0 0 0 0 0 0
108 1499 0 0 0 0 0 0 0 0
109 1499 465 88 0 0 0 0 0 0
110 1499 0 0 0 0 0 0 0 0
111 1499 0 0 0 0 0 0 0 0
112 1499 0 0 0 0 0 0 0 0
115 1499 0 0 0 0 0 0 0 0
116 1499 0 0 0 0 0 0 0 0
117 1499 0 0 0 0 0 0 0 0
118 1499 0 0 0 0 0 0 0 0
175 37 1 1 0 0 0 0 0 0
176 37 0 0 0 0 0 0 0 0
177 37 0 0 37 0 0 0 0 0
178 37 0 0 0 0 0 0 0 0
179 37 0 0 37 0 0 0 0 0
180 37 0 0 0 0 0 0 0 0
181 37 0 0 0 0 0 0 0 0
183 37 0 0 0 0 0 0 0 0
184 37 7 2 0 0 0 0 0 0
185 37 0 0 0 0 0 0 0 0
186 37 0 0 0 0 0 0 0 0
187 37 0 0 0 0 0 0 0 0
192 3348 410 98 0 0 0 0 0 0
193 3348 0 0 0 0 0 0 0 0
197 5326 0 0 5326 982 320 0 0 0
198 5326 0 0 5326 66 22 0 0 0
199 5326 0 0 0 0 0 0 0 0
200 5326 0 0 0 0 0 0 0 0
201 5326 0 0 0 0 0 0 0 0
202 5326 0 0 0 0 0 0 0 0
204 3229 0 0 0 0 0 0 0 0
205 3229 0 0 0 0 0 0 0 0
209 190 0 0 0 0 0 0 0 0
211 89 0 0 0 0 0 0 0 0
212 89 0 0 0 0 0 0 0 0
213 89 0 0 0 0 0 0 0 0
216 99 0 0 99 26 16 0 0 0
217 99 0 0 99 0 0 0 0 0
218 99 7 3 0 0 0 0 0 0
219 99 0 0 0 0 0 0 0 0
220 99 0 0 0 0 0 0 0 0
221 28 0 0 0 0 0 0 0 0
222 28 0 0 0 0 0 0 0 0
241 119 14 10 0 0 0 0 0 0
242 119 0 0 0 0 0 0 0 0
243 119 0 0 0 0 0 0 0 0
244 119 0 0 0 0 0 0 0 0
245 119 0 0 119 7 0 0 0 0
246 119 0 0 238 0 0 0 0 0
247 119 0 0 0 0 0 0 0 0
248 119 0 0 0 0 0 0 0 0
250 119 0 0 0 0 0 0 0 0
254 65 0 0 0 0 0 0 0 0
255 65 0 0 0 0 0 0 0 0
256 65 11 6 0 0 0 0 0 0
257 65 0 0 0 0 0 0 0 0
258 65 0 0 0 0 0 0 0 0
259 65 0 0 0 0 0 0 0 0
260 65 0 0 0 0 0 0 0 0
261 65 0 0 0 0 0 0 0 0
262 65 0 0 0 0 0 0 0 0
263 65 0 0 0 0 0 0 0 0
264 65 0 0 0 0 0 0 0 0
266 10 0 0 10 0 0 0 0 0
269 73 10 7 0 0 0 0 0 0
279 73 0 0 0 0 0 0 0 0
280 73 0 0 0 0 0 0 0 0
281 73 0 0 0 0 0 0 0 0
282 73 0 0 0 0 0 0 0 0
286 73 0 0 0 0 0 0 0 0
287 73 18 11 0 0 0 0 0 0
288 73 0 0 0 0 0 0 0 0
289 73 0 0 0 0 0 0 0 0
290 73 0 0 0 0 0 0 0 0
293 28 0 0 56 2 2 0 0 0
294 28 0 0 0 0 0 0 0 0
295 28 0 0 0 0 0 0 0 0
296 28 0 0 0 0 0 0 0 0
297 28 0 0 0 0 0 0 0 0
298 28 0 0 0 0 0 0 0 0
299 28 0 0 0 0 0 0 0 0
300 28 0 0 0 0 0 0 0 0
302 9 0 0 9 2 0 0 0 0
303 9 0 0 0 0 0 0 0 0
304 9 0 0 0 0 0 0 0 0
fl=./string/../sysdeps/aarch64/strnlen.S
fn=strnlen
51 25208 9324 933 0 0 0 0 0 0
54 25208 0 0 0 0 0 0 0 0
55 25208 0 0 0 0 0 0 0 0
56 25193 0 0 25193 10485 3600 0 0 0
57 25193 0 0 0 0 0 0 0 0
58 25193 0 0 0 0 0 0 0 0
59 25193 0 0 0 0 0 0 0 0
60 25193 0 0 0 0 0 0 0 0
61 25193 0 0 0 0 0 0 0 0
62 25193 0 0 0 0 0 0 0 0
64 20511 0 0 0 0 0 0 0 0
65 20511 0 0 0 0 0 0 0 0
66 20511 0 0 0 0 0 0 0 0
67 20511 0 0 0 0 0 0 0 0
68 20511 0 0 0 0 0 0 0 0
69 20511 0 0 0 0 0 0 0 0
72 170 4 1 0 0 0 0 0 0
73 170 0 0 0 0 0 0 0 0
76 4682 3400 994 0 0 0 0 0 0
77 4682 0 0 0 0 0 0 0 0
78 4682 0 0 0 0 0 0 0 0
79 4682 0 0 0 0 0 0 0 0
82 4527 0 0 0 0 0 0 0 0
83 72 0 0 0 0 0 0 0 0
86 121 0 0 121 14 4 0 0 0
87 121 0 0 0 0 0 0 0 0
88 121 0 0 0 0 0 0 0 0
89 121 0 0 0 0 0 0 0 0
90 121 0 0 0 0 0 0 0 0
92 4533 0 0 4533 3142 998 0 0 0
93 4533 0 0 0 0 0 0 0 0
94 4533 0 0 0 0 0 0 0 0
95 4533 3490 956 0 0 0 0 0 0
96 4533 0 0 0 0 0 0 0 0
97 4533 0 0 0 0 0 0 0 0
98 4533 0 0 0 0 0 0 0 0
100 4484 0 0 0 0 0 0 0 0
102 4527 42 38 0 0 0 0 0 0
103 4527 0 0 0 0 0 0 0 0
104 4527 0 0 0 0 0 0 0 0
106 4527 0 0 0 0 0 0 0 0
108 4527 0 0 0 0 0 0 0 0
109 4527 0 0 0 0 0 0 0 0
110 4527 0 0 0 0 0 0 0 0
111 4527 0 0 0 0 0 0 0 0
112 4527 0 0 0 0 0 0 0 0
fl=./string/../sysdeps/aarch64/strrchr.S
fn=rindex
57 1077 535 118 0 0 0 0 0 0
59 1077 0 0 0 0 0 0 0 0
60 1077 0 0 0 0 0 0 0 0
61 1077 0 0 0 0 0 0 0 0
62 1077 0 0 1077 545 238 0 0 0
63 1077 0 0 0 0 0 0 0 0
64 1077 0 0 0 0 0 0 0 0
65 1077 0 0 0 0 0 0 0 0
66 1077 0 0 0 0 0 0 0 0
67 1077 0 0 0 0 0 0 0 0
68 1077 0 0 0 0 0 0 0 0
69 1077 0 0 0 0 0 0 0 0
70 1077 0 0 0 0 0 0 0 0
71 1077 0 0 0 0 0 0 0 0
72 1077 0 0 0 0 0 0 0 0
73 833 0 0 0 0 0 0 0 0
77 132 117 21 132 21 15 0 0 0
78 132 0 0 0 0 0 0 0 0
79 132 0 0 0 0 0 0 0 0
80 132 0 0 0 0 0 0 0 0
81 132 0 0 0 0 0 0 0 0
82 132 0 0 0 0 0 0 0 0
83 1 0 0 1 1 0 0 0 0
84 1 0 0 0 0 0 0 0 0
85 1 0 0 0 0 0 0 0 0
86 1 0 0 0 0 0 0 0 0
87 1 0 0 0 0 0 0 0 0
88 1 0 0 0 0 0 0 0 0
89 1 0 0 0 0 0 0 0 0
91 132 0 0 0 0 0 0 0 0
92 132 0 0 0 0 0 0 0 0
99 132 0 0 0 0 0 0 0 0
100 132 93 13 0 0 0 0 0 0
101 132 0 0 0 0 0 0 0 0
103 132 0 0 0 0 0 0 0 0
104 132 0 0 0 0 0 0 0 0
106 370 154 20 0 0 0 0 0 0
107 370 0 0 0 0 0 0 0 0
108 370 0 0 0 0 0 0 0 0
109 370 0 0 0 0 0 0 0 0
110 370 0 0 0 0 0 0 0 0
111 370 0 0 0 0 0 0 0 0
112 370 0 0 0 0 0 0 0 0
113 370 0 0 0 0 0 0 0 0
119 707 286 82 0 0 0 0 0 0
120 707 0 0 0 0 0 0 0 0
123 745 326 106 0 0 0 0 0 0
124 745 0 0 0 0 0 0 0 0
125 745 0 0 0 0 0 0 0 0
126 745 0 0 745 105 41 0 0 0
127 745 0 0 0 0 0 0 0 0
128 745 0 0 0 0 0 0 0 0
129 745 0 0 0 0 0 0 0 0
130 745 0 0 0 0 0 0 0 0
131 745 0 0 0 0 0 0 0 0
132 745 0 0 0 0 0 0 0 0
133 745 0 0 0 0 0 0 0 0
135 707 0 0 0 0 0 0 0 0
136 707 0 0 0 0 0 0 0 0
137 707 0 0 0 0 0 0 0 0
138 707 0 0 0 0 0 0 0 0
139 707 0 0 0 0 0 0 0 0
140 707 325 99 0 0 0 0 0 0
141 707 0 0 0 0 0 0 0 0
142 707 0 0 0 0 0 0 0 0
143 707 0 0 0 0 0 0 0 0
144 707 0 0 0 0 0 0 0 0
145 707 0 0 0 0 0 0 0 0
146 707 0 0 0 0 0 0 0 0
147 707 0 0 0 0 0 0 0 0
fl=./string/./string/memmem.c
fn=memmem
55 60 4 1 12 0 0 30 0 0
59 36 3 1 0 0 0 24 0 0
61 12 0 0 0 0 0 0 0 0
65 12 0 0 0 0 0 0 0 0
66 18 0 0 24 0 0 0 0 0
68 12 0 0 0 0 0 0 0 0
70 12 0 0 0 0 0 0 0 0
79 18 0 0 0 0 0 12 0 0
84 6 0 0 0 0 0 0 0 0
85 6 0 0 0 0 0 0 0 0
88 42 4 1 0 0 0 0 0 0
89 72 0 0 12 0 0 12 0 0
92 42 0 0 18 0 0 0 0 0
93 6 0 0 0 0 0 6 0 0
95 36 6 1 12 0 0 0 0 0
100 12 6 1 0 0 0 0 0 0
101 60 0 0 36 0 0 0 0 0
103 36 0 0 0 0 0 0 0 0
107 6 0 0 0 0 0 0 0 0
108 12 0 0 0 0 0 0 0 0
119 6 0 0 0 0 0 0 0 0
126 66 6 1 42 0 0 0 0 0
fl=./string/./string/strcat.c
fn=strcat
29 775 77 42 0 0 0 620 0 0
30 620 0 0 0 0 0 0 0 0
32 620 0 0 620 0 0 0 0 0
fl=./string/./string/strcspn.c
fn=strcspn
32 74 15 4 14 4 2 31 1 1
33 16 0 0 8 8 3 0 0 0
34 16 0 0 8 0 0 0 0 0
39 4 0 0 0 0 0 4 0 0
40 10 0 0 0 0 0 4 1 1
41 10 1 1 0 0 0 4 1 1
42 10 0 0 0 0 0 4 1 1
47 56 0 0 24 0 0 24 0 0
48 24 0 0 0 0 0 0 0 0
51 32 0 0 16 1 0 0 0 0
52 32 8 2 16 0 0 0 0 0
53 32 0 0 16 0 0 0 0 0
54 4 0 0 2 0 0 0 0 0
56 1 0 0 0 0 0 0 0 0
62 24 0 0 24 0 0 0 0 0
63 12 0 0 12 0 0 0 0 0
64 24 0 0 24 0 0 0 0 0
65 12 0 0 12 0 0 0 0 0
67 84 1 1 24 0 0 0 0 0
69 1 0 0 0 0 0 0 0 0
70 6 0 0 0 0 0 0 0 0
71 80 7 1 45 0 0 0 0 0
fl=./string/./string/strdup.c
fn=strdup
40 188 29 27 0 0 0 188 1 1
41 94 0 0 0 0 0 0 0 0
42 20 0 0 0 0 0 0 0 0
44 47 0 0 0 0 0 0 0 0
47 111 0 0 0 0 0 0 0 0
48 94 8 5 188 0 0 0 0 0
fl=./string/./string/strerror.c
fn=strerror
23 1306 653 208 0 0 0 1306 0 0
24 3265 0 0 1306 561 206 0 0 0
25 653 0 0 1306 0 0 0 0 0
fl=./string/./string/strerror_l.c
fn=strerror_l
28 1959 653 209 0 0 0 0 0 0
29 3918 0 0 0 0 0 0 0 0
30 1306 0 0 0 0 0 0 0 0
38 4571 653 208 0 0 0 5224 0 0
39 2612 0 0 1306 0 0 0 0 0
40 653 0 0 0 0 0 0 0 0
41 653 0 0 0 0 0 0 0 0
57 653 0 0 0 0 0 0 0 0
59 653 0 0 0 0 0 653 0 0
61 3918 0 0 5224 0 0 0 0 0
fl=./string/./string/strncpy.c
fn=strncpy
28 170352 17141 605 0 0 0 146016 3789 172
29 97344 0 0 0 0 0 0 0 0
30 48672 16837 554 0 0 0 0 0 0
31 95260 0 0 0 0 0 0 0 0
32 97344 0 0 0 0 0 0 0 0
33 73008 0 0 146016 0 0 0 0 0
fl=./string/./string/strndup.c
fn=strndup
41 5 2 2 0 0 0 5 0 0
42 2 0 0 0 0 0 0 0 0
43 3 0 0 0 0 0 0 0 0
45 1 0 0 0 0 0 0 0 0
48 1 0 0 0 0 0 1 0 0
50 3 0 0 5 0 0 0 0 0
fl=./string/./string/strpbrk.c
fn=strpbrk
29 28 7 1 0 0 0 21 0 0
30 7 0 0 0 0 0 0 0 0
31 21 0 0 7 0 0 0 0 0
32 28 0 0 21 0 0 0 0 0
fl=./string/./string/strstr.c
fn=strstr
77 65 4 4 10 0 0 45 0 0
82 10 0 0 5 4 4 0 0 0
84 15 4 4 0 0 0 0 0 0
85 5 0 0 0 0 0 0 0 0
86 10 5 4 0 0 0 0 0 0
161 70 5 4 55 0 0 0 0 0
fl=./termios/../string/bits/string_fortified.h
fn=tcgetattr
59 18 0 0 0 0 0 18 0 0
fl=./termios/../sysdeps/unix/sysv/linux/tcgetattr.c
fn=tcgetattr
34 7830 870 550 1740 0 0 2610 0 0
38 11274 1734 1549 864 7 0 864 0 0
40 870 0 0 0 0 0 0 0 0
42 12 0 0 6 0 0 6 0 0
46 12 6 1 6 0 0 6 0 0
51 18 0 0 0 0 0 0 0 0
58 6 0 0 0 0 0 12 0 0
63 36 0 0 18 0 0 18 0 0
77 8700 870 768 4350 0 0 0 0 0
fl=./time/../bits/byteswap.h
fn=__tzfile_read
52 30 0 0 18 0 0 0 0 0
73 472 0 0 236 0 0 0 0 0
fl=./time/../include/alloc_buffer.h
fn=__tzfile_read
129 3 0 0 1 0 0 0 0 0
fl=./time/../include/stdio.h
fn=__tzfile_read
341 150 1 1 75 1 1 25 0 0
fl=./time/../string/bits/string_fortified.h
fn=__tzstring_len
29 40 1 1 0 0 0 0 0 0
fl=./time/../sysdeps/unix/sysv/linux/clock_gettime.c
fn=clock_gettime@@GLIBC_2.17
38 35166 9194 624 23444 10118 1648 0 0 0
40 11722 0 0 0 0 0 0 0 0
44 23444 0 0 0 0 0 0 0 0
68 35166 8950 610 0 0 0 0 0 0
69 11722 0 0 0 0 0 0 0 0
fl=./time/../sysdeps/unix/sysv/linux/dl-vdso.h
fn=gettimeofday
40 6 2 2 4 4 2 0 0 0
41 2 0 0 0 0 0 0 0 0
fl=./time/../sysdeps/unix/sysv/linux/gettimeofday.c
fn=gettimeofday
42 6 2 2 0 0 0 0 0 0
fl=./time/../sysdeps/unix/sysv/linux/time.c
fn=time
58 40 4 4 8 5 1 16 0 0
60 12 0 0 0 0 0 0 0 0
62 4 0 0 0 0 0 0 0 0
63 4 0 0 4 0 0 0 0 0
65 44 4 4 24 0 0 0 0 0
fl=./time/./time/localtime.c
fn=localtime_r
29 4 2 1 0 0 0 4 0 0
30 8 0 0 2 0 0 0 0 0
31 2 0 0 4 0 0 0 0 0
fl=./time/./time/offtime.c
fn=__offtime
30 8 0 0 0 0 0 12 0 0
34 14 1 1 0 0 0 0 0 0
35 6 0 0 0 0 0 0 0 0
37 4 0 0 0 0 0 0 0 0
42 6 1 1 0 0 0 0 0 0
47 16 2 2 0 0 0 2 0 0
48 10 0 0 0 0 0 0 0 0
49 12 1 1 0 0 0 2 0 0
50 12 1 1 0 0 0 2 0 0
52 26 0 0 0 0 0 2 0 0
54 4 0 0 0 0 0 0 0 0
55 6 0 0 0 0 0 0 0 0
60 56 1 1 0 0 0 0 0 0
63 32 1 1 0 0 0 0 0 0
66 6 0 0 0 0 0 0 0 0
67 89 3 3 0 0 0 0 0 0
68 83 1 1 0 0 0 0 0 0
69 3 0 0 0 0 0 0 0 0
71 4 0 0 0 0 0 2 0 0
72 6 0 0 0 0 0 0 0 0
78 2 0 0 0 0 0 2 0 0
79 14 0 0 0 0 0 0 0 0
80 33 1 1 7 1 1 0 0 0
82 2 0 0 0 0 0 0 0 0
83 2 0 0 0 0 0 4 0 0
84 2 0 0 0 0 0 0 0 0
85 2 0 0 0 0 0 0 0 0
86 16 2 2 12 0 0 0 0 0
fl=./time/./time/tzfile.c
fn=__tzfile_compute
586 16 1 1 0 0 0 14 0 0
589 2 0 0 0 0 0 0 0 0
591 8 0 0 2 0 0 8 0 0
592 2 1 1 0 0 0 4 0 0
594 16 1 1 6 0 0 0 0 0
624 8 0 0 2 0 0 0 0 0
660 2 0 0 0 0 0 0 0 0
661 2 0 0 0 0 0 0 0 0
668 16 1 1 0 0 0 0 0 0
669 4 0 0 0 0 0 0 0 0
671 4 0 0 0 0 0 0 0 0
672 8 0 0 2 0 0 0 0 0
674 12 1 1 2 0 0 0 0 0
677 8 1 1 2 0 0 0 0 0
681 2 0 0 0 0 0 0 0 0
711 2 0 0 2 0 0 0 0 0
712 28 3 3 12 0 0 4 0 0
714 6 1 1 2 0 0 0 0 0
717 6 0 0 4 0 0 0 0 0
718 2 0 0 2 0 0 0 0 0
720 4 0 0 2 0 0 0 0 0
722 8 1 1 2 0 0 2 0 0
724 14 0 0 6 0 0 4 0 0
731 4 0 0 2 0 0 0 0 0
734 4 0 0 8 0 0 0 0 0
737 8 0 0 4 0 0 0 0 0
738 10 0 0 4 0 0 2 0 0
739 10 1 1 4 0 0 2 0 0
741 2 0 0 0 0 0 0 0 0
748 4 0 0 2 0 0 0 0 0
751 6 0 0 4 0 0 2 1 0
752 18 1 1 6 0 0 0 0 0
753 4 0 0 2 0 0 4 0 0
754 8 0 0 10 0 0 0 0 0
758 4 0 0 0 0 0 2 1 0
759 4 0 0 0 0 0 2 0 0
762 2 0 0 0 0 0 0 0 0
764 4 0 0 0 0 0 0 0 0
766 2 0 0 4 0 0 0 0 0
783 8 0 0 12 0 0 0 0 0
fn=__tzfile_read
107 13 2 2 2 0 0 9 0 0
114 2 0 0 1 0 0 0 0 0
116 1 0 0 0 0 0 1 0 0
121 1 0 0 0 0 0 1 0 0
123 1 0 0 0 0 0 0 0 0
126 3 0 0 1 0 0 0 0 0
135 4 1 1 2 2 2 0 0 0
136 1 0 0 0 0 0 0 0 0
145 1 1 1 0 0 0 0 0 0
159 1 1 1 0 0 0 0 0 0
167 5 0 0 0 0 0 0 0 0
168 1 0 0 0 0 0 0 0 0
172 4 0 0 0 0 0 0 0 0
175 5 1 1 1 1 1 4 0 0
176 1 0 0 0 0 0 1 0 0
179 1 0 0 0 0 0 2 0 0
180 2 1 1 2 0 0 1 0 0
181 2 0 0 1 0 0 1 0 0
184 5 0 0 1 0 0 1 0 0
187 16 0 0 2 0 0 0 0 0
189 8 1 1 2 0 0 0 0 0
192 2 0 0 0 0 0 0 0 0
193 4 0 0 0 0 0 4 0 0
194 2 0 0 0 0 0 0 0 0
195 4 0 0 0 0 0 2 0 0
196 2 0 0 0 0 0 0 0 0
197 2 0 0 0 0 0 0 0 0
199 8 1 1 0 0 0 0 0 0
202 6 2 2 1 0 0 0 0 0
208 5 0 0 0 0 0 0 0 0
209 2 0 0 0 0 0 0 0 0
214 8 0 0 1 0 0 1 0 0
225 3 0 0 1 0 0 0 0 0
226 4 0 0 0 0 0 0 0 0
227 1 0 0 0 0 0 0 0 0
228 3 1 1 2 0 0 0 0 0
229 1 0 0 0 0 0 0 0 0
231 1 0 0 0 0 0 0 0 0
234 7 0 0 1 0 0 0 0 0
235 3 0 0 0 0 0 0 0 0
237 1 0 0 0 0 0 0 0 0
238 2 1 1 0 0 0 0 0 0
241 5 0 0 0 0 0 0 0 0
243 1 0 0 0 0 0 0 0 0
244 5 0 0 0 0 0 1 0 0
274 4 1 1 0 0 0 1 0 0
276 2 0 0 0 0 0 0 0 0
280 5 0 0 0 0 0 1 0 0
281 1 0 0 0 0 0 0 0 0
283 1 0 0 0 0 0 2 0 0
288 5 1 1 0 0 0 0 0 0
289 8 0 0 1 0 0 1 0 0
290 7 0 0 1 0 0 1 0 0
291 7 1 1 1 0 0 1 0 0
292 6 0 0 0 0 0 1 0 0
293 4 1 1 1 0 0 0 0 0
294 8 1 1 0 0 0 1 1 1
297 1 0 0 0 0 0 0 0 0
299 2 0 0 1 0 0 0 0 0
302 10 1 1 4 0 0 0 0 0
305 7 0 0 2 0 0 0 0 0
311 712 0 0 1 0 0 0 0 0
312 708 1 1 236 0 0 0 0 0
315 5 1 1 1 0 0 0 0 0
323 2 0 0 1 0 0 0 0 0
329 472 0 0 0 0 0 0 0 0
330 236 0 0 0 0 0 236 0 0
333 25 1 1 7 0 0 0 0 0
337 42 1 1 6 0 0 0 0 0
342 12 0 0 0 0 0 0 0 0
344 28 0 0 6 0 0 7 0 0
346 12 0 0 0 0 0 0 0 0
349 18 0 0 6 0 0 6 0 0
350 6 0 0 0 0 0 6 0 0
353 8 0 0 1 0 0 0 0 0
356 2 0 0 1 0 0 0 0 0
372 20 1 1 0 0 0 0 0 0
377 31 1 1 6 0 0 6 0 0
379 4 1 1 1 0 0 0 0 0
380 3 0 0 1 0 0 0 0 0
382 16 1 1 0 0 0 0 0 0
387 37 0 0 6 0 0 6 0 0
389 4 1 1 1 0 0 0 0 0
390 3 1 1 1 0 0 0 0 0
393 3 0 0 1 0 0 0 0 0
395 1 0 0 0 0 0 0 0 0
397 2 1 1 0 0 0 0 0 0
398 9 1 1 1 0 0 0 0 0
402 2 0 0 1 0 0 1 0 0
406 3 1 1 1 0 0 0 0 0
409 2 0 0 0 0 0 0 0 0
412 30 1 1 7 0 0 0 0 0
413 42 0 0 18 0 0 0 0 0
419 3 0 0 1 0 0 2 0 0
421 4 0 0 1 0 0 0 0 0
423 4 0 0 4 0 0 0 0 0
424 7 1 1 4 0 0 0 0 0
426 6 0 0 4 0 0 0 0 0
430 10 0 0 4 0 0 2 0 0
432 7 0 0 2 0 0 0 0 0
436 2 0 0 1 0 0 0 0 0
443 2 0 0 1 0 0 0 0 0
444 2 1 1 0 0 0 0 0 0
446 2 0 0 0 0 0 1 0 0
447 2 1 1 1 0 0 0 0 0
449 1 0 0 1 0 0 0 0 0
452 1 0 0 0 0 0 1 0 0
456 2 0 0 0 0 0 0 0 0
458 10 2 2 3 0 0 0 0 0
460 3 0 0 1 0 0 1 0 0
461 5 0 0 1 0 0 0 0 0
465 1 0 0 0 0 0 0 0 0
470 12 1 1 0 0 0 1 0 0
471 4 0 0 2 0 0 0 0 0
474 5 0 0 2 1 1 1 0 0
475 8 0 0 6 0 0 1 0 0
478 2 0 0 0 0 0 1 0 0
479 2 1 1 1 0 0 0 0 0
480 1 0 0 0 0 0 0 0 0
488 13 0 0 11 0 0 0 0 0
fl=./time/./time/tzset.c
fn=__tz_convert
568 28 3 2 4 0 0 16 0 0
572 14 0 0 0 0 0 0 0 0
577 12 0 0 0 0 0 0 0 0
579 6 2 1 2 0 0 0 0 0
580 14 0 0 0 0 0 0 0 0
592 14 0 0 0 0 0 0 0 0
594 2 1 1 0 0 0 0 0 0
596 2 0 0 0 0 0 0 0 0
603 14 0 0 4 0 0 0 0 0
604 8 0 0 4 0 0 2 0 0
610 28 1 1 20 1 0 0 0 0
fn=__tzstring
120 48 1 1 0 0 0 36 0 0
121 48 0 0 0 0 0 0 0 0
122 24 0 0 36 0 0 0 0 0
fn=__tzstring_len
83 84 2 2 0 0 0 96 0 0
89 78 1 1 33 0 0 0 0 0
90 84 0 0 28 0 0 0 0 0
92 106 0 0 0 0 0 0 0 0
93 140 0 0 0 0 0 0 0 0
98 20 1 1 0 0 0 0 0 0
99 5 0 0 0 0 0 0 0 0
103 5 0 0 0 0 0 10 0 0
104 5 0 0 0 0 0 0 0 0
105 10 0 0 0 0 0 5 0 0
108 4 0 0 0 0 0 4 0 0
110 1 0 0 0 0 0 1 0 0
113 72 1 1 96 0 0 0 0 0
fn=tzset_internal
368 8 2 2 0 0 0 12 0 0
372 16 0 0 2 0 0 0 0 0
374 2 0 0 0 0 0 1 0 0
377 4 0 0 0 0 0 0 0 0
378 1 0 0 0 0 0 0 0 0
397 1 0 0 0 0 0 1 1 1
398 1 0 0 0 0 0 1 1 1
401 2 1 1 1 0 0 0 0 0
402 6 0 0 0 0 0 1 0 0
405 4 1 1 0 0 0 0 0 0
406 3 0 0 1 0 0 0 0 0
424 8 2 2 12 1 0 0 0 0
fl=./wcsmbs/./wcsmbs/btowc.c
fn=btowc
32 2560 1 1 512 0 0 1280 0 0
37 1280 0 0 0 0 0 0 0 0
42 512 1 1 0 0 0 0 0 0
46 640 1 1 384 1 1 0 0 0
47 256 0 0 256 2 2 0 0 0
48 256 0 0 128 1 1 0 0 0
52 512 1 1 128 0 0 0 0 0
55 1920 1 1 640 0 0 0 0 0
94 1792 0 0 1408 0 0 0 0 0
fl=./wcsmbs/./wcsmbs/mbsrtowcs.c
fn=mbsrtowcs
27 2884 1312 425 0 0 0 2884 0 0
28 12978 0 0 2884 0 0 0 0 0
29 1442 0 0 2884 0 0 0 0 0
fl=./wcsmbs/./wcsmbs/mbsrtowcs_l.c
fn=__mbsrtowcs_l
41 23072 656 210 2884 0 0 17304 0 0
51 2884 0 0 0 0 0 1442 370 10
52 4326 656 210 1442 3 2 1442 5 0
53 1442 0 0 0 0 0 1442 0 0
56 1442 0 0 1442 540 207 0 0 0
59 1442 0 0 1442 651 206 0 0 0
60 1442 0 0 1442 1 0 0 0 0
61 2884 0 0 1442 436 198 0 0 0
65 1442 0 0 0 0 0 0 0 0
69 2099 0 0 1442 0 0 657 378 3
70 5256 1311 418 0 0 0 0 0 0
72 1971 0 0 1314 0 0 657 0 0
73 1314 0 0 0 0 0 657 0 0
75 657 0 0 0 0 0 0 0 0
76 1314 0 0 0 0 0 657 0 0
79 657 0 0 0 0 0 657 0 0
81 7227 656 206 0 0 0 0 0 0
84 1971 0 0 657 0 0 0 0 0
86 1314 0 0 0 0 0 0 0 0
88 1314 655 207 0 0 0 0 0 0
91 1314 0 0 657 0 0 0 0 0
93 657 0 0 0 0 0 0 0 0
101 785 0 0 0 0 0 785 0 0
105 1570 0 0 0 0 0 1570 0 0
109 3140 656 211 0 0 0 0 0 0
113 3140 0 0 0 0 0 0 0 0
115 8635 655 212 0 0 0 0 0 0
117 1570 656 208 0 0 0 0 0 0
118 785 0 0 0 0 0 0 0 0
120 2355 0 0 785 0 0 0 0 0
122 1314 0 0 657 0 0 0 0 0
125 785 0 0 785 0 0 0 0 0
129 785 0 0 0 0 0 785 0 0
131 2355 0 0 0 0 0 0 0 0
135 1570 0 0 0 0 0 0 0 0
136 1971 0 0 657 0 0 0 0 0
138 657 0 0 0 0 0 0 0 0
139 1971 0 0 1314 0 0 0 0 0
140 657 0 0 0 0 0 657 0 0
141 1314 0 0 0 0 0 0 0 0
147 384 1 1 0 0 0 0 0 0
153 256 1 1 0 0 0 0 0 0
155 128 0 0 0 0 0 0 0 0
156 640 0 0 128 0 0 128 0 0
159 128 0 0 0 0 0 0 0 0
160 23072 656 209 20188 0 0 0 0 0
fl=./wcsmbs/./wcsmbs/wcschr.c
fn=wcschr
28 16 2 2 0 0 0 16 0 0
43 784 0 0 160 0 0 0 0 0
46 16 0 0 16 0 0 0 0 0
fl=./wcsmbs/./wcsmbs/wcscmp.c
fn=wcscmp
29 2964 36 8 0 0 0 1482 1 0
34 6629 0 0 6629 43 10 0 0 0
35 6629 0 0 6629 92 18 0 0 0
36 6629 0 0 0 0 0 0 0 0
37 368 0 0 0 0 0 0 0 0
39 19151 36 8 0 0 0 0 0 0
41 746 0 0 0 0 0 0 0 0
42 1482 0 0 1482 0 0 0 0 0
fl=./wcsmbs/./wcsmbs/wcscpy.c
fn=wcscpy
29 250 23 2 0 0 0 200 0 0
31 350 0 0 0 0 0 0 0 0
49 100 22 2 200 0 0 0 0 0
fl=./wcsmbs/./wcsmbs/wcslen.c
fn=wcslen
27 1083 66 12 0 0 0 722 1 1
28 722 0 0 0 0 0 0 0 0
30 4219 0 0 1929 103 44 0 0 0
32 3736 61 12 1826 0 0 0 0 0
34 3906 0 0 1742 2 2 0 0 0
36 3836 0 0 1681 0 0 0 0 0
38 1568 0 0 0 0 0 0 0 0
42 722 0 0 722 0 0 0 0 0
fl=./wcsmbs/./wcsmbs/wcsmbsload.c
fn=__wcsmbs_load_conv
91 18 2 2 0 0 0 0 0 0
111 4 0 0 0 0 0 0 0 0
115 2 0 0 4 0 0 0 0 0
119 2 0 0 0 0 0 4 0 0
152 13 1 1 2 0 0 10 0 0
153 1 0 0 1 0 0 0 0 0
156 3 1 1 0 0 0 0 0 0
160 2 0 0 1 0 0 0 0 0
169 4 0 0 0 0 0 0 0 0
170 1 0 0 0 0 0 0 0 0
174 1 0 0 1 1 1 0 0 0
181 90 5 5 18 6 6 9 0 0
189 1 0 0 0 0 0 0 0 0
196 1 0 0 0 0 0 0 0 0
207 1 0 0 0 0 0 1 0 0
210 2 0 0 0 0 0 0 0 0
211 14 1 1 12 0 0 0 0 0
fl=./wcsmbs/./wcsmbs/wcsmbsload.h
fn=__mbsrtowcs_l
69 1442 0 0 1442 346 208 0 0 0
70 2884 0 0 1442 270 207 0 0 0
fl=./wcsmbs/./wcsmbs/wcsncpy.c
fn=wcsncpy
27 21 3 3 0 0 0 18 0 0
28 12 0 0 0 0 0 0 0 0
29 6 0 0 0 0 0 0 0 0
30 12 0 0 0 0 0 0 0 0
31 12 0 0 0 0 0 0 0 0
32 9 0 0 18 3 0 0 0 0
fl=./wcsmbs/./wcsmbs/wcsnlen.c
fn=wcsnlen
27 40 8 3 0 0 0 32 3 0
28 24 0 0 0 0 0 0 0 0
30 24 8 3 0 0 0 0 0 0
32 32 0 0 32 0 0 0 0 0
fl=./wcsmbs/./wcsmbs/wcsrchr.c
fn=wcsrchr
28 6 2 1 0 0 0 4 0 0
29 2 0 0 0 0 0 0 0 0
43 300 0 0 60 2 0 0 0 0
46 4 0 0 4 0 0 0 0 0
fl=./wcsmbs/./wcsmbs/wcsrtombs.c
fn=wcsrtombs
38 80 10 2 10 0 0 65 0 0
47 10 0 0 0 0 0 5 1 0
48 15 0 0 5 2 1 5 0 0
49 25 5 1 0 0 0 5 0 0
52 25 0 0 15 6 2 0 0 0
55 5 0 0 5 4 0 0 0 0
56 5 5 1 5 2 0 0 0 0
57 10 0 0 5 1 0 0 0 0
61 5 0 0 0 0 0 0 0 0
65 5 0 0 5 1 0 0 0 0
101 25 0 0 0 0 0 0 0 0
105 10 0 0 0 0 0 10 0 0
107 60 5 1 0 0 0 0 0 0
112 10 0 0 5 0 0 0 0 0
116 10 0 0 0 0 0 0 0 0
117 10 5 1 5 0 0 0 0 0
119 10 0 0 0 0 0 0 0 0
120 15 0 0 10 0 0 0 0 0
121 5 0 0 0 0 0 5 0 0
122 10 0 0 0 0 0 0 0 0
141 75 5 1 75 0 0 0 0 0
fl=./wcsmbs/./wcsmbs/wctob.c
fn=wctob
30 1280 2 2 256 2 0 640 0 0
39 256 0 0 0 0 0 0 0 0
44 256 0 0 0 0 0 0 0 0
45 128 0 0 0 0 0 0 0 0
79 1408 1 1 896 0 0 0 0 0
fl=./wcsmbs/./wcsmbs/wmemchr.c
fn=wmemchr
26 24 7 3 0 0 0 16 0 0
28 42 0 0 0 0 0 0 0 0
30 63 8 3 21 2 1 0 0 0
31 1 0 0 0 0 0 0 0 0
32 60 0 0 20 0 0 0 0 0
34 60 0 0 20 0 0 0 0 0
35 7 7 2 0 0 0 0 0 0
36 39 0 0 13 0 0 0 0 0
38 13 0 0 0 0 0 0 0 0
39 21 0 0 0 0 0 0 0 0
61 16 1 1 16 0 0 0 0 0
fl=./wcsmbs/./wcsmbs/wmemcpy.c
fn=wmemcpy
24 106 18 4 0 0 0 106 0 0
25 106 0 0 0 0 0 0 0 0
26 53 0 0 106 0 0 0 0 0
fl=./wcsmbs/./wcsmbs/wmemset.c
fn=wmemset
26 6 3 3 0 0 0 6 0 0
27 3 0 0 0 0 0 0 0 0
29 6138 3 3 0 0 0 0 0 0
32 3057 0 0 0 0 0 6114 257 219
34 3057 0 0 0 0 0 6114 508 451
35 3057 0 0 0 0 0 0 0 0
36 3057 0 0 0 0 0 0 0 0
39 3 0 0 0 0 0 0 0 0
41 2 0 0 0 0 0 2 1 0
43 4 0 0 0 0 0 0 0 0
45 2 0 0 0 0 0 2 0 0
47 4 0 0 0 0 0 0 0 0
48 1 0 0 0 0 0 1 0 0
53 6 0 0 6 3 0 0 0 0
fl=./wcsmbs/./wcsmbsload.h
fn=btowc
69 256 0 0 128 1 1 128 0 0
70 256 0 0 128 1 1 0 0 0
fn=wcsrtombs
69 5 0 0 5 5 1 0 0 0
70 10 0 0 5 2 0 0 0 0
71 2 1 1 0 0 0 0 0 0
72 2 0 0 1 0 0 0 0 0
fl=./wctype/./wctype/wctype_l.c
fn=wctype_l
26 70 1 1 0 0 0 80 0 0
29 20 0 0 0 0 0 0 0 0
32 20 0 0 20 1 1 0 0 0
33 68 0 0 0 0 0 0 0 0
35 174 1 1 0 0 0 0 0 0
37 361 0 0 0 0 0 0 0 0
40 96 0 0 0 0 0 0 0 0
41 96 0 0 48 0 0 0 0 0
45 20 0 0 10 1 1 0 0 0
46 20 1 1 10 2 2 0 0 0
47 50 0 0 80 0 0 0 0 0
fl=???
fn=(below main)
0 14 1 1 1 0 0 0 0 0
fn=???
0 1141199149 43974621 5500675 313634531 19345997 7418953 180765569 3066433 630912
fn=ASN1_OBJECT_free
0 2840 97 2 710 18 0 568 0 0
fn=ASN1_add_oid_module
0 12 2 2 2 0 0 2 0 0
fn=ASN1_add_stable_module
0 12 2 2 2 0 0 2 0 0
fn=BIO_clear_flags
0 12 1 1 3 0 0 3 0 0
fn=BIO_ctrl
0 43 5 5 12 0 0 6 0 0
fn=BIO_free
0 51 6 5 8 1 0 3 0 0
fn=BIO_gets
0 26583 748 7 7429 7 0 3127 0 0
fn=BIO_meth_new
0 34 3 3 7 0 0 9 0 0
fn=BIO_meth_set_create
0 11 2 2 2 0 0 3 0 0
fn=BIO_meth_set_ctrl
0 11 1 1 2 0 0 3 0 0
fn=BIO_meth_set_destroy
0 11 1 1 2 0 0 3 0 0
fn=BIO_meth_set_gets
0 11 1 1 2 0 0 3 0 0
fn=BIO_meth_set_puts
0 11 1 1 2 0 0 3 0 0
fn=BIO_meth_set_read_ex
0 11 2 2 2 0 0 4 0 0
fn=BIO_meth_set_write_ex
0 11 2 2 2 0 0 4 0 0
fn=BIO_new
0 8 2 2 2 0 0 2 0 0
fn=BIO_new_ex
0 49 4 4 9 1 1 12 0 0
fn=BIO_new_file
0 39 3 3 6 0 0 6 0 0
fn=BIO_s_file
0 8 1 1 2 0 0 2 0 0
fn=BIO_snprintf
0 76618 574 5 11889 0 0 30383 0 0
fn=BIO_vsnprintf
0 60766 387 4 14531 0 0 9247 3 0
fn=BN_free
0 1600 149 3 0 0 0 0 0 0
fn=BUF_MEM_free
0 22 3 3 7 0 0 4 0 0
fn=BUF_MEM_grow
0 15490 363 4 3410 0 0 3118 0 0
fn=BUF_MEM_grow_clean
0 586 24 5 133 0 0 100 0 0
fn=BUF_MEM_new
0 3066 47 2 584 0 0 584 0 0
fn=CONF_get1_default_config_file
0 42 4 3 5 0 0 5 0 0
fn=CONF_imodule_get_value
0 7 1 1 3 0 0 2 0 0
fn=CONF_module_add
0 147 2 2 14 0 0 14 0 0
fn=CONF_modules_load
0 243 18 15 51 3 0 22 0 0
fn=CONF_modules_load_file_ex
0 66 12 8 9 1 1 8 0 0
fn=CONF_modules_unload
0 225 6 6 55 9 9 9 0 0
fn=CRYPTO_THREAD_cleanup_local
0 48 2 1 12 0 0 8 0 0
fn=CRYPTO_THREAD_get_local
0 1085 52 4 465 35 3 310 0 0
fn=CRYPTO_THREAD_init_local
0 48 1 1 8 0 0 8 0 0
fn=CRYPTO_THREAD_lock_free
0 768 2 2 138 0 0 138 0 0
fn=CRYPTO_THREAD_lock_new
0 1440 56 3 240 0 0 240 1 0
fn=CRYPTO_THREAD_read_lock
0 13651 30 5 2482 0 0 2482 0 0
fn=CRYPTO_THREAD_run_once
0 13992 38 8 2332 0 0 2332 30 0
fn=CRYPTO_THREAD_set_local
0 78 2 2 18 0 0 12 0 0
fn=CRYPTO_THREAD_unlock
0 30151 12 2 5482 0 0 5482 0 0
fn=CRYPTO_THREAD_write_lock
0 16500 6 6 3000 0 0 3000 0 0
fn=CRYPTO_atomic_load
0 583 59 5 159 0 0 159 1 0
fn=CRYPTO_atomic_or
0 84 6 2 16 0 0 20 0 0
fn=CRYPTO_clear_free
0 260 26 4 65 0 0 65 0 0
fn=CRYPTO_free
0 66443 206 5 20444 62 2 10222 0 0
fn=CRYPTO_free_ex_data
0 384 18 16 113 14 2 59 0 0
fn=CRYPTO_get_ex_data
0 4148 77 8 1464 2 0 976 0 0
fn=CRYPTO_malloc
0 94545 111 9 24880 100 4 9953 0 0
fn=CRYPTO_new_ex_data
0 22 4 1 4 0 0 4 0 0
fn=CRYPTO_realloc
0 2550 40 4 376 26 3 0 0 0
fn=CRYPTO_secure_malloc_done
0 22 3 3 5 1 0 5 0 0
fn=CRYPTO_set_ex_data
0 232 20 11 55 0 0 37 0 0
fn=CRYPTO_strdup
0 3724 257 3 665 0 0 665 0 0
fn=CRYPTO_strndup
0 34816 78 4 6528 0 0 7616 0 0
fn=CRYPTO_zalloc
0 16460 45 6 3292 0 0 3292 0 0
fn=CountVisitor::CountVisitor()
0 27710 5542 1946 5542 5542 5357 11084 0 0
fn=CountVisitor::visitData(SpatialIndex::IData const&)
0 824 0 0 206 0 0 206 0 0
fn=CountVisitor::visitNode(SpatialIndex::INode const&)
0 5357 5357 5296 0 0 0 0 0 0
fn=CountVisitor::~CountVisitor()
0 55420 185 61 16626 0 0 16626 0 0
fn=DSO_free
0 56 2 2 0 0 0 0 0 0
fn=DataStream::DataStream(int (*)(long*, double**, double**, unsigned int*, unsigned char const**, unsigned long*))
0 14 2 2 2 2 2 8 1 0
fn=DataStream::getNext()
0 44 10 4 16 6 0 16 0 0
fn=DataStream::hasNext()
0 32 6 2 8 0 0 0 0 0
fn=DataStream::readData()
0 212 24 14 64 10 1 64 9 2
fn=DataStream::~DataStream()
0 34 6 2 10 2 0 8 2 2
fn=ENGINE_add
0 51 7 7 14 0 0 11 0 0
fn=ENGINE_add_conf_module
0 12 1 1 2 0 0 2 0 0
fn=ENGINE_finish
0 360 24 2 96 0 0 96 0 0
fn=ENGINE_free
0 14 2 1 4 0 0 4 0 0
fn=ENGINE_get_digest_engine
0 144 24 4 24 0 0 24 0 0
fn=ENGINE_get_first
0 37 3 3 12 0 0 4 0 0
fn=ENGINE_get_next
0 28 3 3 9 0 0 5 0 0
fn=ENGINE_load_builtin_engines
0 8 1 1 2 0 0 2 0 0
fn=ENGINE_new
0 42 3 3 9 2 2 6 0 0
fn=ENGINE_register_DH
0 16 2 2 3 0 0 2 0 0
fn=ENGINE_register_DSA
0 16 2 2 3 0 0 2 0 0
fn=ENGINE_register_EC
0 16 2 2 3 0 0 2 0 0
fn=ENGINE_register_RAND
0 16 2 2 3 0 0 2 0 0
fn=ENGINE_register_RSA
0 16 2 2 3 0 0 2 0 0
fn=ENGINE_register_all_complete
0 23 2 2 4 0 0 3 0 0
fn=ENGINE_register_ciphers
0 30 3 3 8 0 0 3 0 0
fn=ENGINE_register_complete
0 29 2 2 3 0 0 3 0 0
fn=ENGINE_register_digests
0 30 3 3 8 0 0 3 0 0
fn=ENGINE_register_pkey_asn1_meths
0 30 3 3 8 0 0 3 0 0
fn=ENGINE_register_pkey_meths
0 30 3 3 8 0 0 3 0 0
fn=ENGINE_remove
0 51 5 5 12 2 2 6 0 0
fn=ENGINE_set_cmd_defns
0 11 0 0 2 0 0 3 0 0
fn=ENGINE_set_ctrl_function
0 11 1 1 2 0 0 3 0 0
fn=ENGINE_set_finish_function
0 11 1 1 2 0 0 3 0 0
fn=ENGINE_set_flags
0 11 1 1 2 0 0 3 0 0
fn=ENGINE_set_id
0 10 1 1 0 0 0 1 0 0
fn=ENGINE_set_init_function
0 11 1 1 2 0 0 3 0 0
fn=ENGINE_set_name
0 10 1 1 0 0 0 1 0 0
fn=ERR_get_next_error_library
0 31 4 4 8 1 0 5 0 0
fn=ERR_load_strings_const
0 544 2 2 102 0 0 102 0 0
fn=ERR_pop_to_mark
0 150 15 4 36 1 0 24 0 0
fn=ERR_reason_error_string
0 2278 6 6 578 0 0 272 0 0
fn=ERR_set_mark
0 114 7 2 24 3 1 12 0 0
fn=EVP_CIPHER_get_nid
0 1162 3 1 498 157 1 332 0 0
fn=EVP_CIPHER_get_type
0 5594 344 6 664 0 0 664 0 0
fn=EVP_DigestInit_ex
0 96 24 2 24 0 0 24 0 0
fn=EVP_MD_CTX_clear_flags
0 168 24 4 36 0 0 36 0 0
fn=EVP_MD_CTX_free
0 192 24 4 36 0 0 36 0 0
fn=EVP_MD_CTX_new
0 120 12 2 24 0 0 24 0 0
fn=EVP_MD_CTX_reset
0 360 24 4 48 0 0 48 1 0
fn=EVP_MD_CTX_set_flags
0 156 12 2 36 0 0 36 0 0
fn=EVP_MD_CTX_test_flags
0 108 12 2 36 0 0 24 0 0
fn=EVP_MD_do_all_provided
0 15 1 1 2 0 0 2 0 0
fn=EVP_MD_fetch
0 180 24 2 24 0 0 24 0 0
fn=EVP_MD_free
0 1974 71 8 320 22 22 240 0 0
fn=EVP_MD_get_flags
0 84 24 2 36 0 0 24 0 0
fn=EVP_MD_get_type
0 840 26 2 360 82 15 240 0 0
fn=EVP_MD_up_ref
0 1120 56 3 210 11 11 140 0 0
fn=EVP_PBE_cleanup
0 18 2 2 4 1 1 4 0 0
fn=EVP_PKEY_CTX_free
0 96 36 6 0 0 0 0 0 0
fn=EVP_PKEY_asn1_get0
0 256 24 1 48 3 2 32 0 0
fn=EVP_PKEY_asn1_get0_info
0 432 18 3 96 16 16 96 0 0
fn=EVP_PKEY_asn1_get_count
0 9 2 2 1 1 1 0 0 0
fn=EVP_add_alg_module
0 11 2 2 2 0 0 2 0 0
fn=EVP_add_cipher
0 2804 4 3 660 132 132 396 0 0
fn=EVP_add_digest
0 726 3 3 178 21 21 84 0 0
fn=EVP_aes_128_cbc
0 8 0 0 2 0 0 2 0 0
fn=EVP_aes_128_cbc_hmac_sha1
0 7 0 0 2 0 0 2 0 0
fn=EVP_aes_128_cbc_hmac_sha256
0 7 0 0 2 0 0 2 0 0
fn=EVP_aes_128_ccm
0 9 1 1 2 0 0 2 0 0
fn=EVP_aes_128_cfb1
0 9 0 0 2 0 0 2 0 0
fn=EVP_aes_128_cfb128
0 9 2 1 2 0 0 2 0 0
fn=EVP_aes_128_cfb8
0 9 1 1 2 0 0 2 0 0
fn=EVP_aes_128_ctr
0 9 1 1 2 0 0 2 0 0
fn=EVP_aes_128_ecb
0 9 2 2 2 0 0 2 0 0
fn=EVP_aes_128_gcm
0 9 2 2 2 0 0 2 0 0
fn=EVP_aes_128_ocb
0 9 2 2 2 0 0 2 0 0
fn=EVP_aes_128_ofb
0 9 0 0 2 0 0 2 0 0
fn=EVP_aes_128_wrap
0 9 2 2 2 0 0 2 0 0
fn=EVP_aes_128_wrap_pad
0 9 2 2 2 0 0 2 0 0
fn=EVP_aes_128_xts
0 9 2 2 2 0 0 2 0 0
fn=EVP_aes_192_cbc
0 9 1 0 2 0 0 2 0 0
fn=EVP_aes_192_ccm
0 9 0 0 2 0 0 2 0 0
fn=EVP_aes_192_cfb1
0 9 1 1 2 0 0 2 0 0
fn=EVP_aes_192_cfb128
0 9 1 1 2 0 0 2 0 0
fn=EVP_aes_192_cfb8
0 9 1 0 2 0 0 2 0 0
fn=EVP_aes_192_ctr
0 9 1 1 2 0 0 2 0 0
fn=EVP_aes_192_ecb
0 9 2 1 2 0 0 2 0 0
fn=EVP_aes_192_gcm
0 9 0 0 2 0 0 2 0 0
fn=EVP_aes_192_ocb
0 9 0 0 2 0 0 2 0 0
fn=EVP_aes_192_ofb
0 9 0 0 2 0 0 2 0 0
fn=EVP_aes_192_wrap
0 9 0 0 2 0 0 2 0 0
fn=EVP_aes_192_wrap_pad
0 9 1 0 2 0 0 2 0 0
fn=EVP_aes_256_cbc
0 9 0 0 2 0 0 2 0 0
fn=EVP_aes_256_cbc_hmac_sha1
0 7 1 1 2 0 0 2 0 0
fn=EVP_aes_256_cbc_hmac_sha256
0 7 1 1 2 0 0 2 0 0
fn=EVP_aes_256_ccm
0 9 0 0 2 0 0 2 0 0
fn=EVP_aes_256_cfb1
0 9 1 1 2 0 0 2 0 0
fn=EVP_aes_256_cfb128
0 8 1 1 2 0 0 2 0 0
fn=EVP_aes_256_cfb8
0 9 0 0 2 0 0 2 0 0
fn=EVP_aes_256_ctr
0 9 0 0 2 0 0 2 0 0
fn=EVP_aes_256_ecb
0 9 1 1 2 0 0 2 0 0
fn=EVP_aes_256_gcm
0 9 0 0 2 0 0 2 0 0
fn=EVP_aes_256_ocb
0 9 1 1 2 0 0 2 0 0
fn=EVP_aes_256_ofb
0 9 0 0 2 0 0 2 0 0
fn=EVP_aes_256_wrap
0 9 0 0 2 0 0 2 0 0
fn=EVP_aes_256_wrap_pad
0 8 0 0 2 0 0 2 0 0
fn=EVP_aes_256_xts
0 9 0 0 2 0 0 2 0 0
fn=EVP_aria_128_cbc
0 8 1 1 2 0 0 2 0 0
fn=EVP_aria_128_ccm
0 9 2 2 2 0 0 2 0 0
fn=EVP_aria_128_cfb1
0 8 1 1 2 0 0 2 0 0
fn=EVP_aria_128_cfb128
0 9 0 0 2 0 0 2 0 0
fn=EVP_aria_128_cfb8
0 9 1 1 2 0 0 2 0 0
fn=EVP_aria_128_ctr
0 9 1 1 2 0 0 2 0 0
fn=EVP_aria_128_ecb
0 9 2 2 2 0 0 2 0 0
fn=EVP_aria_128_gcm
0 9 2 2 2 0 0 2 0 0
fn=EVP_aria_128_ofb
0 9 0 0 2 0 0 2 0 0
fn=EVP_aria_192_cbc
0 9 0 0 2 0 0 2 0 0
fn=EVP_aria_192_ccm
0 9 0 0 2 0 0 2 0 0
fn=EVP_aria_192_cfb1
0 9 2 1 2 0 0 2 0 0
fn=EVP_aria_192_cfb128
0 9 1 1 2 0 0 2 0 0
fn=EVP_aria_192_cfb8
0 9 1 1 2 0 0 2 0 0
fn=EVP_aria_192_ctr
0 9 0 0 2 0 0 2 0 0
fn=EVP_aria_192_ecb
0 9 1 1 2 0 0 2 0 0
fn=EVP_aria_192_gcm
0 9 1 0 2 0 0 2 0 0
fn=EVP_aria_192_ofb
0 9 0 0 2 0 0 2 0 0
fn=EVP_aria_256_cbc
0 9 1 1 2 0 0 2 0 0
fn=EVP_aria_256_ccm
0 9 1 1 2 0 0 2 0 0
fn=EVP_aria_256_cfb1
0 9 1 0 2 0 0 2 0 0
fn=EVP_aria_256_cfb128
0 9 0 0 2 0 0 2 0 0
fn=EVP_aria_256_cfb8
0 9 0 0 2 0 0 2 0 0
fn=EVP_aria_256_ctr
0 9 0 0 2 0 0 2 0 0
fn=EVP_aria_256_ecb
0 9 2 1 2 0 0 2 0 0
fn=EVP_aria_256_gcm
0 9 0 0 2 0 0 2 0 0
fn=EVP_aria_256_ofb
0 9 0 0 2 0 0 2 0 0
fn=EVP_bf_cbc
0 8 1 1 2 0 0 2 0 0
fn=EVP_bf_cfb64
0 9 1 1 2 0 0 2 0 0
fn=EVP_bf_ecb
0 9 2 2 2 0 0 2 0 0
fn=EVP_bf_ofb
0 9 0 0 2 0 0 2 0 0
fn=EVP_blake2b512
0 8 1 1 2 0 0 2 0 0
fn=EVP_blake2s256
0 9 2 1 2 0 0 2 0 0
fn=EVP_camellia_128_cbc
0 8 0 0 2 0 0 2 0 0
fn=EVP_camellia_128_cfb1
0 9 0 0 2 0 0 2 0 0
fn=EVP_camellia_128_cfb128
0 9 1 1 2 0 0 2 0 0
fn=EVP_camellia_128_cfb8
0 9 1 1 2 0 0 2 0 0
fn=EVP_camellia_128_ctr
0 9 0 0 2 0 0 2 0 0
fn=EVP_camellia_128_ecb
0 9 2 2 2 0 0 2 0 0
fn=EVP_camellia_128_ofb
0 9 0 0 2 0 0 2 0 0
fn=EVP_camellia_192_cbc
0 9 0 0 2 0 0 2 0 0
fn=EVP_camellia_192_cfb1
0 9 1 1 2 0 0 2 0 0
fn=EVP_camellia_192_cfb128
0 9 1 1 2 0 0 2 0 0
fn=EVP_camellia_192_cfb8
0 9 0 0 2 0 0 2 0 0
fn=EVP_camellia_192_ctr
0 9 0 0 2 0 0 2 0 0
fn=EVP_camellia_192_ecb
0 9 2 2 2 0 0 2 0 0
fn=EVP_camellia_192_ofb
0 9 0 0 2 0 0 2 0 0
fn=EVP_camellia_256_cbc
0 9 1 1 2 0 0 2 0 0
fn=EVP_camellia_256_cfb1
0 9 1 1 2 0 0 2 0 0
fn=EVP_camellia_256_cfb128
0 8 1 1 2 0 0 2 0 0
fn=EVP_camellia_256_cfb8
0 9 1 1 2 0 0 2 0 0
fn=EVP_camellia_256_ctr
0 9 0 0 2 0 0 2 0 0
fn=EVP_camellia_256_ecb
0 9 1 1 2 0 0 2 0 0
fn=EVP_camellia_256_ofb
0 9 0 0 2 0 0 2 0 0
fn=EVP_cast5_cbc
0 8 0 0 2 0 0 2 0 0
fn=EVP_cast5_cfb64
0 9 1 1 2 0 0 2 0 0
fn=EVP_cast5_ecb
0 9 2 2 2 0 0 2 0 0
fn=EVP_cast5_ofb
0 9 0 0 2 0 0 2 0 0
fn=EVP_chacha20
0 8 1 1 2 0 0 2 0 0
fn=EVP_chacha20_poly1305
0 8 1 1 2 0 0 2 0 0
fn=EVP_des_cbc
0 8 1 0 2 0 0 2 0 0
fn=EVP_des_cfb1
0 9 2 2 2 0 0 2 0 0
fn=EVP_des_cfb64
0 9 2 2 2 0 0 2 0 0
fn=EVP_des_cfb8
0 9 0 0 2 0 0 2 0 0
fn=EVP_des_ecb
0 9 0 0 2 0 0 2 0 0
fn=EVP_des_ede
0 9 0 0 2 0 0 2 0 0
fn=EVP_des_ede3
0 9 1 1 2 0 0 2 0 0
fn=EVP_des_ede3_cbc
0 9 1 1 2 0 0 2 0 0
fn=EVP_des_ede3_cfb1
0 9 1 1 2 0 0 2 0 0
fn=EVP_des_ede3_cfb64
0 9 1 1 2 0 0 2 0 0
fn=EVP_des_ede3_cfb8
0 9 1 1 2 0 0 2 0 0
fn=EVP_des_ede3_ofb
0 9 1 1 2 0 0 2 0 0
fn=EVP_des_ede3_wrap
0 9 1 1 2 0 0 2 0 0
fn=EVP_des_ede_cbc
0 8 0 0 2 0 0 2 0 0
fn=EVP_des_ede_cfb64
0 9 2 2 2 0 0 2 0 0
fn=EVP_des_ede_ofb
0 9 0 0 2 0 0 2 0 0
fn=EVP_des_ofb
0 9 1 0 2 0 0 2 0 0
fn=EVP_desx_cbc
0 8 1 1 2 0 0 2 0 0
fn=EVP_md4
0 8 1 1 2 0 0 2 0 0
fn=EVP_md5
0 8 1 1 2 0 0 2 0 0
fn=EVP_md5_sha1
0 8 2 2 2 0 0 2 0 0
fn=EVP_rc2_40_cbc
0 9 1 1 2 0 0 2 0 0
fn=EVP_rc2_64_cbc
0 9 0 0 2 0 0 2 0 0
fn=EVP_rc2_cbc
0 8 0 0 2 0 0 2 0 0
fn=EVP_rc2_cfb64
0 9 2 2 2 0 0 2 0 0
fn=EVP_rc2_ecb
0 9 1 1 2 0 0 2 0 0
fn=EVP_rc2_ofb
0 9 0 0 2 0 0 2 0 0
fn=EVP_rc4
0 8 2 2 2 0 0 2 0 0
fn=EVP_rc4_40
0 9 0 0 2 0 0 2 0 0
fn=EVP_rc4_hmac_md5
0 8 2 2 2 0 0 2 0 0
fn=EVP_ripemd160
0 8 1 1 2 0 0 2 0 0
fn=EVP_seed_cbc
0 8 0 0 2 0 0 2 0 0
fn=EVP_seed_cfb128
0 9 1 1 2 0 0 2 0 0
fn=EVP_seed_ecb
0 9 2 2 2 0 0 2 0 0
fn=EVP_seed_ofb
0 9 0 0 2 0 0 2 0 0
fn=EVP_sha1
0 8 1 1 2 0 0 2 0 0
fn=EVP_sha224
0 9 1 1 2 0 0 2 0 0
fn=EVP_sha256
0 9 1 1 2 0 0 2 0 0
fn=EVP_sha384
0 9 2 2 2 0 0 2 0 0
fn=EVP_sha3_224
0 9 1 1 2 0 0 2 0 0
fn=EVP_sha3_256
0 9 0 0 2 0 0 2 0 0
fn=EVP_sha3_384
0 9 1 1 2 0 0 2 0 0
fn=EVP_sha3_512
0 9 1 1 2 0 0 2 0 0
fn=EVP_sha512
0 9 0 0 2 0 0 2 0 0
fn=EVP_sha512_224
0 9 0 0 2 0 0 2 0 0
fn=EVP_sha512_256
0 9 0 0 2 0 0 2 0 0
fn=EVP_shake128
0 9 0 0 2 0 0 2 0 0
fn=EVP_shake256
0 9 1 1 2 0 0 2 0 0
fn=EVP_sm3
0 8 1 1 2 0 0 2 0 0
fn=EVP_sm4_cbc
0 8 2 2 2 0 0 2 0 0
fn=EVP_sm4_cfb128
0 9 0 0 2 0 0 2 0 0
fn=EVP_sm4_ctr
0 9 0 0 2 0 0 2 0 0
fn=EVP_sm4_ecb
0 9 2 2 2 0 0 2 0 0
fn=EVP_sm4_ofb
0 9 0 0 2 0 0 2 0 0
fn=EVP_whirlpool
0 8 1 1 2 0 0 2 0 0
fn=Error_GetErrorCount
0 9540 1590 1429 3180 1588 427 1590 0 0
fn=GetDefaults()
0 6660 497 267 1002 180 100 1326 22 14
fn=Index::CreateIndex()
0 119 12 11 24 2 0 26 0 0
fn=Index::CreateIndexBuffer(SpatialIndex::IStorageManager&)
0 36 3 3 15 0 0 12 0 0
fn=Index::CreateStorage()
0 309 36 36 66 6 4 57 7 1
fn=Index::GetIndexStorage()
0 456 12 12 96 3 2 96 0 0
fn=Index::GetIndexType()
0 59 4 4 12 1 0 12 0 0
fn=Index::GetResultSetLimit()
0 176 88 88 88 88 88 0 0 0
fn=Index::GetResultSetOffset()
0 176 88 88 88 0 0 0 0 0
fn=Index::Index(Tools::PropertySet const&)
0 60 4 3 16 3 0 14 1 0
fn=Index::Index(Tools::PropertySet const&, int (*)(long*, double**, double**, unsigned int*, unsigned char const**, unsigned long*))
0 52 10 10 18 6 4 14 2 2
fn=Index::Index(Tools::PropertySet const&, std::unique_ptr<SpatialIndex::IDataStream, std::default_delete<SpatialIndex::IDataStream> >)
0 444 32 32 92 14 11 96 7 5
fn=Index::Initialize()
0 16 2 1 3 1 0 6 1 0
fn=Index::Setup()
0 15 3 3 0 0 0 9 0 0
fn=Index::~Index()
0 69 6 4 36 16 10 9 0 0
fn=IndexItem_GetData
0 23695 2031 413 6770 1354 604 5416 1414 2
fn=IndexProperty_Create
0 66 12 6 18 0 0 18 0 0
fn=IndexProperty_Destroy
0 30 6 5 12 11 8 0 0 0
fn=IndexProperty_GetIndexCapacity
0 354 30 15 72 18 0 72 2 1
fn=IndexProperty_GetIndexType
0 177 15 15 36 9 0 36 2 0
fn=IndexProperty_GetLeafCapacity
0 354 36 18 72 18 0 72 3 0
fn=IndexProperty_GetNearMinimumOverlapFactor
0 354 30 14 78 17 0 78 3 1
fn=IndexProperty_SetDimension
0 183 18 18 36 5 0 42 3 0
fn=IndexProperty_SetIndexStorage
0 183 18 18 33 6 1 39 0 0
fn=Index_Create
0 14 3 1 4 0 0 4 0 0
fn=Index_CreateWithStream
0 32 6 6 8 0 0 8 1 0
fn=Index_Destroy
0 30 3 2 12 2 0 12 2 2
fn=Index_DestroyObjResults
0 7413 264 264 2559 782 329 528 35 0
fn=Index_Free
0 1358 679 127 0 0 0 0 0 0
fn=Index_InsertData
0 2484 180 180 720 312 114 324 2 0
fn=Index_Intersects_count
0 243848 16626 5878 88672 17180 6005 49878 9963 0
fn=Index_NearestNeighbors_obj
0 5280 440 358 1760 617 94 1056 93 0
fn=MD5_Init
0 20 2 2 3 1 1 8 0 0
fn=NCONF_default
0 8 1 1 2 0 0 2 0 0
fn=NCONF_free
0 10 1 1 4 1 0 2 0 0
fn=NCONF_get0_libctx
0 7 1 1 3 0 0 2 0 0
fn=NCONF_get_number_e
0 130 8 4 32 1 0 22 0 0
fn=NCONF_get_section
0 32 2 1 8 0 0 8 0 0
fn=NCONF_get_string
0 69 4 2 18 0 0 18 0 0
fn=NCONF_load
0 6 2 2 2 1 1 0 0 0
fn=NCONF_new_ex
0 23 2 2 5 1 1 5 0 0
fn=OBJ_NAME_add
0 23063 6 6 5835 8 0 5057 0 0
fn=OBJ_NAME_cleanup
0 124 4 4 42 1 1 31 0 0
fn=OBJ_NAME_do_all
0 80 7 3 16 0 0 12 0 0
fn=OBJ_NAME_get
0 19228 590 6 5556 102 3 3500 22 0
fn=OBJ_NAME_init
0 17043 211 4 3588 0 0 2691 1 0
fn=OBJ_NAME_remove
0 13320 5 5 3330 1 0 1998 1 0
fn=OBJ_get0_data
0 1136 109 1 426 10 1 284 0 0
fn=OBJ_nid2ln
0 16211 475 6 3770 4 0 1508 0 0
fn=OBJ_nid2obj
0 14406 632 3 3087 113 0 1372 0 0
fn=OBJ_nid2sn
0 15708 405 3 3740 249 150 1496 0 0
fn=OBJ_obj2txt
0 72404 962 15 5447 116 38 3212 0 0
fn=OBJ_sigid_free
0 22 2 2 6 0 0 6 0 0
fn=OPENSSL_LH_delete
0 19852 10 10 5819 1 0 3424 0 0
fn=OPENSSL_LH_doall
0 10510 5 5 3628 708 448 217 0 0
fn=OPENSSL_LH_doall_arg
0 59018 174 5 19815 5743 100 200 0 0
fn=OPENSSL_LH_error
0 3857 162 2 1653 0 0 1102 0 0
fn=OPENSSL_LH_flush
0 22498 8 7 4102 1369 586 1469 7 4
fn=OPENSSL_LH_free
0 617 4 3 145 1 0 116 0 0
fn=OPENSSL_LH_get_down_load
0 28 1 1 12 1 1 8 0 0
fn=OPENSSL_LH_insert
0 340088 741 19 98262 2150 4 61328 111 0
fn=OPENSSL_LH_new
0 1363 99 4 290 100 3 348 0 0
fn=OPENSSL_LH_num_items
0 176 2 1 66 0 0 44 0 0
fn=OPENSSL_LH_retrieve
0 43251 158 6 12776 100 14 3975 0 0
fn=OPENSSL_LH_set_down_load
0 72 3 2 16 0 0 24 0 0
fn=OPENSSL_LH_strhash
0 111678 189 9 8936 118 10 1448 0 0
fn=OPENSSL_cleanse
0 2639 26 5 0 0 0 618 7 2
fn=OPENSSL_cleanup
0 54 5 5 11 2 2 10 1 0
fn=OPENSSL_init_crypto
0 3118 128 26 829 15 4 477 0 0
fn=OPENSSL_load_builtin_modules
0 12 0 0 2 0 0 2 0 0
fn=OPENSSL_sk_deep_copy
0 35 4 3 8 0 0 13 1 0
fn=OPENSSL_sk_delete
0 256 3 3 56 0 0 40 0 0
fn=OPENSSL_sk_dup
0 520 52 10 156 16 2 117 4 1
fn=OPENSSL_sk_free
0 1708 22 5 415 0 0 332 0 0
fn=OPENSSL_sk_insert
0 6516 504 7 1448 0 0 1448 2 0
fn=OPENSSL_sk_new
0 98 14 2 28 0 0 28 0 0
fn=OPENSSL_sk_new_null
0 448 26 1 112 0 0 112 0 0
fn=OPENSSL_sk_new_reserve
0 1960 93 9 420 0 0 490 0 0
fn=OPENSSL_sk_num
0 3301 33 6 1231 84 14 824 0 0
fn=OPENSSL_sk_pop
0 45 6 4 12 1 1 8 0 0
fn=OPENSSL_sk_pop_free
0 1293 17 4 364 46 42 194 0 0
fn=OPENSSL_sk_push
0 1448 322 5 543 3 0 362 0 0
fn=OPENSSL_sk_set
0 288 8 4 84 0 0 60 0 0
fn=OPENSSL_sk_sort
0 338 26 5 78 0 0 52 0 0
fn=OPENSSL_sk_value
0 7664 17 3 2395 133 19 958 0 0
fn=OPENSSL_strcasecmp
0 167889 320 9 51192 70 12 8253 0 0
fn=OPENSSL_strlcpy
0 60472 140 3 9016 0 0 9016 0 0
fn=OPENSSL_strnlen
0 84499 67 4 16247 1 1 2182 0 0
fn=OPENSSL_thread_stop
0 29 3 3 5 1 1 4 0 0
fn=OSSL_CMP_log_close
0 8 1 1 2 0 0 2 0 0
fn=OSSL_LIB_CTX_get0_global_default
0 22 3 3 4 0 0 3 0 0
fn=OSSL_PARAM_construct_end
0 220 22 1 44 0 0 154 0 0
fn=OSSL_PARAM_construct_int
0 748 44 2 132 0 0 264 0 0
fn=OSSL_PARAM_construct_size_t
0 748 38 2 132 22 1 264 0 0
fn=OSSL_PARAM_locate
0 2772 42 3 572 0 0 352 0 0
fn=OSSL_PARAM_set_int
0 264 22 1 88 0 0 88 0 0
fn=OSSL_PARAM_set_int32
0 1320 66 3 220 0 0 264 0 0
fn=OSSL_PARAM_set_size_t
0 264 22 1 88 0 0 88 0 0
fn=OSSL_PARAM_set_uint64
0 1408 45 3 220 0 0 264 0 0
fn=OSSL_trace_set_channel
0 7 1 1 2 0 0 2 0 0
fn=ObjVisitor::ObjVisitor()
0 792 176 176 88 88 88 440 2 2
fn=ObjVisitor::visitData(SpatialIndex::IData const&)
0 20310 176 176 6770 794 176 4275 43 40
fn=ObjVisitor::visitNode(SpatialIndex::INode const&)
0 88 88 88 0 0 0 0 0 0
fn=ObjVisitor::~ObjVisitor()
0 9058 161 88 3676 410 0 704 0 0
fn=Page_ResultSet_Obj(ObjVisitor&, SpatialIndex_IData***, long, long, unsigned long*)
0 13912 440 440 4617 672 0 1821 251 50
fn=PyArg_ParseTuple
0 58174 5084 2071 8555 151 1 35931 1103 62
fn=PyArg_ParseTupleAndKeywords
0 404161 32486 3386 47550 677 3 225853 8357 38
fn=PyArg_UnpackTuple
0 1459726 88811 21172 227115 3941 0 675144 7588 1801
fn=PyArg_ValidateKeywordArguments
0 208 32 24 64 0 0 32 0 0
fn=PyBool_FromLong
0 3558676 141062 679 647032 0 0 647032 796 197
fn=PyBuffer_FillInfo
0 60136 5766 4004 5120 0 0 26353 831 167
fn=PyBuffer_IsContiguous
0 19101 1827 1507 5731 0 0 2859 14 1
fn=PyBuffer_Release
0 64645 6170 2851 24853 4111 797 16614 3 0
fn=PyBuffer_ToContiguous
0 78 6 6 24 6 0 18 0 0
fn=PyByteArray_FromStringAndSize
0 15662 77 45 3270 0 0 5016 89 20
fn=PyByteArray_Resize
0 6929 489 136 1859 0 0 1859 140 29
fn=PyBytes_AsString
0 21885 910 73 7296 256 2 6 0 0
fn=PyBytes_AsStringAndSize
0 13000 1950 287 3900 1288 191 3250 0 0
fn=PyBytes_FromObject
0 968 90 4 220 3 0 154 0 0
fn=PyBytes_FromString
0 1406 111 24 222 36 3 296 7 1
fn=PyBytes_FromStringAndSize
0 2627500 51433 5428 426534 13400 2108 623204 23093 14083
fn=PyCFunction_GetFunction
0 51 6 2 18 3 2 9 0 0
fn=PyCMethod_New
0 5098675 266419 16406 1214530 2090 60 1489982 30278 8262
fn=PyCallable_Check
0 12826 946 42 4664 369 53 2332 1 0
fn=PyCapsule_GetPointer
0 6048325 249418 386 1451598 21999 220 725799 5 0
fn=PyCapsule_Import
0 70 7 7 10 1 1 10 0 0
fn=PyCapsule_IsValid
0 1496 41 20 340 58 50 136 0 0
fn=PyCapsule_New
0 3120 107 96 780 0 0 1404 8 0
fn=PyCell_New
0 232125 17987 3777 64087 831 1 61854 1250 164
fn=PyCell_Set
0 11045 1656 900 2761 74 6 2209 0 0
fn=PyClassMethod_New
0 180 16 15 36 0 0 45 0 0
fn=PyCode_Addr2Line
0 2104 8 8 340 3 3 288 0 0
fn=PyCodec_LookupError
0 156 3 3 54 9 8 30 0 0
fn=PyCodec_Register
0 23 2 2 8 1 1 4 0 0
fn=PyCodec_RegisterError
0 208 2 2 72 0 0 40 0 0
fn=PyCompile_OpcodeStackEffectWithJump
0 56527 626 201 12244 288 83 10727 0 0
fn=PyComplex_FromCComplex
0 125 8 8 30 3 3 40 3 1
fn=PyConfig_Clear
0 395 30 24 115 14 11 120 1 1
fn=PyConfig_InitPythonConfig
0 81 4 2 18 4 1 36 0 0
fn=PyConfig_SetBytesArgv
0 13 1 1 2 0 0 6 0 0
fn=PyConfig_SetString
0 1672 17 6 455 4 2 650 0 0
fn=PyContextVar_Get
0 4352616 498512 2367 1329966 102200 248 967248 0 0
fn=PyContextVar_New
0 46 4 4 10 0 0 10 0 0
fn=PyDescr_IsData
0 2262290 229872 557 904916 0 0 452458 291 17
fn=PyDescr_NewClassMethod
0 2330 155 41 592 8 2 776 0 0
fn=PyDescr_NewGetSet
0 50400 2178 723 12640 49 0 17220 44 0
fn=PyDescr_NewMember
0 17905 386 107 4788 104 44 5669 4 0
fn=PyDescr_NewMethod
0 66433 2358 165 14630 34 0 18363 5 0
fn=PyDescr_NewWrapper
0 81761 587 102 21321 115 0 29643 1 0
fn=PyDictProxy_New
0 114309 6410 685 32241 963 11 26379 301 20
fn=PyDict_Clear
0 566154 3844 257 173156 50217 38759 32052 31 12
fn=PyDict_Contains
0 706001 39550 2268 154174 11601 2094 100612 100 0
fn=PyDict_Copy
0 961573 35822 7647 288463 55405 2464 106009 1179 0
fn=PyDict_DelItem
0 424685 21028 5959 117738 2691 916 71240 4 1
fn=PyDict_DelItemString
0 50 3 3 10 0 0 10 0 0
fn=PyDict_GetItem
0 4619794 159786 587 1182344 103262 385 644694 31564 22
fn=PyDict_GetItemString
0 3276 129 34 585 0 0 585 0 0
fn=PyDict_GetItemWithError
0 9672950 291446 1213 3450885 230573 57476 1557868 19561 932
fn=PyDict_Keys
0 630447 3367 845 232746 10820 1922 35403 119 0
fn=PyDict_Merge
0 64 8 2 16 0 0 8 0 0
fn=PyDict_MergeFromSeq2
0 42254 1483 400 11898 177 4 6074 71 35
fn=PyDict_New
0 801206 62251 10557 210530 26911 6560 233524 2056 32
fn=PyDict_Next
0 1960530 16256 4676 713462 9893 5227 265314 380 8
fn=PyDict_SetDefault
0 4639632 66914 10632 1478111 30384 1982 851540 9058 5165
fn=PyDict_SetItem
0 3370340 73436 11585 1014463 36380 9923 326460 484 78
fn=PyDict_SetItemString
0 114863 1361 286 35040 979 398 11933 1 0
fn=PyDict_Size
0 11417 223 163 4893 36 0 0 0 0
fn=PyDict_Update
0 24195 1560 235 6452 0 0 3226 0 0
fn=PyErr_CheckSignals
0 1325932 88806 2240 467976 34270 803 233988 1147 9
fn=PyErr_Clear
0 356921 36712 1603 93955 9 1 75146 0 0
fn=PyErr_ExceptionMatches
0 999832 49660 2027 382208 173 4 117568 2 0
fn=PyErr_Format
0 974615 90174 27334 212644 812 0 531550 12287 478
fn=PyErr_GetRaisedException
0 539266 36165 6683 165928 123 4 124446 68 0
fn=PyErr_GivenExceptionMatches
0 714300 37345 2651 290876 259 70 105904 0 0
fn=PyErr_NewException
0 2157 179 62 369 64 20 275 1 0
fn=PyErr_NewExceptionWithDoc
0 45 4 3 9 1 0 9 0 0
fn=PyErr_Occurred
0 14653447 140341 285 4509086 13110 147 2254110 16435 2
fn=PyErr_SetFromErrno
0 64 16 3 16 0 0 16 0 0
fn=PyErr_SetFromErrnoWithFilenameObject
0 43860 3225 1024 8385 25 1 6450 0 0
fn=PyErr_SetFromErrnoWithFilenameObjects
0 536 48 11 112 0 0 88 0 0
fn=PyErr_SetNone
0 1860 310 261 465 0 0 310 52 0
fn=PyErr_SetObject
0 5412 256 89 1353 0 0 902 0 0
fn=PyErr_SetRaisedException
0 568624 9 0 162464 17 0 121848 331 0
fn=PyErr_SetString
0 2349 243 139 567 0 0 486 0 0
fn=PyEval_EvalCode
0 84612 8951 6580 19089 2037 310 25436 231 19
fn=PyEval_GetBuiltins
0 21834 2622 2475 8734 12 6 1748 0 0
fn=PyEval_GetGlobals
0 86106 8618 2250 34412 3404 188 6948 0 0
fn=PyEval_MergeCompilerFlags
0 2618 238 128 952 34 0 238 0 0
fn=PyEval_RestoreThread
0 522456 29987 4538 130614 0 0 130614 0 0
fn=PyEval_SaveThread
0 1654444 119112 3664 522456 57742 1618 435380 688 5
fn=PyException_GetContext
0 2400 295 213 900 95 0 600 0 0
fn=PyException_GetTraceback
0 237052 24094 1751 88443 24 0 59263 0 0
fn=PyException_SetCause
0 121 11 7 33 0 0 44 0 0
fn=PyException_SetContext
0 2700 295 213 900 0 0 900 0 0
fn=PyException_SetTraceback
0 123745 11045 2398 30690 0 0 24725 0 0
fn=PyFile_NewStdPrinter
0 24 2 2 5 1 1 4 0 0
fn=PyFile_OpenCodeObject
0 30960 3440 2531 6880 2258 589 4300 0 0
fn=PyFile_WriteObject
0 1217 72 48 224 20 18 191 0 0
fn=PyFile_WriteString
0 1372 100 45 280 20 0 196 0 0
fn=PyFloat_AsDouble
0 345029 11480 344 103538 6010 70 68912 1 0
fn=PyFloat_FromDouble
0 394335 11226 2704 107910 12505 3129 85950 4292 1131
fn=PyFloat_FromString
0 4196 161 157 930 0 0 1232 0 0
fn=PyFloat_GetInfo
0 61 4 4 3 0 0 14 0 0
fn=PyFloat_Unpack8
0 2484 78 51 552 130 43 0 0 0
fn=PyFrame_GetBack
0 43 3 3 16 5 5 3 0 0
fn=PyFrame_GetCode
0 354 16 9 160 19 1 66 0 0
fn=PyFrame_GetLineNumber
0 9 1 1 4 0 0 2 0 0
fn=PyFrozenSet_New
0 9315 989 543 2070 649 234 3450 1 0
fn=PyFunction_GetModule
0 1125 240 115 250 213 82 0 0 0
fn=PyFunction_New
0 2670422 73768 6523 756900 104518 50365 897321 29391 19179
fn=PyGC_Collect
0 36 4 4 9 1 0 7 0 0
fn=PyGC_Disable
0 238 12 6 85 0 0 51 0 0
fn=PyGC_Enable
0 255 30 5 85 0 0 51 0 0
fn=PyGILState_Ensure
0 168 22 15 30 2 2 24 3 2
fn=PyGILState_Release
0 156 15 10 30 0 0 24 0 0
fn=PyHash_GetFuncDef
0 8 1 1 2 0 0 2 0 0
fn=PyImport_AddModule
0 500 24 24 115 0 0 115 0 0
fn=PyImport_AddModuleObject
0 851 36 35 161 0 0 138 0 0
fn=PyImport_GetImporter
0 118 10 7 23 7 3 15 0 0
fn=PyImport_GetMagicNumber
0 39 3 3 9 1 0 6 0 0
fn=PyImport_GetModule
0 1546 96 67 401 39 12 288 0 0
fn=PyImport_GetModuleDict
0 135 30 30 45 11 3 0 0 0
fn=PyImport_Import
0 323862 25915 8582 72260 1823 42 54917 0 0
fn=PyImport_ImportFrozenModule
0 16 2 2 5 1 1 4 0 0
fn=PyImport_ImportFrozenModuleObject
0 70 6 6 14 2 2 9 0 0
fn=PyImport_ImportModule
0 14410 1300 208 3280 70 7 3280 1 0
fn=PyImport_ImportModuleLevel
0 272 23 11 64 0 0 64 0 0
fn=PyImport_ImportModuleLevelObject
0 1545281 87886 18598 351697 38834 8878 234819 1750 98
fn=PyIndex_Check
0 121922 15530 1924 47470 10678 980 21272 715 6
fn=PyInit__abc
0 8 1 1 2 0 0 2 0 0
fn=PyInit__ast
0 9 1 1 2 0 0 2 0 0
fn=PyInit__bisect
0 8 1 1 2 0 0 2 0 0
fn=PyInit__blake2
0 8 1 1 2 0 0 2 0 0
fn=PyInit__bounded_integers
0 8 1 1 2 0 0 2 0 0
fn=PyInit__bz2
0 8 1 1 2 0 0 2 0 0
fn=PyInit__codecs
0 8 1 1 2 0 0 2 0 0
fn=PyInit__collections
0 8 1 1 2 0 0 2 0 0
fn=PyInit__common
0 8 2 2 2 0 0 2 0 0
fn=PyInit__contextvars
0 8 2 2 2 0 0 2 0 0
fn=PyInit__csv
0 8 1 1 2 0 0 2 0 0
fn=PyInit__ctypes
0 395 45 24 38 12 1 48 26 13
fn=PyInit__datetime
0 553 41 33 53 12 2 72 7 7
fn=PyInit__decimal
0 1026 78 34 198 61 20 120 41 6
fn=PyInit__functools
0 8 1 1 2 0 0 2 0 0
fn=PyInit__generator
0 8 1 1 2 0 0 2 0 0
fn=PyInit__hashlib
0 8 1 1 2 0 0 2 0 0
fn=PyInit__imp
0 9 1 1 2 0 0 2 0 0
fn=PyInit__io
0 8 1 1 2 0 0 2 0 0
fn=PyInit__json
0 8 1 1 2 0 0 2 0 0
fn=PyInit__locale
0 8 1 1 2 0 0 2 0 0
fn=PyInit__lzma
0 8 1 1 2 0 0 2 0 0
fn=PyInit__mt19937
0 9 1 1 2 0 0 2 0 0
fn=PyInit__multiarray_tests
0 70 7 5 15 3 2 9 1 1
fn=PyInit__multiarray_umath
0 8866 213 168 1101 81 60 1107 231 217
fn=PyInit__opcode
0 8 1 1 2 0 0 2 0 0
fn=PyInit__operator
0 8 1 1 2 0 0 2 0 0
fn=PyInit__pcg64
0 9 2 2 2 0 0 2 0 0
fn=PyInit__philox
0 9 0 0 2 0 0 2 0 0
fn=PyInit__pickle
0 8 1 1 2 0 0 2 0 0
fn=PyInit__pocketfft_internal
0 65 7 5 14 3 2 8 1 0
fn=PyInit__posixsubprocess
0 8 1 1 2 0 0 2 0 0
fn=PyInit__random
0 8 1 1 2 0 0 2 0 0
fn=PyInit__sfc64
0 9 1 1 2 0 0 2 0 0
fn=PyInit__sha2
0 8 1 1 2 0 0 2 0 0
fn=PyInit__signal
0 8 1 1 2 0 0 2 0 0
fn=PyInit__socket
0 8 2 2 2 0 0 2 0 0
fn=PyInit__sre
0 8 2 2 2 0 0 2 0 0
fn=PyInit__stat
0 8 1 1 2 0 0 2 0 0
fn=PyInit__statistics
0 8 2 2 2 0 0 2 0 0
fn=PyInit__string
0 9 1 1 2 0 0 2 0 0
fn=PyInit__struct
0 8 1 1 2 0 0 2 0 0
fn=PyInit__thread
0 8 2 2 2 0 0 2 0 0
fn=PyInit__tokenize
0 8 1 1 2 0 0 2 0 0
fn=PyInit__typing
0 8 1 1 2 0 0 2 0 0
fn=PyInit__umath_linalg
0 878 85 12 288 76 11 113 5 2
fn=PyInit__weakref
0 8 1 1 2 0 0 2 0 0
fn=PyInit_array
0 8 2 2 2 0 0 2 0 0
fn=PyInit_atexit
0 8 1 1 2 0 0 2 0 0
fn=PyInit_binascii
0 8 1 1 2 0 0 2 0 0
fn=PyInit_bit_generator
0 8 2 2 2 0 0 2 0 0
fn=PyInit_errno
0 8 1 1 2 0 0 2 0 0
fn=PyInit_fcntl
0 8 1 1 2 0 0 2 0 0
fn=PyInit_itertools
0 8 1 1 2 0 0 2 0 0
fn=PyInit_math
0 8 1 1 2 0 0 2 0 0
fn=PyInit_mtrand
0 9 2 2 2 0 0 2 0 0
fn=PyInit_posix
0 8 1 1 2 0 0 2 0 0
fn=PyInit_select
0 8 2 2 2 0 0 2 0 0
fn=PyInit_time
0 8 1 1 2 0 0 2 0 0
fn=PyInit_zlib
0 8 1 1 2 0 0 2 0 0
fn=PyInterpreterState_Delete
0 57 4 4 16 1 1 8 0 0
fn=PyInterpreterState_Get
0 395906 1960 696 113116 0 0 56558 1 0
fn=PyInterpreterState_GetID
0 36 9 9 9 9 0 0 0 0
fn=PyInterpreterState_Main
0 8 2 2 3 0 0 2 0 0
fn=PyInterpreterState_New
0 49 4 4 13 2 0 11 0 0
fn=PyIter_Check
0 1209 161 129 372 79 56 186 0 0
fn=PyIter_Next
0 1132606 18813 12675 478546 1429 8 303032 20 0
fn=PyList_Append
0 3729119 76786 5002 1420752 8951 499 1012198 13485 7764
fn=PyList_AsTuple
0 19516 2702 645 11152 1107 12 0 0 0
fn=PyList_GetItem
0 138390 51 4 69195 277 26 19770 0 0
fn=PyList_Insert
0 10 2 2 4 4 2 0 0 0
fn=PyList_New
0 980468 43361 5446 328189 25223 1161 306254 1454 32
fn=PyList_Reverse
0 6456 1176 957 1908 283 0 96 0 0
fn=PyList_SetItem
0 171 18 16 72 1 1 27 0 0
fn=PyList_SetSlice
0 1615 580 411 646 168 0 0 0 0
fn=PyList_Size
0 9192 230 62 4596 188 7 0 0 0
fn=PyList_Sort
0 19108 1905 390 5620 148 2 2248 0 0
fn=PyLong_AsDouble
0 2242 220 60 672 2 2 224 0 0
fn=PyLong_AsLong
0 677469 24832 7040 246335 7506 292 123164 8 0
fn=PyLong_AsLongAndOverflow
0 424169 19751 11140 123713 2587 2007 70693 1655 0
fn=PyLong_AsLongLong
0 271084 11785 6288 94216 2130 96 47120 3702 0
fn=PyLong_AsSsize_t
0 1095135 58131 1199 362176 19332 5974 120346 225 2
fn=PyLong_AsUnsignedLong
0 101789 406 134 30332 1347 62 9894 4 0
fn=PyLong_AsUnsignedLongMask
0 443242 38917 322 154159 5689 129 77072 2 0
fn=PyLong_AsVoidPtr
0 2310 210 19 630 3 1 315 0 0
fn=PyLong_FromDouble
0 59014 7633 7052 7665 33 0 11103 385 0
fn=PyLong_FromLong
0 1572712 64837 2341 294426 149 14 317732 2390 279
fn=PyLong_FromLongLong
0 683515 22791 5183 110846 2 0 157515 2218 364
fn=PyLong_FromSize_t
0 29697 4016 727 6252 0 0 6252 0 0
fn=PyLong_FromSsize_t
0 785651 37675 10537 155604 178 1 162277 6496 7
fn=PyLong_FromString
0 377852 6259 872 65974 1067 287 15123 149 18
fn=PyLong_FromUnicodeObject
0 9271 551 65 2510 1 0 2156 90 0
fn=PyLong_FromUnsignedLong
0 752012 56921 10527 160108 2600 6 190760 4305 892
fn=PyLong_FromUnsignedLongLong
0 107693 13459 3471 23553 0 0 30283 1142 215
fn=PyLong_FromVoidPtr
0 682502 10330 2375 149297 3353 22 191951 2614 521
fn=PyLong_GetInfo
0 27 2 2 3 0 0 7 0 0
fn=PyMapping_Check
0 71642 8312 1979 27493 8569 723 11104 6 0
fn=PyMapping_GetItemString
0 140 4 4 25 0 0 25 0 0
fn=PyMapping_Items
0 12852 945 321 2646 401 181 1701 0 0
fn=PyMapping_Keys
0 93632 5579 1003 19313 810 202 12432 0 0
fn=PyMapping_SetItemString
0 2688 192 102 576 0 0 576 23 1
fn=PyMapping_Size
0 14937 1180 558 5745 41 1 2298 1 1
fn=PyMarshal_Init
0 8 2 2 2 0 0 2 0 0
fn=PyMarshal_ReadObjectFromString
0 33 4 3 6 3 0 11 0 0
fn=PyMem_Calloc
0 1417418 82526 7150 379697 38413 11340 198271 4813 4178
fn=PyMem_Free
0 5130924 327326 18119 1481045 139663 10641 718128 9945 2891
fn=PyMem_Malloc
0 2423883 91112 4192 768530 80253 10453 371016 8367 4543
fn=PyMem_RawCalloc
0 54 4 2 12 0 0 6 0 0
fn=PyMem_RawFree
0 1089960 84932 1395 290656 4666 11 145328 5 1
fn=PyMem_RawMalloc
0 114432 6418 2818 28608 499 3 14304 0 0
fn=PyMem_RawRealloc
0 2346 158 16 552 0 0 276 0 0
fn=PyMem_Realloc
0 1376984 70890 9202 386088 24802 513 196740 998 3
fn=PyMem_SetAllocator
0 291 24 18 98 0 0 73 0 0
fn=PyMember_GetOne
0 1235137 84107 13271 370364 56603 9169 126956 0 0
fn=PyMember_SetOne
0 811790 46812 3519 282255 28236 6976 176567 1 1
fn=PyMemoryView_FromBuffer
0 3396 224 152 1147 5 1 1250 63 21
fn=PyMethod_New
0 1125857 59107 2244 288013 2123 2 366550 1207 0
fn=PyModuleDef_Init
0 1069 122 109 275 67 56 287 0 0
fn=PyModule_AddFunctions
0 6452 38 23 1208 162 88 352 0 0
fn=PyModule_AddIntConstant
0 26831 84 62 5915 22 1 4437 0 0
fn=PyModule_AddObject
0 1539 39 31 343 5 1 268 0 0
fn=PyModule_AddObjectRef
0 5784 194 72 1446 37 1 1205 7 0
fn=PyModule_AddStringConstant
0 184 12 12 40 0 0 40 0 0
fn=PyModule_AddType
0 2675 260 70 546 77 1 455 18 0
fn=PyModule_Create2
0 140 14 12 42 0 0 28 5 2
fn=PyModule_ExecDef
0 4465 420 360 1260 219 17 401 0 0
fn=PyModule_FromDefAndSpec2
0 20704 882 775 3785 502 378 1465 1 0
fn=PyModule_GetDef
0 1408 146 121 440 4 0 264 0 0
fn=PyModule_GetDict
0 23616 365 114 7380 104 52 4428 14 0
fn=PyModule_GetFilenameObject
0 58 7 7 14 2 2 7 0 0
fn=PyModule_GetNameObject
0 320 30 24 100 0 0 40 0 0
fn=PyModule_GetState
0 4704 320 199 1470 75 2 882 6 0
fn=PyModule_New
0 200 19 17 50 0 0 50 0 0
fn=PyModule_NewObject
0 1654 135 108 207 1 0 252 0 0
fn=PyModule_SetDocString
0 130 15 13 25 0 0 25 0 0
fn=PyNumber_Add
0 550042 37382 19240 213654 13260 1930 141728 2 0
fn=PyNumber_And
0 260189 12434 1611 89746 5761 915 53798 0 0
fn=PyNumber_AsSsize_t
0 1245188 31593 4141 462808 10606 35 275268 551 8
fn=PyNumber_Check
0 25640 1824 1484 7105 1651 875 1730 0 0
fn=PyNumber_Float
0 5330 139 31 1510 26 7 1240 5 0
fn=PyNumber_FloorDivide
0 23751 72 23 8190 298 4 4914 0 0
fn=PyNumber_InPlaceAdd
0 151975 14936 4246 52631 14002 1483 27816 2 0
fn=PyNumber_InPlaceAnd
0 2052 203 24 608 104 1 380 0 0
fn=PyNumber_InPlaceFloorDivide
0 264 18 7 104 5 2 64 0 0
fn=PyNumber_InPlaceLshift
0 2640 228 3 1040 93 3 640 0 0
fn=PyNumber_InPlaceOr
0 15688 1032 437 5768 383 81 3600 0 0
fn=PyNumber_InPlaceSubtract
0 60 5 2 12 0 0 12 0 0
fn=PyNumber_InPlaceXor
0 90 9 4 18 0 0 18 0 0
fn=PyNumber_Index
0 39236 2682 782 13062 59 5 7514 0 0
fn=PyNumber_Invert
0 1215 120 27 405 7 0 0 0 0
fn=PyNumber_Long
0 290439 15187 5452 86641 2362 2087 56625 433 2
fn=PyNumber_Lshift
0 1537 77 46 530 34 9 318 0 0
fn=PyNumber_Multiply
0 1151864 118735 3708 419819 90451 13173 214296 0 0
fn=PyNumber_Negative
0 927 183 61 309 76 17 0 0 0
fn=PyNumber_Or
0 9253 629 135 3184 147 41 1906 1 0
fn=PyNumber_Positive
0 90 2 2 30 0 0 0 0 0
fn=PyNumber_Remainder
0 15289 550 48 5333 306 25 3032 0 0
fn=PyNumber_Rshift
0 1682 104 16 580 37 5 348 0 0
fn=PyNumber_Subtract
0 431435 48079 618 143366 33586 3842 80795 0 0
fn=PyNumber_ToBase
0 6946 7 7 2056 0 0 1030 0 0
fn=PyNumber_TrueDivide
0 225995 33082 1886 79150 16979 5846 45236 0 0
fn=PyNumber_Xor
0 16895 104 22 6540 3 1 4360 0 0
fn=PyOS_FSPath
0 96524 10610 911 30167 57 0 18097 724 18
fn=PyOS_double_to_string
0 30761 876 48 5216 71 22 4168 9 0
fn=PyOS_getsig
0 768 1 1 192 0 0 128 0 0
fn=PyOS_setsig
0 84 6 6 16 0 0 20 0 0
fn=PyOS_snprintf
0 946 63 63 132 0 0 638 66 1
fn=PyOS_string_to_double
0 12823 789 158 3674 0 0 3053 33 1
fn=PyOS_strtol
0 32987 645 18 5900 95 6 1713 0 0
fn=PyOS_strtoul
0 2754 127 4 408 32 6 102 0 0
fn=PyObject_Bytes
0 54540 1800 1435 15542 0 0 12948 0 0
fn=PyObject_Call
0 673758 62508 19858 269987 17451 3919 142352 38 0
fn=PyObject_CallFinalizerFromDealloc
0 210682 12713 1842 81555 4547 1203 47579 1 0
fn=PyObject_CallFunction
0 354912 29757 9922 86954 11288 2721 106350 2056 31
fn=PyObject_CallFunctionObjArgs
0 1560335 115580 846 222905 18455 0 1069944 11235 1
fn=PyObject_CallMethod
0 19337 1801 405 3777 55 11 7016 78 0
fn=PyObject_CallMethodObjArgs
0 111450 9598 3797 20500 2433 878 55350 1 0
fn=PyObject_CallObject
0 119456 5951 453 47212 5082 2002 22252 0 0
fn=PyObject_CallOneArg
0 3798720 94632 9962 1296785 122953 51545 658400 114 5
fn=PyObject_Calloc
0 66449 1722 339 15806 648 47 8489 150 124
fn=PyObject_CheckBuffer
0 250814 49031 1016 100498 10750 5 49818 9 0
fn=PyObject_ClearWeakRefs
0 718700 37110 4930 341939 18933 2413 182755 847 48
fn=PyObject_DelItem
0 27080 2590 1745 9478 1983 803 5416 0 0
fn=PyObject_Dir
0 29683 2025 358 4725 763 0 4049 0 0
fn=PyObject_Format
0 68864 3000 1133 20921 21 11 15949 40 0
fn=PyObject_Free
0 54759335 547968 4299 15618087 941277 56356 7535445 3096 1668
fn=PyObject_GC_Del
0 11388682 296992 1027 3300824 52782 16763 1155708 164 1
fn=PyObject_GC_Track
0 914622 33594 2087 288828 468 28 192552 403 6
fn=PyObject_GC_UnTrack
0 11617028 322374 380 3897603 107729 37289 3821822 101931 15822
fn=PyObject_GenericGetAttr
0 8800 382 51 2200 0 0 2200 0 0
fn=PyObject_GenericGetDict
0 50879 4041 631 20918 155 3 14483 0 0
fn=PyObject_GenericSetAttr
0 456549 18091 1695 133923 2162 174 74258 0 0
fn=PyObject_GetAttr
0 6617745 294595 11402 2607710 259580 68840 1544766 4516 67
fn=PyObject_GetAttrString
0 101057 4360 709 31978 1800 173 17178 4 0
fn=PyObject_GetBuffer
0 21416 2600 1065 8031 2593 987 0 0 0
fn=PyObject_GetItem
0 2254573 34174 1208 787573 27516 7092 449484 792 16
fn=PyObject_GetIter
0 1298930 65206 2518 414182 68589 20913 177360 112 2
fn=PyObject_Hash
0 3650772 177448 1209 1825386 90840 2115 1216924 22799 337
fn=PyObject_HashNotImplemented
0 16 3 2 5 2 0 2 0 0
fn=PyObject_IS_GC
0 3444744 18780 148 1012374 178204 70918 57318 253 17
fn=PyObject_Init
0 750971 40134 93 173301 0 0 173301 0 0
fn=PyObject_IsInstance
0 4398099 218714 12231 1381337 40285 3605 990878 15967 17
fn=PyObject_IsSubclass
0 392772 34963 9372 98193 0 0 65462 37 0
fn=PyObject_IsTrue
0 3996408 185660 18780 463407 80845 20696 150450 216 178
fn=PyObject_LengthHint
0 289378 42772 5444 103693 11939 1918 60694 29 1
fn=PyObject_Malloc
0 53274313 1039057 8648 16858700 1287181 158147 8391440 393452 237333
fn=PyObject_Realloc
0 1648212 113763 6879 383083 17912 390 143658 180 2
fn=PyObject_Repr
0 13300 174 63 4180 60 4 2280 0 0
fn=PyObject_RichCompare
0 672261 46102 10721 202649 10072 2050 138934 1033 4
fn=PyObject_RichCompareBool
0 16510729 215633 7721 4814206 103226 29915 3177679 7946 98
fn=PyObject_SelfIter
0 77380 11338 2096 23214 0 0 23214 0 0
fn=PyObject_SetAttr
0 3674478 166540 22438 1230515 62797 30848 488331 464 13
fn=PyObject_SetAttrString
0 28560 322 152 8160 219 80 5100 0 0
fn=PyObject_SetItem
0 267867 24648 12623 89289 11575 4623 50964 37 1
fn=PyObject_Size
0 253090 17287 568 75927 20920 3082 0 0 0
fn=PyObject_Str
0 97981 7311 1558 27462 126 7 19589 56 0
fn=PyObject_Type
0 42686 1969 120 15520 63 1 7763 0 0
fn=PyObject_Vectorcall
0 5837905 178763 10550 2042866 386672 68889 865636 11873 199
fn=PyObject_VectorcallDict
0 181443 14756 3390 69751 3851 77 43438 300 26
fn=PyObject_VectorcallMethod
0 620366 16238 4990 214196 11838 5469 113517 225 2
fn=PyPreConfig_InitPythonConfig
0 28 1 1 6 1 1 10 0 0
fn=PyRun_StringFlags
0 2700 255 167 396 50 15 396 67 31
fn=PySeqIter_New
0 200305 16833 7114 51507 1832 0 57230 1253 22
fn=PySequence_Check
0 420854 50912 433 180366 33348 1131 60122 5175 0
fn=PySequence_Concat
0 13110 1380 94 4140 1052 43 2070 1 0
fn=PySequence_Contains
0 420670 12748 428 126201 35640 3217 0 0 0
fn=PySequence_DelItem
0 714 68 61 272 68 16 170 0 0
fn=PySequence_Fast
0 1605863 117195 4031 370632 655 0 307904 22 0
fn=PySequence_GetItem
0 1042524 26651 12147 397152 1039 26 248220 61 0
fn=PySequence_GetSlice
0 875 54 44 250 22 1 150 0 0
fn=PySequence_List
0 24486 2316 680 5830 109 0 4664 0 0
fn=PySequence_SetItem
0 432 40 6 168 13 12 96 0 0
fn=PySequence_Size
0 712218 28171 1654 273930 1407 106 109572 4 0
fn=PySequence_Tuple
0 798279 60802 31685 187288 924 59 114545 296 1
fn=PySet_Add
0 424359 12080 1869 135645 1267 110 91078 154 0
fn=PySet_Clear
0 928 116 30 232 39 21 174 0 0
fn=PySet_Contains
0 194522 7889 1363 67516 4936 1662 40938 0 0
fn=PySet_Discard
0 28487 161 157 11239 122 95 7176 4 4
fn=PySet_New
0 49592 1381 663 10176 500 190 16960 7 0
fn=PySet_Size
0 2601 225 78 918 0 0 612 0 0
fn=PySlice_AdjustIndices
0 511910 33637 19268 99101 0 0 57038 0 0
fn=PySlice_New
0 32256 2275 1005 11552 640 95 9727 79 0
fn=PySlice_Unpack
0 784646 59879 30645 226321 0 0 195477 333 7
fn=PyStaticMethod_New
0 1501 158 88 316 0 0 395 0 0
fn=PyStatus_Ok
0 8 2 2 2 0 0 6 1 0
fn=PyStructSequence_InitType2
0 216 13 7 40 10 8 38 10 10
fn=PyStructSequence_New
0 135840 10113 2549 16980 0 0 20376 0 0
fn=PyStructSequence_NewType
0 70 8 4 20 0 0 20 0 0
fn=PySymtable_Lookup
0 4650 428 180 1085 72 0 930 0 0
fn=PySys_Audit
0 783790 18951 3116 111970 0 0 515062 3221 13
fn=PySys_GetObject
0 33466 772 682 9232 101 1 5770 2 2
fn=PySys_SetObject
0 42 6 2 12 0 0 6 2 0
fn=PyThreadState_Clear
0 56 4 4 23 2 2 9 0 0
fn=PyThreadState_Get
0 70 10 10 10 0 0 0 0 0
fn=PyThreadState_GetDict
0 579 18 4 180 2 0 109 0 0
fn=PyThreadState_GetFrame
0 29 3 3 10 2 1 3 0 0
fn=PyThread_GetInfo
0 63 6 5 8 2 1 7 0 0
fn=PyThread_acquire_lock
0 282656 13334 1551 35356 0 0 35356 339 8
fn=PyThread_acquire_lock_timed
0 132301 11499 3993 23009 0 0 23008 0 0
fn=PyThread_allocate_lock
0 58466 4129 1086 11136 238 3 8352 0 0
fn=PyThread_free_lock
0 38864 3642 2610 8328 0 0 8328 0 0
fn=PyThread_get_thread_ident
0 1378585 115567 857 424180 39832 1092 318135 3260 54
fn=PyThread_get_thread_native_id
0 26 4 4 6 0 0 4 0 0
fn=PyThread_init_thread
0 52 7 5 16 2 1 15 0 0
fn=PyThread_release_lock
0 93712 8820 839 23428 0 0 23428 2 0
fn=PyThread_tss_create
0 36 1 1 8 1 1 8 0 0
fn=PyThread_tss_delete
0 28 2 2 10 0 0 8 0 0
fn=PyThread_tss_get
0 98 9 7 42 11 3 28 0 0
fn=PyThread_tss_is_created
0 28 0 0 12 0 0 8 0 0
fn=PyThread_tss_set
0 20 2 2 6 1 1 4 0 0
fn=PyTraceBack_Here
0 334275 22707 5854 79945 15 0 79080 14 1
fn=PyTraceMalloc_Track
0 2297214 320930 326 967248 0 0 846342 0 0
fn=PyTraceMalloc_Untrack
0 1934496 122741 284 725436 482 2 604530 10 0
fn=PyTuple_GetItem
0 551745 18357 4089 220698 1217 188 73566 2 0
fn=PyTuple_GetSlice
0 825844 39727 7544 264175 6884 487 178845 11 0
fn=PyTuple_New
0 7508847 279178 3963 2344722 208659 37861 1781725 74932 576
fn=PyTuple_Pack
0 2210731 142812 13968 625149 44398 8821 719308 538 3
fn=PyTuple_SetItem
0 8316 22 10 2646 2 0 1134 0 0
fn=PyTuple_Size
0 206688 14573 6372 103344 23071 7670 0 0 0
fn=PyType_FromMetaclass
0 112 16 4 32 0 0 32 1 0
fn=PyType_FromModuleAndSpec
0 912 96 34 152 0 0 152 3 0
fn=PyType_FromSpec
0 154 14 5 28 0 0 28 4 0
fn=PyType_FromSpecWithBases
0 121 22 8 22 0 0 22 0 0
fn=PyType_GenericAlloc
0 10064570 765653 6765 2847678 86108 16118 1945038 116088 9998
fn=PyType_GenericNew
0 661781 30007 4440 185513 3933 1886 133992 423 4
fn=PyType_GetModule
0 10692 1903 286 3888 1106 427 1944 1 0
fn=PyType_GetModuleByDef
0 15165 1999 1674 6066 1629 899 0 0 0
fn=PyType_GetSlot
0 1080 38 14 216 34 19 0 0 0
fn=PyType_IsSubtype
0 23524919 438673 1276 5808915 434199 62302 1628564 6226 258
fn=PyType_Modified
0 3359 313 224 1209 149 116 955 66 21
fn=PyType_Ready
0 1567 206 49 378 66 38 356 0 0
fn=PyUnicode_Append
0 51250 2424 412 14214 87 5 7753 7 1
fn=PyUnicode_AppendAndDel
0 22 4 4 6 0 0 6 0 0
fn=PyUnicode_AsASCIIString
0 7315 1320 343 2660 3 3 0 0 0
fn=PyUnicode_AsEncodedString
0 8648 427 279 2001 314 122 729 0 0
fn=PyUnicode_AsUCS4
0 9226 28 14 882 211 104 3386 836 835
fn=PyUnicode_AsUTF8
0 193164 20206 7219 75119 14456 9355 32193 85 0
fn=PyUnicode_AsUTF8AndSize
0 325427 38381 5441 113192 1361 435 56596 6157 184
fn=PyUnicode_AsUTF8String
0 160 20 2 40 0 0 40 0 0
fn=PyUnicode_AsWideCharString
0 8477 377 51 1896 22 1 1674 42 8
fn=PyUnicode_Compare
0 8590 1718 1647 3436 276 12 0 0 0
fn=PyUnicode_CompareWithASCIIString
0 11680 522 268 2920 203 54 2190 0 0
fn=PyUnicode_Concat
0 1187416 46440 5298 273602 7530 3149 218418 5126 604
fn=PyUnicode_Contains
0 673083 14934 3943 178670 6530 778 60743 1 0
fn=PyUnicode_Decode
0 2820 151 93 596 51 28 247 0 0
fn=PyUnicode_DecodeASCII
0 2630 32 32 474 1 1 606 1 0
fn=PyUnicode_DecodeFSDefault
0 416 12 12 144 8 3 64 0 0
fn=PyUnicode_DecodeFSDefaultAndSize
0 110517 424 409 35370 283 4 1695 0 0
fn=PyUnicode_DecodeLocale
0 25467 2612 831 5224 0 0 3265 0 0
fn=PyUnicode_DecodeUTF8
0 63396 3690 269 14088 0 0 14088 72 32
fn=PyUnicode_DecodeUTF8Stateful
0 270 54 7 60 0 0 60 0 0
fn=PyUnicode_EncodeFSDefault
0 280 40 38 100 40 0 0 0 0
fn=PyUnicode_FSConverter
0 234260 15305 2078 71154 8563 913 35589 569 3
fn=PyUnicode_FSDecoder
0 6384 504 137 1428 84 23 504 1 0
fn=PyUnicode_FindChar
0 529279 35965 11844 84813 427 63 37984 183 166
fn=PyUnicode_Format
0 149816 3388 428 33694 152 26 25907 36 0
fn=PyUnicode_FromEncodedObject
0 396 31 20 144 11 2 90 2 0
fn=PyUnicode_FromFormat
0 72094 7430 2036 9944 1 0 59664 35 0
fn=PyUnicode_FromFormatV
0 13519115 616807 103669 2876590 50489 12303 698635 6429 925
fn=PyUnicode_FromKindAndData
0 17657489 79142 7876 2632741 147632 143826 1227030 20790 11548
fn=PyUnicode_FromOrdinal
0 13072 69 11 2136 389 307 1602 0 0
fn=PyUnicode_FromString
0 184860 9195 2641 36972 0 0 36972 311 87
fn=PyUnicode_FromStringAndSize
0 45508 4851 2629 8274 2 0 8272 265 93
fn=PyUnicode_FromWideChar
0 259625 9166 2685 42925 17 0 19754 518 18
fn=PyUnicode_GetLength
0 198 30 23 99 1 0 0 0 0
fn=PyUnicode_InternFromString
0 499506 9630 1422 123093 3071 894 59857 7 1
fn=PyUnicode_InternInPlace
0 11094184 145314 15785 4282301 91461 29120 2088035 1571 193
fn=PyUnicode_IsIdentifier
0 10222 165 119 2505 98 67 876 0 0
fn=PyUnicode_Join
0 504 36 12 162 0 0 90 0 0
fn=PyUnicode_New
0 153821 5874 2322 25435 56 5 38766 737 350
fn=PyUnicode_Partition
0 9411 769 37 2541 156 2 1347 0 0
fn=PyUnicode_RPartition
0 1080985 69791 13203 221369 10186 1200 183403 6604 241
fn=PyUnicode_RichCompare
0 5452749 26997 4172 1516739 49196 26916 490599 5329 2
fn=PyUnicode_Split
0 17810 2530 859 8220 1598 683 2740 0 0
fn=PyUnicode_Splitlines
0 33041 9 9 8922 68 2 362 49 37
fn=PyUnicode_Substring
0 695117 39866 5367 112373 1481 213 107897 5378 708
fn=PyUnicode_Tailmatch
0 30 3 3 9 0 0 7 0 0
fn=PyUnstable_Code_NewWithPosOnlyArgs
0 1968 27 27 708 2 0 575 1 0
fn=PyUnstable_InterpreterFrame_GetLine
0 11 1 1 4 0 0 2 0 0
fn=PyVectorcall_Call
0 328 26 14 112 11 3 64 0 0
fn=PyVectorcall_Function
0 11572 777 116 6308 1650 438 2104 0 0
fn=PyWeakref_GetObject
0 6213 185 99 1962 308 181 981 0 0
fn=PyWeakref_NewProxy
0 2993 287 284 697 49 0 738 5 0
fn=PyWeakref_NewRef
0 306366 15589 4055 96726 6456 2365 82615 900 106
fn=Py_BuildValue
0 23820 1330 410 3176 0 0 19056 0 0
fn=Py_BytesMain
0 13 3 3 2 1 1 6 0 0
fn=Py_CompileStringObject
0 3444 504 86 756 101 0 672 0 0
fn=Py_DecodeLocale
0 843 40 15 172 3 1 99 0 0
fn=Py_EnterRecursiveCall
0 2628 224 207 438 0 0 219 0 0
fn=Py_FinalizeEx
0 88 13 9 21 7 7 11 4 3
fn=Py_GETENV
0 10 1 1 3 1 0 2 0 0
fn=Py_GenericAlias
0 2714 136 30 590 0 0 590 0 0
fn=Py_GetBuildInfo
0 30 3 2 4 0 0 4 0 0
fn=Py_GetCompiler
0 8 1 1 2 0 0 2 0 0
fn=Py_GetCopyright
0 8 1 1 2 0 0 2 0 0
fn=Py_GetPlatform
0 8 0 0 2 0 0 2 0 0
fn=Py_GetVersion
0 9 1 1 2 0 0 2 0 0
fn=Py_InitializeFromConfig
0 33 5 5 10 1 1 9 1 1
fn=Py_LeaveRecursiveCall
0 3066 113 103 876 0 0 657 0 0
fn=Py_MakePendingCalls
0 24 2 2 7 0 0 3 0 0
fn=Py_RunMain
0 212 21 19 46 16 7 18 5 3
fn=SHA1_Init
0 24 2 2 3 1 0 9 0 0
fn=SHA224_Init
0 24 3 3 4 1 1 10 0 0
fn=SHA256_Init
0 24 2 1 4 1 0 10 0 0
fn=SHA384_Init
0 25 3 3 7 2 2 9 0 0
fn=SHA512_Init
0 25 2 1 7 2 2 9 0 0
fn=SIDX_Version
0 314 24 24 90 12 12 90 5 0
fn=SpatialIndex::Point::Point(double const*, unsigned int)
0 684 72 72 144 36 35 288 0 0
fn=SpatialIndex::Point::getDimension() const
0 72 36 36 36 0 0 0 0 0
fn=SpatialIndex::Point::getMBR(SpatialIndex::Region&) const
0 828 72 72 324 71 28 180 35 0
fn=SpatialIndex::Point::~Point()
0 648 72 72 180 32 0 180 0 0
fn=SpatialIndex::RTree::BulkLoader::bulkLoadUsingSTR(SpatialIndex::RTree::RTree*, SpatialIndex::IDataStream&, unsigned int, unsigned int, unsigned int, unsigned int)
0 632 72 59 168 42 23 88 13 8
fn=SpatialIndex::RTree::BulkLoader::createLevel(SpatialIndex::RTree::RTree*, std::shared_ptr<SpatialIndex::RTree::ExternalSorter>, unsigned int, unsigned int, unsigned int, unsigned int, std::shared_ptr<SpatialIndex::RTree::ExternalSorter>, unsigned int, unsigned int)
0 240 24 22 66 5 2 42 0 0
fn=SpatialIndex::RTree::BulkLoader::createNode(SpatialIndex::RTree::RTree*, std::vector<SpatialIndex::RTree::ExternalSorter::Record*, std::allocator<SpatialIndex::RTree::ExternalSorter::Record*> >&, unsigned int)
0 126 8 8 56 8 0 16 0 0
fn=SpatialIndex::RTree::Data::Data(unsigned int, unsigned char*, SpatialIndex::Region&, long)
0 90944 894 686 25088 302 250 37632 628 513
fn=SpatialIndex::RTree::Data::clone()
0 21664 88 32 9478 980 0 5416 0 0
fn=SpatialIndex::RTree::Data::getData(unsigned int&, unsigned char**) const
0 11509 1354 860 4739 677 467 4739 0 0
fn=SpatialIndex::RTree::Data::~Data()
0 62394 864 294 19754 1495 244 19754 41 0
fn=SpatialIndex::RTree::ExternalSorter::ExternalSorter(unsigned int, unsigned int)
0 60 4 4 4 4 4 52 5 5
fn=SpatialIndex::RTree::ExternalSorter::Record::Record(SpatialIndex::Region const&, long, unsigned int, unsigned char*, unsigned int)
0 120 12 4 42 0 0 66 4 3
fn=SpatialIndex::RTree::ExternalSorter::Record::operator<(SpatialIndex::RTree::ExternalSorter::Record const&) const
0 64 2 2 40 6 0 0 0 0
fn=SpatialIndex::RTree::ExternalSorter::Record::~Record()
0 60 2 2 24 0 0 18 0 0
fn=SpatialIndex::RTree::ExternalSorter::getNextRecord()
0 164 8 8 58 6 6 32 0 0
fn=SpatialIndex::RTree::ExternalSorter::insert(SpatialIndex::RTree::ExternalSorter::Record*)
0 204 29 10 96 12 4 60 0 0
fn=SpatialIndex::RTree::ExternalSorter::sort()
0 80 12 12 24 0 0 20 0 0
fn=SpatialIndex::RTree::ExternalSorter::~ExternalSorter()
0 200 14 14 60 6 0 42 0 0
fn=SpatialIndex::RTree::Leaf::Leaf(SpatialIndex::RTree::RTree*, long)
0 120 8 4 40 7 2 40 0 0
fn=SpatialIndex::RTree::Leaf::chooseSubtree(SpatialIndex::Region const&, unsigned int, std::stack<long, std::deque<long, std::allocator<long> > >&)
0 288 36 36 36 0 0 144 0 0
fn=SpatialIndex::RTree::Leaf::~Leaf()
0 93 16 13 23 3 2 31 0 0
fn=SpatialIndex::RTree::Node::Node(SpatialIndex::RTree::RTree*, long, unsigned int, unsigned int)
0 4216 47 27 112 14 11 1800 317 299
fn=SpatialIndex::RTree::Node::insertData(unsigned int, unsigned char*, SpatialIndex::Region&, long, std::stack<long, std::deque<long, std::allocator<long> > >&, unsigned char*)
0 1554 180 180 664 60 0 432 0 0
fn=SpatialIndex::RTree::Node::insertEntry(unsigned int, unsigned char*, SpatialIndex::Region&, long)
0 3400 304 303 1430 60 40 1275 20 10
fn=SpatialIndex::RTree::Node::loadFromByteArray(unsigned char const*)
0 2508142 68063 33106 1079070 50175 18975 483509 19448 12708
fn=SpatialIndex::RTree::Node::storeToByteArray(unsigned char**, unsigned int&)
0 27115 284 280 10949 792 0 1873 43 6
fn=SpatialIndex::RTree::Node::~Node()
0 10154 60 41 2868 193 164 182 9 9
fn=SpatialIndex::RTree::RTree::RTree(SpatialIndex::IStorageManager&, Tools::PropertySet&)
0 582 48 39 75 11 7 249 26 23
fn=SpatialIndex::RTree::RTree::deleteNode(SpatialIndex::RTree::Node*)
0 58 6 6 32 3 0 16 0 0
fn=SpatialIndex::RTree::RTree::initNew(Tools::PropertySet&)
0 1642 114 111 307 36 21 380 1 0
fn=SpatialIndex::RTree::RTree::insertData(unsigned int, unsigned char const*, SpatialIndex::IShape const&, long)
0 3096 288 288 1114 296 182 647 26 0
fn=SpatialIndex::RTree::RTree::insertData_impl(unsigned int, unsigned char*, SpatialIndex::Region&, long)
0 3312 216 216 1080 180 71 756 36 0
fn=SpatialIndex::RTree::RTree::intersectsWithQuery(SpatialIndex::IShape const&, SpatialIndex::IVisitor&)
0 121924 16626 11182 44336 11084 10625 27710 0 0
fn=SpatialIndex::RTree::RTree::nearestNeighborQuery(unsigned int, SpatialIndex::IShape const&, SpatialIndex::IVisitor&, SpatialIndex::INearestNeighborComparator&, double)
0 239396 2121 1851 88839 2698 263 48771 1160 252
fn=SpatialIndex::RTree::RTree::nearestNeighborQuery(unsigned int, SpatialIndex::IShape const&, SpatialIndex::IVisitor&, double)
0 3080 264 260 1144 340 93 704 0 0
fn=SpatialIndex::RTree::RTree::rangeQuery(SpatialIndex::RTree::RangeQueryType, SpatialIndex::IShape const&, SpatialIndex::IVisitor&)
0 794186 60243 12189 289632 12882 5617 207472 27094 5166
fn=SpatialIndex::RTree::RTree::readNode(long)
0 493173 39682 7825 181382 46055 17614 181403 6130 209
fn=SpatialIndex::RTree::RTree::storeHeader()
0 496 37 29 176 24 18 136 7 6
fn=SpatialIndex::RTree::RTree::writeNode(SpatialIndex::RTree::Node*)
0 1772 205 205 845 160 12 343 0 0
fn=SpatialIndex::RTree::RTree::~RTree()
0 1047 51 34 405 85 74 78 4 2
fn=SpatialIndex::RTree::Statistics::Statistics()
0 45 6 6 12 3 3 21 6 4
fn=SpatialIndex::RTree::Statistics::reset()
0 36 3 3 6 0 0 21 0 0
fn=SpatialIndex::RTree::Statistics::~Statistics()
0 24 3 2 6 3 2 3 3 2
fn=SpatialIndex::RTree::createAndBulkLoadNewRTree(SpatialIndex::RTree::BulkLoadMethod, SpatialIndex::IDataStream&, SpatialIndex::IStorageManager&, Tools::PropertySet&, long&)
0 676 49 48 140 14 11 154 0 0
fn=SpatialIndex::RTree::createNewRTree(SpatialIndex::IStorageManager&, double, unsigned int, unsigned int, unsigned int, SpatialIndex::RTree::RTreeVariant, long&)
0 500 40 32 90 5 0 128 5 3
fn=SpatialIndex::RTree::returnRTree(SpatialIndex::IStorageManager&, Tools::PropertySet&)
0 45 9 6 12 1 0 12 0 0
fn=SpatialIndex::Region::Region()
0 424 88 82 53 29 0 265 17 10
fn=SpatialIndex::Region::Region(SpatialIndex::Region const&)
0 31420 1227 0 12568 1935 1 15710 1017 882
fn=SpatialIndex::Region::Region(double const*, double const*, unsigned int)
0 45360 11340 6634 5670 5669 35 28350 1004 787
fn=SpatialIndex::Region::combineRegion(SpatialIndex::Region const&)
0 2685 180 180 720 1 0 183 0 0
fn=SpatialIndex::Region::containsRegion(SpatialIndex::Region const&) const
0 1232 108 108 548 39 0 0 0 0
fn=SpatialIndex::Region::getDimension() const
0 11436 5630 5362 5718 0 0 0 0 0
fn=SpatialIndex::Region::getMinimumDistance(SpatialIndex::IShape const&) const
0 37728 176 176 14148 272 16 7860 1 0
fn=SpatialIndex::Region::getMinimumDistance(SpatialIndex::Region const&) const
0 79176 264 246 19248 63 0 0 0 0
fn=SpatialIndex::Region::initialize(double const*, double const*, unsigned int)
0 185052 11368 5914 52872 0 0 61684 40 0
fn=SpatialIndex::Region::intersectsRegion(SpatialIndex::Region const&) const
0 586797 11084 923 266488 956 0 0 0 0
fn=SpatialIndex::Region::intersectsShape(SpatialIndex::IShape const&) const
0 409728 11084 10651 153648 16626 15955 85360 0 0
fn=SpatialIndex::Region::makeInfinite(unsigned int)
0 605 30 23 99 5 5 165 0 0
fn=SpatialIndex::Region::operator=(SpatialIndex::Region const&)
0 787716 22680 16016 333998 21495 2152 119510 5424 8
fn=SpatialIndex::Region::~Region()
0 130833 17169 2292 34746 1005 314 34746 416 0
fn=SpatialIndex::StorageManager::Buffer::Buffer(SpatialIndex::IStorageManager&, Tools::PropertySet&)
0 375 27 24 63 9 7 99 3 3
fn=SpatialIndex::StorageManager::Buffer::deleteByteArray(long)
0 92 6 6 38 0 0 18 0 0
fn=SpatialIndex::StorageManager::Buffer::flush()
0 175 12 8 70 17 8 25 0 0
fn=SpatialIndex::StorageManager::Buffer::loadByteArray(long, unsigned int&, unsigned char**)
0 269642 28340 6744 123658 22328 11277 62348 5577 0
fn=SpatialIndex::StorageManager::Buffer::storeByteArray(long&, unsigned int, unsigned char const*)
0 3089 263 252 1053 149 22 719 5 0
fn=SpatialIndex::StorageManager::Buffer::~Buffer()
0 77 6 4 28 3 2 15 0 0
fn=SpatialIndex::StorageManager::MemoryStorageManager::MemoryStorageManager(Tools::PropertySet&)
0 129 12 12 27 2 1 78 6 6
fn=SpatialIndex::StorageManager::MemoryStorageManager::deleteByteArray(long)
0 58 6 6 20 4 0 16 1 0
fn=SpatialIndex::StorageManager::MemoryStorageManager::storeByteArray(long&, unsigned int, unsigned char const*)
0 552 32 26 190 15 7 156 3 1
fn=SpatialIndex::StorageManager::MemoryStorageManager::~MemoryStorageManager()
0 195 15 10 69 12 9 27 0 0
fn=SpatialIndex::StorageManager::RandomEvictionsBuffer::RandomEvictionsBuffer(SpatialIndex::IStorageManager&, Tools::PropertySet&)
0 45 3 2 12 3 3 12 0 0
fn=SpatialIndex::StorageManager::RandomEvictionsBuffer::addEntry(long, SpatialIndex::StorageManager::Buffer::Entry*)
0 152 15 7 56 2 1 56 0 0
fn=SpatialIndex::StorageManager::RandomEvictionsBuffer::~RandomEvictionsBuffer()
0 42 6 4 12 4 2 12 0 0
fn=SpatialIndex::StorageManager::returnMemoryStorageManager(Tools::PropertySet&)
0 39 6 6 9 0 0 9 0 0
fn=SpatialIndex::StorageManager::returnRandomEvictionsBuffer(SpatialIndex::IStorageManager&, Tools::PropertySet&)
0 45 6 5 12 0 0 12 0 0
fn=Tools::EndOfStreamException::EndOfStreamException(std::string)
0 10 4 4 2 0 0 2 1 1
fn=Tools::EndOfStreamException::~EndOfStreamException()
0 32 2 2 12 2 0 8 0 0
fn=Tools::PoolPointer<SpatialIndex::RTree::Node>::release()
0 776194 34038 21552 288286 1941 0 232663 342 0
fn=Tools::PropertySet::PropertySet()
0 72 6 3 8 7 3 48 5 2
fn=Tools::PropertySet::getProperty(std::string) const
0 9365 124 17 2992 252 4 1010 0 0
fn=Tools::PropertySet::setProperty(std::string, Tools::Variant const&)
0 4845 36 8 1802 0 0 1444 2 0
fn=Tools::PropertySet::~PropertySet()
0 1291 53 29 297 70 31 117 2 0
fn=Tools::Variant::Variant()
0 249 30 2 0 0 0 83 1 0
fn=X509_get_default_cert_area
0 8 2 2 2 0 0 2 0 0
fn=_GLOBAL__sub_I_Ball.cc
0 15 1 1 4 0 0 3 0 0
fn=_GLOBAL__sub_I_BoundsQuery.cc
0 15 2 2 4 1 1 3 0 0
fn=_GLOBAL__sub_I_Buffer.cc
0 15 1 1 4 0 0 3 0 0
fn=_GLOBAL__sub_I_BulkLoader.cc
0 15 1 1 4 0 0 3 0 0
fn=_GLOBAL__sub_I_CountVisitor.cc
0 15 1 1 4 0 0 3 0 0
fn=_GLOBAL__sub_I_CustomStorage.cc
0 15 1 1 4 0 0 3 0 0
fn=_GLOBAL__sub_I_DataStream.cc
0 15 1 1 4 0 0 3 0 0
fn=_GLOBAL__sub_I_DiskStorageManager.cc
0 15 1 1 4 0 0 3 0 0
fn=_GLOBAL__sub_I_Error.cc
0 15 1 1 4 0 0 3 0 0
fn=_GLOBAL__sub_I_IdVisitor.cc
0 15 1 1 4 0 0 3 0 0
fn=_GLOBAL__sub_I_Index.cc
0 60 4 4 16 0 0 12 0 0
fn=_GLOBAL__sub_I_Leaf.cc
0 45 3 3 12 0 0 9 0 0
fn=_GLOBAL__sub_I_LeafQuery.cc
0 15 1 1 4 0 0 3 0 0
fn=_GLOBAL__sub_I_LineSegment.cc
0 15 1 1 4 0 0 3 0 0
fn=_GLOBAL__sub_I_MVRTree.cc
0 15 1 1 4 0 0 3 0 0
fn=_GLOBAL__sub_I_MemoryStorageManager.cc
0 15 1 1 4 0 0 3 0 0
fn=_GLOBAL__sub_I_MovingPoint.cc
0 15 1 1 4 0 0 3 0 0
fn=_GLOBAL__sub_I_MovingRegion.cc
0 15 1 1 4 0 0 3 0 0
fn=_GLOBAL__sub_I_Node.cc
0 45 3 3 12 0 0 9 0 0
fn=_GLOBAL__sub_I_ObjVisitor.cc
0 15 1 1 4 0 0 3 0 0
fn=_GLOBAL__sub_I_Point.cc
0 15 1 1 4 0 0 3 0 0
fn=_GLOBAL__sub_I_RTree.cc
0 15 1 1 4 0 0 3 0 0
fn=_GLOBAL__sub_I_RandomEvictionsBuffer.cc
0 15 1 1 4 0 0 3 0 0
fn=_GLOBAL__sub_I_Region.cc
0 15 1 1 4 0 0 3 0 0
fn=_GLOBAL__sub_I_SpatialIndexImpl.cc
0 15 1 1 4 0 0 3 0 0
fn=_GLOBAL__sub_I_Statistics.cc
0 45 3 3 12 0 0 9 0 0
fn=_GLOBAL__sub_I_TPRTree.cc
0 15 0 0 4 0 0 3 0 0
fn=_GLOBAL__sub_I_TimePoint.cc
0 15 1 1 4 0 0 3 0 0
fn=_GLOBAL__sub_I_TimeRegion.cc
0 15 1 1 4 0 0 3 0 0
fn=_GLOBAL__sub_I_Tools.cc
0 15 1 1 4 0 0 3 0 0
fn=_GLOBAL__sub_I_Utility.cc
0 15 1 1 4 0 0 3 0 0
fn=_GLOBAL__sub_I_sidx_api.cc
0 15 1 1 4 0 0 3 0 0
fn=_PyAST_Compile
0 26488 2620 1050 6048 1042 57 5492 42 0
fn=_PyArena_AddPyObject
0 104520 3052 139 37530 81 1 26500 0 0
fn=_PyArena_Free
0 2919 347 133 1053 412 65 633 0 0
fn=_PyArena_Malloc
0 454243 893 167 185451 153 0 103364 1309 372
fn=_PyArena_New
0 3630 363 191 484 0 0 1331 93 10
fn=_PyArg_ParseTupleAndKeywords_SizeT
0 508830 33630 9382 60228 164 0 283974 239 3
fn=_PyArg_ParseTuple_SizeT
0 836264 44250 4614 122980 3939 5 516516 11484 471
fn=_PyArg_UnpackKeywords
0 14910 1066 589 4194 420 227 2606 5 0
fn=_PyArg_UnpackKeywordsWithVararg
0 19766 1567 689 4503 299 165 4364 9 0
fn=_PyArg_UnpackStack
0 31467 2318 488 3253 0 0 15469 2 0
fn=_PyArgv_AsWstrList
0 171 9 3 63 2 0 57 3 0
fn=_PyBytesWriter_Alloc
0 62 6 6 10 0 0 14 0 0
fn=_PyBytesWriter_Dealloc
0 15 2 2 4 0 0 4 0 0
fn=_PyBytesWriter_Finish
0 1153 101 15 209 23 1 231 5 4
fn=_PyBytesWriter_Init
0 243 27 5 54 0 0 189 17 2
fn=_PyBytesWriter_Prepare
0 550 50 6 150 0 0 125 0 0
fn=_PyBytesWriter_Resize
0 72 6 6 24 0 0 18 1 0
fn=_PyBytes_Repeat
0 48 9 9 15 3 3 12 0 0
fn=_PyBytes_Resize
0 57837 3336 2923 16313 158 3 13035 46 33
fn=_PyCode_ConstantKey
0 122458 1439 484 19169 344 136 14064 45 0
fn=_PyCode_New
0 8536688 96850 28446 2084255 119847 11107 890221 43800 39951
fn=_PyCode_Validate
0 1960296 20044 8287 825522 11790 444 38590 3422 276
fn=_PyCodecInfo_GetIncrementalDecoder
0 40 5 5 10 0 0 10 0 0
fn=_PyCodecInfo_GetIncrementalEncoder
0 24 3 2 6 0 0 6 0 0
fn=_PyCodec_Lookup
0 197 18 18 51 9 4 25 2 2
fn=_PyCodec_LookupTextEncoding
0 608 40 30 160 15 11 80 0 0
fn=_PyConfig_AsDict
0 926 62 62 140 10 6 19 0 0
fn=_PyConfig_FromDict
0 552 35 35 51 3 0 7 0 0
fn=_PyConfig_InitCompatConfig
0 93 4 2 15 2 1 45 0 0
fn=_PyDict_Contains_KnownHash
0 8414 254 178 1202 0 0 1202 0 0
fn=_PyDict_DelItemIf
0 152020 11056 6740 40078 742 0 27640 266 0
fn=_PyDict_DelItem_KnownHash
0 101014 7805 5497 31197 846 34 20552 0 0
fn=_PyDict_GetItemStringWithError
0 73122 2010 1610 17410 388 25 8705 154 129
fn=_PyDict_GetItemWithError
0 36200 4151 1908 13032 2171 281 5792 14 1
fn=_PyDict_GetItem_KnownHash
0 7906704 30319 1549 3294460 51297 11023 1317784 1178 45
fn=_PyDict_HasOnlyStringKeys
0 192 16 12 64 0 0 48 0 0
fn=_PyDict_MaybeUntrack
0 991842 101 101 321325 39762 39315 133551 410 29
fn=_PyDict_MergeEx
0 182576 16597 4965 45644 0 0 22822 27 0
fn=_PyDict_NewPresized
0 80 6 6 10 0 0 6 0 0
fn=_PyDict_Next
0 3345 66 38 1222 70 0 498 0 0
fn=_PyDict_SetItem_KnownHash
0 10392 1027 238 2520 244 7 708 0 0
fn=_PyErr_ChainExceptions1
0 2598 866 789 0 0 0 0 0 0
fn=_PyErr_ChainStackItem
0 1060 53 53 371 0 0 212 0 0
fn=_PyErr_CheckSignalsTstate
0 13 2 2 5 1 0 4 0 0
fn=_PyErr_Clear
0 3438 457 266 918 1 0 918 0 0
fn=_PyErr_ExceptionMatches
0 6603 689 437 2728 1 0 908 0 0
fn=_PyErr_Format
0 58 6 6 8 0 0 44 0 0
fn=_PyErr_GetTopmostException
0 26 4 4 8 1 0 4 0 0
fn=_PyErr_SetKeyError
0 95956 6462 2250 23989 3208 855 17135 0 0
fn=_PyErr_SetObject
0 2047839 196844 19457 765146 73620 12707 344653 2 0
fn=_PyEval_EvalFrameDefault
0 260297272 9429207 634289 73528510 6528178 1572664 33478390 364478 31224
fn=_PyEval_GetBuiltin
0 23 3 3 6 0 0 5 0 0
fn=_PyEval_MakePendingCalls
0 23 2 2 7 0 0 3 0 0
fn=_PyEval_SliceIndex
0 582737 16183 1897 160655 8249 552 99805 538 2
fn=_PyFloat_FormatAdvancedWriter
0 216 24 4 30 0 0 24 0 0
fn=_PyFunction_Vectorcall
0 1720860 104218 2588 430215 96927 52794 172086 351 14
fn=_PyGen_FetchStopIterationValue
0 88 12 12 24 0 0 20 0 0
fn=_PyGen_Finalize
0 66452 5740 1620 26541 433 61 20182 0 0
fn=_PyImport_CheckSubinterpIncompatibleExtensionAllowed
0 108 12 7 24 6 3 18 0 0
fn=_PyImport_FixupBuiltin
0 60 6 3 12 0 0 10 0 0
fn=_PyImport_FixupExtensionObject
0 175 15 15 42 2 0 42 0 0
fn=_PyImport_GetModuleAttrString
0 37193 2594 2401 7785 55 3 7785 0 0
fn=_PyImport_IsInitialized
0 63 7 7 21 6 4 14 1 1
fn=_PyInterpreterState_Enable
0 14 1 1 4 0 0 8 0 0
fn=_PyInterpreterState_GetConfig
0 6027 289 29 1722 0 0 1722 4 1
fn=_PyInterpreterState_HasFeature
0 54 6 6 18 6 3 12 0 0
fn=_PyInterpreterState_SetNotRunningMain
0 8 2 2 2 0 0 3 1 1
fn=_PyInterpreterState_SetRunningMain
0 20 2 2 5 1 0 3 0 0
fn=_PyList_Extend
0 36366 5036 777 12122 0 0 12122 0 0
fn=_PyLong_AsInt
0 309492 18847 3096 92278 10208 753 47004 38 0
fn=_PyLong_Format
0 4913 6 6 867 0 0 578 0 0
fn=_PyLong_FormatAdvancedWriter
0 7168 331 17 1632 2 2 928 3 0
fn=_PyLong_FormatWriter
0 1246 51 8 178 0 0 178 0 0
fn=_PyLong_Frexp
0 369 35 24 44 3 2 30 0 0
fn=_PyLong_FromBytes
0 7568 393 42 2064 0 0 2064 0 0
fn=_PyLong_FromTime_t
0 60498 3361 495 20166 0 0 20166 2 0
fn=_PyLong_FromUid
0 36 2 2 8 0 0 8 0 0
fn=_PyLong_GCD
0 572 45 19 91 0 0 44 0 0
fn=_PyLong_New
0 2144 152 51 335 9 0 469 10 4
fn=_PyLong_NumBits
0 2154 188 42 183 0 0 0 0 0
fn=_PyLong_Sign
0 6520 1122 551 1956 0 0 1304 0 0
fn=_PyMem_RawStrdup
0 120 5 3 35 1 0 25 0 0
fn=_PyMem_RawWcsdup
0 2272 32 12 426 0 0 284 0 0
fn=_PyMem_SetDefaultAllocator
0 364 19 15 100 2 1 74 0 0
fn=_PyMem_Strdup
0 68350 2708 2379 20440 2141 893 9673 30 30
fn=_PyModuleSpec_IsInitializing
0 248585 14791 1672 64425 0 0 32655 0 0
fn=_PyModule_Add
0 168 6 4 48 0 0 48 0 0
fn=_PyModule_Clear
0 548844 16 12 131971 21989 9536 2310 2 0
fn=_PyModule_ClearDict
0 12484 9 7 2942 533 304 22 0 0
fn=_PyModule_CreateInitialized
0 467 40 34 120 29 14 84 0 0
fn=_PyNamespace_New
0 62 6 4 14 0 0 12 0 0
fn=_PyNumber_Index
0 92618 7534 3073 29379 1827 862 14274 284 72
fn=_PyOS_URandom
0 246 24 21 66 6 6 66 6 0
fn=_PyOS_URandomNonblock
0 8 1 1 2 0 0 2 0 0
fn=_PyObject_CallFunction_SizeT
0 258531 17302 10624 62161 10880 5826 84371 221 2
fn=_PyObject_CallMethod
0 2980 259 184 704 53 21 844 2 0
fn=_PyObject_CallMethod_SizeT
0 1708 170 32 416 96 4 526 3 0
fn=_PyObject_Call_Prepend
0 874877 63381 10236 265136 37590 17933 153288 3437 154
fn=_PyObject_ClearManagedDict
0 61520 151 123 22035 3138 1379 13330 19 1
fn=_PyObject_FastCall
0 46536 3324 1389 16620 6514 931 6648 0 0
fn=_PyObject_GC_New
0 14543360 332643 7258 4261001 205064 46602 3130716 61372 16487
fn=_PyObject_GC_NewVar
0 3622112 78314 2784 1082544 39224 7235 811072 21916 8951
fn=_PyObject_GC_Resize
0 26464 1581 259 6616 32 1 4135 1 0
fn=_PyObject_GenericGetAttrWithDict
0 24074026 793437 20643 7938559 378627 95499 4621302 35870 484
fn=_PyObject_GenericSetAttrWithDict
0 94100 6098 875 28562 1074 146 15700 142 0
fn=_PyObject_GetMethod
0 2115741 103998 5428 698412 52781 21907 497133 1092 83
fn=_PyObject_HasLen
0 132 22 19 55 0 0 22 0 0
fn=_PyObject_IsAbstract
0 102281 786 570 26894 1834 276 13656 1 0
fn=_PyObject_LookupAttr
0 4370258 142738 3057 1423446 88822 8750 951569 9506 366
fn=_PyObject_LookupSpecial
0 4014566 124099 33291 1477046 124213 31839 662251 6322 112
fn=_PyObject_MakeTpCall
0 6384865 308012 13994 1787278 58476 3338 1406634 2312 117
fn=_PyObject_New
0 189721 7198 652 60156 7714 1783 51613 6 0
fn=_PyObject_NewVar
0 559584 2615 1355 173664 7543 1677 154368 6810 6390
fn=_PyObject_RealIsInstance
0 1589936 69004 15982 480370 0 0 253402 5422 2
fn=_PyObject_RealIsSubclass
0 277060 27990 1348 118740 4552 37 39580 0 0
fn=_PyObject_VisitManagedDict
0 2768482 1403 1206 908934 91044 61624 296690 2599 67
fn=_PyPathConfig_ClearGlobal
0 41 3 3 12 2 2 13 0 0
fn=_PyPreConfig_InitCompatConfig
0 96 3 1 12 0 0 66 2 1
fn=_PyRun_AnyFileObject
0 30 4 4 7 1 1 7 0 0
fn=_PyRun_SimpleFileObject
0 129 12 11 16 2 2 14 0 0
fn=_PyRuntimeState_Fini
0 224 3 3 50 3 2 40 0 0
fn=_PyRuntimeState_Init
0 176 6 6 36 3 2 49 8 4
fn=_PyRuntime_Finalize
0 11 1 1 2 0 0 3 0 0
fn=_PyRuntime_Initialize
0 22 4 2 4 1 1 7 0 0
fn=_PySet_NextEntry
0 23312 966 344 5969 150 124 3350 0 0
fn=_PySet_Update
0 2178 237 222 605 0 0 484 0 0
fn=_PySlice_FromIndices
0 700 54 47 175 0 0 125 0 0
fn=_PySlice_GetLongIndices
0 16425 1349 317 4950 46 1 3375 0 0
fn=_PyStack_AsDict
0 1548 129 31 387 0 0 258 0 0
fn=_PyStructSequence_NewType
0 1171 93 37 190 48 29 270 0 0
fn=_PySys_GetAttr
0 624 42 28 168 1 0 120 0 0
fn=_PyThreadState_Bind
0 22 1 1 6 0 0 6 1 1
fn=_PyThreadState_DeleteExcept
0 29 3 3 14 0 0 9 0 0
fn=_PyThreadState_GetCurrent
0 26873 2445 287 7329 0 0 4886 39 0
fn=_PyThreadState_New
0 6 0 0 2 0 0 2 0 0
fn=_PyThreadState_UncheckedGet
0 7054905 276181 498 1924065 64 10 1282710 0 0
fn=_PyTime_Add
0 117918 15806 940 23430 0 0 23430 0 0
fn=_PyTime_AsMicroseconds
0 57537 2875 1369 5752 0 0 5752 0 0
fn=_PyTime_AsSecondsDouble
0 120 12 9 16 0 0 16 0 0
fn=_PyTime_AsTimespec_clamp
0 222585 16398 1177 23430 0 0 46860 0 0
fn=_PyTime_FromMicrosecondsClamp
0 276552 13296 2279 23046 0 0 23046 310 8
fn=_PyTime_FromNanoseconds
0 1152 131 16 384 0 0 384 3 0
fn=_PyTime_FromSeconds
0 25893 5749 1614 5754 0 0 5754 268 0
fn=_PyTime_GetMonotonicClock
0 363165 31242 2150 46860 0 0 23430 156 6
fn=_PyTime_GetSystemClockWithInfo
0 72 9 9 21 0 0 15 0 0
fn=_PyTime_localtime
0 36 3 2 6 0 0 10 1 0
fn=_PyToken_OneChar
0 14676 718 89 3669 571 88 2446 0 0
fn=_PyToken_ThreeChars
0 55 7 3 6 0 0 6 0 0
fn=_PyToken_TwoChars
0 21146 1654 100 3654 219 48 2440 0 0
fn=_PyTrash_begin
0 6411400 182634 255 641140 36713 5373 641140 0 0
fn=_PyTrash_cond
0 6431480 136946 282 2572592 0 0 1286296 6 0
fn=_PyTrash_end
0 11336136 318002 449 3778712 323 13 3205700 1115 138
fn=_PyTuple_MaybeUntrack
0 3954878 980 962 1192962 59710 19435 659908 465 60
fn=_PyTuple_Resize
0 87792 5350 782 23849 216 0 14048 5 0
fn=_PyType_CalculateMetaclass
0 25049 2461 1332 7387 1951 587 0 0 0
fn=_PyType_GetDict
0 7043125 344044 940 2752492 252285 48527 983930 3789 73
fn=_PyType_GetDocFromInternalDoc
0 4581 206 69 819 8 7 345 0 0
fn=_PyType_Lookup
0 19792783 398438 3064 6176935 463786 181464 3338312 37145 3437
fn=_PyType_Name
0 1274 158 34 364 9 5 273 0 0
fn=_PyUnicodeWriter_Dealloc
0 32 3 2 12 0 0 8 0 0
fn=_PyUnicodeWriter_Finish
0 25602 1870 924 5549 306 10 3394 134 0
fn=_PyUnicodeWriter_Init
0 6000 11 4 1000 0 0 3500 0 0
fn=_PyUnicodeWriter_PrepareInternal
0 1864614 126026 14145 389280 5596 62 384925 40570 15780
fn=_PyUnicodeWriter_WriteASCIIString
0 583702 21763 2607 194546 0 0 97296 0 0
fn=_PyUnicodeWriter_WriteChar
0 23310 430 4 8622 0 0 5172 16 8
fn=_PyUnicodeWriter_WriteStr
0 119434 2253 372 40812 244 41 20337 0 0
fn=_PyUnicode_AsUTF8String
0 8 1 1 2 0 0 2 0 0
fn=_PyUnicode_DecodeUnicodeEscapeInternal
0 1008 65 13 273 1 1 260 0 0
fn=_PyUnicode_EQ
0 34102 3141 2439 9104 972 726 2238 1 0
fn=_PyUnicode_Equal
0 485589 25855 4111 85014 3997 1731 22068 1 0
fn=_PyUnicode_EqualToASCIIString
0 1361826 6080 3540 513408 657 61 385056 64 5
fn=_PyUnicode_FormatAdvancedWriter
0 10149 539 264 2985 0 0 2388 22 0
fn=_PyUnicode_FormatLong
0 35078 60 21 6166 2 1 5509 14 0
fn=_PyUnicode_FromASCII
0 266995 4476 1749 41741 24 1 59235 820 312
fn=_PyUnicode_InsertThousandsGrouping
0 4096 224 7 1056 0 0 800 0 0
fn=_PyUnicode_IsAlpha
0 299 4 4 65 11 10 26 0 0
fn=_PyUnicode_IsCased
0 48921 542 540 10635 0 0 4254 0 0
fn=_PyUnicode_IsDecimalDigit
0 138 11 8 30 6 3 12 0 0
fn=_PyUnicode_IsDigit
0 4462 228 6 970 181 6 388 13 0
fn=_PyUnicode_IsLowercase
0 487071 34 12 105885 91 21 42354 0 0
fn=_PyUnicode_IsNumeric
0 46 4 4 10 0 0 4 0 0
fn=_PyUnicode_IsPrintable
0 27991 2139 72 6085 834 103 2434 0 0
fn=_PyUnicode_IsTitlecase
0 481229 44 10 104615 0 0 41846 0 0
fn=_PyUnicode_IsUppercase
0 39284 5 5 8540 0 0 3416 0 0
fn=_PyUnicode_IsXidContinue
0 52647 101 72 11445 132 88 4578 0 0
fn=_PyUnicode_IsXidStart
0 7797 305 204 1695 310 155 678 0 0
fn=_PyUnicode_JoinArray
0 2744155 129818 12612 584764 6006 1381 225531 10122 3384
fn=_PyUnicode_ToDecimalDigit
0 13104 1092 461 2806 728 393 1092 91 2
fn=_PyUnicode_ToLowerFull
0 49896 522 522 11088 50 50 5544 0 0
fn=_PyUnicode_ToLowercase
0 10675 117 35 2562 227 58 854 0 0
fn=_PyUnicode_ToTitleFull
0 7533 813 797 1674 812 812 837 0 0
fn=_PyUnicode_ToUppercase
0 5330 144 28 1230 0 0 410 0 0
fn=_PyUnicode_TransformDecimalAndSpaceToASCII
0 5699 342 116 2336 6 0 1319 111 0
fn=_PyWarnings_Init
0 8 1 1 2 0 0 2 0 0
fn=_PyWeakref_ClearRef
0 77041 96 96 30906 4236 3852 23424 222 187
fn=_PyWideStringList_AsList
0 286 12 4 103 5 2 55 0 0
fn=_PyWideStringList_Clear
0 1122 31 19 468 23 15 372 1 0
fn=_PyWideStringList_Copy
0 616 10 6 202 6 0 174 1 0
fn=_PyWideStringList_Extend
0 38 2 2 14 0 0 20 0 0
fn=_Py_BuildValue_SizeT
0 6390 547 167 852 0 0 5112 34 0
fn=_Py_CheckFunctionResult
0 2090279 173380 7544 643195 14827 44 482082 8359 46
fn=_Py_ClearArgcArgv
0 15 2 2 2 0 0 2 0 0
fn=_Py_ClearStandardStreamEncoding
0 40 4 4 10 1 1 6 0 0
fn=_Py_CoerceLegacyLocale
0 112 13 4 18 3 1 12 0 0
fn=_Py_Dealloc
0 10489248 123084 281 4661888 272345 16098 2330944 7927 51
fn=_Py_DecodeLocaleEx
0 17353 1971 619 5663 3 0 5324 0 0
fn=_Py_DecodeUTF8Ex
0 55068 147 88 6692 8 5 7926 33 19
fn=_Py_EncodeLocaleEx
0 448 83 9 140 20 3 168 17 0
fn=_Py_EncodeUTF8Ex
0 14441 457 73 2127 0 0 2237 19 14
fn=_Py_FdIsInteractive
0 15 2 2 4 0 0 3 0 0
fn=_Py_GetConfig
0 184680 1918 871 41040 4 2 0 0 0
fn=_Py_GetEnv
0 144 3 3 24 0 0 24 0 0
fn=_Py_GetLocaleEncoding
0 38 4 4 8 2 2 4 0 0
fn=_Py_GetLocaleEncodingObject
0 36 4 4 6 0 0 6 0 0
fn=_Py_HashBytes
0 14320898 198723 12617 718358 31537 2026 0 0 0
fn=_Py_HashDouble
0 621032 14659 1958 26703 0 0 17802 0 0
fn=_Py_HashPointer
0 1536336 130756 1419 341408 0 0 341408 0 0
fn=_Py_LegacyLocaleDetected
0 20 2 1 2 0 0 2 0 0
fn=_Py_NewReference
0 21505710 220147 1168 5734856 30584 1396 5734856 112378 20536
fn=_Py_NewReferenceNoTotal
0 356010 32067 1004 94936 155 37 94936 0 0
fn=_Py_PreInitializeFromConfig
0 1518 4 4 552 9 0 690 2 0
fn=_Py_PreInitializeFromPyArgv
0 48 3 3 13 2 1 13 1 0
fn=_Py_ResetForceASCII
0 54 2 1 12 0 0 18 1 1
fn=_Py_SetLocaleFromEnv
0 28 4 2 6 1 0 6 0 0
fn=_Py_SourceAsString
0 3332 238 112 1190 0 0 952 0 0
fn=_Py_UniversalNewlineFgetsWithSize
0 89229 577 6 16313 201 79 11585 13 3
fn=_Py_VaBuildStack
0 43960 5585 2466 12560 0 0 12560 1089 10
fn=_Py_VaBuildStack_SizeT
0 37870 3675 1799 10820 0 0 10820 98 0
fn=_Py_convert_optional_to_ssize_t
0 81 9 8 24 8 2 15 0 0
fn=_Py_dg_dtoa
0 817183 8336 300 170056 185 28 68527 94 12
fn=_Py_dg_freedtoa
0 6216 311 6 1554 0 0 1554 0 0
fn=_Py_dg_strtod
0 102136 4126 363 16939 50 6 10210 38 1
fn=_Py_fopen_obj
0 59 5 5 11 0 0 8 0 0
fn=_Py_fstat_noraise
0 10368 1728 496 3456 0 0 3456 0 0
fn=_Py_get_env_flag
0 98 2 2 21 0 0 21 0 0
fn=_Py_get_xoption
0 225 9 4 105 1 0 90 0 0
fn=_Py_gitidentifier
0 8 2 2 2 0 0 2 0 0
fn=_Py_gitversion
0 8 0 0 2 0 0 2 0 0
fn=_Py_hashtable_destroy
0 62562 10 10 20719 3069 2017 12 0 0
fn=_Py_hashtable_get
0 2538693 15747 4852 1054142 143929 113026 496752 18 1
fn=_Py_hashtable_new_full
0 161 15 15 34 3 2 78 6 5
fn=_Py_hashtable_set
0 85482 98 82 26304 15 7 26280 12 10
fn=_Py_normpath
0 176 18 1 44 0 0 44 0 0
fn=_Py_parse_inf_or_nan
0 2377 149 149 624 149 147 117 0 0
fn=_Py_read
0 65550 2595 2288 17250 0 0 17250 5 0
fn=_Py_set_inheritable
0 15543 1728 1356 4316 863 855 3454 0 0
fn=_Py_string_to_number_with_underscores
0 3175 85 78 1016 0 0 1016 0 0
fn=_Py_wfopen
0 270 26 5 35 1 0 25 0 0
fn=_Py_wgetcwd
0 47 4 4 9 4 0 7 2 2
fn=_Py_wreadlink
0 144 8 7 26 3 0 22 4 3
fn=_Py_wrealpath
0 55 5 5 9 3 0 7 0 0
fn=_Py_write
0 760 57 39 200 0 0 200 5 0
fn=_Unwind_DeleteException
0 14 2 2 2 0 0 0 0 0
fn=_Unwind_Find_FDE
0 3898 22 22 650 75 62 270 13 0
fn=_Unwind_GetCFA
0 24 2 2 8 0 0 0 0 0
fn=_Unwind_GetIPInfo
0 36 0 0 12 0 0 6 0 0
fn=_Unwind_GetLanguageSpecificData
0 18 2 2 6 0 0 0 0 0
fn=_Unwind_GetRegionStart
0 18 2 2 6 0 0 0 0 0
fn=_Unwind_RaiseException
0 264 16 16 64 3 0 52 8 0
fn=_Unwind_SetGR
0 68 2 2 16 0 0 4 0 0
fn=_Unwind_SetIP
0 6 0 0 0 0 0 2 0 0
fn=__aarch64_cas4_acq
0 47280 581 224 15760 294 21 0 0 0
fn=__aarch64_cas4_rel
0 28266 1346 15 9422 22 0 0 0 0
fn=__aarch64_cas8_acq
0 70470 17240 973 23490 5789 857 0 0 0
fn=__aarch64_cas8_rel
0 70284 19827 1091 23428 2419 3 0 0 0
fn=__aarch64_ldadd4_acq
0 19200 694 212 9600 422 6 0 0 0
fn=__aarch64_ldadd4_acq_rel
0 3366 54 10 1683 273 78 0 0 0
fn=__aarch64_ldadd4_relax
0 192 20 17 96 17 12 0 0 0
fn=__aarch64_ldadd8_relax
0 216 41 37 108 8 8 0 0 0
fn=__aarch64_ldset4_acq
0 9066 74 10 4533 28 1 0 0 0
fn=__aarch64_swp4_rel
0 45294 223 211 22647 0 0 0 0 0
fn=__aarch64_swp4_relax
0 9636 255 5 4818 11 0 0 0 0
fn=__aarch64_swp8_acq
0 9420 151 143 4710 166 31 0 0 0
fn=__addtf3
0 11791 230 53 237 0 0 237 0 0
fn=__arm_za_disable
0 10 4 4 2 2 2 0 0 0
fn=__cxa_allocate_exception
0 38 4 4 6 0 0 22 3 3
fn=__cxa_begin_catch
0 72 6 6 16 0 0 14 0 0
fn=__cxa_end_catch
0 48 6 6 12 0 0 6 0 0
fn=__cxa_free_exception
0 22 2 2 4 4 4 0 0 0
fn=__cxa_get_globals
0 72 6 6 18 3 3 12 0 0
fn=__cxa_get_globals_fast
0 24 2 2 6 0 0 4 0 0
fn=__cxa_init_primary_exception
0 48 2 2 6 0 0 20 0 0
fn=__cxa_throw
0 46 4 4 2 2 2 14 0 0
fn=__cxxabiv1::__class_type_info::__do_catch(std::type_info const*, void**, unsigned int) const
0 30 6 6 12 0 0 8 0 0
fn=__cxxabiv1::__si_class_type_info::__do_dyncast(long, __cxxabiv1::__class_type_info::__sub_kind, __cxxabiv1::__class_type_info const*, void const*, __cxxabiv1::__class_type_info const*, void const*, __cxxabiv1::__class_type_info::__dyncast_result&) const
0 47390 1721 310 17602 0 0 18956 58 0
fn=__cxxabiv1::__vmi_class_type_info::__do_dyncast(long, __cxxabiv1::__class_type_info::__sub_kind, __cxxabiv1::__class_type_info const*, void const*, __cxxabiv1::__class_type_info const*, void const*, __cxxabiv1::__class_type_info::__dyncast_result&) const
0 203100 2854 1297 63638 282 264 44682 65 0
fn=__divtf3
0 2975 121 80 58 3 2 52 0 0
fn=__dynamic_cast
0 1036458 35421 32377 389440 13177 5274 221332 0 0
fn=__eqtf2
0 1283 114 14 0 0 0 0 0 0
fn=__extenddftf2
0 96 17 6 0 0 0 0 0 0
fn=__fixtfsi
0 374 44 4 33 0 0 33 0 0
fn=__fixunstfdi
0 126 15 15 9 0 0 9 0 0
fn=__floatditf
0 75 12 9 0 0 0 0 0 0
fn=__floatsitf
0 340 28 4 0 0 0 0 0 0
fn=__floatunditf
0 60 9 8 0 0 0 0 0 0
fn=__getf2
0 1439 108 15 0 0 0 0 0 0
fn=__gnu_cxx::stdio_sync_filebuf<char, std::char_traits<char> >::sync()
0 15 1 1 5 2 2 0 0 0
fn=__gnu_cxx::stdio_sync_filebuf<wchar_t, std::char_traits<wchar_t> >::sync()
0 15 0 0 5 2 2 0 0 0
fn=__gxx_personality_v0
0 2616 50 46 336 2 2 230 0 0
fn=__letf2
0 1772 146 17 0 0 0 0 0 0
fn=__multf3
0 26276 180 79 855 0 0 855 3 3
fn=__sfp_handle_exceptions
0 2634 16 5 0 0 0 0 0 0
fn=__subtf3
0 9461 296 114 90 0 0 90 0 0
fn=__unordtf2
0 1278 73 18 0 0 0 0 0 0
fn=call_weak_fn
0 4 2 2 1 1 1 0 0 0
fn=cblas_ddot
0 280798 18116 11734 72464 9058 5121 54348 0 0
fn=cblas_sdot
0 31 2 2 8 1 1 6 0 0
fn=char* std::string::_S_construct<char const*>(char const*, char const*, std::allocator<char> const&, std::forward_iterator_tag)
0 130 18 16 20 3 0 24 0 0
fn=ddot_
0 434784 36232 481 99638 10993 0 18116 0 0
fn=ddotsub_
0 99638 18116 4026 27174 0 0 36232 0 0
fn=ffi_call
0 66724 16786 1194 19064 0 0 19064 0 0
fn=ffi_closure_alloc
0 415 29 29 49 7 7 68 14 13
fn=ffi_closure_free
0 12 2 0 4 0 0 4 0 0
fn=ffi_prep_cif
0 104874 18364 769 19068 0 0 19068 18 0
fn=ffi_prep_closure_loc
0 108 8 8 28 2 0 26 0 0
fn=init_have_lse_atomics
0 31 2 2 6 0 0 9 2 1
fn=npy_clear_floatstatus_barrier
0 868524 98226 153 217131 0 0 217131 0 0
fn=npy_double_to_half
0 259 34 8 33 0 0 33 0 0
fn=npy_float_to_half
0 170 22 6 20 0 0 20 0 0
fn=npy_get_floatstatus_barrier
0 2346937 117402 1065 522953 29 0 522953 0 0
fn=npy_half_eq_nonan
0 13 1 1 2 0 0 2 0 0
fn=npy_half_isinf
0 80 13 2 16 0 0 16 0 0
fn=npy_half_isnan
0 22 2 1 4 0 0 4 0 0
fn=npy_half_iszero
0 8 0 0 2 0 0 2 0 0
fn=npy_half_nextafter
0 34 4 4 5 0 0 5 0 0
fn=npy_half_to_double
0 133 21 3 14 0 0 14 1 0
fn=npy_half_to_float
0 90 8 2 10 0 0 10 0 0
fn=operator delete(void*)
0 109864 6481 5469 0 0 0 0 0 0
fn=operator delete[](void*)
0 55622 6439 5728 0 0 0 0 0 0
fn=operator new(unsigned long)
0 714116 6390 5986 164796 0 0 164796 1025 8
fn=operator new[](unsigned long)
0 55622 6370 533 0 0 0 0 0 0
fn=sdot_
0 42 4 4 9 0 0 2 0 0
fn=sdotsub_
0 11 2 2 3 0 0 4 0 0
fn=std::_Deque_base<SpatialIndex::RTree::Node*, std::allocator<SpatialIndex::RTree::Node*> >::_M_initialize_map(unsigned long)
0 306 12 12 72 0 0 120 1 1
fn=std::_Deque_base<Tools::PoolPointer<SpatialIndex::RTree::Node>, std::allocator<Tools::PoolPointer<SpatialIndex::RTree::Node> > >::_M_initialize_map(unsigned long) [clone .constprop.0]
0 155176 11084 121 38794 0 0 88672 5542 0
fn=std::_Deque_base<long, std::allocator<long> >::_M_initialize_map(unsigned long)
0 1836 144 143 432 0 0 720 36 0
fn=std::_Rb_tree<long, std::pair<long const, SpatialIndex::StorageManager::Buffer::Entry*>, std::_Select1st<std::pair<long const, SpatialIndex::StorageManager::Buffer::Entry*> >, std::less<long>, std::allocator<std::pair<long const, SpatialIndex::StorageManager::Buffer::Entry*> > >::_M_erase(std::_Rb_tree_node<std::pair<long const, SpatialIndex::StorageManager::Buffer::Entry*> >*)
0 27 6 4 10 0 0 8 0 0
fn=std::_Rb_tree<std::string, std::pair<std::string const, Tools::Variant>, std::_Select1st<std::pair<std::string const, Tools::Variant> >, std::less<std::string>, std::allocator<std::pair<std::string const, Tools::Variant> > >::_M_erase(std::_Rb_tree_node<std::pair<std::string const, Tools::Variant> >*)
0 6149 120 64 2189 201 122 954 6 0
fn=std::_Rb_tree_decrement(std::_Rb_tree_node_base*)
0 1024 28 12 404 1 0 0 0 0
fn=std::_Rb_tree_increment(std::_Rb_tree_node_base*)
0 77 6 4 26 1 0 0 0 0
fn=std::_Rb_tree_insert_and_rebalance(bool, std::_Rb_tree_node_base*, std::_Rb_tree_node_base*, std::_Rb_tree_node_base&)
0 7569 120 58 1830 10 1 1958 2 0
fn=std::_Rb_tree_node<std::pair<std::string const, Tools::Variant> >* std::_Rb_tree<std::string, std::pair<std::string const, Tools::Variant>, std::_Select1st<std::pair<std::string const, Tools::Variant> >, std::less<std::string>, std::allocator<std::pair<std::string const, Tools::Variant> > >::_M_copy<std::_Rb_tree<std::string, std::pair<std::string const, Tools::Variant>, std::_Select1st<std::pair<std::string const, Tools::Variant> >, std::less<std::string>, std::allocator<std::pair<std::string const, Tools::Variant> > >::_Alloc_node>(std::_Rb_tree_node<std::pair<std::string const, Tools::Variant> > const*, std::_Rb_tree_node_base*, std::_Rb_tree<std::string, std::pair<std::string const, Tools::Variant>, std::_Select1st<std::pair<std::string const, Tools::Variant> >, std::less<std::string>, std::allocator<std::pair<std::string const, Tools::Variant> > >::_Alloc_node&) [clone .isra.0]
0 2193 15 15 750 21 10 903 11 3
fn=std::_Rb_tree_rebalance_for_erase(std::_Rb_tree_node_base*, std::_Rb_tree_node_base&)
0 74 16 14 20 1 0 8 0 0
fn=std::_Sp_counted_ptr<SpatialIndex::RTree::ExternalSorter*, (__gnu_cxx::_Lock_policy)2>::_M_destroy()
0 4 2 2 0 0 0 0 0 0
fn=std::_Sp_counted_ptr<SpatialIndex::RTree::ExternalSorter*, (__gnu_cxx::_Lock_policy)2>::_M_dispose()
0 68 4 4 24 8 4 12 2 0
fn=std::__cxx11::messages<char>::messages(unsigned long)
0 20 2 2 4 1 1 7 0 0
fn=std::__cxx11::messages<wchar_t>::messages(unsigned long)
0 20 2 2 4 0 0 7 0 0
fn=std::__cxx11::moneypunct<char, false>::_M_initialize_moneypunct(__locale_struct*, char const*)
0 118 5 5 35 3 3 29 0 0
fn=std::__cxx11::moneypunct<char, true>::_M_initialize_moneypunct(__locale_struct*, char const*)
0 116 5 5 35 0 0 29 0 0
fn=std::__cxx11::moneypunct<wchar_t, false>::_M_initialize_moneypunct(__locale_struct*, char const*)
0 113 6 6 29 2 0 29 0 0
fn=std::__cxx11::moneypunct<wchar_t, true>::_M_initialize_moneypunct(__locale_struct*, char const*)
0 110 5 5 29 0 0 29 0 0
fn=std::__cxx11::numpunct<char>::_M_initialize_numpunct(__locale_struct*)
0 477 6 6 136 4 4 75 0 0
fn=std::__cxx11::numpunct<wchar_t>::_M_initialize_numpunct(__locale_struct*)
0 352 5 5 73 1 1 74 3 3
fn=std::__timepunct<char>::_M_initialize_timepunct(__locale_struct*)
0 127 10 10 7 0 0 53 0 0
fn=std::__timepunct<char>::__timepunct(std::__timepunct_cache<char>*, unsigned long)
0 22 2 2 4 0 0 8 1 1
fn=std::__timepunct<wchar_t>::_M_initialize_timepunct(__locale_struct*)
0 127 10 10 6 0 0 52 0 0
fn=std::__timepunct<wchar_t>::__timepunct(std::__timepunct_cache<wchar_t>*, unsigned long)
0 22 2 2 4 1 1 8 0 0
fn=std::basic_ios<char, std::char_traits<char> >::_M_cache_locale(std::locale const&)
0 264 9 6 128 13 8 56 0 0
fn=std::basic_ios<char, std::char_traits<char> >::init(std::basic_streambuf<char, std::char_traits<char> >*)
0 160 6 6 32 0 0 72 0 0
fn=std::basic_ios<wchar_t, std::char_traits<wchar_t> >::_M_cache_locale(std::locale const&)
0 132 3 3 64 1 0 28 0 0
fn=std::basic_ios<wchar_t, std::char_traits<wchar_t> >::init(std::basic_streambuf<wchar_t, std::char_traits<wchar_t> >*)
0 84 2 2 16 0 0 40 0 0
fn=std::basic_ostream<char, std::char_traits<char> >& std::__ostream_insert<char, std::char_traits<char> >(std::basic_ostream<char, std::char_traits<char> >&, char const*, long)
0 138 14 14 64 2 2 28 0 0
fn=std::basic_ostream<wchar_t, std::char_traits<wchar_t> >::flush()
0 217 4 4 95 7 7 24 0 0
fn=std::basic_ostream<wchar_t, std::char_traits<wchar_t> >::sentry::sentry(std::basic_ostream<wchar_t, std::char_traits<wchar_t> >&)
0 87 2 2 35 4 4 28 0 0
fn=std::basic_streambuf<char, std::char_traits<char> >::xsputn(char const*, long)
0 120 8 8 34 2 2 18 1 0
fn=std::basic_string<char, std::char_traits<char>, std::allocator<char> >::basic_string(char const*, std::allocator<char> const&)
0 115 10 5 25 0 0 30 0 0
fn=std::basic_string<char, std::char_traits<char>, std::allocator<char> >::basic_string(std::allocator<char> const&)
0 28 2 2 6 0 0 8 0 0
fn=std::basic_string<char, std::char_traits<char>, std::allocator<char> >::basic_string(std::string const&)
0 10603 80 14 3879 202 84 1811 14 4
fn=std::basic_stringbuf<char, std::char_traits<char>, std::allocator<char> >::_M_pbump(char*, char*, long)
0 20 2 2 0 0 0 6 0 0
fn=std::basic_stringbuf<char, std::char_traits<char>, std::allocator<char> >::_M_sync(char*, unsigned long, unsigned long)
0 54 8 8 16 0 0 14 0 0
fn=std::basic_stringbuf<char, std::char_traits<char>, std::allocator<char> >::overflow(int)
0 216 18 18 74 2 1 34 1 0
fn=std::codecvt<char, char, __mbstate_t>::codecvt(unsigned long)
0 18 2 2 5 1 1 7 1 1
fn=std::codecvt<wchar_t, char, __mbstate_t>::codecvt(unsigned long)
0 18 2 2 5 1 0 7 1 1
fn=std::ctype<char>::ctype(unsigned short const*, bool, unsigned long)
0 56 4 4 9 2 2 46 10 10
fn=std::ctype<wchar_t>::_M_convert_to_wmask(unsigned short) const
0 168 5 5 10 0 0 0 0 0
fn=std::ctype<wchar_t>::_M_initialize_ctype()
0 2705 4 4 9 0 0 417 20 20
fn=std::ctype<wchar_t>::ctype(unsigned long)
0 20 2 2 5 0 0 8 1 1
fn=std::deque<Tools::PoolPointer<SpatialIndex::RTree::Node>, std::allocator<Tools::PoolPointer<SpatialIndex::RTree::Node> > >::~deque()
0 282642 38794 4085 155176 366 0 88672 0 0
fn=std::error_category::error_category()
0 12 1 1 2 0 0 2 0 0
fn=std::error_category::~error_category()
0 4 0 0 0 0 0 0 0 0
fn=std::future_category()
0 4 1 1 0 0 0 0 0 0
fn=std::get_terminate()
0 10 2 2 4 2 2 0 0 0
fn=std::get_unexpected()
0 10 2 2 4 4 4 0 0 0
fn=std::ios_base::Init::Init()
0 1025 22 19 381 15 13 346 16 15
fn=std::ios_base::Init::~Init()
0 774 3 3 258 8 8 126 0 0
fn=std::ios_base::_M_call_callbacks(std::ios_base::event)
0 20 4 4 10 0 0 8 0 0
fn=std::ios_base::_M_dispose_callbacks()
0 28 4 4 14 0 0 14 0 0
fn=std::ios_base::_M_init()
0 420 9 7 120 5 4 84 1 0
fn=std::ios_base::ios_base()
0 450 6 5 10 2 1 240 33 30
fn=std::ios_base::~ios_base()
0 44 4 4 10 0 0 8 0 0
fn=std::locale::_Impl::_Impl(unsigned long)
0 666 43 43 98 41 38 232 36 36
fn=std::locale::_Impl::_M_install_facet(std::locale::id const*, std::locale::facet const*)
0 10688 8 8 2144 1 0 416 0 0
fn=std::locale::facet::_S_create_c_locale(__locale_struct*&, char const*, __locale_struct*)
0 13 1 1 3 0 0 4 0 0
fn=std::locale::facet::_S_get_c_locale()
0 238 2 2 98 3 3 42 0 0
fn=std::locale::facet::_S_get_c_name()
0 28 1 1 7 1 1 0 0 0
fn=std::locale::id::_M_id() const
0 1704 6 4 584 18 16 390 0 0
fn=std::locale::locale()
0 660 9 6 270 2 1 210 1 0
fn=std::locale::locale(std::locale::_Impl*)
0 3 1 1 0 0 0 1 0 0
fn=std::locale::operator=(std::locale const&)
0 288 12 8 120 0 0 72 0 0
fn=std::locale::~locale()
0 240 6 4 96 0 0 48 0 0
fn=std::messages<char>::messages(unsigned long)
0 20 2 2 4 0 0 7 0 0
fn=std::messages<wchar_t>::messages(unsigned long)
0 20 2 2 4 0 0 7 0 0
fn=std::moneypunct<char, false>::_M_initialize_moneypunct(__locale_struct*, char const*)
0 118 5 5 35 0 0 29 0 0
fn=std::moneypunct<char, true>::_M_initialize_moneypunct(__locale_struct*, char const*)
0 116 5 5 35 0 0 29 0 0
fn=std::moneypunct<wchar_t, false>::_M_initialize_moneypunct(__locale_struct*, char const*)
0 113 6 6 29 0 0 29 0 0
fn=std::moneypunct<wchar_t, true>::_M_initialize_moneypunct(__locale_struct*, char const*)
0 110 5 5 29 0 0 29 0 0
fn=std::numpunct<char>::_M_initialize_numpunct(__locale_struct*)
0 477 6 6 136 0 0 75 0 0
fn=std::numpunct<wchar_t>::_M_initialize_numpunct(__locale_struct*)
0 352 5 5 73 0 0 74 2 0
fn=std::ostream::flush()
0 217 4 4 95 11 10 24 0 0
fn=std::ostream::sentry::sentry(std::ostream&)
0 127 6 6 51 2 2 42 2 0
fn=std::pair<std::_Rb_tree_iterator<std::pair<long const, SpatialIndex::StorageManager::Buffer::Entry*> >, bool> std::_Rb_tree<long, std::pair<long const, SpatialIndex::StorageManager::Buffer::Entry*>, std::_Select1st<std::pair<long const, SpatialIndex::StorageManager::Buffer::Entry*> >, std::less<long>, std::allocator<std::pair<long const, SpatialIndex::StorageManager::Buffer::Entry*> > >::_M_emplace_unique<std::pair<long, SpatialIndex::StorageManager::Buffer::Entry*> >(std::pair<long, SpatialIndex::StorageManager::Buffer::Entry*>&&)
0 356 27 17 121 2 1 88 1 0
fn=std::pair<std::_Rb_tree_iterator<std::pair<std::string const, Tools::Variant> >, bool> std::_Rb_tree<std::string, std::pair<std::string const, Tools::Variant>, std::_Select1st<std::pair<std::string const, Tools::Variant> >, std::less<std::string>, std::allocator<std::pair<std::string const, Tools::Variant> > >::_M_emplace_unique<std::pair<std::string, Tools::Variant> >(std::pair<std::string, Tools::Variant>&&)
0 22934 178 63 6144 109 1 3216 45 18
fn=std::string::_M_mutate(unsigned long, unsigned long, unsigned long)
0 128 14 14 42 0 0 32 0 0
fn=std::string::_M_replace_safe(unsigned long, unsigned long, char const*, unsigned long)
0 50 6 6 14 0 0 12 0 0
fn=std::string::_Rep::_M_clone(std::allocator<char> const&, unsigned long)
0 54 6 6 16 0 0 14 2 0
fn=std::string::_Rep::_M_destroy(std::allocator<char> const&)
0 568 42 5 0 0 0 0 0 0
fn=std::string::_Rep::_M_dispose(std::allocator<char> const&) [clone .part.0]
0 1252 18 9 355 1 0 284 0 0
fn=std::string::_Rep::_S_create(unsigned long, unsigned long, std::allocator<char> const&)
0 7384 117 23 852 0 0 1420 8 3
fn=std::string::_S_construct(unsigned long, char, std::allocator<char> const&)
0 28 2 2 4 2 1 0 0 0
fn=std::string::replace(unsigned long, unsigned long, char const*, unsigned long)
0 94 6 6 26 0 0 14 0 0
fn=std::string::reserve(unsigned long)
0 90 8 8 32 0 0 16 2 0
fn=std::string::swap(std::string&)
0 60 5 5 20 3 2 10 0 0
fn=std::type_info::__is_pointer_p() const
0 6 2 2 0 0 0 0 0 0
fn=std::uncaught_exception()
0 20 1 1 6 1 1 4 0 0
fn=void std::__adjust_heap<__gnu_cxx::__normal_iterator<SpatialIndex::RTree::RTree::NNEntry*, std::vector<SpatialIndex::RTree::RTree::NNEntry, std::allocator<SpatialIndex::RTree::RTree::NNEntry> > >, long, SpatialIndex::RTree::RTree::NNEntry, __gnu_cxx::__ops::_Iter_comp_iter<SpatialIndex::RTree::RTree::nearestNeighborQuery(unsigned int, SpatialIndex::IShape const&, SpatialIndex::IVisitor&, SpatialIndex::INearestNeighborComparator&, double)::{lambda(SpatialIndex::RTree::RTree::NNEntry const&, SpatialIndex::RTree::RTree::NNEntry const&)#1}> >(__gnu_cxx::__normal_iterator<SpatialIndex::RTree::RTree::NNEntry*, std::vector<SpatialIndex::RTree::RTree::NNEntry, std::allocator<SpatialIndex::RTree::RTree::NNEntry> > >, long, long, SpatialIndex::RTree::RTree::NNEntry, __gnu_cxx::__ops::_Iter_comp_iter<SpatialIndex::RTree::RTree::nearestNeighborQuery(unsigned int, SpatialIndex::IShape const&, SpatialIndex::IVisitor&, SpatialIndex::INearestNeighborComparator&, double)::{lambda(SpatialIndex::RTree::RTree::NNEntry const&, SpatialIndex::RTree::RTree::NNEntry const&)#1}>) [clone .constprop.0]
0 62868 699 535 13469 135 0 9743 0 0
fn=void std::__insertion_sort<__gnu_cxx::__normal_iterator<SpatialIndex::RTree::ExternalSorter::Record**, std::vector<SpatialIndex::RTree::ExternalSorter::Record*, std::allocator<SpatialIndex::RTree::ExternalSorter::Record*> > >, __gnu_cxx::__ops::_Iter_comp_iter<SpatialIndex::RTree::ExternalSorter::Record::SortAscending> >(__gnu_cxx::__normal_iterator<SpatialIndex::RTree::ExternalSorter::Record**, std::vector<SpatialIndex::RTree::ExternalSorter::Record*, std::allocator<SpatialIndex::RTree::ExternalSorter::Record*> > >, __gnu_cxx::__normal_iterator<SpatialIndex::RTree::ExternalSorter::Record**, std::vector<SpatialIndex::RTree::ExternalSorter::Record*, std::allocator<SpatialIndex::RTree::ExternalSorter::Record*> > >, __gnu_cxx::__ops::_Iter_comp_iter<SpatialIndex::RTree::ExternalSorter::Record::SortAscending>) [clone .isra.0]
0 78 8 8 26 0 0 20 0 0
fn=void std::__introsort_loop<__gnu_cxx::__normal_iterator<SpatialIndex::RTree::ExternalSorter::Record**, std::vector<SpatialIndex::RTree::ExternalSorter::Record*, std::allocator<SpatialIndex::RTree::ExternalSorter::Record*> > >, long, __gnu_cxx::__ops::_Iter_comp_iter<SpatialIndex::RTree::ExternalSorter::Record::SortAscending> >(__gnu_cxx::__normal_iterator<SpatialIndex::RTree::ExternalSorter::Record**, std::vector<SpatialIndex::RTree::ExternalSorter::Record*, std::allocator<SpatialIndex::RTree::ExternalSorter::Record*> > >, __gnu_cxx::__normal_iterator<SpatialIndex::RTree::ExternalSorter::Record**, std::vector<SpatialIndex::RTree::ExternalSorter::Record*, std::allocator<SpatialIndex::RTree::ExternalSorter::Record*> > >, long, __gnu_cxx::__ops::_Iter_comp_iter<SpatialIndex::RTree::ExternalSorter::Record::SortAscending>)
0 20 4 4 8 0 0 8 2 0
fn=void std::vector<SpatialIndex::IData*, std::allocator<SpatialIndex::IData*> >::_M_realloc_insert<SpatialIndex::IData* const&>(__gnu_cxx::__normal_iterator<SpatialIndex::IData**, std::vector<SpatialIndex::IData*, std::allocator<SpatialIndex::IData*> > >, SpatialIndex::IData* const&)
0 12464 352 343 3248 0 0 3480 35 23
fn=void std::vector<SpatialIndex::RTree::ExternalSorter::Record*, std::allocator<SpatialIndex::RTree::ExternalSorter::Record*> >::_M_realloc_insert<SpatialIndex::RTree::ExternalSorter::Record* const&>(__gnu_cxx::__normal_iterator<SpatialIndex::RTree::ExternalSorter::Record**, std::vector<SpatialIndex::RTree::ExternalSorter::Record*, std::allocator<SpatialIndex::RTree::ExternalSorter::Record*> > >, SpatialIndex::RTree::ExternalSorter::Record* const&)
0 524 28 10 140 0 0 150 0 0
fn=void std::vector<SpatialIndex::StorageManager::MemoryStorageManager::Entry*, std::allocator<SpatialIndex::StorageManager::MemoryStorageManager::Entry*> >::_M_realloc_insert<SpatialIndex::StorageManager::MemoryStorageManager::Entry* const&>(__gnu_cxx::__normal_iterator<SpatialIndex::StorageManager::MemoryStorageManager::Entry**, std::vector<SpatialIndex::StorageManager::MemoryStorageManager::Entry*, std::allocator<SpatialIndex::StorageManager::MemoryStorageManager::Entry*> > >, SpatialIndex::StorageManager::MemoryStorageManager::Entry* const&)
0 318 15 15 84 0 0 90 0 0
fn=void std::vector<unsigned int, std::allocator<unsigned int> >::_M_realloc_insert<unsigned int>(__gnu_cxx::__normal_iterator<unsigned int*, std::vector<unsigned int, std::allocator<unsigned int> > >, unsigned int&&)
0 262 25 10 70 0 0 75 0 0
fn=zlibVersion
0 8 1 1 2 0 0 2 0 0
summary: 2188090481 77419667 8270398 609080817 38278903 12290444 351937384 7002875 2286425
