desc: I1 cache:         16384 B, 64 B, 4-way associative
desc: D1 cache:         16384 B, 64 B, 4-way associative
desc: LL cache:         262144 B, 64 B, 8-way associative
cmd: python3 examples/rrt_star/test_rrt_star_3d.py
events: Ir I1mr ILmr Dr D1mr DLmr Dw D1mw DLmw 
fl=./csu/../csu/libc-start.c
fn=__libc_start_main@@GLIBC_2.34
128 3 1 1 2 0 0 0 0 0
134 2 0 0 1 1 0 0 0 0
135 7 1 1 2 1 1 0 0 0
138 1 0 0 1 0 0 0 0 0
139 1 0 0 0 0 0 0 0 0
142 3 0 0 2 0 0 0 0 0
143 3 0 0 2 0 0 0 0 0
144 9 0 0 0 0 0 0 0 0
145 5 1 1 1 0 0 0 0 0
242 11 1 1 0 0 0 11 0 0
311 2 0 0 0 0 0 0 0 0
312 3 0 0 0 0 0 0 0 0
337 5 1 1 2 1 0 0 0 0
340 1 0 0 0 0 0 0 0 0
343 3 0 0 2 2 0 0 0 0
350 2 0 0 1 0 0 0 0 0
352 1 0 0 0 0 0 0 0 0
360 4 0 0 0 0 0 0 0 0
fl=./csu/../sysdeps/aarch64/crti.S
fn=call_weak_fn
63 1 1 1 0 0 0 0 0 0
64 1 0 0 1 1 0 0 0 0
65 1 0 0 0 0 0 0 0 0
68 1 0 0 0 0 0 0 0 0
fl=./csu/../sysdeps/nptl/libc_start_call_main.h
fn=(below main)
29 11 1 1 2 0 0 6 0 0
44 2 1 1 0 0 0 0 0 0
46 1 0 0 0 0 0 0 0 0
48 1 0 0 0 0 0 0 0 0
51 3 0 0 1 1 0 1 0 0
52 1 0 0 0 0 0 0 0 0
55 3 0 0 0 0 0 1 0 0
58 7 1 1 5 0 0 0 0 0
74 1 1 1 0 0 0 0 0 0
fl=./csu/./csu/errno-loc.c
fn=__errno_location
25 638230 286824 8301 0 0 0 638230 43861 235
26 957345 0 0 319115 208395 118 0 0 0
27 957345 0 0 638230 0 0 0 0 0
fl=./csu/./csu/init-first.c
fn=_init_first
46 5 1 1 0 0 0 4 0 0
51 3 0 0 1 0 0 0 0 0
55 8 1 1 4 2 1 0 0 0
61 3 0 0 0 0 0 1 1 0
62 1 0 0 0 0 0 1 0 0
63 3 0 0 1 0 0 1 1 0
71 3 0 0 0 0 0 0 0 0
72 2 0 0 4 0 0 0 0 0
fl=./ctype/../include/ctype.h
fn=__ctype_b_loc
40 3840 868 51 0 0 0 3840 432 201
41 5760 0 0 1920 174 10 0 0 0
42 5760 0 0 3840 0 0 0 0 0
fn=__ctype_tolower_loc
52 2548 872 49 0 0 0 2548 1 0
53 3822 0 0 1274 401 0 0 0 0
54 3822 0 0 2548 0 0 0 0 0
fl=./ctype/./ctype/ctype-info.c
fn=__ctype_init
29 2 0 0 0 0 0 2 0 0
31 9 2 2 4 4 0 1 0 0
33 5 1 1 3 2 0 1 0 0
35 5 0 0 2 1 0 1 0 0
36 2 0 0 2 0 0 0 0 0
fl=./debug/./debug/memcpy_chk.c
fn=__memcpy_chk
26 747012 105092 57222 0 0 0 0 0 0
29 373506 0 0 0 0 0 0 0 0
fl=./debug/./debug/memset_chk.c
fn=__memset_chk
24 7506364 866508 3469 0 0 0 0 0 0
27 3753182 0 0 0 0 0 0 0 0
fl=./debug/./debug/realpath_chk.c
fn=__realpath_chk
29 2 1 1 0 0 0 0 0 0
32 1 0 0 0 0 0 0 0 0
fl=./debug/./debug/snprintf_chk.c
fn=__snprintf_chk
27 24680 154 4 2468 351 1 17276 6 1
28 2468 1234 2 0 0 0 0 0 0
33 2468 0 0 0 0 0 0 0 0
37 8638 0 0 0 0 0 6170 0 0
38 7404 113 2 2468 0 0 2468 9 1
42 12340 0 0 6170 0 0 0 0 0
fl=./debug/./debug/sprintf_chk.c
fn=__sprintf_chk
25 3019300 120057 25156 301930 59211 32289 2264475 61453 199
28 150965 0 0 0 0 0 0 0 0
36 150965 0 0 0 0 0 0 0 0
39 1207720 0 0 0 0 0 754825 43862 0
40 1207720 61069 56644 301930 0 0 301930 13573 0
44 1509650 0 0 754825 0 0 0 0 0
fl=./debug/./debug/vsnprintf_chk.c
fn=__vsnprintf_chk
26 44 21 21 0 0 0 44 20 2
27 44 0 0 0 0 0 0 0 0
32 66 0 0 0 0 0 0 0 0
34 132 21 21 44 0 0 44 0 0
35 44 0 0 44 0 0 0 0 0
fl=./dirent/../sysdeps/unix/sysv/linux/closedir.c
fn=closedir
31 618 0 0 0 0 0 618 0 0
34 206 206 201 0 0 0 0 0 0
44 206 0 0 206 0 0 0 0 0
50 206 0 0 0 0 0 0 0 0
52 412 0 0 0 0 0 0 0 0
53 412 0 0 618 0 0 0 0 0
fl=./dirent/../sysdeps/unix/sysv/linux/getdents64.c
fn=__getdents
27 824 206 200 0 0 0 824 0 0
30 824 0 0 0 0 0 0 0 0
32 2472 0 0 0 0 0 0 0 0
33 824 0 0 824 0 0 0 0 0
fl=./dirent/../sysdeps/unix/sysv/linux/opendir.c
fn=opendir
33 416 208 206 208 0 0 0 0 0
82 416 0 0 0 0 0 416 0 0
86 832 208 203 0 0 0 0 0 0
87 208 0 0 416 0 0 0 0 0
fn=opendir_tail
45 1664 208 203 416 0 0 624 0 0
46 208 208 205 0 0 0 0 0 0
47 4 2 2 0 0 0 0 0 0
53 1030 0 0 0 0 0 412 0 0
55 824 0 0 206 0 0 0 0 0
64 2080 4 3 1040 3 0 0 0 0
112 1648 206 199 206 0 0 0 0 0
115 412 206 200 0 0 0 0 0 0
116 206 0 0 0 0 0 0 0 0
125 206 0 0 0 0 0 412 35 34
128 206 0 0 0 0 0 412 12 11
130 206 0 0 0 0 0 412 44 43
131 412 0 0 412 0 0 206 0 0
fl=./dirent/../sysdeps/unix/sysv/linux/readdir64.c
fn=readdir
32 44142 206 199 0 0 0 58856 0 0
34 29428 0 0 14714 133 0 0 0 0
37 44142 6945 200 0 0 0 0 0 0
40 22071 0 0 14714 10 0 0 0 0
47 2060 412 202 824 0 0 0 0 0
48 824 0 0 0 0 0 0 0 0
54 206 0 0 0 0 0 0 0 0
55 206 0 0 0 0 0 206 0 0
57 1030 206 205 0 0 0 0 0 0
59 412 0 0 0 0 0 0 0 0
61 412 0 0 0 0 0 206 0 0
64 206 0 0 0 0 0 0 0 0
67 13890 1295 0 0 0 0 0 0 0
68 14302 0 0 7151 912 873 0 0 0
69 14302 206 201 7151 945 894 14302 16 0
72 35755 0 0 0 0 0 0 0 0
76 44142 29 0 58856 0 0 0 0 0
fl=./dlfcn/./dlfcn/dlerror.c
fn=_dlerror_run
113 1846 122 26 284 0 0 1278 0 0
114 568 142 26 284 243 28 0 0 0
115 142 0 0 0 0 0 0 0 0
138 852 143 29 142 0 0 0 0 0
143 142 0 0 142 0 0 0 0 0
145 284 122 30 142 0 0 0 0 0
151 142 122 28 0 0 0 0 0 0
156 284 0 0 0 0 0 0 0 0
198 2272 285 57 1704 50 15 0 0 0
fl=./dlfcn/./dlfcn/dlopen.c
fn=dlopen@@GLIBC_2.34
67 22 22 22 0 0 0 22 0 0
68 22 0 0 0 0 0 22 0 0
69 22 0 0 0 0 0 22 0 0
71 154 21 6 22 0 0 0 0 0
77 176 22 22 44 0 0 66 0 0
78 88 0 0 44 24 24 0 0 0
81 66 22 22 0 0 0 0 0 0
82 242 22 22 110 5 2 0 0 0
fn=dlopen_doit
48 66 22 22 0 0 0 66 0 0
51 110 0 0 22 0 0 0 0 0
56 400 44 23 176 88 87 22 21 4
60 66 21 21 66 17 2 0 0 0
fl=./dlfcn/./dlfcn/dlsym.c
fn=dlsym@@GLIBC_2.34
47 120 0 0 0 0 0 120 0 0
49 120 120 23 0 0 0 240 0 0
52 480 0 0 120 120 21 0 0 0
54 960 0 0 120 0 0 0 0 0
56 240 0 0 0 0 0 0 0 0
64 1080 120 21 240 0 0 480 0 0
65 480 0 0 240 202 4 0 0 0
68 240 120 22 0 0 0 0 0 0
69 1440 120 23 720 0 0 0 0 0
fn=dlsym_doit
37 480 100 2 0 0 0 360 12 0
40 480 0 0 360 0 0 120 0 0
41 360 0 0 360 0 0 0 0 0
fl=./elf/../include/atomic_wide_counter.h
fn=_dl_find_object
36 72 0 0 36 2 2 0 0 0
fn=_dl_find_object_update
30 84 14 14 21 21 18 0 0 0
57 105 0 0 21 0 0 21 0 0
fl=./elf/../include/inline-hashtab.h
fn=_dl_make_tlsdesc_dynamic
49 1 0 0 0 0 0 0 0 0
51 2 0 0 0 0 0 1 0 0
52 1 0 0 0 0 0 1 0 0
53 3 0 0 1 1 1 1 1 1
54 1 0 0 0 0 0 0 0 0
60 1 0 0 0 0 0 1 0 0
62 6 0 0 1 0 0 3 0 0
191 5 0 0 3 0 0 0 0 0
198 3 0 0 0 0 0 0 0 0
200 1 0 0 0 0 0 0 0 0
201 2 0 0 1 0 0 0 0 0
224 3 0 0 1 0 0 1 0 0
fl=./elf/../include/list.h
fn=__tls_init_tp
43 4 0 0 1 1 0 0 0 0
44 3 0 0 0 0 0 2 0 0
45 1 0 0 0 0 0 1 0 0
46 1 0 0 0 0 0 0 0 0
47 1 0 0 0 0 0 1 0 0
fl=./elf/../include/rtld-malloc.h
fn=__minimal_calloc
56 56 2 1 14 0 0 0 0 0
fn=_dl_allocate_tls_storage
56 4 0 0 1 0 0 0 0 0
fn=_dl_check_map_versions
44 238 20 20 34 22 0 34 0 0
fn=_dl_find_object_init
56 5 0 0 1 0 0 0 0 0
fn=_dl_find_object_update
50 84 0 0 21 20 3 0 0 0
56 153 0 0 23 18 2 84 0 0
fn=_dl_important_hwcaps
56 8 2 2 2 0 0 0 0 0
fn=_dl_init_paths
56 10 1 1 3 0 0 0 0 0
fn=_dl_lookup_symbol_x
56 5 1 1 1 0 0 0 0 0
fn=_dl_make_tlsdesc_dynamic
56 12 4 4 3 1 0 0 0 0
fn=_dl_map_object_deps
56 180 0 0 36 23 0 0 0 0
fn=_dl_new_object
44 180 1 1 36 32 21 0 0 0
56 175 9 0 35 3 0 0 0 0
fn=_dl_update_slotinfo
50 15 0 0 8 3 3 0 0 0
fn=allocate_dtv
44 5 1 1 1 0 0 0 0 0
fn=decompose_rpath
50 4 1 1 1 0 0 0 0 0
56 4 1 1 1 0 0 0 0 0
fn=dl_open_worker_begin
56 6 0 0 1 1 1 1 0 0
fn=do_lookup_x
44 21 0 0 3 3 0 4 0 0
fn=expand_dynamic_string_token
56 5 0 0 1 0 0 0 0 0
fn=fillin_rpath.isra.0
50 8 2 2 2 1 0 0 0 0
51 2 0 0 0 0 0 0 0 0
56 10 0 0 2 0 0 0 0 0
fn=init_tls
44 5 0 0 1 0 0 0 0 0
fn=tls_get_addr_tail
56 4 0 0 1 0 0 0 0 0
fl=./elf/../include/scratch_buffer.h
fn=_dl_map_object_deps
77 66 22 22 0 0 0 44 1 1
78 44 0 0 0 0 0 22 0 0
85 88 22 22 44 0 0 0 0 0
131 56 0 0 0 0 0 0 0 0
fl=./elf/../misc/sbrk.c
fn=sbrk
37 5 1 1 0 0 0 5 0 0
40 2 0 0 1 0 0 0 0 0
58 1 0 0 0 0 0 0 0 0
62 2 0 0 0 0 0 0 0 0
78 5 1 1 5 0 0 0 0 0
fl=./elf/../nptl/nptl-stack.h
fn=__libc_early_init
61 4 1 1 2 1 0 0 0 0
fl=./elf/../sysdeps/aarch64/dl-bti.c
fn=_dl_bti_check
81 66 22 22 22 22 21 0 0 0
94 22 22 22 0 0 0 0 0 0
fl=./elf/../sysdeps/aarch64/dl-irel.h
fn=_dl_fixup
37 10 0 0 0 0 0 5 0 0
38 127 4 3 5 2 0 0 0 0
39 10 0 0 5 4 2 10 0 0
40 15 0 0 0 0 0 0 0 0
fn=_dl_relocate_object
37 313 0 0 0 0 0 222 6 1
38 393 42 42 213 28 1 53 0 0
39 176 0 0 88 59 4 174 0 0
40 436 0 0 0 0 0 172 48 2
fn=do_sym
38 240 0 0 120 0 0 0 0 0
fl=./elf/../sysdeps/aarch64/dl-machine.h
fn=_dl_fixup
147 117 0 0 0 0 0 117 5 0
fn=_dl_relocate_object
67 185 0 0 37 0 0 0 0 0
72 12 1 1 8 4 2 0 0 0
73 8 0 0 4 4 4 0 0 0
77 4 1 1 0 0 0 4 0 0
87 4 0 0 0 0 0 0 0 0
103 4320 1 1 8 3 0 4 0 0
175 12389 0 0 0 0 0 0 0 0
177 24778 0 0 0 0 0 0 0 0
179 12389 0 0 0 0 0 0 0 0
188 98059 4 4 36708 139 1 0 0 0
191 12218 0 0 12218 0 0 0 0 0
193 73416 23 23 12236 3 0 0 0 0
196 103739 41 41 172 0 0 0 0 0
208 37086 23 23 12362 1966 1543 12362 3287 1598
211 25 3 3 25 0 0 0 0 0
214 20 0 0 10 0 0 0 0 0
215 30 1 1 10 0 0 0 0 0
224 20 0 0 0 0 0 0 0 0
226 10 0 0 5 0 0 0 0 0
227 5 0 0 0 0 0 0 0 0
233 6 0 0 0 0 0 0 0 0
243 48 3 3 10 3 3 4 3 0
245 6 1 1 2 0 0 1 0 0
247 4 0 0 0 0 0 1 0 0
252 15 1 1 7 0 0 5 1 1
253 20 3 3 15 0 0 0 0 0
254 237 0 0 5 0 0 79 0 0
273 14 0 0 0 0 0 0 0 0
275 56 0 0 14 3 0 0 0 0
276 14 0 0 0 0 0 14 3 3
277 56 0 0 28 3 3 0 0 0
282 6 1 1 4 1 1 0 0 0
283 6 1 1 2 0 0 0 0 0
285 2 0 0 0 0 0 2 0 0
303 112332 22 22 56166 10546 10539 28083 7519 7491
313 556 0 0 0 0 0 0 0 0
314 556 1 1 1112 208 208 0 0 0
316 1112 0 0 0 0 0 0 0 0
318 1112 0 0 556 3 0 0 0 0
341 1112 0 0 556 1 0 0 0 0
342 1668 0 0 556 69 69 556 0 0
fn=_dl_start
48 2 0 0 0 0 0 0 0 0
177 8 0 0 0 0 0 0 0 0
179 4 0 0 0 0 0 0 0 0
188 33 1 1 12 4 4 0 0 0
192 20 0 0 4 0 0 0 0 0
196 12 0 0 0 0 0 0 0 0
200 12 0 0 4 0 0 4 0 0
303 92 0 0 46 10 10 23 8 8
fn=_dl_sysdep_start
128 6 0 0 2 1 1 0 0 0
fl=./elf/../sysdeps/aarch64/dl-prop.h
fn=dl_main
30 4 0 0 1 0 0 1 0 0
fn=dl_open_worker_begin
36 63 0 0 0 0 0 0 0 0
fl=./elf/../sysdeps/aarch64/dl-start.S
fn=(below main)
22 1 1 1 0 0 0 0 0 0
25 1 0 0 0 0 0 0 0 0
26 1 0 0 0 0 0 0 0 0
28 1 0 0 0 0 0 0 0 0
30 1 0 0 0 0 0 0 0 0
32 1 1 0 0 0 0 0 0 0
37 1 0 0 1 1 1 0 0 0
39 1 0 0 0 0 0 0 0 0
41 1 0 0 0 0 0 0 0 0
42 1 0 0 0 0 0 0 0 0
43 1 0 0 0 0 0 0 0 0
44 1 0 0 0 0 0 0 0 0
45 1 0 0 1 0 0 0 0 0
46 1 0 0 0 0 0 0 0 0
48 1 0 0 0 0 0 0 0 0
49 1 0 0 0 0 0 0 0 0
51 1 1 1 0 0 0 0 0 0
52 1 0 0 0 0 0 0 0 0
fl=./elf/../sysdeps/aarch64/dl-tlsdesc.S
fn=_dl_tlsdesc_dynamic
147 14295 14295 13673 0 0 0 0 0 0
152 14295 0 0 0 0 0 28590 0 0
154 14295 0 0 0 0 0 28590 0 0
160 14295 0 0 0 0 0 0 0 0
161 14295 0 0 14295 0 0 0 0 0
162 14295 0 0 14295 0 0 0 0 0
163 14295 0 0 14295 14295 1124 0 0 0
164 14295 0 0 14295 14293 5619 0 0 0
165 14295 0 0 0 0 0 0 0 0
166 14295 0 0 0 0 0 0 0 0
168 14295 0 0 28590 0 0 0 0 0
169 14295 0 0 0 0 0 0 0 0
170 14295 0 0 14295 14295 1041 0 0 0
171 14295 0 0 0 0 0 0 0 0
172 14295 14295 2971 0 0 0 0 0 0
174 14294 0 0 0 0 0 0 0 0
175 14294 0 0 0 0 0 0 0 0
177 14295 0 0 28590 0 0 0 0 0
178 14295 0 0 28590 0 0 0 0 0
180 14295 0 0 0 0 0 0 0 0
193 1 0 0 0 0 0 2 1 0
197 1 0 0 0 0 0 0 0 0
198 1 0 0 0 0 0 2 0 0
199 1 0 0 0 0 0 2 0 0
200 1 0 0 0 0 0 2 0 0
201 1 0 0 0 0 0 2 0 0
202 1 0 0 0 0 0 2 0 0
203 1 0 0 0 0 0 2 0 0
204 1 0 0 0 0 0 2 0 0
220 16 1 1 0 0 0 32 7 1
222 1 0 0 0 0 0 0 0 0
223 1 1 1 0 0 0 0 0 0
225 1 0 0 0 0 0 0 0 0
226 1 0 0 0 0 0 0 0 0
228 16 1 1 32 0 0 0 0 0
230 1 0 0 2 0 0 0 0 0
231 1 0 0 2 0 0 0 0 0
232 1 0 0 2 0 0 0 0 0
233 1 0 0 2 0 0 0 0 0
234 1 0 0 2 0 0 0 0 0
235 1 0 0 2 0 0 0 0 0
236 1 0 0 2 0 0 0 0 0
238 1 0 0 2 0 0 0 0 0
246 1 0 0 0 0 0 0 0 0
fn=_dl_tlsdesc_return
77 8 5 3 0 0 0 0 0 0
79 8 0 0 8 0 0 0 0 0
80 8 0 0 0 0 0 0 0 0
fl=./elf/../sysdeps/aarch64/dl-trampoline.S
fn=_dl_runtime_resolve
38 117 52 30 0 0 0 0 0 0
50 117 0 0 0 0 0 234 13 7
55 117 0 0 0 0 0 234 6 2
59 117 0 0 0 0 0 234 1 1
63 117 0 0 0 0 0 234 5 2
67 117 0 0 0 0 0 234 1 1
71 117 0 0 0 0 0 234 5 3
75 117 0 0 0 0 0 234 3 3
79 117 0 0 0 0 0 234 1 1
83 117 0 0 0 0 0 234 0 0
88 117 0 0 117 0 0 0 0 0
91 117 0 0 117 0 0 0 0 0
93 117 0 0 0 0 0 0 0 0
94 117 52 28 0 0 0 0 0 0
95 117 0 0 0 0 0 0 0 0
96 117 0 0 0 0 0 0 0 0
97 117 0 0 0 0 0 0 0 0
100 117 0 0 0 0 0 0 0 0
103 117 0 0 0 0 0 0 0 0
106 117 0 0 234 4 0 0 0 0
107 117 0 0 234 2 0 0 0 0
108 117 0 0 234 0 0 0 0 0
109 117 0 0 234 3 0 0 0 0
110 117 0 0 234 1 0 0 0 0
111 117 0 0 234 2 0 0 0 0
112 117 0 0 234 2 0 0 0 0
113 117 0 0 234 0 0 0 0 0
114 117 0 0 234 0 0 0 0 0
117 117 0 0 234 0 0 0 0 0
121 117 52 32 0 0 0 0 0 0
fl=./elf/../sysdeps/generic/_itoa.h
fn=_dl_check_map_versions
76 231 20 20 0 0 0 33 0 0
fl=./elf/../sysdeps/generic/dl-cache.h
fn=_dl_load_cache_lookup
194 8 0 0 8 0 0 0 0 0
195 32 0 0 0 0 0 0 0 0
fn=search_cache
125 13 0 0 13 0 0 0 0 0
fl=./elf/../sysdeps/generic/dl-call_tls_init_tp.h
fn=dl_main
34 2 1 1 1 0 0 0 0 0
fn=init_tls
31 1 0 0 0 0 0 0 0 0
33 1 0 0 0 0 0 0 0 0
fl=./elf/../sysdeps/generic/dl-debug.h
fn=dl_main
29 3 0 0 2 0 0 0 0 0
30 1 0 0 0 0 0 1 0 0
fl=./elf/../sysdeps/generic/dl-hash.h
fn=__rtld_malloc_init_real
43 2 0 0 0 0 0 0 0 0
44 2 0 0 0 0 0 0 0 0
45 11 0 0 5 2 2 0 0 0
48 10 0 0 0 0 0 0 0 0
62 10 0 0 0 0 0 0 0 0
67 1 1 1 0 0 0 0 0 0
72 1 0 0 0 0 0 1 0 0
fl=./elf/../sysdeps/generic/dl-new-hash.h
fn=_dl_lookup_symbol_x
69 10462 0 0 0 0 0 0 0 0
70 10462 0 0 0 0 0 0 0 0
74 282330 0 0 146396 9422 4763 0 0 0
77 146396 0 0 0 0 0 0 0 0
80 282890 0 0 141445 1906 1298 0 0 0
81 141445 0 0 0 0 0 0 0 0
87 5511 122 48 0 0 0 0 0 0
89 5511 0 0 0 0 0 0 0 0
90 5511 0 0 0 0 0 0 0 0
101 20924 0 0 0 0 0 0 0 0
102 135934 0 0 0 0 0 0 0 0
104 135934 0 0 0 0 0 0 0 0
fl=./elf/../sysdeps/generic/dl-protected.h
fn=do_lookup_x
29 30927 177 43 0 0 0 0 0 0
fl=./elf/../sysdeps/generic/dl-tunables-parse.h
fn=_dl_sysdep_start
31 20 0 0 1 0 0 1 0 0
fl=./elf/../sysdeps/generic/ldsodefs.h
fn=_dl_check_map_versions
79 423 22 22 238 5 0 296 0 0
fn=_dl_fixup
79 117 0 0 117 52 27 0 0 0
fn=_dl_map_object
79 707 0 0 707 0 0 0 0 0
fn=_dl_map_object_deps
79 64 0 0 64 1 0 0 0 0
fn=_dl_map_object_from_fd
79 39 32 22 39 0 0 0 0 0
fn=_dl_new_object
1322 1 0 0 0 0 0 0 0 0
1324 32 0 0 0 0 0 0 0 0
fn=_dl_relocate_object
79 10508 0 0 10360 15 2 0 0 0
140 37113 3 3 12371 0 0 0 0 0
fn=_dl_setup_hash
79 37 0 0 37 0 0 0 0 0
fn=_dl_start
79 9 0 0 3 0 0 0 0 0
fn=cache_rpath
79 1 0 0 1 0 0 0 0 0
fn=check_match
79 3 0 0 3 0 0 0 0 0
fn=dl_main
79 2 0 0 2 0 0 0 0 0
fn=dl_open_worker_begin
1292 6 0 0 0 0 0 0 0 0
fn=do_lookup_x
79 71316 0 0 71316 0 0 0 0 0
139 20618 176 52 10309 1 0 0 0 0
140 10309 0 0 0 0 0 0 0 0
fl=./elf/../sysdeps/nptl/dl-mutex.c
fn=__rtld_mutex_init
30 4 2 1 0 0 0 6 0 0
37 2 0 0 1 1 0 0 0 0
40 10 0 0 0 0 0 0 0 0
44 1 0 0 0 0 0 0 0 0
45 13 1 1 3 0 0 1 0 0
47 9 1 1 0 0 0 0 0 0
51 1 0 0 0 0 0 0 0 0
52 11 0 0 3 0 0 1 0 0
53 4 1 1 6 0 0 0 0 0
fl=./elf/../sysdeps/nptl/dl-tls_init_tp.c
fn=__tls_init_tp
68 3 1 1 0 0 0 4 0 0
69 1 0 0 0 0 0 0 0 0
72 2 0 0 0 0 0 0 0 0
75 5 1 1 0 0 0 1 0 0
76 2 1 1 0 0 0 1 0 0
77 2 0 0 0 0 0 1 0 0
82 3 0 0 1 0 0 1 0 0
87 1 0 0 0 0 0 0 0 0
89 1 0 0 0 0 0 2 0 0
90 2 0 0 0 0 0 1 0 0
93 4 0 0 0 0 0 0 0 0
105 5 0 0 1 0 0 0 0 0
121 4 0 0 1 1 0 1 1 0
128 3 0 0 1 0 0 1 0 0
129 3 0 0 4 0 0 0 0 0
fn=__tls_pre_init_tp
53 2 1 1 0 0 0 2 1 1
56 4 0 0 0 0 0 0 0 0
57 5 0 0 0 0 0 4 1 1
58 4 0 0 0 0 0 2 0 0
61 4 1 1 0 0 0 1 0 0
62 2 0 0 0 0 0 1 0 0
64 2 0 0 2 0 0 0 0 0
fn=rtld_mutex_dummy
42 28 1 0 0 0 0 28 0 0
44 42 0 0 28 0 0 0 0 0
fl=./elf/../sysdeps/nptl/pthread_early_init.h
fn=__libc_early_init
33 5 0 0 0 0 0 0 0 0
34 3 1 1 1 0 0 0 0 0
38 3 0 0 0 0 0 0 0 0
45 3 0 0 2 0 0 0 0 0
46 2 0 0 0 0 0 0 0 0
48 2 0 0 0 0 0 0 0 0
52 5 0 0 0 0 0 1 0 0
53 3 0 0 0 0 0 1 1 1
54 1 0 0 0 0 0 1 1 1
56 1 0 0 0 0 0 0 0 0
fl=./elf/../sysdeps/posix/dl-fileid.h
fn=_dl_map_object_from_fd
37 210 22 22 35 0 0 35 0 0
41 70 0 0 70 0 0 70 0 0
49 3780 0 0 1260 749 573 0 0 0
fl=./elf/../sysdeps/unix/sysv/linux/aarch64/cpu-features.c
fn=_dl_sysdep_start
58 34 1 1 1 0 0 0 0 0
59 8 0 0 8 0 0 0 0 0
71 6 1 1 1 0 0 0 0 0
74 1 0 0 0 0 0 0 0 0
79 3 1 1 0 0 0 0 0 0
81 4 0 0 1 0 0 0 0 0
87 2 0 0 0 0 0 1 0 0
91 1 0 0 0 0 0 0 0 0
93 1 0 0 0 0 0 0 0 0
97 4 1 1 1 0 0 1 0 0
101 1 0 0 0 0 0 1 0 0
104 5 0 0 1 0 0 0 0 0
105 4 0 0 1 0 0 1 0 0
108 6 1 1 0 0 0 2 0 0
110 2 0 0 1 0 0 0 0 0
112 1 0 0 0 0 0 0 0 0
116 1 0 0 0 0 0 0 0 0
117 1 0 0 0 0 0 0 0 0
120 1 0 0 0 0 0 0 0 0
127 4 1 1 1 0 0 1 0 0
130 3 0 0 1 0 0 1 0 0
fl=./elf/../sysdeps/unix/sysv/linux/brk.c
fn=brk
36 3 1 1 0 0 0 2 0 0
37 2 0 0 0 0 0 1 0 0
38 2 0 0 0 0 0 0 0 0
44 1 0 0 0 0 0 0 0 0
45 2 0 0 2 0 0 0 0 0
fl=./elf/../sysdeps/unix/sysv/linux/brk_call.h
fn=brk
24 2 1 1 0 0 0 0 0 0
fl=./elf/../sysdeps/unix/sysv/linux/dl-osinfo.h
fn=dl_main
39 1 0 0 0 0 0 0 0 0
fl=./elf/../sysdeps/unix/sysv/linux/dl-parse_auxv.h
fn=_dl_sysdep_parse_arguments
32 3 1 1 0 0 0 1 0 0
33 2 0 0 0 0 0 1 0 0
39 2 0 0 0 0 0 1 0 0
41 43 0 0 21 6 6 0 0 0
42 40 0 0 0 0 0 0 0 0
43 40 0 0 20 0 0 20 0 0
45 2 0 0 1 0 0 0 0 0
46 4 0 0 1 0 0 1 0 0
47 1 0 0 0 0 0 1 0 0
48 2 0 0 2 0 0 1 0 0
49 2 0 0 2 0 0 1 0 0
50 1 0 0 0 0 0 1 0 0
51 2 0 0 2 0 0 1 0 0
52 2 0 0 1 0 0 1 1 1
53 2 0 0 1 0 0 1 0 0
54 1 0 0 0 0 0 1 0 0
55 2 0 0 1 0 0 2 0 0
56 2 2 2 1 0 0 1 0 0
fl=./elf/../sysdeps/unix/sysv/linux/dl-sysdep.c
fn=_dl_sysdep_parse_arguments
78 5 1 1 0 0 0 6 2 2
79 3 1 1 1 0 0 1 1 1
80 2 0 0 0 0 0 1 0 0
81 5 0 0 0 0 0 1 1 1
83 33 0 0 16 2 2 0 0 0
86 4 0 0 0 0 0 1 1 1
90 6 1 1 0 0 0 0 0 0
93 2 0 0 1 0 0 1 0 0
94 2 0 0 1 0 0 1 0 0
95 2 0 0 1 0 0 1 0 0
96 4 0 0 6 0 0 0 0 0
fn=_dl_sysdep_start
102 7 2 2 0 0 0 10 2 2
103 3 0 0 0 0 0 1 0 0
106 2 0 0 0 0 0 0 0 0
110 3 0 0 1 0 0 0 0 0
113 1 0 0 0 0 0 0 0 0
115 2 0 0 0 0 0 0 0 0
122 2 0 0 1 0 0 0 0 0
123 2 0 0 0 0 0 1 0 0
125 6 1 1 0 0 0 0 0 0
137 2 0 0 1 0 0 0 0 0
140 6 0 0 3 0 0 0 0 0
143 7 2 1 11 3 3 0 0 0
fn=_dl_sysdep_start_cleanup
147 2 1 1 0 0 0 2 0 0
148 2 0 0 2 0 0 0 0 0
fl=./elf/../sysdeps/unix/sysv/linux/dl-vdso-setup.h
fn=dl_main
30 5 1 1 0 0 0 2 0 0
33 2 0 0 0 0 0 1 0 0
45 3 1 1 0 0 0 2 0 0
fl=./elf/../sysdeps/unix/sysv/linux/dl-vdso.h
fn=dl_main
40 2 1 1 1 0 0 0 0 0
41 1 0 0 0 0 0 0 0 0
55 2 0 0 0 0 0 0 0 0
fl=./elf/../sysdeps/unix/sysv/linux/rseq-internal.h
fn=__tls_init_tp
32 1 0 0 0 0 0 0 0 0
34 7 1 1 0 0 0 0 0 0
37 2 0 0 0 0 0 0 0 0
40 2 0 0 0 0 0 1 0 0
fl=./elf/./dl-find_object.h
fn=_dl_find_object
54 54 0 0 18 0 0 18 0 0
56 54 0 0 18 0 0 18 0 0
58 72 0 0 18 0 0 18 0 0
60 72 0 0 18 0 0 18 0 0
76 18 0 0 0 0 0 18 2 0
77 18 0 0 0 0 0 18 2 0
79 36 0 0 36 0 0 18 0 0
fn=_dl_find_object_from_map
94 76 22 22 0 0 0 76 0 0
95 76 0 0 38 6 0 38 27 27
96 114 0 0 38 5 2 38 0 0
97 76 0 0 0 0 0 38 0 0
103 152 0 0 76 27 9 0 0 0
104 562 0 0 0 0 0 0 0 0
105 714 22 22 200 152 69 0 0 0
107 190 0 0 76 2 1 38 0 0
120 76 0 0 76 0 0 0 0 0
fn=_dl_find_object_update
54 948 0 0 316 0 0 316 143 142
56 2212 0 0 316 0 0 316 0 0
58 1264 20 20 316 0 0 316 0 0
60 1264 0 0 316 0 0 316 0 0
fl=./elf/./dl-hwcaps.h
fn=_dl_important_hwcaps
43 5 0 0 1 0 0 0 0 0
45 4 1 1 0 0 0 8 0 0
46 1 0 0 0 0 0 0 0 0
77 6 0 0 2 0 0 3 0 0
78 5 1 1 2 0 0 3 0 0
79 3 0 0 0 0 0 0 0 0
fn=copy_hwcaps
45 2 0 0 0 0 0 4 0 0
77 2 0 0 0 0 0 2 0 0
78 2 0 0 0 0 0 2 0 0
79 2 0 0 0 0 0 0 0 0
fl=./elf/./dl-load.h
fn=_dl_map_object_from_fd
91 144 0 0 72 0 0 0 0 0
92 136 24 22 68 0 0 0 0 0
93 170 0 0 68 0 0 0 0 0
94 102 0 0 34 0 0 0 0 0
96 136 24 22 0 0 0 34 0 0
fl=./elf/./dl-main.h
fn=dl_main
109 5 0 0 4 0 0 0 0 0
fl=./elf/./dl-map-segments.h
fn=_dl_map_object_from_fd
28 105 0 0 35 0 0 0 0 0
36 175 31 22 0 0 0 70 0 0
37 385 31 22 0 0 0 140 6 2
41 70 0 0 0 0 0 0 0 0
44 175 29 18 35 0 0 35 0 0
45 280 0 0 70 0 0 0 0 0
49 245 22 21 175 0 0 0 0 0
55 70 0 0 0 0 0 0 0 0
56 455 64 44 245 0 0 245 0 0
58 210 0 0 35 0 0 0 0 0
59 70 0 0 35 0 0 0 0 0
60 70 0 0 0 0 0 0 0 0
61 175 0 0 210 0 0 0 0 0
81 35 0 0 0 0 0 0 0 0
101 175 22 21 0 0 0 245 0 0
102 35 0 0 0 0 0 0 0 0
105 35 0 0 0 0 0 35 0 0
106 70 31 18 0 0 0 35 0 0
108 35 0 0 0 0 0 0 0 0
115 350 31 18 70 0 0 105 0 0
118 280 31 17 105 0 0 0 0 0
125 105 0 0 35 0 0 35 0 0
135 360 0 0 0 0 0 0 0 0
137 111 0 0 74 0 0 0 0 0
139 592 23 22 259 0 0 148 0 0
149 216 0 0 144 0 0 0 0 0
155 70 0 0 35 0 0 0 0 0
156 35 0 0 0 0 0 0 0 0
157 175 31 19 35 0 0 0 0 0
158 35 0 0 0 0 0 0 0 0
160 70 0 0 0 0 0 0 0 0
165 70 0 0 0 0 0 0 0 0
168 70 0 0 35 0 0 0 0 0
176 350 0 0 175 0 0 175 0 0
182 70 0 0 0 0 0 0 0 0
186 70 4 2 7 0 0 28 0 0
189 35 7 5 28 0 0 0 0 0
194 72 23 17 0 0 0 0 0 0
fl=./elf/./dl-sym-post.h
fn=do_sym
41 240 120 21 0 0 0 0 0 0
53 240 0 0 120 71 1 0 0 0
60 120 0 0 120 0 0 0 0 0
fn=lookup_malloc_symbol
41 8 0 0 0 0 0 0 0 0
53 12 0 0 4 1 0 0 0 0
fl=./elf/./dl-tunable-types.h
fn=do_tunable_update_val
81 2 0 0 0 0 0 0 0 0
fl=./elf/./elf/dl-addr-obj.c
fn=_dl_addr_inside_object
65 40 20 20 0 0 0 40 0 0
66 20 0 0 20 19 19 0 0 0
67 40 0 0 20 19 19 0 0 0
69 480 0 0 0 0 0 0 0 0
70 640 20 20 180 140 139 0 0 0
71 200 0 0 80 0 0 0 0 0
74 40 0 0 40 0 0 0 0 0
fl=./elf/./elf/dl-audit.c
fn=_dl_audit_activity_map
29 5 1 1 0 0 0 6 0 0
30 3 1 1 1 0 0 0 0 0
31 2 0 0 1 0 0 0 0 0
37 4 2 2 6 0 0 0 0 0
fn=_dl_audit_activity_nsid
41 90 0 0 0 0 0 90 3 0
45 225 28 22 45 13 1 0 0 0
46 45 0 0 0 0 0 0 0 0
47 180 0 0 45 10 1 0 0 0
51 90 31 23 90 0 0 0 0 0
fn=_dl_audit_objclose
97 148 1 1 0 0 0 148 0 0
98 148 0 0 37 1 0 0 0 0
114 111 0 0 148 0 0 0 0 0
fn=_dl_audit_objopen
77 140 31 22 0 0 0 140 0 0
78 140 0 0 35 0 0 0 0 0
93 105 0 0 140 0 0 0 0 0
fn=_dl_audit_preinit
118 4 1 1 0 0 0 4 0 0
119 4 0 0 1 1 0 0 0 0
129 3 0 0 4 0 0 0 0 0
fl=./elf/./elf/dl-cache.c
fn=_dl_cache_libcmp
357 190 8 8 0 0 0 190 0 0
358 1122 0 0 561 0 0 0 0 0
360 2192 0 0 0 0 0 0 0 0
362 1674 23 16 548 83 83 0 0 0
368 15 0 0 0 0 0 0 0 0
369 30 0 0 0 0 0 0 0 0
370 75 0 0 15 0 0 0 0 0
372 75 13 8 15 0 0 0 0 0
374 30 0 0 0 0 0 0 0 0
380 1066 0 0 0 0 0 0 0 0
381 1 0 0 0 0 0 0 0 0
382 1064 0 0 0 0 0 0 0 0
383 81 10 8 0 0 0 0 0 0
386 451 0 0 0 0 0 0 0 0
387 451 0 0 0 0 0 0 0 0
390 26 0 0 13 0 0 0 0 0
391 190 0 0 190 0 0 0 0 0
fn=_dl_load_cache_lookup
403 78 13 8 0 0 0 78 5 5
405 39 0 0 13 0 0 0 0 0
408 52 10 8 13 8 7 0 0 0
411 48 8 8 0 0 0 0 0 0
419 40 8 8 8 0 0 0 0 0
420 152 8 8 24 8 8 0 0 0
423 48 8 8 0 0 0 0 0 0
424 8 0 0 8 0 0 0 0 0
431 8 0 0 0 0 0 0 0 0
432 16 0 0 0 0 0 16 0 0
477 10 0 0 0 0 0 0 0 0
482 52 0 0 13 0 0 0 0 0
485 91 0 0 26 2 0 0 0 0
500 26 0 0 13 0 0 0 0 0
504 13 10 8 0 0 0 0 0 0
512 39 0 0 0 0 0 0 0 0
513 156 13 8 0 0 0 13 0 0
514 39 0 0 0 0 0 0 0 0
515 13 0 0 0 0 0 0 0 0
516 65 0 0 78 0 0 0 0 0
fn=_dl_unload_cache
525 69 23 23 0 0 0 92 21 4
526 138 0 0 23 23 19 0 0 0
528 16 0 0 8 0 0 0 0 0
529 8 0 0 0 0 0 8 0 0
533 23 8 8 0 0 0 23 4 1
535 69 0 0 92 0 0 0 0 0
fn=search_cache
203 182 8 8 0 0 0 169 0 0
208 91 8 8 13 0 0 13 0 0
210 104 10 8 0 0 0 39 0 0
211 52 0 0 13 0 0 0 0 0
213 26 0 0 0 0 0 0 0 0
220 164 0 0 0 0 0 0 0 0
222 298 8 8 0 0 0 0 0 0
223 259 0 0 82 65 63 0 0 0
227 164 0 0 0 0 0 0 0 0
231 246 0 0 0 0 0 0 0 0
232 164 0 0 0 0 0 0 0 0
240 52 10 8 0 0 0 0 0 0
242 26 0 0 13 1 1 0 0 0
245 26 0 0 0 0 0 0 0 0
247 65 0 0 0 0 0 0 0 0
249 13 0 0 0 0 0 0 0 0
259 26 0 0 0 0 0 0 0 0
269 39 10 8 13 0 0 0 0 0
270 39 0 0 13 2 2 0 0 0
277 39 0 0 13 0 0 0 0 0
295 65 0 0 0 0 0 0 0 0
298 39 10 8 13 0 0 0 0 0
309 39 10 8 0 0 0 0 0 0
330 13 0 0 0 0 0 0 0 0
346 69 0 0 0 0 0 0 0 0
347 36 0 0 0 0 0 0 0 0
349 33 0 0 0 0 0 0 0 0
353 117 18 16 156 0 0 0 0 0
fl=./elf/./elf/dl-call-libc-early-init.c
fn=_dl_call_libc_early_init
27 5 0 0 0 0 0 4 0 0
29 1 1 1 0 0 0 0 0 0
33 9 0 0 0 0 0 0 0 0
37 1 0 0 0 0 0 0 0 0
39 7 1 1 3 0 0 0 0 0
40 3 0 0 0 0 0 0 0 0
41 2 0 0 4 0 0 0 0 0
fl=./elf/./elf/dl-call_fini.c
fn=_dl_call_fini
24 148 1 1 0 0 0 148 0 0
28 111 0 0 37 1 0 0 0 0
32 111 1 1 37 0 0 37 0 0
34 37 0 0 37 37 37 0 0 0
35 37 0 0 0 0 0 0 0 0
38 105 0 0 70 62 40 0 0 0
39 140 0 0 70 22 21 35 0 0
42 257 1 1 35 0 0 0 0 0
43 78 0 0 39 35 34 0 0 0
47 37 0 0 37 37 36 0 0 0
48 37 0 0 0 0 0 0 0 0
49 175 0 0 70 24 23 0 0 0
50 76 0 0 148 0 0 0 0 0
fl=./elf/./elf/dl-catch.c
fn=_dl_catch_error
254 1287 266 50 0 0 0 715 0 0
256 286 0 0 0 0 0 0 0 0
257 143 0 0 0 0 0 143 17 2
258 286 21 4 286 0 0 143 4 2
259 572 0 0 143 0 0 143 0 0
261 572 123 26 715 21 4 0 0 0
fn=_dl_catch_exception
58 1029 0 0 343 139 25 0 0 0
59 39 7 2 13 0 0 13 0 0
62 969 0 0 330 132 22 309 0 0
69 1029 163 40 343 31 5 0 0 0
70 78 0 0 13 0 0 26 0 0
73 1608 165 50 309 69 12 660 28 4
74 330 0 0 0 0 0 0 0 0
204 1715 172 32 0 0 0 2058 98 32
207 343 0 0 0 0 0 0 0 0
211 42 0 0 42 0 0 0 0 0
214 343 1 0 0 0 0 0 0 0
228 322 123 19 322 0 0 0 0 0
229 644 0 0 0 0 0 644 26 8
235 1288 0 0 0 0 0 0 0 0
237 644 0 0 644 0 0 0 0 0
239 966 0 0 322 1 0 966 70 12
248 1029 0 0 1029 1 0 0 0 0
fn=_dl_receive_error
58 3 0 0 1 0 0 0 0 0
59 1 0 0 1 0 0 0 0 0
69 2 0 0 1 0 0 0 0 0
70 2 0 0 0 0 0 2 0 0
186 6 2 2 0 0 0 6 2 0
188 3 0 0 1 0 0 0 0 0
192 2 0 0 0 0 0 1 0 0
194 1 0 0 0 0 0 0 0 0
197 2 1 1 0 0 0 1 0 0
198 4 0 0 6 1 0 0 0 0
fl=./elf/./elf/dl-debug.c
fn=_dl_debug_initialize
56 69 23 23 0 0 0 46 0 0
57 1 0 0 0 0 0 0 0 0
59 23 23 23 0 0 0 0 0 0
61 23 0 0 0 0 0 0 0 0
63 46 0 0 23 23 23 0 0 0
64 2 0 0 0 0 0 1 0 0
85 92 22 22 46 23 19 0 0 0
90 1 0 0 0 0 0 0 0 0
91 3 1 1 0 0 0 1 0 0
92 1 0 0 0 0 0 2 0 0
95 24 0 0 1 0 0 0 0 0
96 9 1 1 1 0 0 1 0 0
99 1 0 0 0 0 0 0 0 0
107 46 0 0 46 0 0 0 0 0
fn=_dl_debug_state
116 88 30 22 0 0 0 88 0 0
117 88 0 0 88 0 0 0 0 0
fn=_dl_debug_update
38 240 63 27 0 0 0 160 0 0
40 80 0 0 0 0 0 0 0 0
41 160 31 4 0 0 0 0 0 0
44 160 0 0 80 13 0 0 0 0
48 160 0 0 160 0 0 0 0 0
fl=./elf/./elf/dl-deps.c
fn=_dl_map_object_deps
128 23 0 0 0 0 0 23 0 0
130 49 0 0 0 0 0 46 0 0
132 42 0 0 0 0 0 21 0 0
136 91 22 22 23 0 0 23 0 0
143 242 44 44 0 0 0 308 11 3
144 330 22 22 0 0 0 22 1 1
160 70 43 41 0 0 0 21 2 0
161 1 0 0 1 0 0 0 0 0
164 44 0 0 22 0 0 22 0 0
182 66 0 0 22 0 0 22 0 0
183 44 0 0 0 0 0 0 0 0
184 44 0 0 0 0 0 22 0 0
186 22 0 0 0 0 0 22 0 0
188 135 0 0 131 0 0 2 1 1
190 87 0 0 0 0 0 0 0 0
193 261 0 0 87 0 0 87 0 0
197 174 0 0 87 55 47 0 0 0
198 416 22 22 121 45 37 0 0 0
201 14 0 0 0 0 0 0 0 0
205 28 0 0 14 0 0 0 0 0
208 266 6 2 133 22 19 0 0 0
210 192 40 40 128 14 2 0 0 0
215 64 0 0 0 0 0 64 0 0
216 64 0 0 0 0 0 64 1 0
217 128 0 0 64 0 0 64 0 0
218 128 0 0 64 4 0 64 0 0
219 128 0 0 64 0 0 64 0 0
221 3534 0 0 1799 279 172 0 0 0
222 3405 0 0 0 0 0 0 0 0
228 1073 20 20 135 3 0 0 0 0
230 135 0 0 0 0 0 135 0 0
232 741 41 41 135 3 0 22 0 0
233 270 0 0 135 0 0 0 0 0
242 135 23 20 135 0 0 0 0 0
244 405 0 0 135 0 0 0 0 0
249 192 0 0 0 0 0 64 8 0
253 64 0 0 0 0 0 64 0 0
254 64 0 0 0 0 0 128 7 0
255 128 0 0 64 0 0 64 5 0
256 64 0 0 0 0 0 64 0 0
257 192 26 19 64 0 0 64 0 0
259 256 0 0 64 0 0 64 0 0
263 135 0 0 0 0 0 0 0 0
264 66 0 0 0 0 0 33 3 0
266 7680 23 21 0 0 0 0 0 0
417 87 21 20 0 0 0 0 0 0
419 28 0 0 0 0 0 14 1 0
422 28 0 0 0 0 0 0 0 0
423 14 0 0 0 0 0 0 0 0
429 14 0 0 0 0 0 14 4 4
430 56 1 0 0 0 0 0 0 0
431 70 0 0 0 0 0 0 0 0
433 14 0 0 0 0 0 0 0 0
434 14 0 0 0 0 0 14 1 0
435 42 0 0 14 0 0 14 0 0
439 261 30 21 174 4 0 0 0 0
441 261 9 2 174 1 0 87 0 0
442 217 0 0 65 1 0 0 0 0
448 132 0 0 44 2 0 0 0 0
449 4 1 1 1 0 0 1 0 0
452 66 22 22 22 4 0 22 0 0
463 66 0 0 22 0 0 0 0 0
465 22 0 0 0 0 0 0 0 0
470 88 22 22 22 0 0 22 1 0
471 22 0 0 0 0 0 22 8 0
472 22 0 0 0 0 0 0 0 0
474 218 0 0 87 2 0 0 0 0
478 261 0 0 174 1 0 0 0 0
484 174 0 0 0 0 0 0 0 0
485 174 0 0 0 0 0 87 13 13
490 261 22 22 87 4 0 87 0 0
495 44 0 0 22 0 0 0 0 0
532 44 22 22 0 0 0 0 0 0
533 22 0 0 0 0 0 0 0 0
536 22 0 0 22 0 0 0 0 0
547 110 21 21 0 0 0 0 0 0
552 154 0 0 22 4 0 0 0 0
553 154 44 44 44 5 0 0 0 0
557 22 0 0 0 0 0 22 0 0
558 22 0 0 0 0 0 0 0 0
559 22 0 0 0 0 0 22 0 0
560 66 0 0 22 0 0 22 0 0
561 22 0 0 0 0 0 0 0 0
568 44 22 22 22 0 0 0 0 0
571 22 0 0 0 0 0 0 0 0
574 198 0 0 264 11 0 0 0 0
fn=openaux
61 675 21 20 0 0 0 405 16 6
64 1210 9 0 675 4 0 135 8 0
65 135 0 0 135 3 0 0 0 0
66 130 0 0 130 0 0 0 0 0
69 405 0 0 405 7 0 0 0 0
fl=./elf/./elf/dl-environ.c
fn=_dl_next_ld_env_entry
28 9 1 1 0 0 0 6 0 0
29 3 0 0 3 0 0 0 0 0
32 33 0 0 16 0 0 0 0 0
34 45 0 0 15 0 0 0 0 0
35 15 1 1 5 0 0 0 0 0
37 2 0 0 0 0 0 0 0 0
40 4 0 0 0 0 0 2 0 0
49 6 0 0 6 0 0 0 0 0
fl=./elf/./elf/dl-find_object.c
fn=_dl_find_object
293 18 0 0 0 0 0 0 0 0
312 36 0 0 18 2 2 0 0 0
321 18 2 2 0 0 0 0 0 0
325 82 0 0 0 0 0 0 0 0
327 82 0 0 0 0 0 0 0 0
328 82 0 0 0 0 0 0 0 0
329 246 0 0 82 14 14 0 0 0
331 136 0 0 0 0 0 0 0 0
332 68 0 0 0 0 0 0 0 0
335 14 2 2 0 0 0 0 0 0
338 66 0 0 10 0 0 0 0 0
349 36 0 0 0 0 0 0 0 0
350 72 2 2 18 0 0 0 0 0
360 108 0 0 0 0 0 108 6 0
363 90 2 2 18 2 2 0 0 0
372 72 0 0 18 2 2 0 0 0
375 18 0 0 0 0 0 0 0 0
379 90 8 2 36 2 2 0 0 0
380 54 2 2 18 0 0 0 0 0
419 18 0 0 0 0 0 0 0 0
422 36 2 2 18 2 2 0 0 0
423 18 0 0 0 0 0 0 0 0
426 72 0 0 18 0 0 0 0 0
440 36 0 0 0 0 0 0 0 0
443 18 0 0 0 0 0 0 0 0
465 72 0 0 108 0 0 0 0 0
fn=_dl_find_object_init
561 4 1 1 0 0 0 6 0 0
564 2 0 0 1 1 0 0 0 0
566 2 0 0 1 0 0 0 0 0
573 4 0 0 0 0 0 1 1 0
579 2 0 0 0 0 0 0 0 0
580 3 1 1 1 0 0 1 0 0
582 1 0 0 0 0 0 0 0 0
585 1 0 0 0 0 0 0 0 0
590 1 0 0 0 0 0 1 0 0
591 1 0 0 0 0 0 0 0 0
594 2 0 0 1 0 0 0 0 0
596 2 1 1 0 0 0 0 0 0
599 5 1 1 3 0 0 1 0 0
601 1 0 0 0 0 0 0 0 0
604 4 0 0 6 0 0 0 0 0
fn=_dl_find_object_update
136 21 0 0 0 0 0 0 0 0
137 142 0 0 40 20 19 0 0 0
138 968 20 20 0 0 0 0 0 0
140 1264 0 0 316 152 149 0 0 0
149 38 0 0 0 0 0 0 0 0
150 59 0 0 19 0 0 0 0 0
151 38 0 0 19 19 18 0 0 0
201 4 0 0 0 0 0 0 0 0
204 4 2 2 0 0 0 0 0 0
214 2 0 0 0 0 0 0 0 0
216 2 0 0 0 0 0 0 0 0
218 2 0 0 0 0 0 0 0 0
224 4 0 0 0 0 0 0 0 0
225 4 2 2 0 0 0 0 0 0
229 2 0 0 0 0 0 4 2 2
233 4 0 0 0 0 0 4 0 0
234 2 0 0 0 0 0 0 0 0
235 2 0 0 0 0 0 0 0 0
236 4 0 0 0 0 0 0 0 0
270 21 19 19 0 0 0 0 0 0
271 19 0 0 0 0 0 0 0 0
279 21 21 21 0 0 0 0 0 0
610 42 21 21 0 0 0 0 0 0
612 46 0 0 0 0 0 0 0 0
616 27 0 0 18 1 0 0 0 0
617 78 0 0 0 0 0 0 0 0
618 22 0 0 22 3 0 0 0 0
620 33 7 7 0 0 0 0 0 0
625 18 0 0 9 0 0 0 0 0
626 9 0 0 0 0 0 9 0 0
627 9 0 0 0 0 0 9 0 0
639 63 40 40 21 0 0 0 0 0
644 42 0 0 0 0 0 21 0 0
654 21 0 0 0 0 0 0 0 0
656 42 21 21 21 19 4 0 0 0
660 83 1 1 21 0 0 0 0 0
662 42 0 0 0 0 0 0 0 0
668 39 20 20 0 0 0 0 0 0
670 2 1 1 0 0 0 0 0 0
682 8 0 0 0 0 0 2 0 0
697 21 0 0 0 0 0 0 0 0
698 21 0 0 0 0 0 0 0 0
700 20 0 0 20 0 0 0 0 0
703 1054 0 0 0 0 0 0 0 0
706 24 0 0 0 0 0 0 0 0
707 20 0 0 20 0 0 0 0 0
708 20 0 0 0 0 0 0 0 0
717 343 20 20 0 0 0 0 0 0
718 1372 20 20 343 0 0 0 0 0
725 30 1 1 0 0 0 0 0 0
730 346 1 1 0 0 0 0 0 0
731 346 0 0 0 0 0 0 0 0
740 346 0 0 0 0 0 0 0 0
741 346 0 0 0 0 0 0 0 0
743 346 0 0 0 0 0 0 0 0
744 49 0 0 0 0 0 0 0 0
745 331 0 0 141 1 0 0 0 0
746 46 0 0 0 0 0 0 0 0
749 316 20 20 0 0 0 0 0 0
751 316 0 0 0 0 0 0 0 0
758 30 0 0 0 0 0 0 0 0
759 120 0 0 60 0 0 30 0 0
760 60 0 0 0 0 0 0 0 0
766 710 1 1 0 0 0 0 0 0
770 21 0 0 0 0 0 0 0 0
773 21 0 0 0 0 0 0 0 0
776 42 0 0 21 0 0 0 0 0
780 21 0 0 0 0 0 0 0 0
785 63 21 21 0 0 0 84 0 0
787 42 0 0 0 0 0 0 0 0
788 144 0 0 30 0 0 42 0 0
790 210 21 21 60 1 0 0 0 0
791 21 0 0 0 0 0 0 0 0
795 21 21 21 0 0 0 0 0 0
798 63 0 0 0 0 0 21 0 0
799 81 0 0 30 0 0 0 0 0
800 150 0 0 60 0 0 0 0 0
801 60 0 0 0 0 0 30 0 0
807 84 20 20 147 0 0 0 0 0
808 84 0 0 84 0 0 0 0 0
fn=_dlfo_process_initial
474 4 1 1 0 0 0 4 0 0
475 4 0 0 2 0 0 0 0 0
477 2 0 0 0 0 0 0 0 0
478 6 0 0 2 0 0 0 0 0
481 8 2 2 0 0 0 0 0 0
485 2 0 0 2 0 0 0 0 0
486 6 0 0 2 0 0 0 0 0
487 64 0 0 0 0 0 0 0 0
488 60 1 1 20 1 1 0 0 0
490 8 0 0 2 0 0 0 0 0
493 12 0 0 4 0 0 4 2 2
495 8 0 0 4 0 0 2 0 0
497 8 0 0 2 0 0 2 0 0
499 4 0 0 0 0 0 0 0 0
504 22 1 1 4 1 0 0 0 0
505 18 0 0 2 0 0 0 0 0
506 14 0 0 14 1 0 0 0 0
508 64 0 0 12 5 0 0 0 0
511 48 1 1 12 6 0 0 0 0
513 24 0 0 12 0 0 0 0 0
515 18 0 0 0 0 0 0 0 0
517 24 0 0 0 0 0 0 0 0
521 4 0 0 0 0 0 0 0 0
529 4 0 0 0 0 0 2 0 0
531 6 0 0 4 0 0 0 0 0
fn=_dlfo_sort_mappings
536 2 0 0 0 0 0 2 0 0
537 2 1 1 0 0 0 0 0 0
540 25 1 1 0 0 0 0 0 0
544 14 0 0 7 0 0 0 0 0
545 112 1 1 0 0 0 0 0 0
546 56 0 0 28 0 0 0 0 0
548 84 0 0 0 0 0 0 0 0
553 21 0 0 14 0 0 14 0 0
554 14 0 0 14 0 0 14 0 0
555 7 0 0 0 0 0 14 0 0
557 2 0 0 2 0 0 0 0 0
fl=./elf/./elf/dl-fini.c
fn=_dl_fini
26 11 1 1 0 0 0 13 0 0
43 1 0 0 0 0 0 0 0 0
46 17 2 2 2 2 1 0 0 0
49 4 1 1 1 1 1 0 0 0
51 1 0 0 1 1 1 0 0 0
54 1 0 0 0 0 0 0 0 0
56 5 0 0 2 1 0 0 0 0
59 1 0 0 0 0 0 0 0 0
61 2 0 0 0 0 0 1 0 0
63 3 0 0 0 0 0 0 0 0
68 13 1 1 0 0 0 1 1 0
73 77 2 2 38 12 12 0 0 0
75 111 0 0 37 37 31 0 0 0
77 74 0 0 0 0 0 0 0 0
79 37 0 0 0 0 0 37 1 0
80 37 0 0 0 0 0 37 37 36
81 37 0 0 0 0 0 0 0 0
85 111 0 0 37 36 31 37 0 0
87 5 0 0 0 0 0 0 0 0
88 8 0 0 0 0 0 0 0 0
94 4 1 1 0 0 0 0 0 0
103 3 0 0 1 1 0 0 0 0
108 114 0 0 0 0 0 0 0 0
110 37 0 0 37 3 1 0 0 0
112 74 1 1 37 27 0 0 0 0
114 74 0 0 0 0 0 0 0 0
117 74 0 0 0 0 0 0 0 0
122 111 0 0 37 0 0 37 0 0
126 3 0 0 0 0 0 0 0 0
132 7 0 0 2 0 0 0 0 0
134 3 0 0 0 0 0 1 0 0
138 2 1 1 1 0 0 0 0 0
145 8 0 0 12 0 0 0 0 0
fl=./elf/./elf/dl-hwcaps-subdirs.c
fn=_dl_hwcaps_subdirs_active
27 2 1 1 0 0 0 2 0 0
29 3 0 0 2 0 0 0 0 0
fl=./elf/./elf/dl-hwcaps.c
fn=_dl_important_hwcaps
52 6 2 2 0 0 0 0 0 0
100 5 0 0 0 0 0 2 1 1
102 1 0 0 0 0 0 0 0 0
105 1 0 0 0 0 0 1 0 0
108 1 0 0 0 0 0 0 0 0
112 3 0 0 0 0 0 0 0 0
125 3 0 0 0 0 0 0 0 0
133 2 1 1 0 0 0 0 0 0
142 6 0 0 1 0 0 1 0 0
172 10 2 2 0 0 0 12 3 3
174 2 0 0 0 0 0 1 0 0
175 3 0 0 0 0 0 0 0 0
185 1 0 0 0 0 0 0 0 0
186 3 0 0 0 0 0 0 0 0
189 3 0 0 1 0 0 1 1 1
193 2 0 0 1 0 0 0 0 0
194 1 0 0 0 0 0 0 0 0
202 4 0 0 3 0 0 2 0 0
203 4 1 1 0 0 0 0 0 0
204 6 0 0 2 0 0 0 0 0
208 1 0 0 2 0 0 0 0 0
209 1 0 0 0 0 0 2 1 1
213 2 1 1 1 0 0 1 0 0
216 6 0 0 8 0 0 0 0 0
fn=copy_hwcaps
74 12 1 1 0 0 0 12 0 0
77 6 0 0 0 0 0 0 0 0
80 4 0 0 0 0 0 0 0 0
84 2 0 0 0 0 0 0 0 0
90 8 0 0 12 0 0 0 0 0
fl=./elf/./elf/dl-hwcaps_split.c
fn=_dl_hwcaps_split
25 24 0 0 0 0 0 24 1 1
26 12 0 0 6 0 0 0 0 0
27 6 0 0 0 0 0 0 0 0
30 9 1 1 3 0 0 3 0 0
34 9 0 0 3 0 0 0 0 0
36 3 0 0 0 0 0 0 0 0
47 18 1 1 24 0 0 0 0 0
fn=_dl_hwcaps_split_masked
51 20 1 1 0 0 0 15 1 1
54 20 0 0 0 0 0 0 0 0
62 20 1 1 15 0 0 0 0 0
fl=./elf/./elf/dl-init.c
fn=_dl_init
81 220 22 22 0 0 0 220 1 1
83 22 0 0 44 21 3 0 0 0
86 88 22 22 22 5 1 0 0 0
88 1 1 1 0 0 0 0 0 0
89 2 0 0 0 0 0 1 0 0
94 66 0 0 0 0 0 0 0 0
119 22 0 0 22 0 0 0 0 0
120 327 25 22 0 0 0 0 0 0
121 522 0 0 174 22 1 0 0 0
127 132 21 21 220 2 0 0 0 0
fn=call_init
27 352 23 22 0 0 0 352 0 0
29 264 23 22 88 5 2 0 0 0
35 704 0 0 88 3 1 176 0 0
37 88 0 0 0 0 0 0 0 0
43 111 24 22 37 0 0 37 0 0
46 111 0 0 74 37 12 0 0 0
47 2 0 0 0 0 0 0 0 0
51 108 0 0 36 0 0 0 0 0
59 72 0 0 36 29 9 0 0 0
60 238 22 22 68 34 11 0 0 0
63 36 0 0 36 35 8 0 0 0
64 36 0 0 0 0 0 0 0 0
70 108 0 0 72 13 5 0 0 0
72 144 0 0 72 20 8 36 0 0
73 576 2 0 0 0 0 0 0 0
74 540 3 3 108 43 15 0 0 0
76 388 39 39 564 1 0 0 0 0
fl=./elf/./elf/dl-load.c
fn=_dl_dst_count
238 477 50 22 0 0 0 636 33 23
239 1 0 0 0 0 0 0 0 0
241 318 0 0 0 0 0 0 0 0
244 159 0 0 0 0 0 0 0 0
245 159 0 0 0 0 0 0 0 0
251 1 0 0 0 0 0 0 0 0
253 6 0 0 0 0 0 0 0 0
254 5 0 0 0 0 0 1 0 0
255 2 0 0 0 0 0 0 0 0
256 1 1 1 0 0 0 0 0 0
259 4 0 0 0 0 0 0 0 0
261 2 0 0 2 0 0 0 0 0
264 639 2 2 637 0 0 2 0 0
fn=_dl_dst_substitute
276 10 1 1 0 0 0 11 0 0
283 1 0 0 0 0 0 0 0 0
285 1 0 0 0 0 0 0 0 0
289 5 0 0 1 0 0 0 0 0
294 1 0 0 0 0 0 0 0 0
295 7 1 1 0 0 0 0 0 0
317 3 0 0 1 0 0 0 0 0
322 2 0 0 1 0 0 0 0 0
332 3 0 0 0 0 0 0 0 0
334 3 0 0 0 0 0 0 0 0
335 1 1 1 0 0 0 0 0 0
354 2 0 0 1 0 0 0 0 0
365 1 1 1 0 0 0 0 0 0
372 1 0 0 0 0 0 1 0 0
375 8 0 0 11 0 0 0 0 0
fn=_dl_init_paths
706 9 1 1 0 0 0 14 0 0
720 9 1 1 0 0 0 1 0 0
725 1 0 0 0 0 0 1 0 0
727 1 0 0 0 0 0 0 0 0
734 4 0 0 0 0 0 0 0 0
735 4 0 0 1 0 0 0 0 0
739 2 1 1 0 0 0 1 0 0
741 3 0 0 2 0 0 0 0 0
747 1 0 0 0 0 0 1 1 1
748 4 0 0 0 0 0 1 0 0
756 4 0 0 0 0 0 4 0 0
758 2 0 0 0 0 0 0 0 0
759 4 0 0 0 0 0 8 4 4
761 3 0 0 0 0 0 1 0 0
762 8 0 0 3 1 1 7 1 1
763 7 0 0 0 0 0 0 0 0
766 15 0 0 3 1 1 0 0 0
767 5 0 0 1 0 0 0 0 0
768 18 0 0 4 0 0 1 0 0
770 18 2 2 0 0 0 4 0 0
776 3 0 0 0 0 0 1 0 0
777 1 0 0 0 0 0 1 0 0
782 2 0 0 1 0 0 0 0 0
785 4 1 1 0 0 0 0 0 0
787 4 0 0 1 0 0 0 0 0
789 2 0 0 1 0 0 0 0 0
806 2 0 0 0 0 0 1 0 0
808 2 1 1 1 0 0 0 0 0
822 2 1 1 0 0 0 1 0 0
825 4 2 2 2 0 0 0 0 0
827 18 1 1 2 0 0 1 0 0
831 2 0 0 0 0 0 0 0 0
832 31 0 0 15 0 0 0 0 0
833 28 1 1 0 0 0 0 0 0
834 28 0 0 0 0 0 0 0 0
836 3 0 0 0 0 0 1 0 0
837 2 0 0 0 0 0 0 0 0
838 1 0 0 0 0 0 0 0 0
844 7 1 1 1 0 0 0 0 0
847 3 0 0 2 0 0 0 0 0
853 3 0 0 0 0 0 1 0 0
857 8 0 0 12 0 0 0 0 0
fn=_dl_map_object
1967 1264 51 23 0 0 0 1896 103 97
1969 35 0 0 0 0 0 35 0 0
1975 316 0 0 0 0 0 0 0 0
1976 1106 32 22 158 3 1 0 0 0
1979 3896 0 0 1474 6 0 0 0 0
1984 7195 24 23 1439 571 406 0 0 0
1986 5756 0 0 0 0 0 0 0 0
1990 2632 0 0 1316 0 0 0 0 0
1991 2632 0 0 1316 676 447 0 0 0
1994 2828 0 0 1414 671 352 0 0 0
1995 2121 23 23 707 354 209 0 0 0
1996 2828 0 0 0 0 0 0 0 0
2009 35 22 22 0 0 0 0 0 0
2010 140 0 0 35 24 0 0 0 0
2011 70 0 0 0 0 0 35 21 16
2019 105 22 22 35 5 0 0 0 0
2034 35 0 0 0 0 0 35 30 29
2036 140 0 0 0 0 0 0 0 0
2040 52 8 8 0 0 0 13 3 2
2042 26 0 0 13 0 0 0 0 0
2049 39 8 8 13 6 0 0 0 0
2053 12 7 7 12 3 0 0 0 0
2054 132 7 7 0 0 0 48 0 0
2058 26 0 0 13 7 0 0 0 0
2059 103 0 0 0 0 0 0 0 0
2061 72 0 0 0 0 0 36 0 0
2073 96 17 14 60 0 0 0 0 0
2074 60 12 7 12 0 0 0 0 0
2075 120 9 7 24 0 0 24 0 0
2084 12 0 0 0 0 0 0 0 0
2099 78 0 0 13 11 7 13 0 0
2100 220 8 8 26 0 0 26 0 0
2106 39 0 0 13 0 0 0 0 0
2107 117 10 8 13 0 0 13 0 0
2109 16 3 3 2 0 0 2 0 0
2113 3 0 0 0 0 0 0 0 0
2115 13 0 0 0 0 0 13 0 0
2129 13 0 0 0 0 0 0 0 0
2131 39 13 8 13 8 5 0 0 0
2135 39 1 0 0 0 0 0 0 0
2137 13 0 0 0 0 0 0 0 0
2141 13 0 0 0 0 0 0 0 0
2149 26 0 0 13 2 0 0 0 0
2172 130 8 8 0 0 0 26 0 0
2176 39 0 0 13 0 0 0 0 0
2177 13 0 0 0 0 0 13 0 0
2194 39 0 0 26 0 0 0 0 0
2200 22 0 0 0 0 0 22 4 3
2201 88 0 0 0 0 0 0 0 0
2202 22 0 0 0 0 0 0 0 0
2203 22 22 22 0 0 0 0 0 0
2207 220 0 0 0 0 0 22 0 0
2210 66 0 0 22 0 0 0 0 0
2222 96 0 0 13 0 0 0 0 0
2267 105 1 0 35 0 0 35 0 0
2268 420 22 22 70 0 0 70 1 0
2270 1422 1 1 1896 32 0 0 0 0
fn=_dl_map_object_from_fd
944 595 45 40 35 0 0 455 54 53
959 105 0 0 0 0 0 35 0 0
989 1540 0 0 700 208 0 0 0 0
990 1330 22 22 665 163 0 0 0 0
1008 35 35 22 0 0 0 0 0 0
1036 105 0 0 0 0 0 35 0 0
1046 105 0 0 35 0 0 0 0 0
1053 245 23 19 0 0 0 0 0 0
1054 35 0 0 0 0 0 0 0 0
1065 70 31 17 0 0 0 35 3 3
1066 70 0 0 35 1 0 35 0 0
1067 70 0 0 35 4 0 35 0 0
1069 70 0 0 0 0 0 0 0 0
1070 175 0 0 105 4 0 0 0 0
1071 70 0 0 0 0 0 35 0 0
1086 35 0 0 0 0 0 0 0 0
1088 70 0 0 0 0 0 35 4 3
1090 525 35 17 35 0 0 35 28 28
1091 35 0 0 0 0 0 0 0 0
1092 35 0 0 0 0 0 0 0 0
1093 35 0 0 0 0 0 0 0 0
1094 35 0 0 0 0 0 0 0 0
1100 937 62 44 70 0 0 0 0 0
1101 2188 22 17 254 113 100 0 0 0
1107 70 22 21 35 22 20 0 0 0
1114 75 0 0 40 0 0 35 0 0
1115 105 0 0 35 0 0 35 0 0
1116 245 21 21 70 0 0 35 0 0
1121 2 0 0 1 0 0 1 0 0
1122 1 0 0 0 0 0 0 0 0
1127 393 0 0 179 21 17 0 0 0
1135 144 0 0 0 0 0 0 0 0
1136 179 0 0 0 0 0 72 17 16
1137 216 0 0 0 0 0 0 0 0
1138 72 0 0 0 0 0 144 0 0
1139 360 0 0 144 14 11 72 3 3
1141 504 23 18 72 6 5 0 0 0
1143 288 29 20 0 0 0 72 2 2
1156 181 0 0 37 0 0 0 0 0
1157 74 0 0 0 0 0 0 0 0
1162 216 0 0 0 0 0 72 1 1
1163 428 22 17 72 0 0 35 0 0
1176 10 1 1 5 1 0 0 0 0
1180 5 0 0 0 0 0 5 1 1
1181 10 0 0 5 1 1 5 1 1
1185 25 0 0 0 0 0 5 0 0
1186 10 0 0 5 0 0 5 0 0
1189 5 0 0 0 0 0 5 0 0
1194 20 5 4 5 0 0 0 0 0
1195 12 0 0 4 4 1 0 0 0
1209 35 22 22 35 0 0 0 0 0
1210 35 0 0 0 0 0 0 0 0
1213 70 0 0 35 5 4 35 2 2
1214 70 0 0 35 8 6 35 0 0
1218 105 0 0 35 0 0 0 0 0
1228 251 0 0 0 0 0 0 0 0
1229 144 0 0 0 0 0 72 0 0
1235 105 0 0 35 0 0 0 0 0
1245 105 31 17 35 0 0 0 0 0
1252 210 0 0 70 0 0 0 0 0
1268 140 31 22 70 0 0 0 0 0
1269 105 0 0 35 0 0 35 0 0
1275 54 23 21 27 1 1 0 0 0
1276 140 0 0 0 0 0 0 0 0
1278 140 29 20 35 0 0 0 0 0
1288 70 0 0 35 0 0 0 0 0
1307 105 0 0 35 0 0 35 0 0
1309 175 0 0 35 24 19 0 0 0
1361 70 0 0 35 4 4 0 0 0
1362 15 2 1 5 0 0 5 0 0
1368 718 21 16 70 0 0 0 0 0
1369 867 31 22 254 217 217 0 0 0
1380 105 0 0 0 0 0 0 0 0
1393 105 0 0 35 0 0 0 0 0
1395 140 23 22 70 0 0 35 0 0
1397 70 0 0 35 0 0 0 0 0
1413 70 0 0 0 0 0 0 0 0
1417 35 0 0 0 0 0 0 0 0
1418 70 0 0 35 0 0 0 0 0
1435 70 0 0 35 0 0 0 0 0
1436 2 0 0 0 0 0 1 0 0
1439 105 24 22 70 4 0 70 0 0
1444 70 0 0 35 0 0 0 0 0
1449 105 0 0 35 26 1 0 0 0
1461 245 0 0 35 0 0 0 0 0
1462 10 2 1 5 0 0 0 0 0
1463 36 0 0 8 0 0 0 0 0
1464 8 1 1 4 0 0 0 0 0
1465 6 0 0 0 0 0 1 0 0
1471 70 0 0 35 0 0 0 0 0
1472 20 4 1 5 0 0 0 0 0
1475 12 4 3 4 0 0 0 0 0
1477 10 0 0 0 0 0 0 0 0
1484 105 28 21 0 0 0 0 0 0
1487 35 0 0 0 0 0 0 0 0
1491 105 0 0 0 0 0 0 0 0
1492 70 0 0 35 0 0 0 0 0
1498 21 17 17 0 0 0 0 0 0
1499 84 0 0 0 0 0 0 0 0
1505 42 0 0 0 0 0 21 0 0
1506 21 0 0 0 0 0 0 0 0
1507 42 0 0 0 0 0 0 0 0
1510 28 0 0 0 0 0 0 0 0
1514 245 0 0 105 8 0 0 0 0
1515 140 0 0 0 0 0 0 0 0
1519 315 23 22 420 8 0 0 0 0
fn=cache_rpath
681 76 8 8 0 0 0 76 0 0
682 114 8 8 38 7 0 0 0 0
683 74 5 0 0 0 0 0 0 0
685 30 0 0 0 0 0 0 0 0
686 15 0 0 0 0 0 0 0 0
688 45 0 0 15 0 0 0 0 0
691 28 7 6 0 0 0 14 0 0
696 8 1 1 2 0 0 0 0 0
697 2 0 0 1 1 0 0 0 0
699 75 0 0 76 0 0 0 0 0
fn=decompose_rpath
580 9 2 2 0 0 0 8 0 0
582 1 0 0 1 0 0 0 0 0
591 3 0 0 1 1 1 0 0 0
622 2 0 0 1 1 1 0 0 0
629 2 1 1 0 0 0 0 0 0
630 1 0 0 0 0 0 0 0 0
637 1 0 0 0 0 0 0 0 0
638 17 0 0 8 0 0 0 0 0
640 14 0 0 0 0 0 0 0 0
644 2 0 0 0 0 0 0 0 0
646 1 0 0 0 0 0 0 0 0
654 8 0 0 0 0 0 0 0 0
661 2 0 0 1 0 0 0 0 0
668 1 0 0 0 0 0 1 0 0
670 2 0 0 0 0 0 1 0 0
671 1 0 0 0 0 0 0 0 0
672 5 0 0 8 0 0 0 0 0
fn=expand_dynamic_string_token
385 144 22 22 0 0 0 144 0 0
395 48 0 0 0 0 0 0 0 0
398 24 0 0 0 0 0 0 0 0
399 46 0 0 0 0 0 0 0 0
402 18 2 2 2 1 0 0 0 0
405 1 0 0 0 0 0 0 0 0
406 1 0 0 0 0 0 0 0 0
409 3 0 0 0 0 0 0 0 0
410 72 0 0 144 0 0 0 0 0
fn=fillin_rpath.isra.0
468 22 2 2 0 0 0 34 0 0
472 2 0 0 0 0 0 0 0 0
474 20 0 0 4 0 0 0 0 0
481 4 2 2 2 0 0 0 0 0
483 10 0 0 2 0 0 0 0 0
487 2 0 0 0 0 0 0 0 0
492 4 0 0 0 0 0 0 0 0
493 2 0 0 0 0 0 0 0 0
500 12 2 2 2 0 0 0 0 0
505 8 1 1 0 0 0 2 0 0
509 28 4 4 11 1 1 0 0 0
510 27 0 0 9 4 4 0 0 0
528 9 2 2 2 0 0 3 0 0
532 14 2 2 4 0 0 0 0 0
534 2 0 0 0 0 0 0 0 0
538 2 0 0 0 0 0 2 0 0
539 6 0 0 2 0 0 0 0 0
540 8 0 0 0 0 0 2 0 0
541 2 0 0 0 0 0 2 0 0
543 8 2 2 2 0 0 0 0 0
544 1 0 0 0 0 0 1 0 0
549 10 0 0 2 0 0 0 0 0
550 14 0 0 2 0 0 0 0 0
551 2 0 0 0 0 0 2 0 0
553 4 2 2 2 0 0 2 0 0
554 4 0 0 2 0 0 0 0 0
555 6 0 0 2 0 0 2 0 0
556 2 0 0 0 0 0 0 0 0
561 4 0 0 2 0 0 2 0 0
562 2 0 0 0 0 0 2 0 0
565 6 0 0 0 0 0 2 0 0
571 2 0 0 0 0 0 2 0 0
574 14 0 0 24 0 0 0 0 0
fn=is_dst
202 12 1 1 0 0 0 10 0 0
206 6 0 0 2 0 0 0 0 0
215 6 1 1 0 0 0 0 0 0
216 10 0 0 0 0 0 0 0 0
218 10 2 2 2 0 0 0 0 0
229 10 0 0 10 0 0 0 0 0
fn=open_path
1536 28 0 0 0 0 0 0 0 0
1812 154 20 16 0 0 0 210 22 21
1813 28 0 0 14 0 0 14 8 8
1817 70 0 0 0 0 0 42 0 0
1819 14 0 0 0 0 0 0 0 0
1822 28 0 0 0 0 0 0 0 0
1824 322 18 16 28 18 14 28 9 8
1827 42 0 0 42 12 7 0 0 0
1831 14 0 0 0 0 0 0 0 0
1835 28 0 0 0 0 0 0 0 0
1842 84 8 8 42 5 0 0 0 0
1843 114 7 7 28 0 0 0 0 0
1846 42 0 0 14 0 0 0 0 0
1851 182 8 8 70 9 7 0 0 0
1854 14 0 0 0 0 0 0 0 0
1860 28 0 0 14 0 0 0 0 0
1863 112 8 8 42 0 0 0 0 0
1865 28 0 0 14 0 0 0 0 0
1867 4 0 0 0 0 0 0 0 0
1872 2 2 2 0 0 0 0 0 0
1873 16 0 0 6 2 0 0 0 0
1879 4 2 2 0 0 0 2 0 0
1881 8 0 0 0 0 0 0 0 0
1882 14 2 2 2 0 0 2 0 0
1884 2 0 0 0 0 0 0 0 0
1891 36 15 15 0 0 0 0 0 0
1893 66 0 0 14 0 0 14 0 0
1894 42 0 0 0 0 0 28 3 3
1937 126 2 2 14 0 0 0 0 0
1941 42 0 0 14 0 0 14 0 0
1943 56 0 0 28 0 0 14 0 0
1946 56 0 0 14 0 0 0 0 0
1960 126 10 8 168 0 0 0 0 0
fn=open_verify.constprop.0
1572 539 65 44 0 0 0 490 9 8
1604 147 0 0 49 0 0 0 0 0
1609 28 10 7 0 0 0 0 0 0
1623 196 0 0 0 0 0 0 0 0
1625 98 0 0 0 0 0 0 0 0
1633 105 0 0 0 0 0 35 21 21
1634 70 32 21 0 0 0 35 6 5
1639 210 0 0 0 0 0 0 0 0
1641 70 0 0 0 0 0 0 0 0
1643 105 0 0 35 0 0 35 0 0
1645 70 31 21 0 0 0 0 0 0
1651 70 0 0 0 0 0 0 0 0
1668 578 70 47 175 16 16 0 0 0
1749 105 0 0 35 5 5 0 0 0
1754 105 24 22 35 0 0 0 0 0
1760 175 0 0 35 0 0 0 0 0
1766 105 0 0 35 10 9 0 0 0
1772 70 0 0 35 0 0 0 0 0
1773 140 22 22 35 0 0 0 0 0
1799 392 9 0 490 0 0 0 0 0
fl=./elf/./elf/dl-lookup-direct.c
fn=_dl_lookup_direct
74 33 1 1 0 0 0 30 0 0
75 3 0 0 3 0 0 0 0 0
76 3 0 0 0 0 0 0 0 0
78 15 1 1 9 2 0 0 0 0
79 3 0 0 0 0 0 0 0 0
81 6 1 1 3 0 0 0 0 0
84 20 0 0 5 2 1 0 0 0
86 5 0 0 0 0 0 0 0 0
87 28 0 0 0 0 0 0 0 0
90 3 0 0 0 0 0 0 0 0
93 4 0 0 0 0 0 0 0 0
115 3 0 0 0 0 0 0 0 0
116 18 1 1 30 0 0 0 0 0
fn=check_match
31 30 2 2 0 0 0 21 0 0
32 9 0 0 6 0 0 0 0 0
33 6 0 0 0 0 0 0 0 0
36 12 0 0 6 4 4 0 0 0
40 6 0 0 0 0 0 0 0 0
48 9 1 1 0 0 0 0 0 0
51 9 0 0 6 0 0 0 0 0
53 12 0 0 3 0 0 0 0 0
57 6 0 0 6 2 0 0 0 0
58 24 1 1 6 1 0 0 0 0
59 9 0 0 3 0 0 0 0 0
64 18 0 0 21 0 0 0 0 0
fl=./elf/./elf/dl-lookup.c
fn=_dl_lookup_symbol_x
204 4115 0 0 1177 0 0 587 0 0
535 26056 121 22 0 0 0 0 0 0
548 405 0 0 405 66 0 0 0 0
551 405 0 0 0 0 0 0 0 0
555 405 7 7 405 1 0 0 0 0
556 405 0 0 0 0 0 0 0 0
558 3825 0 0 1275 127 1 0 0 0
559 2428 0 0 0 0 0 0 0 0
565 2 1 1 0 0 0 0 0 0
566 61 0 0 0 0 0 0 0 0
569 60 0 0 60 53 0 0 0 0
570 180 0 0 0 0 0 0 0 0
571 180 0 0 60 0 0 0 0 0
576 2 1 1 1 1 0 1 0 0
579 3 0 0 0 0 0 1 0 0
630 8 1 1 2 1 0 1 0 0
637 6 0 0 2 1 0 0 0 0
638 105 0 0 0 0 0 0 0 0
639 34 0 0 34 28 1 0 0 0
641 1 0 0 0 0 0 0 0 0
647 4 1 1 2 0 0 0 0 0
658 4 0 0 1 1 0 0 0 0
678 3 1 1 1 0 0 0 0 0
685 4 1 1 0 0 0 0 0 0
691 4 0 0 0 0 0 2 0 0
692 3 0 0 2 0 0 0 0 0
711 2 1 1 0 0 0 0 0 0
714 2 0 0 0 0 0 1 0 0
715 2 0 0 0 0 0 1 0 0
716 1 0 0 0 0 0 0 0 0
717 1 0 0 1 0 0 0 0 0
718 1 0 0 0 0 0 1 0 0
719 1 0 0 0 0 0 1 0 0
720 1 0 0 0 0 0 0 0 0
732 3 0 0 1 0 0 0 0 0
746 4 0 0 1 0 0 0 0 0
748 2 1 1 1 0 0 0 0 0
772 156930 356 108 0 0 0 125544 157 40
774 20924 0 0 0 0 0 10462 36 8
775 10462 0 0 0 0 0 20924 4 1
776 52310 179 52 20924 0 0 10462 0 0
778 73234 172 50 20924 192 32 31386 406 23
782 17770 0 0 0 0 0 0 0 0
785 10462 0 0 0 0 0 0 0 0
787 20924 0 0 20924 211 31 0 0 0
791 40973 0 0 6683 39 0 10462 0 0
792 203904 204 50 33984 12 0 67968 40 9
797 20924 0 0 10462 3 0 0 0 0
799 765 22 22 153 14 0 0 0 0
816 10462 0 0 0 0 0 10462 0 0
817 459 22 22 0 0 0 0 0 0
820 20924 0 0 10462 18 0 0 0 0
821 61358 0 0 10185 71 0 0 0 0
828 10309 0 0 10309 0 0 0 0 0
856 41236 182 45 10309 0 0 0 0 0
859 13028 0 0 0 0 0 0 0 0
870 20618 0 0 10309 566 72 0 0 0
871 3 2 2 0 0 0 1 0 0
873 20618 0 0 10309 0 0 0 0 0
890 20618 0 0 10309 0 0 0 0 0
892 94158 195 60 125544 91 0 0 0 0
fn=check_match
70 125568 168 59 20928 680 548 73248 224 29
73 62784 0 0 20928 5456 4357 0 0 0
78 310 2 2 0 0 0 0 0 0
86 52320 171 55 0 0 0 0 0 0
89 43323 0 0 4513 0 0 0 0 0
93 10373 0 0 10373 446 71 0 0 0
94 10373 0 0 0 0 0 0 0 0
96 4895 56 37 0 0 0 0 0 0
115 4895 0 0 4895 1921 990 0 0 0
116 44055 0 0 14685 970 147 0 0 0
117 19084 63 45 9542 81 11 0 0 0
118 372 0 0 124 0 0 0 0 0
119 124 0 0 0 0 0 0 0 0
144 5478 115 14 0 0 0 0 0 0
146 21904 0 0 5476 2000 897 0 0 0
147 16428 0 0 0 0 0 0 0 0
150 1 0 0 0 0 0 0 0 0
151 6 0 0 3 0 0 1 0 0
153 2 0 0 1 0 0 1 0 0
161 10309 116 17 0 0 0 0 0 0
162 52320 54 31 73248 0 0 0 0 0
fn=do_lookup_x
170 228 1 1 0 0 0 0 0 0
171 239 1 1 10 0 0 0 0 0
172 720 0 0 250 0 0 0 0 0
174 98 0 0 0 0 0 0 0 0
175 294 0 0 0 0 0 0 0 0
176 93069 196 53 72163 0 0 0 0 0
179 152 0 0 0 0 0 152 0 0
181 152 0 0 0 0 0 304 15 0
182 152 0 0 0 0 0 152 0 0
191 3 1 1 0 0 0 1 0 0
204 492 0 0 246 0 0 0 0 0
222 504 1 1 84 0 0 252 0 0
224 1176 1 1 84 16 1 252 0 0
226 84 0 0 0 0 0 0 0 0
227 84 0 0 168 17 3 0 0 0
228 420 0 0 336 0 0 0 0 0
230 1091 2 2 0 0 0 0 0 0
231 747 0 0 0 0 0 498 0 0
234 537 0 0 179 102 6 0 0 0
235 185 0 0 179 0 0 0 0 0
237 6 0 0 4 0 0 0 0 0
247 2 0 0 2 1 1 0 0 0
248 2 0 0 0 0 0 0 0 0
250 12 0 0 6 0 0 2 0 0
251 2 0 0 0 0 0 0 0 0
254 177 0 0 0 0 0 0 0 0
257 96 0 0 0 0 0 0 0 0
258 288 0 0 0 0 0 0 0 0
259 94 1 1 0 0 0 0 0 0
262 1620 1 1 729 0 0 0 0 0
269 12 1 1 0 0 0 8 0 0
272 2 0 0 0 0 0 0 0 0
279 290 2 2 12 0 0 0 0 0
280 184 0 0 92 25 0 0 0 0
281 140 0 0 210 1 0 0 0 0
285 26 1 1 4 0 0 10 0 0
286 2 0 0 0 0 0 4 0 0
287 2 0 0 0 0 0 0 0 0
288 2 0 0 0 0 0 0 0 0
289 6 0 0 2 0 0 2 0 0
300 1 0 0 0 0 0 0 0 0
302 1 0 0 0 0 0 0 0 0
306 5 0 0 4 0 0 2 0 0
307 3 1 1 1 0 0 1 0 0
310 82 0 0 0 0 0 0 0 0
311 164 0 0 82 0 0 0 0 0
318 328 1 1 82 0 0 0 0 0
322 2 0 0 1 0 0 0 0 0
329 738 1 1 164 0 0 82 0 0
331 410 0 0 164 0 0 82 0 0
333 164 0 0 164 0 0 0 0 0
334 164 0 0 0 0 0 164 0 0
347 305856 364 109 67968 0 0 288864 537 66
348 16992 0 0 16992 760 34 0 0 0
354 16992 0 0 16992 5 0 0 0 0
358 142642 174 57 142642 11923 268 0 0 0
361 142642 0 0 0 0 0 0 0 0
365 88406 0 0 31 5 0 0 0 0
386 142632 171 50 71316 9462 168 0 0 0
390 244584 0 0 71316 69 34 16992 0 0
396 142632 0 0 71316 2152 173 0 0 0
400 71316 178 57 0 0 0 71316 132 9
401 71316 0 0 0 0 0 71316 0 0
404 285264 0 0 142632 39003 479 0 0 0
405 213948 0 0 142632 7791 89 0 0 0
408 71316 0 0 71316 0 0 0 0 0
409 71316 0 0 0 0 0 0 0 0
411 71316 0 0 71316 33949 2475 0 0 0
412 16992 0 0 0 0 0 0 0 0
413 142632 0 0 71316 0 0 0 0 0
415 16992 0 0 0 0 0 0 0 0
416 142632 0 0 71316 0 0 0 0 0
419 285264 0 0 0 0 0 0 0 0
422 40071 0 0 26714 11006 3253 0 0 0
423 13357 140 46 0 0 0 0 0 0
424 13357 0 0 0 0 0 0 0 0
426 150984 174 50 12582 0 0 88074 40 0
429 103456 0 0 25864 12025 4653 0 0 0
431 20928 0 0 10464 0 0 0 0 0
432 129804 184 52 41856 16 0 31392 103 10
433 20928 0 0 0 0 0 0 0 0
436 10464 0 0 0 0 0 0 0 0
439 31420 0 0 155 0 0 0 0 0
448 18184 61 52 15911 0 0 0 0 0
470 6819 31 26 2273 0 0 0 0 0
476 20618 0 0 0 0 0 0 0 0
483 70964 0 0 10309 0 0 0 0 0
487 8505 47 33 2835 153 14 0 0 0
499 10225 0 0 10225 0 0 0 0 0
500 10225 0 0 0 0 0 20450 19 0
501 10309 0 0 0 0 0 0 0 0
518 183036 0 0 0 0 0 0 0 0
521 6683 0 0 0 0 0 0 0 0
522 135936 44 44 203904 101 0 0 0 0
fl=./elf/./elf/dl-minimal-malloc.c
fn=__minimal_calloc
80 42 3 1 0 0 0 28 2 2
84 14 0 0 0 0 0 0 0 0
87 14 0 0 0 0 0 0 0 0
88 56 0 0 0 0 0 0 0 0
92 14 0 0 28 0 0 0 0 0
fn=__minimal_free
97 3 0 0 0 0 0 4 0 0
99 5 0 0 1 0 0 0 0 0
106 3 1 1 4 0 0 0 0 0
fn=__minimal_malloc
36 156 2 1 0 0 0 156 0 0
37 155 0 0 39 2 1 0 0 0
42 4 0 0 0 0 0 1 0 0
43 4 2 2 1 0 0 0 0 0
44 2 0 0 0 0 0 0 0 0
48 155 0 0 38 0 0 39 0 0
49 39 0 0 0 0 0 0 0 0
51 234 6 1 0 0 0 0 0 0
56 10 0 0 2 0 0 0 0 0
57 6 0 0 0 0 0 0 0 0
59 4 2 1 0 0 0 4 0 0
60 16 0 0 0 0 0 0 0 0
62 4 0 0 0 0 0 0 0 0
64 8 0 0 0 0 0 0 0 0
65 10 0 0 2 0 0 0 0 0
67 6 0 0 4 0 0 2 0 0
70 78 0 0 0 0 0 78 0 0
71 2 0 0 0 0 0 0 0 0
73 117 0 0 156 0 0 0 0 0
fl=./elf/./elf/dl-minimal.c
fn=__rtld_malloc_init_real
76 5 2 2 0 0 0 6 0 0
86 3 0 0 0 0 0 1 0 0
87 1 0 0 0 0 0 1 0 0
89 1 0 0 0 0 0 1 0 0
91 7 0 0 0 0 0 0 0 0
92 6 0 0 0 0 0 0 0 0
93 7 1 1 0 0 0 0 0 0
94 5 0 0 0 0 0 0 0 0
99 3 0 0 0 0 0 1 1 0
101 1 0 0 0 0 0 2 0 0
102 1 1 1 0 0 0 1 0 0
103 4 0 0 6 0 0 0 0 0
fn=__rtld_malloc_init_stubs
42 2 1 1 0 0 0 2 1 1
43 5 0 0 0 0 0 1 1 1
44 2 0 0 0 0 0 0 0 0
45 3 0 0 0 0 0 2 1 1
46 3 0 0 0 0 0 1 0 0
47 2 1 1 2 0 0 0 0 0
fn=lookup_malloc_symbol
61 20 1 1 0 0 0 24 0 0
63 4 0 0 0 0 0 4 0 0
64 36 1 1 4 1 0 0 0 0
68 20 0 0 8 0 0 0 0 0
69 44 1 1 12 0 0 0 0 0
71 4 0 0 0 0 0 4 0 0
72 20 1 1 28 0 0 0 0 0
fn=strsep
239 4 2 2 0 0 0 0 0 0
242 8 0 0 4 2 2 0 0 0
244 4 0 0 4 0 0 0 0 0
245 4 0 0 0 0 0 0 0 0
247 4 2 2 0 0 0 0 0 0
249 48 0 0 23 0 0 0 0 0
251 42 0 0 0 0 0 0 0 0
254 105 0 0 35 0 0 0 0 0
256 70 0 0 35 0 0 0 0 0
267 2 0 0 0 0 0 2 0 0
270 2 2 2 0 0 0 0 0 0
271 2 0 0 0 0 0 0 0 0
fl=./elf/./elf/dl-misc.c
fn=_dl_higher_prime_number
87 4 0 0 0 0 0 4 0 0
125 6 0 0 0 0 0 0 0 0
127 26 1 1 0 0 0 0 0 0
129 40 0 0 0 0 0 0 0 0
130 30 0 0 10 4 3 0 0 0
131 6 0 0 0 0 0 0 0 0
133 7 0 0 0 0 0 0 0 0
146 6 0 0 6 0 0 0 0 0
fn=_dl_name_match_p
68 10425 47 46 0 0 0 8340 51 43
69 6255 0 0 2085 608 383 0 0 0
70 211 0 0 0 0 0 0 0 0
72 2084 0 0 2084 546 312 0 0 0
74 4107 0 0 0 0 0 0 0 0
75 8932 0 0 2233 775 441 0 0 0
80 4046 0 0 2023 0 0 0 0 0
82 1874 0 0 0 0 0 0 0 0
83 6255 24 23 8340 0 0 0 0 0
fn=_dl_sysdep_read_whole_file
36 48 8 8 0 0 0 40 0 0
39 16 0 0 0 0 0 0 0 0
40 8 0 0 0 0 0 0 0 0
42 32 8 8 0 0 0 0 0 0
44 16 0 0 8 0 0 8 0 0
47 8 0 0 0 0 0 0 0 0
49 64 0 0 0 0 0 0 0 0
60 16 0 0 0 0 0 0 0 0
63 40 0 0 40 0 0 0 0 0
fl=./elf/./elf/dl-object.c
fn=_dl_add_to_namespace_list
31 216 23 22 0 0 0 180 0 0
33 180 0 0 36 1 0 0 0 0
35 323 28 22 36 0 0 0 0 0
38 1995 0 0 665 159 0 0 0 0
40 35 0 0 0 0 0 35 0 0
42 35 0 0 0 0 0 35 0 0
45 2 1 1 0 0 0 1 0 0
46 252 0 0 36 0 0 36 0 0
47 72 0 0 36 32 16 36 0 0
48 72 0 0 0 0 0 36 0 0
50 180 0 0 36 0 0 0 0 0
51 108 23 21 180 0 0 0 0 0
fn=_dl_new_object
59 468 30 21 0 0 0 432 28 27
62 108 0 0 0 0 0 0 0 0
64 1 1 1 0 0 0 0 0 0
66 1 1 1 0 0 0 0 0 0
67 2 0 0 0 0 0 0 0 0
71 4 1 1 0 0 0 0 0 0
77 4 0 0 0 0 0 1 0 0
80 70 29 21 35 0 0 0 0 0
83 175 0 0 0 0 0 35 0 0
87 35 0 0 0 0 0 0 0 0
92 70 0 0 0 0 0 0 0 0
95 36 0 0 0 0 0 0 0 0
98 36 0 0 0 0 0 36 5 5
99 36 0 0 0 0 0 36 6 6
100 72 30 22 0 0 0 0 0 0
102 72 0 0 0 0 0 72 2 2
103 36 0 0 0 0 0 0 0 0
104 180 0 0 36 0 0 36 2 2
106 108 0 0 36 0 0 36 0 0
119 107 57 43 36 3 0 0 0 0
123 35 30 21 0 0 0 0 0 0
125 1 0 0 0 0 0 0 0 0
127 108 0 0 36 6 6 36 0 0
130 144 0 0 36 0 0 36 0 0
131 108 1 1 0 0 0 36 6 6
132 36 0 0 0 0 0 36 1 1
136 36 0 0 0 0 0 36 0 0
139 105 1 1 0 0 0 0 0 0
141 16 0 0 0 0 0 16 4 4
149 72 0 0 0 0 0 36 1 1
150 72 22 22 0 0 0 36 6 6
153 1 1 1 0 0 0 0 0 0
155 216 21 21 36 1 1 0 0 0
157 98 0 0 0 0 0 35 3 3
160 38 0 0 0 0 0 0 0 0
161 42 21 21 0 0 0 0 0 0
164 45 0 0 15 3 0 0 0 0
168 147 0 0 14 0 0 0 0 0
170 30 0 0 0 0 0 0 0 0
176 91 0 0 0 0 0 31 1 1
179 72 0 0 0 0 0 36 0 0
189 72 23 22 36 0 0 0 0 0
191 140 0 0 0 0 0 0 0 0
195 70 0 0 0 0 0 0 0 0
200 35 0 0 0 0 0 0 0 0
245 140 25 22 0 0 0 0 0 0
250 1140 0 0 0 0 0 0 0 0
251 3420 0 0 1140 0 0 0 0 0
255 70 0 0 0 0 0 0 0 0
256 35 0 0 0 0 0 35 0 0
259 35 0 0 0 0 0 35 0 0
263 288 0 0 432 0 0 0 0 0
fl=./elf/./elf/dl-open.c
fn=_dl_find_dso_for_object
214 110 22 22 0 0 0 132 2 1
218 154 22 21 22 0 0 22 0 0
219 92 2 2 46 24 20 0 0 0
220 276 0 0 92 51 48 0 0 0
221 44 0 0 22 21 21 0 0 0
222 80 20 20 0 0 0 0 0 0
224 66 22 20 22 21 21 0 0 0
228 132 0 0 154 0 0 0 0 0
fn=_dl_open
845 198 22 22 0 0 0 242 39 5
846 44 0 0 0 0 0 0 0 0
851 220 22 22 22 22 20 0 0 0
853 44 0 0 0 0 0 0 0 0
880 66 0 0 0 0 0 0 0 0
893 22 22 22 0 0 0 22 2 0
894 22 0 0 0 0 0 22 0 0
896 22 0 0 0 0 0 44 0 0
897 22 0 0 0 0 0 22 0 0
900 22 0 0 0 0 0 22 0 0
902 22 0 0 0 0 0 44 0 0
905 154 21 4 0 0 0 0 0 0
909 22 0 0 0 0 0 0 0 0
921 44 0 0 22 0 0 0 0 0
923 154 22 22 22 1 0 22 9 0
926 44 0 0 22 0 0 0 0 0
952 22 0 0 0 0 0 0 0 0
953 44 0 0 22 0 0 0 0 0
956 88 0 0 22 1 0 0 0 0
959 176 22 22 264 21 5 0 0 0
fn=_dl_open_relocate_one_object.part.0
474 90 0 0 0 0 0 0 0 0
481 60 42 42 30 9 2 0 0 0
484 21 0 0 0 0 0 0 0 0
485 42 0 0 0 0 0 21 0 0
489 90 0 0 30 16 0 0 0 0
498 30 0 0 30 16 4 0 0 0
511 60 0 0 0 0 0 0 0 0
fn=call_dl_init
527 63 21 21 0 0 0 42 0 0
529 84 0 0 84 0 0 0 0 0
530 21 0 0 42 0 0 0 0 0
fn=dl_open_worker
793 110 44 44 0 0 0 110 22 17
796 22 0 0 0 0 0 22 0 0
800 110 0 0 22 0 0 0 0 0
803 176 43 25 0 0 0 0 0 0
805 88 0 0 22 0 0 0 0 0
807 44 0 0 22 0 0 0 0 0
812 44 0 0 22 0 0 0 0 0
815 21 0 0 21 1 0 0 0 0
816 21 0 0 21 4 2 0 0 0
822 84 0 0 21 0 0 63 0 0
826 21 0 0 21 0 0 0 0 0
829 105 21 21 0 0 0 0 0 0
833 21 1 0 0 0 0 0 0 0
837 63 0 0 21 0 0 0 0 0
840 88 1 0 110 1 0 0 0 0
fn=dl_open_worker_begin
236 96 3 3 38 6 6 0 0 0
237 44 3 3 0 0 0 0 0 0
247 44 0 0 22 0 0 0 0 0
248 44 0 0 0 0 0 0 0 0
260 324 0 0 21 7 0 0 0 0
262 160 0 0 160 17 0 0 0 0
266 362 21 21 80 21 0 0 0 0
273 16 0 0 4 0 0 0 0 0
280 2 0 0 0 0 0 1 1 1
281 3 1 1 0 0 0 0 0 0
293 2 0 0 0 0 0 1 0 0
296 2 0 0 1 0 0 0 0 0
302 5 1 1 1 0 0 0 0 0
304 1 0 0 1 0 0 0 0 0
306 1 0 0 0 0 0 1 0 0
308 4 0 0 1 0 0 0 0 0
311 4 0 0 2 0 0 1 0 0
325 303 42 42 21 0 0 0 0 0
327 160 0 0 160 0 0 0 0 0
328 80 0 0 0 0 0 0 0 0
330 362 0 0 80 0 0 0 0 0
339 20 0 0 4 0 0 0 0 0
344 4 0 0 0 0 0 4 1 1
345 4 0 0 0 0 0 0 0 0
346 29 3 2 4 0 0 4 0 0
348 4 0 0 0 0 0 0 0 0
352 240 0 0 160 0 0 0 0 0
364 42 0 0 0 0 0 0 0 0
365 282 21 21 0 0 0 0 0 0
367 160 0 0 160 0 0 0 0 0
371 220 21 21 110 9 4 0 0 0
373 8 0 0 0 0 0 0 0 0
374 12 0 0 4 0 0 0 0 0
386 6 3 3 3 0 0 0 0 0
387 70 3 3 0 0 0 0 0 0
389 40 0 0 40 0 0 0 0 0
393 56 0 0 28 2 0 0 0 0
395 12 0 0 0 0 0 0 0 0
397 14 3 3 4 0 0 0 0 0
398 4 0 0 4 0 0 0 0 0
403 6 0 0 3 0 0 0 0 0
404 6 0 0 0 0 0 0 0 0
408 9 0 0 0 0 0 3 0 0
413 48 3 3 3 0 0 0 0 0
415 18 0 0 18 0 0 0 0 0
417 24 0 0 0 0 0 0 0 0
418 21 0 0 9 0 0 0 0 0
419 6 0 0 3 0 0 0 0 0
423 9 3 3 3 0 0 3 0 0
434 9 0 0 3 0 0 0 0 0
438 12 0 0 6 0 0 0 0 0
452 619 0 0 42 27 3 0 0 0
453 493 0 0 493 379 59 0 0 0
454 986 0 0 493 355 45 0 0 0
456 4 0 0 2 0 0 0 0 0
463 25 0 0 0 0 0 2 0 0
478 309 0 0 106 4 0 0 0 0
534 154 22 22 0 0 0 220 4 1
536 22 22 22 22 0 0 0 0 0
537 22 0 0 22 0 0 0 0 0
544 66 0 0 0 0 0 0 0 0
545 89 22 22 22 0 0 0 0 0
546 6 0 0 0 0 0 0 0 0
552 88 0 0 22 22 22 0 0 0
554 44 0 0 22 0 0 0 0 0
559 66 22 22 22 0 0 0 0 0
560 42 0 0 21 0 0 21 0 0
566 176 0 0 22 0 0 22 0 0
570 44 0 0 22 0 0 22 0 0
574 66 22 22 0 0 0 0 0 0
578 198 0 0 22 0 0 22 9 0
583 22 0 0 0 0 0 0 0 0
589 22 0 0 0 0 0 0 0 0
594 88 22 22 22 0 0 22 0 0
597 44 0 0 22 1 1 0 0 0
600 3 1 1 1 0 0 0 0 0
607 2 0 0 0 0 0 0 0 0
612 1 1 1 0 0 0 0 0 0
626 2 0 0 1 0 0 0 0 0
627 2 0 0 1 0 0 0 0 0
634 42 0 0 0 0 0 42 17 0
638 168 0 0 0 0 0 0 0 0
642 303 7 0 21 0 0 0 0 0
643 400 21 21 320 37 4 0 0 0
646 90 0 0 30 5 0 0 0 0
661 63 21 21 21 2 0 0 0 0
665 63 0 0 21 10 0 0 0 0
666 21 0 0 0 0 0 21 0 0
667 21 0 0 0 0 0 0 0 0
668 21 0 0 0 0 0 0 0 0
673 63 0 0 21 1 0 0 0 0
677 105 21 21 0 0 0 0 0 0
678 42 0 0 21 21 14 0 0 0
685 21 0 0 0 0 0 0 0 0
686 21 0 0 0 0 0 0 0 0
687 42 0 0 0 0 0 0 0 0
688 42 0 0 42 2 0 0 0 0
691 320 0 0 160 2 0 0 0 0
694 60 0 0 0 0 0 0 0 0
695 110 21 21 0 0 0 0 0 0
697 80 0 0 80 0 0 0 0 0
699 80 0 0 0 0 0 0 0 0
701 21 0 0 0 0 0 21 19 0
717 147 0 0 42 0 0 0 0 0
722 317 22 22 0 0 0 0 0 0
723 64 21 21 64 15 3 0 0 0
736 21 21 21 0 0 0 0 0 0
756 63 0 0 0 0 0 0 0 0
768 21 0 0 0 0 0 0 0 0
774 42 0 0 21 21 2 0 0 0
775 21 0 0 0 0 0 0 0 0
781 42 0 0 21 20 4 0 0 0
788 63 0 0 42 19 3 21 0 0
789 132 2 2 220 17 2 0 0 0
fl=./elf/./elf/dl-reloc.c
fn=_dl_protect_relro
355 148 22 22 0 0 0 111 6 0
356 259 22 22 111 10 2 0 0 0
359 111 0 0 37 0 0 0 0 0
363 74 0 0 0 0 0 0 0 0
364 148 22 22 0 0 0 0 0 0
370 111 0 0 111 0 0 0 0 0
fn=_dl_relocate_object
170 37167 0 0 12389 8010 5301 0 0 0
171 24742 20 20 0 0 0 0 0 0
174 83627 0 0 12371 28 6 0 0 0
175 15050 10 10 2150 0 0 0 0 0
177 10750 5 5 2150 3 0 2150 0 0
178 6450 0 0 2150 0 0 2150 0 0
183 10406 0 0 0 0 0 10332 3 0
184 10221 0 0 0 0 0 10221 0 0
186 71459 23 23 30663 403 3 0 0 0
187 30399 0 0 0 0 0 0 0 0
188 20266 0 0 10133 828 39 0 0 0
190 71760 23 23 10221 0 0 0 0 0
193 20442 0 0 10221 0 0 10221 150 2
194 10221 0 0 0 0 0 10221 94 3
196 2150 0 0 2150 0 0 0 0 0
207 380 22 22 0 0 0 494 5 2
208 76 0 0 38 0 0 0 0 0
220 67 0 0 0 0 0 0 0 0
221 111 0 0 0 0 0 74 0 0
224 74 22 21 0 0 0 0 0 0
226 74 0 0 0 0 0 0 0 0
228 111 22 22 37 34 4 0 0 0
229 74 0 0 37 2 0 0 0 0
251 37 22 22 0 0 0 0 0 0
252 74 0 0 37 23 3 0 0 0
253 14 6 6 0 0 0 0 0 0
255 74 23 23 37 0 0 0 0 0
262 74 0 0 37 9 1 0 0 0
301 1953 155 151 553 116 26 340 0 0
304 259 22 21 74 2 0 0 0 0
328 111 22 18 37 1 0 37 0 0
331 37 0 0 0 0 0 0 0 0
348 74 0 0 37 31 6 0 0 0
349 74 23 23 0 0 0 0 0 0
350 304 1 1 456 32 3 0 0 0
fn=_dl_try_allocate_static_tls
53 16 3 3 0 0 0 12 1 0
56 12 0 0 4 0 0 0 0 0
57 24 3 3 8 4 4 0 0 0
60 2 0 0 0 0 0 0 0 0
87 40 0 0 8 4 3 0 0 0
91 8 0 0 4 0 0 0 0 0
93 12 0 0 4 0 0 0 0 0
97 3 0 0 0 0 0 0 0 0
98 15 3 3 3 0 0 0 0 0
101 9 0 0 0 0 0 3 0 0
103 3 0 0 0 0 0 3 0 0
104 3 0 0 0 0 0 3 0 0
105 6 0 0 0 0 0 3 0 0
112 9 0 0 6 0 0 0 0 0
125 9 3 3 3 0 0 3 0 0
127 6 3 3 0 0 0 0 0 0
128 12 0 0 12 0 0 0 0 0
fl=./elf/./elf/dl-runtime.c
fn=_dl_fixup
46 936 109 54 0 0 0 1170 38 18
48 468 0 0 351 183 87 0 0 0
49 351 0 0 234 147 59 0 0 0
54 117 0 0 117 50 29 0 0 0
55 468 64 29 117 60 34 0 0 0
56 702 0 0 117 14 11 117 0 0
58 234 0 0 117 117 81 0 0 0
63 234 0 0 0 0 0 0 0 0
67 351 0 0 117 117 112 0 0 0
69 349 0 0 0 0 0 0 0 0
71 234 64 29 117 56 30 0 0 0
75 348 0 0 232 169 114 0 0 0
76 464 0 0 116 1 0 0 0 0
77 116 0 0 116 61 37 0 0 0
84 117 0 0 0 0 0 0 0 0
85 468 58 30 117 51 27 0 0 0
95 1053 0 0 234 57 25 0 0 0
99 234 0 0 117 0 0 0 0 0
109 1404 57 29 468 1 1 117 0 0
124 468 0 0 117 0 0 0 0 0
125 10 0 0 0 0 0 5 0 0
133 234 0 0 117 0 0 0 0 0
159 351 0 0 117 25 17 0 0 0
162 117 58 34 117 0 0 0 0 0
163 702 53 31 1170 2 0 0 0 0
fl=./elf/./elf/dl-setup_hash.c
fn=_dl_setup_hash
28 74 31 19 37 0 0 0 0 0
31 74 0 0 37 0 0 0 0 0
32 74 0 0 37 37 37 37 0 0
34 37 0 0 74 1 1 0 0 0
36 111 0 0 0 0 0 0 0 0
37 37 0 0 0 0 0 37 0 0
38 111 23 17 37 0 0 37 0 0
40 37 0 0 0 0 0 37 0 0
41 74 0 0 0 0 0 0 0 0
43 37 0 0 0 0 0 37 0 0
44 37 0 0 0 0 0 0 0 0
45 111 0 0 0 0 0 37 0 0
50 37 0 0 0 0 0 0 0 0
fl=./elf/./elf/dl-sort-maps.c
fn=_dl_sort_maps
140 954 1 1 161 3 0 0 0 0
181 23 0 0 0 0 0 0 0 0
182 23 23 23 23 0 0 0 0 0
183 340 23 23 0 0 0 0 0 0
184 496 0 0 248 0 0 124 0 0
211 299 23 23 0 0 0 23 5 0
216 46 0 0 0 0 0 23 0 0
218 23 0 0 0 0 0 23 1 0
219 115 0 0 0 0 0 0 0 0
221 225 0 0 0 0 0 0 0 0
223 124 23 23 124 0 0 0 0 0
226 372 0 0 124 0 0 0 0 0
244 47 0 0 23 0 0 0 0 0
246 74 1 1 0 0 0 0 0 0
247 148 0 0 74 0 0 37 0 0
249 3 0 0 0 0 0 1 0 0
250 73 0 0 0 0 0 0 0 0
252 37 0 0 37 0 0 0 0 0
257 111 0 0 37 0 0 0 0 0
263 110 22 22 0 0 0 0 0 0
276 92 22 22 23 0 0 0 0 0
283 23 23 21 0 0 0 0 0 0
298 276 45 45 0 0 0 276 2 0
306 69 0 0 23 23 2 0 0 0
310 207 23 23 276 0 0 0 0 0
fn=_dl_sort_maps_init
289 2 1 1 0 0 0 2 0 0
290 5 0 0 1 0 0 0 0 0
291 2 0 0 0 0 0 1 0 0
292 2 1 1 0 0 0 0 0 0
293 2 0 0 2 0 0 0 0 0
fn=dfs_traversal.part.0
135 1127 23 23 0 0 0 966 9 1
140 1288 1 1 389 0 0 0 0 0
143 483 0 0 161 0 0 161 0 0
145 322 0 0 161 32 16 0 0 0
147 1746 2 2 621 98 73 117 0 0
156 235 22 22 37 0 0 0 0 0
160 2 0 0 0 0 0 1 0 0
162 6 1 1 1 1 1 0 0 0
164 3 0 0 1 0 0 1 0 0
171 483 0 0 161 0 0 161 0 0
172 161 0 0 0 0 0 161 4 0
173 699 22 22 977 0 0 0 0 0
fl=./elf/./elf/dl-sym.c
fn=_dl_sym
194 240 120 21 0 0 0 240 0 0
195 360 0 0 0 0 0 0 0 0
196 120 120 22 240 0 0 0 0 0
fn=do_sym
51 240 0 0 120 0 0 0 0 0
87 1800 240 45 240 0 0 1080 22 1
88 120 0 0 0 0 0 120 5 0
93 120 0 0 0 0 0 0 0 0
95 240 0 0 0 0 0 0 0 0
129 240 0 0 0 0 0 0 0 0
153 1560 120 21 240 105 2 0 0 0
157 240 0 0 120 0 0 0 0 0
162 360 120 21 120 0 0 0 0 0
168 960 0 0 240 0 0 0 0 0
170 120 0 0 0 0 0 120 0 0
174 1680 120 21 1320 0 0 0 0 0
fl=./elf/./elf/dl-tls.c
fn=__tls_get_addr
942 2 0 0 0 0 0 2 1 1
943 2 1 1 1 0 0 0 0 0
949 3 1 1 1 1 1 0 0 0
950 3 0 0 1 0 0 0 0 0
958 3 0 0 2 0 0 0 0 0
960 2 0 0 0 0 0 0 0 0
961 2 0 0 0 0 0 0 0 0
964 1 1 1 2 0 0 0 0 0
fn=_dl_add_to_slotinfo
1017 70 4 4 0 0 0 80 2 0
1023 10 0 0 10 2 2 0 0 0
1026 30 4 4 10 7 2 0 0 0
1027 10 0 0 0 0 0 0 0 0
1031 30 0 0 10 3 2 0 0 0
1065 10 0 0 0 0 0 0 0 0
1068 18 1 1 0 0 0 6 4 2
1069 30 0 0 6 4 2 6 0 0
1072 50 7 7 80 0 0 0 0 0
fn=_dl_allocate_tls_init
523 6 1 1 0 0 0 5 0 0
524 1 0 0 0 0 0 0 0 0
528 1 0 0 1 1 0 0 0 0
530 1 0 0 0 0 0 1 0 0
531 1 0 0 0 0 0 0 0 0
534 9 1 1 1 1 0 8 0 0
537 6 0 0 2 1 0 0 0 0
549 2 0 0 1 0 0 0 0 0
554 20 1 1 2 0 0 0 0 0
560 6 1 1 0 0 0 0 0 0
563 2 0 0 2 0 0 0 0 0
564 2 0 0 0 0 0 0 0 0
570 8 0 0 4 0 0 0 0 0
571 4 1 1 0 0 0 0 0 0
573 12 0 0 4 2 0 2 0 0
576 4 0 0 0 0 0 0 0 0
577 4 0 0 2 0 0 0 0 0
580 4 0 0 0 0 0 0 0 0
581 8 0 0 4 1 0 0 0 0
586 2 0 0 0 0 0 0 0 0
593 2 0 0 0 0 0 2 0 0
601 10 1 1 4 2 0 0 0 0
603 20 0 0 8 0 0 0 0 0
609 2 0 0 2 0 0 0 0 0
615 5 0 0 1 0 0 0 0 0
618 5 1 1 8 0 0 1 0 0
621 4 0 0 4 0 0 0 0 0
fn=_dl_allocate_tls_storage
417 4 1 1 0 0 0 5 0 0
430 3 0 0 1 0 0 0 0 0
431 2 0 0 1 0 0 0 0 0
432 1 0 0 0 0 0 0 0 0
452 5 1 1 0 0 0 0 0 0
459 4 0 0 0 0 0 0 0 0
464 2 0 0 0 0 0 1 0 0
466 3 0 0 0 0 0 0 0 0
467 1 0 0 0 0 0 0 0 0
470 5 1 1 5 0 0 0 0 0
fn=_dl_assign_tls_modid
128 15 5 4 5 0 0 0 0 0
141 15 4 4 5 0 0 0 0 0
181 15 0 0 5 0 0 0 0 0
183 15 0 0 0 0 0 5 0 0
186 10 0 0 0 0 0 5 0 0
fn=_dl_count_modids
192 2 1 1 0 0 0 2 0 0
194 5 1 1 1 0 0 0 0 0
195 1 0 0 1 0 0 0 0 0
210 2 0 0 2 0 0 0 0 0
fn=_dl_determine_tlsoffset
216 2 0 0 0 0 0 2 0 0
217 2 0 0 0 0 0 0 0 0
218 1 0 0 0 0 0 0 0 0
219 1 0 0 0 0 0 0 0 0
222 4 1 1 1 0 0 0 0 0
225 2 0 0 1 0 0 0 0 0
307 1 0 0 0 0 0 0 0 0
309 11 1 1 3 0 0 0 0 0
311 5 1 1 1 0 0 0 0 0
313 6 1 1 2 0 0 0 0 0
314 4 0 0 2 1 0 0 0 0
316 4 0 0 0 0 0 0 0 0
318 10 0 0 2 0 0 0 0 0
325 2 0 0 0 0 0 2 0 0
332 8 0 0 0 0 0 0 0 0
333 2 0 0 0 0 0 0 0 0
334 6 0 0 0 0 0 0 0 0
336 2 0 0 0 0 0 0 0 0
337 2 0 0 0 0 0 0 0 0
340 6 0 0 0 0 0 0 0 0
343 2 0 0 0 0 0 0 0 0
346 2 0 0 0 0 0 1 0 0
347 6 2 2 1 0 0 0 0 0
354 1 0 0 0 0 0 2 0 0
355 2 0 0 2 0 0 0 0 0
fn=_dl_init_static_tls
1081 6 3 3 3 0 0 0 0 0
1087 30 0 0 12 0 0 0 0 0
1093 18 3 3 0 0 0 21 0 0
1094 21 3 3 0 0 0 0 0 0
1098 21 0 0 3 0 0 0 0 0
1102 30 3 3 6 3 1 0 0 0
1105 18 3 3 0 0 0 0 0 0
1106 15 0 0 21 0 0 0 0 0
fn=_dl_tls_static_surplus_init
83 4 0 0 0 0 0 0 0 0
97 4 1 1 0 0 0 4 0 0
100 6 1 1 1 0 0 0 0 0
101 5 0 0 1 0 0 0 0 0
102 3 0 0 0 0 0 0 0 0
104 3 0 0 0 0 0 0 0 0
107 1 0 0 0 0 0 0 0 0
109 2 0 0 0 0 0 1 0 0
111 4 0 0 0 0 0 1 1 1
112 3 0 0 4 0 0 0 0 0
fn=_dl_update_slotinfo
720 21 6 6 0 0 0 21 0 0
721 3 0 0 0 0 0 3 0 0
722 9 0 0 3 3 3 3 0 0
768 9 0 0 3 3 3 0 0 0
770 3 0 0 0 0 0 0 0 0
771 18 0 0 3 0 0 18 0 0
772 6 3 3 0 0 0 0 0 0
775 9 0 0 3 0 0 0 0 0
778 41 3 3 3 0 0 0 0 0
780 16 0 0 0 0 0 0 0 0
783 77 3 3 0 0 0 0 0 0
786 13 0 0 13 2 2 0 0 0
789 26 0 0 0 0 0 0 0 0
793 39 0 0 13 0 0 0 0 0
800 11 3 3 4 0 0 3 0 0
802 12 0 0 4 0 0 0 0 0
822 12 0 0 0 0 0 4 0 0
823 12 0 0 4 3 3 4 0 0
826 16 0 0 12 0 0 0 0 0
830 3 0 0 0 0 0 0 0 0
831 6 3 3 0 0 0 0 0 0
844 12 0 0 18 0 0 3 0 0
848 15 0 0 21 0 0 0 0 0
fn=allocate_dtv
360 4 1 1 0 0 0 4 0 0
365 3 0 0 1 0 0 0 0 0
369 1 0 0 0 0 0 0 0 0
371 1 0 0 0 0 0 0 0 0
374 3 0 0 0 0 0 1 1 1
380 1 0 0 0 0 0 1 0 0
386 3 0 0 4 0 0 0 0 0
fn=tls_get_addr_tail
676 4 0 0 0 0 0 0 0 0
680 2 0 0 0 0 0 0 0 0
704 2 0 0 2 1 1 0 0 0
706 1 1 1 0 0 0 0 0 0
710 10 1 1 4 0 0 0 0 0
854 7 2 2 0 0 0 6 0 0
856 1 0 0 0 0 0 0 0 0
859 1 0 0 1 0 0 0 0 0
860 2 1 1 1 1 1 0 0 0
862 3 0 0 1 1 1 0 0 0
868 2 1 1 1 1 1 0 0 0
875 3 0 0 1 1 1 0 0 0
878 5 0 0 1 1 1 0 0 0
879 2 0 0 1 0 0 0 0 0
881 2 0 0 0 0 0 1 0 0
882 6 1 1 1 0 0 2 0 0
905 5 0 0 1 0 0 2 0 0
906 1 0 0 0 0 0 0 0 0
908 3 0 0 3 0 0 0 0 0
909 4 0 0 6 0 0 0 0 0
fl=./elf/./elf/dl-tunables.c
fn=__GI___tunable_set_val
153 2 0 0 0 0 0 2 0 0
154 3 0 0 0 0 0 0 0 0
156 2 0 0 0 0 0 0 0 0
157 1 0 0 2 0 0 0 0 0
fn=__GI___tunables_init
42 49 1 1 18 0 0 0 0 0
45 15 0 0 0 0 0 0 0 0
48 801 1 1 136 9 9 0 0 0
52 15 0 0 0 0 0 0 0 0
56 62 0 0 0 0 0 0 0 0
261 4 2 2 0 0 0 4 0 0
267 3 0 0 1 0 0 0 0 0
281 1920 0 0 0 0 0 0 0 0
283 3 0 0 0 0 0 2 0 0
287 3015 1 1 960 31 31 0 0 0
304 3 0 0 4 0 0 0 0 0
fn=__tunable_get_val
387 74 0 0 0 0 0 74 0 0
390 332 30 18 37 32 30 0 0 0
399 46 0 0 36 29 13 10 0 0
409 30 1 1 0 0 0 27 2 2
416 296 4 2 37 0 0 0 0 0
418 74 0 0 74 0 0 0 0 0
fn=do_tunable_update_val
69 2 1 1 0 0 0 2 0 0
72 4 1 1 1 0 0 0 0 0
79 1 1 1 1 0 0 0 0 0
93 2 0 0 0 0 0 0 0 0
94 3 2 2 2 0 0 0 0 0
100 2 0 0 0 0 0 0 0 0
104 3 0 0 0 0 0 0 0 0
111 2 0 0 0 0 0 0 0 0
112 2 0 0 0 0 0 0 0 0
115 1 0 0 0 0 0 1 0 0
117 1 0 0 0 0 0 2 0 0
118 2 0 0 0 0 0 1 0 0
119 2 0 0 2 0 0 0 0 0
fl=./elf/./elf/dl-tunables.h
fn=__GI___tunables_init
160 428 1 1 184 1 1 0 0 0
161 516 0 0 0 0 0 0 0 0
fn=do_tunable_update_val
141 2 0 0 0 0 0 0 0 0
fl=./elf/./elf/dl-version.c
fn=_dl_check_all_versions
392 3 1 1 0 0 0 4 1 0
394 5 0 0 0 0 0 2 0 0
396 17 0 0 9 0 0 0 0 0
397 14 0 0 7 1 0 0 0 0
398 49 1 1 0 0 0 0 0 0
401 4 0 0 4 0 0 0 0 0
fn=_dl_check_map_versions
36 1262 20 19 176 9 0 0 0 0
37 558 0 0 558 0 0 0 0 0
38 2672 0 0 0 0 0 0 0 0
56 501 0 0 334 51 8 0 0 0
64 501 0 0 167 15 0 0 0 0
70 334 20 19 167 60 49 0 0 0
86 167 0 0 167 43 20 0 0 0
87 167 0 0 0 0 0 0 0 0
89 334 0 0 167 0 0 0 0 0
94 3555 20 20 1185 154 139 0 0 0
108 3555 0 0 1185 66 63 0 0 0
110 167 20 20 167 0 0 0 0 0
113 835 0 0 167 14 14 0 0 0
120 2036 0 0 1018 39 36 0 0 0
124 1018 0 0 0 0 0 0 0 0
147 165 0 0 0 0 0 99 7 0
155 148 22 21 0 0 0 148 32 0
156 37 2 2 0 0 0 37 18 0
164 37 0 0 0 0 0 0 0 0
170 74 0 0 37 8 0 0 0 0
172 111 0 0 37 16 1 0 0 0
174 37 0 0 37 17 1 0 0 0
175 37 0 0 37 4 0 0 0 0
177 37 0 0 0 0 0 0 0 0
180 99 0 0 66 18 0 0 0 0
184 99 0 0 33 32 32 0 0 0
198 55 0 0 0 0 0 0 0 0
200 264 0 0 176 6 6 0 0 0
208 88 0 0 0 0 0 0 0 0
213 440 0 0 88 12 12 352 2 0
215 79 0 0 0 0 0 0 0 0
217 501 0 0 334 41 41 0 0 0
218 1356 40 36 880 9 0 88 0 0
221 334 0 0 167 0 0 167 0 0
224 835 0 0 167 0 0 0 0 0
231 668 20 20 167 0 0 0 0 0
234 510 20 20 431 0 0 0 0 0
239 79 0 0 0 0 0 0 0 0
243 176 20 20 88 0 0 0 0 0
248 55 0 0 0 0 0 0 0 0
257 172 20 20 66 0 0 0 0 0
260 40 0 0 20 0 0 0 0 0
263 608 0 0 152 17 13 0 0 0
266 304 0 0 152 7 7 0 0 0
270 142 0 0 0 0 0 0 0 0
274 34 20 20 0 0 0 0 0 0
279 34 20 20 0 0 0 34 7 0
280 34 0 0 0 0 0 0 0 0
281 68 0 0 34 0 0 0 0 0
291 34 0 0 0 0 0 34 0 0
294 138 0 0 69 31 0 34 12 0
296 34 0 0 0 0 0 0 0 0
299 132 0 0 66 2 0 0 0 0
301 55 0 0 0 0 0 0 0 0
303 264 20 20 88 1 0 0 0 0
306 334 0 0 167 0 0 0 0 0
308 334 0 0 0 0 0 0 0 0
310 534 0 0 167 0 0 0 0 0
311 334 20 20 0 0 0 334 10 10
312 501 0 0 167 1 0 167 3 3
313 501 0 0 167 1 0 167 1 1
316 334 0 0 167 0 0 0 0 0
321 79 0 0 0 0 0 0 0 0
324 176 0 0 88 0 0 0 0 0
329 55 0 0 0 0 0 0 0 0
334 34 0 0 0 0 0 0 0 0
337 30 0 0 10 0 0 0 0 0
341 142 0 0 284 0 0 0 0 0
343 304 0 0 152 0 0 0 0 0
347 142 0 0 142 0 0 0 0 0
348 578 0 0 0 0 0 142 14 14
349 426 0 0 142 0 0 142 0 0
350 142 0 0 0 0 0 142 6 6
353 304 0 0 152 0 0 0 0 0
357 142 0 0 0 0 0 0 0 0
365 10 0 0 0 0 0 0 0 0
366 66 20 20 33 0 0 0 0 0
367 66 20 20 33 21 0 0 0 0
368 148 2 2 296 2 0 0 0 0
387 148 0 0 185 0 0 0 0 0
fl=./elf/./elf/do-rel.h
fn=_dl_relocate_object
49 222 0 0 74 0 0 0 0 0
50 148 0 0 148 32 5 0 0 0
51 74 0 0 37 19 1 0 0 0
53 370 22 22 148 15 0 0 0 0
80 74 0 0 0 0 0 0 0 0
83 1692 0 0 0 0 0 0 0 0
114 177 22 22 0 0 0 0 0 0
123 84424 0 0 0 0 0 0 0 0
126 140 0 0 70 47 7 0 0 0
129 130 0 0 65 35 4 0 0 0
131 37218 2 2 148 21 0 0 0 0
133 49204 20 20 36903 8462 3655 0 0 0
134 36903 0 0 0 0 0 24602 5 1
135 12301 0 0 0 0 0 0 0 0
136 36903 0 0 12301 94 1 0 0 0
150 50650 21 21 12296 61 0 0 0 0
151 20085 20 20 13390 345 4 0 0 0
180 277 3 3 0 0 0 0 0 0
182 440 0 0 176 23 23 176 0 0
183 88 0 0 0 0 0 0 0 0
196 492 9 9 88 1 0 0 0 0
197 116 0 0 58 1 0 0 0 0
fn=_dl_start
49 6 0 0 2 0 0 0 0 0
50 4 0 0 4 0 0 0 0 0
51 2 0 0 1 0 0 0 0 0
53 11 1 1 4 0 0 0 0 0
56 74 0 0 0 0 0 0 0 0
61 17 0 0 0 0 0 0 0 0
63 8 1 1 8 1 1 0 0 0
64 8 0 0 0 0 0 0 0 0
65 4 0 0 0 0 0 0 0 0
fl=./elf/./elf/get-dynamic-info.h
fn=_dl_map_object_from_fd
39 35 0 0 0 0 0 0 0 0
43 35 0 0 0 0 0 0 0 0
45 1874 0 0 937 262 262 0 0 0
49 1804 0 0 0 0 0 0 0 0
51 400 0 0 0 0 0 0 0 0
52 270 34 19 0 0 0 0 0 0
53 70 0 0 0 0 0 0 0 0
54 635 29 18 0 0 0 0 0 0
55 349 0 0 0 0 0 0 0 0
56 172 24 20 0 0 0 0 0 0
59 215 22 22 0 0 0 0 0 0
62 172 0 0 0 0 0 0 0 0
64 129 18 15 0 0 0 0 0 0
68 902 0 0 0 0 0 902 34 33
72 70 0 0 0 0 0 0 0 0
84 70 0 0 35 0 0 0 0 0
85 175 0 0 70 0 0 35 0 0
86 175 24 22 70 0 0 35 0 0
87 175 0 0 70 0 0 35 0 0
88 70 0 0 35 4 4 0 0 0
89 175 0 0 70 0 0 35 0 0
90 166 35 22 67 1 1 32 0 0
91 175 0 0 70 0 0 35 0 0
103 210 22 22 70 0 0 35 0 0
110 70 0 0 35 0 0 0 0 0
115 105 0 0 35 0 0 0 0 0
122 70 0 0 35 0 0 0 0 0
123 140 0 0 70 0 0 0 0 0
129 70 0 0 35 0 0 0 0 0
147 70 22 20 35 0 0 0 0 0
152 14 0 0 7 0 0 7 0 0
154 7 0 0 0 0 0 0 0 0
156 7 0 0 0 0 0 0 0 0
158 7 0 0 0 0 0 0 0 0
159 14 0 0 0 0 0 7 0 0
162 70 0 0 35 0 0 0 0 0
164 24 1 1 8 0 0 8 0 0
165 8 0 0 0 0 0 0 0 0
166 2 0 0 0 0 0 1 0 0
174 16 0 0 8 0 0 0 0 0
180 8 0 0 0 0 0 0 0 0
181 21 0 0 7 0 0 7 0 0
184 70 21 21 35 0 0 0 0 0
186 1 0 0 0 0 0 1 0 0
fl=./elf/./elf/libc-dl-profstub.c
fn=_dl_mcount_wrapper_check
36 1575 0 0 0 0 0 0 0 0
37 6300 662 211 3150 1173 415 0 0 0
38 1575 0 0 0 0 0 0 0 0
fl=./elf/./elf/libc-dl_find_object.c
fn=_dl_find_object
24 36 2 2 0 0 0 36 0 0
25 90 0 0 36 4 2 0 0 0
26 18 0 0 36 0 0 0 0 0
fl=./elf/./elf/libc_early_init.c
fn=__libc_early_init
33 10 2 2 2 2 1 4 0 0
35 1 0 0 0 0 0 0 0 0
38 3 0 0 1 0 0 1 0 0
41 4 0 0 0 0 0 2 2 2
49 11 1 1 6 0 0 0 0 0
fl=./elf/./elf/rtld.c
fn=_dl_start
458 5 0 0 0 0 0 1 0 0
476 3 0 0 0 0 0 0 0 0
477 2 0 0 0 0 0 1 0 0
478 1 0 0 0 0 0 1 1 1
479 3 0 0 0 0 0 1 0 0
488 2 1 1 0 0 0 1 0 0
494 4 0 0 1 0 0 0 0 0
496 2 1 0 1 0 0 0 0 0
517 9 2 2 0 0 0 13 2 2
543 3 0 0 0 0 0 1 1 1
546 3 0 0 0 0 0 1 0 0
547 3 1 1 1 1 1 1 0 0
563 48 4 4 10 0 0 9 2 2
565 4 2 2 1 0 0 1 0 0
578 1 0 0 0 0 0 0 0 0
585 7 0 0 12 2 2 0 0 0
fn=dl_main
197 2 1 1 0 0 0 1 0 0
199 1 0 0 0 0 0 1 0 0
224 2 1 1 2 0 0 0 0 0
225 3 0 0 2 0 0 0 0 0
226 3 1 1 0 0 0 0 0 0
296 4 0 0 0 0 0 3 0 0
302 1 0 0 0 0 0 1 0 0
303 1 0 0 0 0 0 1 0 0
837 2 1 1 1 0 0 0 0 0
841 3 0 0 1 0 0 1 0 0
850 4 0 0 2 1 0 1 1 0
855 1 0 0 0 0 0 1 0 0
1115 1 0 0 1 0 0 0 0 0
1116 1 0 0 1 0 0 0 0 0
1118 1 0 0 0 0 0 0 0 0
1122 6 0 0 1 1 1 2 0 0
1124 3 1 1 1 0 0 1 0 0
1125 3 0 0 1 0 0 1 0 0
1140 1 0 0 0 0 0 0 0 0
1143 36 2 2 0 0 0 0 0 0
1144 84 2 2 10 4 4 0 0 0
1148 4 1 1 2 0 0 1 0 0
1149 1 0 0 0 0 0 0 0 0
1153 4 0 0 2 0 0 1 0 0
1154 6 0 0 2 0 0 1 0 0
1155 1 0 0 0 0 0 0 0 0
1163 4 1 1 0 0 0 1 1 1
1164 3 2 2 2 1 1 0 0 0
1166 1 0 0 0 0 0 1 0 0
1173 2 0 0 1 0 0 0 0 0
1191 2 0 0 0 0 0 0 0 0
1199 4 0 0 2 0 0 0 0 0
1200 7 0 0 3 1 1 0 0 0
1201 6 0 0 2 0 0 0 0 0
1202 1 0 0 0 0 0 1 0 0
1204 4 0 0 2 0 0 0 0 0
1205 6 0 0 0 0 0 0 0 0
1206 3 1 1 0 0 0 1 0 0
1209 6 0 0 2 1 1 0 0 0
1210 6 0 0 2 0 0 0 0 0
1211 2 0 0 0 0 0 2 0 0
1215 4 0 0 0 0 0 0 0 0
1221 2 0 0 1 0 0 0 0 0
1227 1 0 0 0 0 0 1 1 1
1228 2 0 0 1 1 1 1 0 0
1233 5 0 0 0 0 0 1 0 0
1234 2 0 0 1 0 0 1 0 0
1235 1 0 0 0 0 0 1 1 1
1238 6 0 0 1 0 0 2 1 1
1243 4 0 0 2 0 0 1 0 0
1244 1 0 0 0 0 0 0 0 0
1247 2 0 0 1 1 1 1 0 0
1248 2 0 0 1 0 0 1 0 0
1249 1 0 0 0 0 0 0 0 0
1253 21 1 1 0 0 0 0 0 0
1254 34 0 0 10 0 0 0 0 0
1266 2 0 0 1 0 0 0 0 0
1268 3 0 0 1 0 0 1 0 0
1269 2 0 0 1 0 0 0 0 0
1271 4 0 0 2 0 0 0 0 0
1346 12 1 1 0 0 0 13 3 3
1351 1 0 0 0 0 0 0 0 0
1352 1 0 0 0 0 0 0 0 0
1357 1 0 0 0 0 0 0 0 0
1373 5 0 0 2 0 0 1 0 0
1374 5 0 0 1 0 0 0 0 0
1637 9 1 1 0 0 0 1 0 0
1639 1 0 0 0 0 0 0 0 0
1640 1 1 1 0 0 0 1 0 0
1641 3 0 0 1 0 0 2 1 1
1642 2 0 0 1 0 0 1 0 0
1646 2 0 0 0 0 0 0 0 0
1647 6 0 0 2 0 0 1 0 0
1672 4 1 1 2 0 0 0 0 0
1673 6 1 1 3 0 0 0 0 0
1674 4 0 0 2 0 0 0 0 0
1675 4 0 0 1 0 0 1 0 0
1678 3 0 0 0 0 0 0 0 0
1680 1 0 0 0 0 0 2 0 0
1681 2 0 0 0 0 0 1 0 0
1683 2 0 0 1 0 0 0 0 0
1684 1 0 0 0 0 0 1 0 0
1688 4 0 0 2 0 0 0 0 0
1690 1 0 0 0 0 0 0 0 0
1698 2 1 1 1 0 0 0 0 0
1705 4 1 1 1 0 0 1 0 0
1708 3 0 0 1 0 0 0 0 0
1733 6 0 0 2 0 0 0 0 0
1735 1 1 1 0 0 0 1 0 0
1740 3 0 0 2 0 0 0 0 0
1743 4 1 1 2 0 0 1 0 0
1744 6 0 0 2 0 0 1 0 0
1745 3 0 0 1 0 0 1 0 0
1746 1 0 0 0 0 0 1 0 0
1747 3 0 0 1 0 0 1 0 0
1748 3 0 0 1 0 0 1 0 0
1759 5 1 1 1 1 1 0 0 0
1760 3 0 0 1 0 0 0 0 0
1762 2 0 0 1 0 0 0 0 0
1764 1 0 0 0 0 0 1 0 0
1765 4 1 1 1 0 0 1 1 1
1770 3 0 0 0 0 0 0 0 0
1771 8 0 0 1 1 1 0 0 0
1773 4 0 0 2 0 0 1 1 1
1774 2 1 1 1 0 0 1 0 0
1779 4 0 0 2 0 0 0 0 0
1788 3 1 1 0 0 0 0 0 0
1792 1 1 1 0 0 0 0 0 0
1793 2 0 0 1 0 0 0 0 0
1817 3 0 0 0 0 0 2 0 0
1823 2 0 0 0 0 0 1 0 0
1824 2 0 0 0 0 0 1 0 0
1825 1 0 0 0 0 0 0 0 0
1829 4 1 1 1 0 0 0 0 0
1834 3 0 0 2 0 0 0 0 0
1836 1 0 0 0 0 0 0 0 0
1838 2 0 0 1 0 0 0 0 0
1842 8 2 2 1 0 0 1 0 0
1847 2 0 0 1 0 0 0 0 0
1863 8 1 1 1 0 0 1 0 0
1939 2 0 0 1 0 0 0 0 0
1943 14 3 3 0 0 0 1 0 0
1944 1 0 0 0 0 0 0 0 0
1947 3 0 0 0 0 0 1 0 0
1948 1 0 0 1 0 0 0 0 0
1949 1 1 1 0 0 0 0 0 0
1950 2 0 0 0 0 0 0 0 0
1955 3 0 0 1 0 0 0 0 0
1965 9 1 1 1 0 0 1 0 0
1971 24 1 0 2 1 1 0 0 0
1972 32 1 1 15 0 0 7 0 0
1975 5 0 0 3 0 0 1 0 0
1976 1 0 0 0 0 0 0 0 0
1977 1 0 0 0 0 0 1 0 0
1979 19 0 0 0 0 0 0 0 0
1980 26 1 1 7 1 1 0 0 0
1984 2 0 0 0 0 0 0 0 0
1990 1 0 0 0 0 0 0 0 0
1992 5 0 0 2 0 0 1 0 0
1993 1 0 0 0 0 0 0 0 0
1995 4 1 1 1 0 0 1 0 0
1997 3 0 0 0 0 0 0 0 0
1999 3 0 0 1 0 0 0 0 0
2000 1 0 0 1 0 0 0 0 0
2001 3 0 0 0 0 0 0 0 0
2013 2 1 1 0 0 0 0 0 0
2014 3 0 0 1 0 0 1 0 0
2015 4 0 0 2 0 0 0 0 0
2026 4 0 0 1 1 0 1 1 1
2027 3 1 1 0 0 0 1 0 0
2028 8 0 0 0 0 0 1 0 0
2038 2 1 0 1 0 0 0 0 0
2039 2 0 0 1 0 0 0 0 0
2040 5 1 1 1 0 0 0 0 0
2042 1 0 0 0 0 0 0 0 0
2047 2 0 0 1 0 0 0 0 0
2246 4 1 1 1 0 0 1 0 0
2250 4 0 0 3 0 0 2 1 0
2256 2 0 0 1 0 0 1 1 0
2259 2 0 0 1 0 0 0 0 0
2267 2 0 0 1 0 0 0 0 0
2279 4 1 1 1 0 0 0 0 0
2282 3 0 0 1 0 0 1 0 0
2284 4 0 0 3 0 0 0 0 0
2285 7 1 1 2 2 0 1 0 0
2292 1 0 0 1 0 0 0 0 0
2293 24 0 0 0 0 0 0 0 0
2295 14 0 0 14 1 0 0 0 0
2300 14 1 1 14 7 0 0 0 0
2302 8 0 0 0 0 0 0 0 0
2304 8 1 0 0 0 0 1 1 0
2305 1 0 0 1 0 0 0 0 0
2308 21 0 0 7 0 0 7 0 0
2310 18 0 0 1 1 0 0 0 0
2311 43 0 0 12 6 1 0 0 0
2315 20 1 1 9 3 0 0 0 0
2316 6 0 0 0 0 0 0 0 0
2325 4 0 0 2 2 0 0 0 0
2329 5 1 1 2 0 0 0 0 0
2331 6 0 0 2 0 0 2 0 0
2338 3 0 0 0 0 0 0 0 0
2341 4 1 1 2 0 0 0 0 0
2345 7 0 0 3 2 0 0 0 0
2347 1 0 0 0 0 0 0 0 0
2357 2 1 0 0 0 0 1 0 0
2362 3 1 1 1 1 0 0 0 0
2365 1 0 0 0 0 0 0 0 0
2371 3 0 0 1 0 0 1 0 0
2372 8 0 0 3 1 1 0 0 0
2380 5 0 0 2 0 0 0 0 0
2387 1 0 0 0 0 0 0 0 0
2390 3 1 1 0 0 0 0 0 0
2394 3 0 0 0 0 0 0 0 0
2395 1 0 0 0 0 0 1 0 0
2396 1 0 0 0 0 0 0 0 0
2397 1 0 0 0 0 0 0 0 0
2401 1 0 0 0 0 0 0 0 0
2406 9 1 1 12 2 2 0 0 0
2598 5 0 0 1 0 0 2 0 0
2600 1 0 0 0 0 0 0 0 0
2602 10 0 0 0 0 0 0 0 0
2604 2 0 0 0 0 0 0 0 0
2606 84 0 0 21 0 0 0 0 0
2607 19 1 1 0 0 0 0 0 0
2609 4 0 0 0 0 0 0 0 0
2615 15 2 2 0 0 0 0 0 0
2640 5 1 1 1 0 0 0 0 0
2650 11 2 2 2 0 0 0 0 0
2652 2 0 0 0 0 0 1 0 0
2653 1 0 0 0 0 0 0 0 0
2687 12 1 1 2 0 0 0 0 0
2689 2 0 0 0 0 0 1 0 0
2690 3 1 1 0 0 0 1 0 0
2691 1 0 0 0 0 0 0 0 0
2727 5 2 2 1 0 0 0 0 0
2749 3 1 1 1 0 0 0 0 0
fn=do_preload
804 7 1 1 0 0 0 6 0 0
810 1 0 0 0 0 0 2 0 0
811 1 0 0 0 0 0 1 0 0
812 2 0 0 0 0 0 1 0 0
814 3 0 0 1 0 0 0 0 0
816 7 1 1 0 0 0 0 0 0
817 2 0 0 1 0 0 0 0 0
825 3 0 0 1 0 0 0 0 0
831 4 0 0 6 0 0 0 0 0
fn=handle_preload_list
183 7 0 0 1 0 0 2 0 0
869 7 1 1 0 0 0 6 2 2
870 4 1 1 0 0 0 2 0 0
874 4 0 0 2 0 0 0 0 0
877 5 1 1 0 0 0 0 0 0
878 3 0 0 0 0 0 0 0 0
880 5 0 0 0 0 0 0 0 0
881 1 0 0 0 0 0 1 0 0
887 1 1 1 0 0 0 0 0 0
888 1 0 0 1 0 0 0 0 0
889 2 0 0 0 0 0 0 0 0
891 2 0 0 1 0 0 0 0 0
892 5 0 0 0 0 0 0 0 0
895 9 1 1 10 0 0 0 0 0
fn=init_tls
734 5 1 1 0 0 0 6 0 0
736 4 1 1 1 0 0 1 0 0
740 2 0 0 1 0 0 0 0 0
746 1 0 0 0 0 0 0 0 0
749 1 1 1 0 0 0 1 0 0
751 1 0 0 0 0 0 0 0 0
755 1 0 0 0 0 0 0 0 0
756 1 0 0 0 0 0 1 0 0
757 1 0 0 0 0 0 1 0 0
761 2 0 0 1 1 1 0 0 0
762 2 0 0 0 0 0 0 0 0
763 9 0 0 1 1 0 0 0 0
764 7 0 0 7 1 0 0 0 0
765 14 0 0 7 7 0 0 0 0
769 6 0 0 0 0 0 2 1 1
773 5 1 1 1 0 0 0 0 0
776 2 0 0 0 0 0 0 0 0
779 1 0 0 0 0 0 0 0 0
786 2 0 0 0 0 0 0 0 0
787 1 0 0 0 0 0 0 0 0
793 2 0 0 1 0 0 1 0 0
797 3 0 0 0 0 0 1 0 0
800 5 1 1 6 0 0 0 0 0
fn=map_doit
641 4 1 1 0 0 0 3 1 1
643 3 0 0 1 0 0 0 0 0
644 6 1 1 2 0 0 1 0 0
646 3 0 0 3 0 0 0 0 0
fn=version_check_doit
674 4 1 1 0 0 0 3 0 0
676 6 1 1 2 0 0 0 0 0
680 3 0 0 3 0 0 0 0 0
fl=./elf/./get-dynamic-info.h
fn=_dl_start
45 44 0 0 22 6 6 0 0 0
49 42 0 0 0 0 0 0 0 0
51 12 0 0 0 0 0 0 0 0
52 8 0 0 0 0 0 0 0 0
53 1 0 0 0 0 0 0 0 0
54 19 1 1 0 0 0 0 0 0
55 12 0 0 0 0 0 0 0 0
56 4 1 1 0 0 0 0 0 0
59 5 0 0 0 0 0 0 0 0
62 4 1 1 0 0 0 0 0 0
64 3 0 0 0 0 0 0 0 0
68 23 1 1 0 0 0 21 8 8
72 2 0 0 0 0 0 0 0 0
84 2 0 0 1 0 0 0 0 0
85 6 1 1 2 0 0 1 0 0
86 6 0 0 2 0 0 1 0 0
87 6 0 0 2 0 0 1 0 0
88 3 1 1 1 1 1 0 0 0
89 6 0 0 2 0 0 1 0 0
90 6 1 1 2 0 0 1 0 0
91 6 0 0 2 0 0 1 0 0
103 8 1 1 2 0 0 1 0 0
110 2 0 0 1 0 0 0 0 0
115 3 0 0 1 0 0 0 0 0
122 2 1 1 1 0 0 0 0 0
123 5 0 0 2 0 0 0 0 0
129 2 0 0 1 0 0 0 0 0
133 3 1 1 1 0 0 0 0 0
134 2 0 0 1 0 0 0 0 0
139 5 0 0 2 0 0 0 0 0
142 6 0 0 2 0 0 0 0 0
fn=dl_main
39 2 1 1 1 0 0 0 0 0
43 1 0 0 0 0 0 0 0 0
45 56 0 0 28 8 8 0 0 0
49 54 0 0 0 0 0 0 0 0
51 8 0 0 0 0 0 0 0 0
52 6 0 0 0 0 0 0 0 0
53 1 0 0 0 0 0 0 0 0
54 13 1 1 0 0 0 0 0 0
55 7 1 1 0 0 0 0 0 0
56 4 1 1 0 0 0 0 0 0
59 5 0 0 0 0 0 0 0 0
62 4 1 1 0 0 0 0 0 0
64 3 0 0 0 0 0 0 0 0
68 27 1 1 0 0 0 27 6 6
72 2 0 0 1 0 0 0 0 0
110 2 0 0 1 0 0 0 0 0
115 3 0 0 1 0 0 0 0 0
122 2 1 1 1 0 0 0 0 0
123 4 0 0 2 0 0 0 0 0
129 2 1 1 1 1 1 0 0 0
147 2 0 0 1 0 0 0 0 0
162 2 1 1 1 1 1 0 0 0
184 2 0 0 1 0 0 0 0 0
fl=./elf/./setup-vdso.h
fn=dl_main
24 3 0 0 1 0 0 0 0 0
fl=./elf/./tlsdeschtab.h
fn=_dl_make_tlsdesc_dynamic
49 1 0 0 1 0 0 0 0 0
50 4 0 0 1 0 0 0 0 0
56 3 1 1 1 1 1 0 0 0
62 4 0 0 1 1 1 0 0 0
77 3 0 0 1 1 1 0 0 0
86 6 1 1 0 0 0 6 0 0
91 1 0 0 1 0 0 0 0 0
92 1 0 0 0 0 0 0 0 0
97 2 0 0 0 0 0 1 0 0
100 1 1 1 1 0 0 0 0 0
112 1 0 0 0 0 0 1 0 0
113 1 0 0 0 0 0 0 0 0
118 3 0 0 3 0 0 1 0 0
119 1 0 0 0 0 0 2 0 0
121 4 1 1 6 0 0 0 0 0
fl=./iconv/../iconv/loop.c
fn=__gconv_transform_ascii_internal
230 264 1 1 0 0 0 0 0 0
232 132 0 0 0 0 0 0 0 0
238 448 0 0 0 0 0 0 0 0
251 660 0 0 0 0 0 0 0 0
252 220 0 0 0 0 0 0 0 0
265 1704 2 2 348 0 0 92 2 2
269 132 0 0 0 0 0 132 0 0
fn=__gconv_transform_internal_utf8
230 5 5 1 0 0 0 0 0 0
232 5 0 0 0 0 0 10 0 0
238 50 5 1 0 0 0 0 0 0
243 30 0 0 0 0 0 0 0 0
244 15 0 0 0 0 0 0 0 0
251 30 0 0 0 0 0 0 0 0
265 135 0 0 15 0 0 45 0 0
269 5 0 0 0 0 0 5 0 0
270 15 0 0 30 0 0 0 0 0
297 65 5 1 5 0 0 35 0 0
fn=__gconv_transform_utf8_internal
230 2620 0 0 0 0 0 0 0 0
231 1310 0 0 0 0 0 0 0 0
232 1310 0 0 0 0 0 0 0 0
238 70424 0 0 0 0 0 0 0 0
251 67804 0 0 0 0 0 0 0 0
252 33902 0 0 0 0 0 0 0 0
265 237314 655 210 33902 0 0 33902 975 236
269 1310 655 209 0 0 0 1310 0 0
297 2620 655 211 1310 0 0 0 0 0
fl=./iconv/../iconv/skeleton.c
fn=__gconv_transform_ascii_internal
331 2376 2 2 264 0 0 1584 0 0
332 264 0 0 0 0 0 264 0 0
333 132 0 0 0 0 0 0 0 0
334 132 0 0 0 0 0 0 0 0
337 264 0 0 132 0 0 0 0 0
347 132 1 1 0 0 0 0 0 0
443 528 1 1 132 0 0 264 0 0
444 132 0 0 132 0 0 0 0 0
448 132 0 0 0 0 0 132 0 0
449 660 0 0 0 0 0 132 0 0
493 132 0 0 132 0 0 0 0 0
499 264 0 0 132 0 0 0 0 0
500 132 0 0 0 0 0 0 0 0
518 132 0 0 0 0 0 0 0 0
525 396 0 0 264 0 0 132 0 0
529 132 0 0 0 0 0 0 0 0
532 132 0 0 0 0 0 132 0 0
536 528 1 1 264 0 0 132 0 0
538 264 0 0 264 0 0 0 0 0
547 264 0 0 0 0 0 132 0 0
663 2108 2 2 1716 0 0 0 0 0
fn=__gconv_transform_internal_utf8
331 95 10 2 10 0 0 55 4 0
332 5 0 0 0 0 0 0 0 0
333 5 0 0 0 0 0 0 0 0
334 5 0 0 0 0 0 0 0 0
337 10 0 0 5 0 0 0 0 0
347 5 5 1 0 0 0 0 0 0
443 20 0 0 5 0 0 10 0 0
444 5 0 0 5 0 0 0 0 0
448 5 0 0 0 0 0 5 1 0
449 15 0 0 0 0 0 0 0 0
459 5 0 0 0 0 0 0 0 0
462 20 5 1 10 0 0 0 0 0
518 5 0 0 0 0 0 0 0 0
525 15 0 0 10 0 0 5 0 0
529 5 0 0 0 0 0 0 0 0
532 5 0 0 0 0 0 5 0 0
536 55 10 2 25 0 0 5 0 0
637 25 0 0 10 0 0 0 0 0
663 75 10 2 65 0 0 0 0 0
fn=__gconv_transform_utf8_internal
331 23580 1310 417 2620 0 0 18340 1467 12
332 2620 0 0 0 0 0 2620 0 0
333 2620 0 0 0 0 0 1310 0 0
334 1310 0 0 0 0 0 0 0 0
337 2620 0 0 1310 0 0 0 0 0
347 1310 655 209 0 0 0 0 0 0
443 3930 0 0 1310 0 0 0 0 0
444 1310 0 0 1310 0 0 0 0 0
448 1310 0 0 0 0 0 2620 0 0
449 5240 0 0 1310 0 0 0 0 0
459 2620 0 0 1310 0 0 0 0 0
462 5240 655 210 2620 0 0 0 0 0
518 1310 0 0 0 0 0 0 0 0
525 3930 0 0 2620 0 0 1310 0 0
529 1310 655 210 0 0 0 0 0 0
532 1310 0 0 0 0 0 1310 0 0
536 6550 1309 414 3930 0 0 1310 0 0
637 5240 0 0 1310 0 0 0 0 0
663 20960 1310 418 19650 0 0 0 0 0
fl=./iconv/../sysdeps/unix/sysv/linux/not-cancel.h
fn=__gconv_load_cache
75 2 0 0 0 0 0 0 0 0
fl=./iconv/./iconv/gconv_builtin.c
fn=__gconv_get_builtin_trans
62 16 1 1 0 0 0 14 0 0
65 29 0 0 0 0 0 0 0 0
66 57 1 1 11 4 4 0 0 0
71 6 1 1 2 0 0 2 0 0
73 4 0 0 0 0 0 2 0 0
75 2 0 0 0 0 0 2 0 0
78 2 0 0 2 0 0 0 0 0
79 4 0 0 2 0 0 4 0 0
80 2 0 0 2 0 0 0 0 0
81 4 0 0 2 0 0 4 0 0
84 2 0 0 0 0 0 2 0 0
85 10 0 0 14 0 0 0 0 0
fl=./iconv/./iconv/gconv_cache.c
fn=__gconv_compare_alias_cache
223 48 12 2 12 0 0 18 0 0
227 18 0 0 6 0 0 0 0 0
230 48 0 0 0 0 0 18 0 0
231 24 5 1 0 0 0 0 0 0
232 6 0 0 12 0 0 0 0 0
234 24 3 1 12 0 0 6 0 0
236 12 0 0 6 0 0 0 0 0
237 60 0 0 30 0 0 0 0 0
fn=__gconv_load_cache
49 8 1 1 2 0 0 3 0 0
56 5 1 1 0 0 0 1 0 0
57 1 0 0 0 0 0 0 0 0
61 7 1 1 0 0 0 2 0 0
62 2 0 0 0 0 0 0 0 0
67 3 0 0 0 0 0 0 0 0
70 3 0 0 1 0 0 0 0 0
78 4 0 0 0 0 0 3 0 0
80 7 1 1 0 0 0 1 0 0
81 2 0 0 0 0 0 0 0 0
113 2 0 0 1 0 0 0 0 0
114 5 0 0 1 1 1 0 0 0
115 4 1 1 2 0 0 0 0 0
116 3 0 0 1 0 0 0 0 0
117 2 0 0 1 0 0 0 0 0
118 2 0 0 0 0 0 0 0 0
119 1 0 0 0 0 0 0 0 0
121 3 0 0 1 0 0 0 0 0
122 5 1 1 5 0 0 0 0 0
139 1 0 0 0 0 0 0 0 0
140 10 0 0 5 0 0 0 0 0
fn=__gconv_lookup_cache
243 22 2 2 4 0 0 18 0 0
253 6 0 0 2 1 1 0 0 0
258 10 0 0 2 1 1 0 0 0
259 2 0 0 0 0 0 0 0 0
260 2 1 1 2 0 0 0 0 0
262 14 0 0 0 0 0 8 0 0
263 22 0 0 6 0 0 2 0 0
266 2 0 0 0 0 0 0 0 0
268 10 2 2 0 0 0 0 0 0
269 18 0 0 6 0 0 0 0 0
272 6 0 0 0 0 0 2 0 0
275 10 1 1 2 0 0 0 0 0
279 3 0 0 0 0 0 0 0 0
354 2 0 0 1 1 1 0 0 0
355 4 1 1 1 0 0 0 0 0
361 8 1 1 0 0 0 3 0 0
362 2 0 0 0 0 0 0 0 0
365 3 0 0 1 0 0 2 0 0
366 3 0 0 0 0 0 3 0 0
369 1 0 0 0 0 0 0 0 0
371 3 0 0 3 0 0 0 0 0
372 3 0 0 0 0 0 2 0 0
374 2 0 0 0 0 0 1 0 0
375 1 1 1 0 0 0 1 1 1
378 4 0 0 2 0 0 0 0 0
381 1 0 0 0 0 0 0 0 0
382 1 0 0 1 0 0 0 0 0
394 6 1 1 1 0 0 1 0 0
397 2 0 0 1 0 0 0 0 0
401 4 0 0 4 0 0 0 0 0
403 1 0 0 0 0 0 0 0 0
405 4 0 0 0 0 0 0 0 0
406 3 0 0 1 0 0 2 0 0
408 2 0 0 0 0 0 1 1 1
409 1 0 0 0 0 0 1 1 1
412 5 1 1 3 0 0 0 0 0
415 1 0 0 0 0 0 0 0 0
416 1 0 0 1 0 0 0 0 0
430 2 0 0 0 0 0 0 0 0
433 6 1 1 5 0 0 1 0 0
437 28 0 0 22 0 0 0 0 0
fn=find_module_idx
145 144 2 2 0 0 0 192 1 0
154 48 0 0 16 0 0 0 0 0
155 16 0 0 16 1 0 0 0 0
157 16 0 0 16 0 0 0 0 0
159 16 0 0 0 0 0 0 0 0
160 48 0 0 16 0 0 0 0 0
161 64 0 0 0 0 0 0 0 0
163 48 2 2 32 0 0 0 0 0
164 144 2 2 32 7 6 0 0 0
165 64 0 0 0 0 0 0 0 0
166 160 0 0 0 0 0 0 0 0
168 32 4 2 16 1 1 16 0 0
172 16 0 0 0 0 0 0 0 0
173 64 0 0 0 0 0 0 0 0
177 112 0 0 192 0 0 0 0 0
fl=./iconv/./iconv/gconv_conf.c
fn=__gconv_load_conf
527 16 7 2 0 0 0 16 0 0
528 48 0 0 0 0 0 0 0 0
529 8 7 2 16 0 0 0 0 0
fn=__gconv_read_conf
463 8 2 2 2 0 0 3 0 0
464 6 0 0 2 0 0 3 0 0
468 2 0 0 0 0 0 0 0 0
471 3 0 0 3 0 0 1 0 0
514 10 1 1 5 0 0 0 0 0
fl=./iconv/./iconv/gconv_db.c
fn=__gconv_compare_alias
688 66 6 1 12 0 0 30 0 0
692 6 0 0 0 0 0 0 0 0
694 30 4 1 0 0 0 0 0 0
698 6 0 0 6 0 0 0 0 0
699 66 0 0 42 0 0 0 0 0
fn=__gconv_find_transform
706 34 2 2 4 0 0 22 0 0
712 2 0 0 0 0 0 0 0 0
715 16 0 0 0 0 0 0 0 0
717 14 1 1 0 0 0 0 0 0
718 4 0 0 0 0 0 0 0 0
721 14 1 1 0 0 0 0 0 0
763 30 1 1 26 0 0 0 0 0
fl=./iconv/./iconv/gconv_simple.c
fn=__gconv_btwoc_ascii
49 384 1 1 0 0 0 256 0 0
51 128 0 0 0 0 0 0 0 0
54 384 0 0 256 0 0 0 0 0
fl=./intl/../include/../locale/localeinfo.h
fn=__dcigettext
222 3918 653 208 653 653 210 0 0 0
fl=./intl/../string/argz.h
fn=_nl_make_l10nflist
138 20 0 0 5 0 0 5 0 0
139 20 0 0 0 0 0 0 0 0
141 20 0 0 5 0 0 0 0 0
144 20 1 1 0 0 0 0 0 0
fl=./intl/../string/bits/string_fortified.h
fn=__dcigettext
45 4571 0 0 653 0 0 653 0 0
fn=_nl_make_l10nflist
29 48 4 1 0 0 0 0 0 0
fl=./intl/./intl/dcgettext.c
fn=dcgettext
46 1306 653 209 0 0 0 1306 0 0
47 3265 0 0 0 0 0 0 0 0
48 653 0 0 1306 0 0 0 0 0
fl=./intl/./intl/dcigettext.c
fn=__dcigettext
485 9795 1306 417 1306 651 9 10448 711 0
494 653 0 0 0 0 0 653 11 0
508 653 0 0 0 0 0 0 0 0
512 3265 0 0 0 0 0 0 0 0
517 653 653 204 0 0 0 0 0 0
521 4571 653 208 1306 0 0 1959 195 0
525 1959 0 0 0 0 0 0 0 0
528 2612 0 0 0 0 0 0 0 0
534 2612 653 208 653 301 206 0 0 0
544 653 0 0 0 0 0 653 0 0
545 653 0 0 0 0 0 653 0 0
546 653 0 0 0 0 0 653 0 0
547 653 0 0 0 0 0 653 0 0
551 2612 0 0 0 0 0 653 8 0
560 653 0 0 0 0 0 653 0 0
567 1959 0 0 0 0 0 0 0 0
569 5224 653 207 0 0 0 653 0 0
571 1306 0 0 0 0 0 0 0 0
573 653 0 0 0 0 0 0 0 0
601 3265 653 208 1306 652 209 0 0 0
616 1959 653 207 0 0 0 0 0 0
650 3265 653 208 0 0 0 653 0 0
651 9795 653 207 0 0 0 653 0 0
655 3918 653 206 0 0 0 653 0 0
660 9142 653 207 0 0 0 653 0 0
669 1959 0 0 653 0 0 0 0 0
671 653 0 0 0 0 0 0 0 0
682 653 653 204 0 0 0 0 0 0
683 2612 0 0 653 0 0 0 0 0
684 653 653 203 0 0 0 653 0 0
685 653 0 0 0 0 0 653 0 0
689 4571 0 0 1959 883 411 653 0 0
696 1959 0 0 653 0 0 0 0 0
697 2612 653 206 653 0 0 0 0 0
698 1959 0 0 0 0 0 653 0 0
710 1306 0 0 0 0 0 653 0 0
832 653 0 0 0 0 0 0 0 0
834 1306 653 207 653 0 0 0 0 0
836 2612 0 0 0 0 0 0 0 0
838 1959 0 0 0 0 0 0 0 0
853 1959 0 0 1959 0 0 653 0 0
857 3265 653 207 1306 0 0 0 0 0
858 10448 0 0 9795 0 0 0 0 0
1536 1959 0 0 0 0 0 0 0 0
1569 4571 653 206 1306 653 206 0 0 0
1570 653 0 0 0 0 0 0 0 0
fl=./intl/./intl/explodename.c
fn=_nl_explode_name
46 126 6 1 12 0 0 12 0 0
47 6 0 0 0 0 0 0 0 0
58 30 6 1 0 0 0 36 0 0
62 6 0 0 0 0 0 6 0 0
63 6 0 0 0 0 0 6 0 0
64 6 0 0 0 0 0 6 0 0
65 6 0 0 0 0 0 6 0 0
69 12 6 1 0 0 0 0 0 0
70 6 0 0 0 0 0 6 0 0
73 12 0 0 0 0 0 0 0 0
91 18 0 0 6 0 0 0 0 0
94 12 4 1 0 0 0 6 0 0
95 18 0 0 0 0 0 6 0 0
97 150 0 0 36 0 0 6 0 0
98 30 1 1 0 0 0 0 0 0
100 6 0 0 0 0 0 0 0 0
102 12 0 0 0 0 0 0 0 0
104 42 0 0 6 0 0 18 0 0
106 6 0 0 0 0 0 0 0 0
108 30 2 1 12 0 0 0 0 0
111 12 0 0 6 0 0 0 0 0
116 42 0 0 18 0 0 0 0 0
126 12 0 0 6 0 0 0 0 0
129 18 4 1 12 0 0 0 0 0
130 18 0 0 0 0 0 0 0 0
133 30 0 0 36 0 0 0 0 0
fl=./intl/./intl/hash-string.c
fn=__hash_string
32 32 5 2 0 0 0 32 0 0
37 16 0 0 0 0 0 0 0 0
38 276 0 0 130 1 1 0 0 0
41 228 4 2 0 0 0 0 0 0
42 114 0 0 0 0 0 0 0 0
46 342 0 0 0 0 0 0 0 0
50 32 0 0 32 0 0 0 0 0
fl=./intl/./intl/l10nflist.c
fn=_nl_make_l10nflist
73 4 0 0 0 0 0 0 0 0
74 39 0 0 0 0 0 0 0 0
76 36 1 1 0 0 0 0 0 0
77 24 1 1 0 0 0 0 0 0
79 12 0 0 0 0 0 0 0 0
96 36 0 0 0 0 0 0 0 0
98 24 0 0 0 0 0 0 0 0
99 24 0 0 0 0 0 0 0 0
101 24 0 0 0 0 0 0 0 0
102 36 0 0 0 0 0 0 0 0
140 20 0 0 0 0 0 0 0 0
141 20 0 0 0 0 0 0 0 0
142 12 1 1 0 0 0 0 0 0
143 4 0 0 0 0 0 0 0 0
157 192 5 2 0 0 0 192 0 0
166 60 0 0 0 0 0 0 0 0
167 48 0 0 0 0 0 0 0 0
169 48 0 0 0 0 0 12 0 0
171 72 3 1 8 0 0 0 0 0
173 84 0 0 8 0 0 12 0 0
175 60 3 1 0 0 0 12 0 0
176 36 0 0 12 0 0 0 0 0
178 12 0 0 0 0 0 0 0 0
188 36 2 1 0 0 0 12 0 0
189 24 0 0 0 0 0 0 0 0
191 24 0 0 12 0 0 0 0 0
196 12 0 0 0 0 0 0 0 0
198 16 0 0 0 0 0 8 0 0
199 16 6 1 8 0 0 0 0 0
201 24 6 1 12 0 0 0 0 0
203 16 0 0 0 0 0 8 0 0
204 16 0 0 8 0 0 0 0 0
206 24 0 0 12 0 0 0 0 0
212 24 0 0 0 0 0 12 0 0
213 36 0 0 12 0 0 0 0 0
217 12 6 1 0 0 0 0 0 0
218 80 0 0 40 1 1 12 0 0
219 52 0 0 26 0 0 0 0 0
221 52 0 0 0 0 0 0 0 0
222 52 0 0 0 0 0 0 0 0
225 19 0 0 0 0 0 0 0 0
232 16 0 0 0 0 0 0 0 0
235 10 1 1 5 0 0 0 0 0
237 16 5 0 0 0 0 0 0 0
238 8 0 0 0 0 0 0 0 0
242 12 0 0 0 0 0 0 0 0
243 16 0 0 0 0 0 4 0 0
244 12 1 1 4 0 0 0 0 0
245 4 0 0 0 0 0 0 0 0
251 12 0 0 0 0 0 4 1 1
255 4 0 0 0 0 0 4 0 0
256 36 0 0 0 0 0 0 0 0
258 4 0 0 0 0 0 4 1 1
260 8 1 1 0 0 0 0 0 0
262 6 0 0 3 0 0 3 0 0
263 6 0 0 3 0 0 3 0 0
267 2 0 0 1 0 0 1 0 0
268 1 0 0 0 0 0 1 0 0
275 12 0 0 0 0 0 0 0 0
276 25 0 0 0 0 0 0 0 0
277 20 0 0 0 0 0 0 0 0
284 5 0 0 0 0 0 0 0 0
285 95 1 1 35 0 0 30 0 0
290 24 1 1 4 0 0 0 0 0
291 4 0 0 0 0 0 0 0 0
292 8 0 0 0 0 0 0 0 0
300 8 0 0 0 0 0 4 0 0
303 108 4 1 144 0 0 0 0 0
fn=_nl_normalize_codeset
311 72 7 1 0 0 0 72 0 0
312 12 6 1 0 0 0 0 0 0
313 12 0 0 0 0 0 0 0 0
323 192 0 0 0 0 0 0 0 0
324 300 0 0 132 5 2 0 0 0
326 48 0 0 0 0 0 0 0 0
328 60 0 0 0 0 0 0 0 0
329 96 0 0 0 0 0 0 0 0
332 48 7 1 0 0 0 0 0 0
334 12 0 0 0 0 0 0 0 0
341 180 0 0 0 0 0 0 0 0
342 264 7 1 120 0 0 0 0 0
343 192 0 0 60 3 2 36 0 0
344 108 0 0 0 0 0 0 0 0
345 24 0 0 0 0 0 12 0 0
347 12 0 0 0 0 0 12 0 0
351 48 0 0 72 0 0 0 0 0
fl=./intl/./intl/localealias.c
fn=_nl_expand_alias
146 42 1 1 0 0 0 60 0 0
149 6 0 0 0 0 0 0 0 0
152 48 0 0 0 0 0 0 0 0
154 24 1 1 6 0 0 0 0 0
155 4 1 1 0 0 0 1 0 0
163 24 0 0 6 1 0 0 0 0
181 28 2 0 7 1 1 0 0 0
185 5 2 2 0 0 0 0 0 0
189 30 0 0 24 0 0 0 0 0
190 53 0 0 0 0 0 0 0 0
191 17 0 0 0 0 0 0 0 0
193 2 1 1 0 0 0 0 0 0
194 4 0 0 0 0 0 1 0 0
199 42 0 0 0 0 0 0 0 0
202 43 1 0 60 0 0 0 0 0
413 6 0 0 0 0 0 0 0 0
fn=read_alias_file
207 15 2 2 2 0 0 13 0 0
213 12 1 1 0 0 0 1 0 0
215 11 0 0 2 0 0 2 0 0
225 4 1 1 0 0 0 0 0 0
230 1 0 0 0 0 0 0 0 0
231 2 1 1 0 0 0 0 0 0
387 16 2 2 15 0 0 0 0 0
fl=./io/../sysdeps/posix/isatty.c
fn=isatty
24 6960 870 865 1740 23 0 2610 0 0
27 3480 0 0 0 0 0 0 0 0
28 8700 870 852 4350 0 0 0 0 0
fl=./io/../sysdeps/unix/syscall-template.S
fn=chdir
120 10 2 2 0 0 0 0 0 0
122 2 0 0 0 0 0 0 0 0
fl=./io/../sysdeps/unix/sysv/linux/access.c
fn=access
25 3 1 1 0 0 0 2 1 0
29 9 1 1 0 0 0 1 0 0
31 3 0 0 2 0 0 0 0 0
fl=./io/../sysdeps/unix/sysv/linux/close.c
fn=close
26 2592 864 861 0 0 0 2592 0 0
27 8640 864 864 864 0 0 0 0 0
28 3456 0 0 2592 0 0 0 0 0
fl=./io/../sysdeps/unix/sysv/linux/close_nocancel.c
fn=__GI___close_nocancel
25 86 33 22 0 0 0 86 0 0
26 215 0 0 0 0 0 0 0 0
27 86 22 22 86 0 0 0 0 0
fn=__close_nocancel
25 426 212 196 0 0 0 426 0 0
26 1065 211 169 0 0 0 0 0 0
27 426 0 0 426 0 0 0 0 0
fl=./io/../sysdeps/unix/sysv/linux/fcntl64.c
fn=fcntl
38 40 4 2 8 6 0 24 0 0
42 24 0 0 0 0 0 20 0 0
48 12 4 2 0 0 0 0 0 0
51 12 4 2 0 0 0 0 0 0
52 48 4 2 28 0 0 0 0 0
fl=./io/../sysdeps/unix/sysv/linux/fcntl_nocancel.c
fn=__fcntl64_nocancel_adjusted
51 32 4 2 8 0 0 12 0 0
52 8 0 0 0 0 0 0 0 0
55 4 0 0 0 0 0 0 0 0
63 20 4 2 0 0 0 0 0 0
64 40 0 0 20 0 0 0 0 0
fl=./io/../sysdeps/unix/sysv/linux/fstat64.c
fn=fstat
30 3976 1977 898 0 0 0 3976 22 22
39 9940 0 0 0 0 0 0 0 0
72 3976 1939 14 3976 0 0 0 0 0
fl=./io/../sysdeps/unix/sysv/linux/fstatat64.c
fn=fstatat
91 16072 4016 888 0 0 0 0 0 0
146 8036 4018 879 0 0 0 8036 0 0
160 3906 0 0 651 636 0 651 141 0
161 12054 0 0 0 0 0 0 0 0
162 8036 0 0 8036 0 0 0 0 0
fl=./io/../sysdeps/unix/sysv/linux/getcwd.c
fn=getcwd
49 33 3 3 6 3 1 15 2 2
55 3 0 0 0 0 0 0 0 0
66 6 3 3 6 0 0 0 0 0
76 3 0 0 0 0 0 3 0 0
80 15 3 3 3 0 0 0 0 0
81 18 3 3 6 0 0 0 0 0
84 9 3 3 6 0 0 0 0 0
88 15 3 3 6 0 0 3 0 0
131 33 3 3 18 0 0 0 0 0
fl=./io/../sysdeps/unix/sysv/linux/lseek64.c
fn=lseek
28 3474 873 770 0 0 0 3474 0 0
40 10440 3 1 3 0 0 3 0 0
42 3474 871 717 3474 0 0 0 0 0
fl=./io/../sysdeps/unix/sysv/linux/lstat64.c
fn=lstat
28 4 2 2 0 0 0 4 0 0
29 10 0 0 0 0 0 0 0 0
30 2 2 2 4 0 0 0 0 0
fl=./io/../sysdeps/unix/sysv/linux/open64.c
fn=open
30 11375 874 742 1750 867 857 6125 0 0
33 6119 873 744 0 0 0 0 0 0
36 6 1 1 0 0 0 5 0 0
41 11424 875 819 884 3 0 8 1 0
43 11375 8 4 7000 0 0 0 0 0
fl=./io/../sysdeps/unix/sysv/linux/open64_nocancel.c
fn=__open_nocancel
28 2639 444 423 428 211 181 1027 27 25
31 1897 0 0 0 0 0 0 0 0
39 1446 33 33 5 0 0 19 3 0
41 2254 210 200 1184 0 0 0 0 0
fl=./io/../sysdeps/unix/sysv/linux/read.c
fn=read
25 5220 872 587 0 0 0 6960 1 0
26 17400 875 699 1740 0 0 0 0 0
27 6960 0 0 6960 0 0 0 0 0
fl=./io/../sysdeps/unix/sysv/linux/read_nocancel.c
fn=__read_nocancel
25 74 36 23 0 0 0 74 0 0
26 185 33 23 0 0 0 0 0 0
27 74 0 0 74 0 0 0 0 0
fl=./io/../sysdeps/unix/sysv/linux/readlink.c
fn=readlink
28 24 2 2 0 0 0 12 0 0
32 72 2 2 5 1 0 5 1 0
34 12 2 2 12 0 0 0 0 0
fl=./io/../sysdeps/unix/sysv/linux/stat64.c
fn=stat
28 8032 4014 874 0 0 0 8032 0 0
29 20080 0 0 0 0 0 0 0 0
30 4016 0 0 8032 0 0 0 0 0
fl=./io/../sysdeps/unix/sysv/linux/statfs64.c
fn=statfs
30 2 1 1 0 0 0 2 0 0
34 10 1 1 1 0 0 1 0 0
36 2 0 0 2 0 0 0 0 0
fl=./io/../sysdeps/unix/sysv/linux/write.c
fn=write
25 270 90 83 0 0 0 360 0 0
26 900 90 83 90 0 0 0 0 0
27 360 0 0 360 0 0 0 0 0
fl=./libio/../include/printf_buffer.h
fn=__vsnprintf_internal
125 1256 0 0 0 0 0 2512 217 6
127 1256 0 0 0 0 0 2512 0 0
128 2512 0 0 0 0 0 1256 16 3
137 1256 0 0 0 0 0 0 0 0
fn=__vsprintf_internal
125 150965 0 0 0 0 0 301930 43090 1
127 150965 0 0 0 0 0 301930 0 0
128 301930 0 0 0 0 0 150965 0 0
fl=./libio/../libio/libioP.h
fn=_IO_seekoff_unlocked
1025 12 0 0 0 0 0 0 0 0
1026 8 0 0 0 0 0 0 0 0
fn=ftello
979 2 1 1 0 0 0 0 0 0
fl=./libio/../string/bits/string_fortified.h
fn=_IO_file_xsgetn
29 39 2 2 0 0 0 0 0 0
fn=_IO_getline_info
29 2742 4 0 0 0 0 0 0 0
fn=getdelim
29 336 1 1 0 0 0 0 0 0
fl=./libio/./libio/filedoalloc.c
fn=_IO_file_doallocate
78 50 4 4 10 0 0 25 1 0
84 40 0 0 15 0 0 0 0 0
86 20 0 0 5 1 1 0 0 0
97 25 0 0 5 0 0 0 0 0
98 5 4 4 0 0 0 0 0 0
101 15 0 0 0 0 0 0 0 0
102 5 0 0 0 0 0 0 0 0
104 20 4 4 0 0 0 0 0 0
105 5 0 0 0 0 0 0 0 0
106 55 0 0 35 0 0 0 0 0
fl=./libio/./libio/fileno.c
fn=fileno
32 22 7 5 0 0 0 22 0 0
35 44 0 0 22 12 12 0 0 0
42 22 0 0 22 0 0 0 0 0
fl=./libio/./libio/fileops.c
fn=_IO_file_close
1165 10 4 4 0 0 0 10 0 0
1168 10 0 0 5 0 0 0 0 0
1169 5 0 0 10 0 0 0 0 0
fn=_IO_file_close_it@@GLIBC_2.17
128 15 4 4 0 0 0 15 0 0
130 15 4 4 5 0 0 0 0 0
133 10 0 0 0 0 0 0 0 0
134 25 0 0 5 0 0 10 0 0
137 5 0 0 0 0 0 0 0 0
139 10 0 0 0 0 0 0 0 0
141 5 0 0 5 0 0 0 0 0
142 35 0 0 10 2 0 0 0 0
145 15 0 0 5 0 0 0 0 0
153 25 5 4 0 0 0 0 0 0
154 20 0 0 0 0 0 15 0 0
157 10 5 4 0 0 0 0 0 0
158 15 0 0 0 0 0 5 0 0
159 10 0 0 0 0 0 5 0 0
160 15 0 0 10 0 0 5 0 0
162 10 0 0 0 0 0 0 0 0
163 20 5 4 15 0 0 0 0 0
fn=_IO_file_finish@@GLIBC_2.17
168 20 5 4 0 0 0 20 0 0
169 15 0 0 5 0 0 0 0 0
175 15 5 4 0 0 0 0 0 0
176 10 4 1 20 0 0 0 0 0
fn=_IO_file_fopen@@GLIBC_2.17
213 110 11 6 22 0 0 55 0 0
214 11 10 6 0 0 0 0 0 0
222 33 10 6 11 0 0 0 0 0
223 6 6 2 0 0 0 0 0 0
224 44 0 0 11 5 5 0 0 0
227 11 0 0 0 0 0 0 0 0
228 55 0 0 22 0 0 22 0 0
238 22 0 0 0 0 0 0 0 0
245 22 0 0 0 0 0 0 0 0
247 184 19 11 22 0 0 0 0 0
268 6 2 2 2 0 0 2 0 0
269 2 0 0 0 0 0 0 0 0
271 2 0 0 0 0 0 0 0 0
272 6 0 0 2 0 0 2 0 0
273 2 0 0 0 0 0 0 0 0
281 55 10 6 0 0 0 0 0 0
284 11 0 0 0 0 0 0 0 0
287 20 0 0 0 0 0 0 0 0
288 5 0 0 0 0 0 0 0 0
357 132 12 8 77 0 0 0 0 0
fn=_IO_file_open
182 99 10 6 0 0 0 55 0 0
184 22 11 6 11 0 0 0 0 0
185 6 0 0 0 0 0 0 0 0
188 18 0 0 0 0 0 0 0 0
189 11 0 0 0 0 0 0 0 0
190 12 6 2 0 0 0 0 0 0
191 5 0 0 0 0 0 5 0 0
192 35 0 0 5 0 0 5 0 0
195 15 4 4 0 0 0 0 0 0
205 10 5 4 0 0 0 0 0 0
206 5 0 0 0 0 0 0 0 0
207 44 0 0 55 0 0 0 0 0
fn=_IO_file_read
1131 34 7 1 0 0 0 34 0 0
1133 19 0 0 34 0 0 0 0 0
1134 32 0 0 0 0 0 0 0 0
1135 17 0 0 34 0 0 0 0 0
fn=_IO_file_seek
1140 6 1 1 0 0 0 6 0 0
1141 6 0 0 3 0 0 0 0 0
1142 3 0 0 6 0 0 0 0 0
fn=_IO_file_seekoff@@GLIBC_2.17
843 1 0 0 0 0 0 0 0 0
847 4 2 2 2 1 0 0 0 0
849 3 0 0 6 0 0 0 0 0
851 1 1 1 1 0 0 0 0 0
856 3 0 0 0 0 0 0 0 0
866 2 0 0 0 0 0 0 0 0
867 3 0 0 2 0 0 0 0 0
880 7 3 3 2 0 0 2 0 0
883 6 0 0 2 1 1 0 0 0
885 3 0 0 2 0 0 0 0 0
890 4 2 2 0 0 0 0 0 0
901 40 2 2 8 1 0 20 0 0
909 8 2 2 0 0 0 4 0 0
914 2 0 0 0 0 0 0 0 0
915 10 0 0 4 0 0 4 0 0
918 8 0 0 2 0 0 0 0 0
930 4 0 0 2 0 0 0 0 0
943 6 1 1 0 0 0 0 0 0
947 3 2 2 2 0 0 0 0 0
949 3 0 0 1 0 0 0 0 0
976 2 1 1 0 0 0 0 0 0
981 3 0 0 1 0 0 0 0 0
982 4 1 1 1 0 0 0 0 0
998 1 0 0 0 0 0 0 0 0
1002 3 1 1 2 0 0 0 0 0
1003 1 0 0 0 0 0 0 0 0
1004 1 0 0 0 0 0 0 0 0
1007 3 0 0 0 0 0 0 0 0
1009 6 1 1 2 0 0 0 0 0
1010 1 0 0 0 0 0 0 0 0
1012 1 0 0 0 0 0 0 0 0
1027 4 1 1 1 0 0 2 0 0
1029 2 0 0 0 0 0 4 0 0
1030 1 0 0 0 0 0 1 0 0
1031 3 0 0 1 0 0 1 0 0
1032 4 1 1 4 0 0 0 0 0
1035 2 0 0 0 0 0 0 0 0
1036 6 0 0 2 0 0 0 0 0
1037 2 0 0 0 0 0 0 0 0
1039 5 0 0 5 0 0 1 0 0
1040 1 0 0 0 0 0 1 0 0
1041 2 0 0 1 0 0 2 0 0
1042 2 0 0 0 0 0 4 0 0
1055 44 1 1 28 0 0 0 0 0
fn=_IO_file_stat
1147 10 3 3 0 0 0 10 1 1
1148 10 4 4 5 0 0 0 0 0
1149 5 0 0 10 0 0 0 0 0
fn=_IO_file_sync@@GLIBC_2.17
793 48 2 2 0 0 0 48 0 0
798 36 0 0 24 2 1 0 0 0
800 12 0 0 24 0 0 0 0 0
801 24 0 0 0 0 0 0 0 0
812 36 1 1 0 0 0 12 0 0
816 36 1 1 48 0 0 0 0 0
fn=_IO_file_underflow@@GLIBC_2.17
462 76 8 5 0 0 0 76 2 0
466 38 0 0 19 0 0 0 0 0
467 12 1 0 0 0 0 0 0 0
469 17 0 0 0 0 0 0 0 0
475 51 0 0 34 0 0 0 0 0
478 68 8 5 17 0 0 68 0 0
481 6 2 2 3 0 0 0 0 0
486 6 0 0 0 0 0 0 0 0
490 57 2 2 3 0 0 0 0 0
499 34 7 5 0 0 0 0 0 0
506 34 0 0 0 0 0 0 0 0
512 17 0 0 17 0 0 0 0 0
513 17 0 0 0 0 0 34 0 0
514 17 0 0 0 0 0 34 0 0
515 17 0 0 0 0 0 34 0 0
517 102 0 0 51 5 1 0 0 0
519 34 11 5 0 0 0 0 0 0
522 20 1 1 4 0 0 4 0 0
526 39 0 0 13 0 0 13 0 0
532 8 0 0 0 0 0 4 0 0
533 8 0 0 16 0 0 0 0 0
535 39 0 0 13 0 0 0 0 0
536 6 0 0 0 0 0 3 0 0
537 52 0 0 78 4 1 0 0 0
538 57 3 0 76 0 0 0 0 0
fn=_IO_file_xsgetn
1273 104 2 2 0 0 0 104 0 0
1280 26 0 0 13 0 0 0 0 0
1283 4 2 2 2 0 0 0 0 0
1288 6 2 2 0 0 0 0 0 0
1291 52 0 0 0 0 0 0 0 0
1293 32 0 0 32 0 0 0 0 0
1294 32 0 0 0 0 0 0 0 0
1297 39 0 0 13 0 0 13 0 0
1302 3 0 0 0 0 0 0 0 0
1310 6 0 0 3 0 0 0 0 0
1319 6 0 0 3 0 0 0 0 0
1320 12 0 0 3 0 0 0 0 0
1322 12 0 0 0 0 0 0 0 0
1361 65 2 2 104 0 0 0 0 0
fn=_IO_new_file_init_internal
106 44 10 6 0 0 0 44 0 0
110 22 0 0 0 0 0 11 0 0
111 44 0 0 11 0 0 11 0 0
113 11 0 0 0 0 0 0 0 0
114 11 0 0 0 0 0 11 0 0
115 33 10 6 44 0 0 0 0 0
fl=./libio/./libio/fseek.c
fn=fseek
32 8 2 2 0 0 0 7 0 0
35 2 0 0 1 0 0 0 0 0
36 7 1 1 0 0 0 0 0 0
39 6 1 1 7 0 0 0 0 0
fl=./libio/./libio/ftello.c
fn=ftello
38 5 1 1 0 0 0 5 0 0
41 2 0 0 1 0 0 0 0 0
42 6 1 1 0 0 0 0 0 0
43 2 1 1 1 0 0 0 0 0
49 2 0 0 0 0 0 0 0 0
61 5 0 0 5 0 0 0 0 0
fl=./libio/./libio/genops.c
fn=_IO_cleanup
776 6 0 0 0 0 0 2 0 0
777 12 1 1 2 0 0 2 0 0
780 10 2 2 6 0 0 0 0 0
784 3 0 0 0 0 0 3 0 0
785 30 0 0 12 0 0 6 0 0
792 4 0 0 0 0 0 0 0 0
794 4 1 1 2 0 0 0 0 0
808 2 0 0 2 0 0 0 0 0
814 5 0 0 0 0 0 3 0 0
816 25 2 2 6 0 0 6 0 0
817 3 0 0 0 0 0 3 0 0
821 10 1 1 3 0 0 2 0 0
822 2 1 1 0 0 0 0 0 0
842 12 2 2 2 2 2 11 0 0
843 2 0 0 0 0 0 0 0 0
855 15 0 0 13 0 0 0 0 0
fn=_IO_default_finish
54 10 0 0 5 0 0 0 0 0
601 20 5 4 0 0 0 15 0 0
603 10 0 0 5 0 0 0 0 0
609 10 0 0 5 0 0 0 0 0
612 10 5 4 5 0 0 0 0 0
624 15 0 0 15 0 0 0 0 0
fn=_IO_default_uflow
361 40 5 4 0 0 0 40 0 0
362 40 0 0 20 8 2 0 0 0
363 20 0 0 0 0 0 0 0 0
365 24 0 0 12 0 0 6 0 0
366 30 0 0 40 0 0 0 0 0
fn=_IO_doallocbuf
343 20 4 4 0 0 0 20 1 0
344 10 0 0 5 0 0 0 0 0
346 15 0 0 5 0 0 5 0 0
347 30 4 4 10 3 3 0 0 0
350 20 4 4 25 0 0 0 0 0
fn=_IO_flush_all
686 12 1 1 2 0 0 11 0 0
687 2 1 1 0 0 0 0 0 0
691 6 2 2 0 0 0 2 0 0
692 12 0 0 2 1 1 2 0 0
695 10 2 2 6 3 3 0 0 0
697 3 0 0 0 0 0 3 0 0
698 34 1 1 12 6 5 6 0 0
700 18 1 1 9 4 4 0 0 0
705 2 0 0 0 0 0 2 0 0
708 30 1 1 12 0 0 6 0 0
709 3 0 0 0 0 0 3 0 0
713 10 1 1 3 0 0 2 0 0
714 2 1 1 0 0 0 0 0 0
718 15 1 1 13 0 0 0 0 0
fn=_IO_free_backup_area
187 4 1 1 0 0 0 3 0 0
188 2 0 0 1 0 0 0 0 0
190 2 0 0 1 0 0 0 0 0
191 1 0 0 0 0 0 2 0 0
192 1 0 0 0 0 0 1 0 0
194 3 0 0 3 0 0 0 0 0
fn=_IO_link_in
87 160 7 6 32 0 0 80 0 0
88 32 0 0 16 0 0 0 0 0
90 33 11 6 0 0 0 33 0 0
92 66 0 0 0 0 0 22 1 0
93 143 21 12 22 9 6 44 0 0
94 11 0 0 0 0 0 11 0 0
95 88 20 12 33 0 0 22 0 0
97 33 0 0 11 6 5 11 0 0
98 11 0 0 0 0 0 11 0 0
100 44 0 0 11 0 0 22 0 0
101 22 0 0 0 0 0 11 0 0
102 77 10 6 11 0 0 22 0 0
103 22 10 6 0 0 0 0 0 0
106 209 0 0 156 0 0 0 0 0
fn=_IO_no_init
563 88 11 6 0 0 0 66 0 0
564 11 0 0 0 0 0 0 0 0
565 11 0 0 0 0 0 11 8 6
566 11 0 0 0 0 0 0 0 0
568 11 0 0 0 0 0 11 0 0
572 44 11 6 0 0 0 55 0 0
579 11 0 0 0 0 0 11 10 6
581 11 0 0 0 0 0 11 9 5
587 11 0 0 0 0 0 11 0 0
588 44 0 0 66 0 0 0 0 0
fn=_IO_old_init
531 22 10 6 0 0 0 22 0 0
532 33 11 6 0 0 0 11 0 0
534 55 0 0 11 9 6 0 0 0
539 66 0 0 0 0 0 66 7 6
544 22 0 0 0 0 0 22 0 0
550 11 0 0 0 0 0 11 0 0
555 22 0 0 11 0 0 0 0 0
556 22 0 0 0 0 0 22 10 6
558 22 0 0 22 0 0 0 0 0
fn=_IO_setb
329 80 11 10 0 0 0 60 0 0
330 35 0 0 20 0 0 0 0 0
331 5 0 0 0 0 0 0 0 0
333 10 0 0 0 0 0 20 0 0
335 60 2 1 5 0 0 10 0 0
338 40 0 0 60 0 0 0 0 0
fn=_IO_sgetn
409 39 2 2 0 0 0 39 0 0
411 52 0 0 26 1 1 0 0 0
412 26 2 2 39 0 0 0 0 0
fn=_IO_sputbackc
635 4 1 1 0 0 0 4 0 0
638 4 0 0 2 1 0 0 0 0
639 3 0 0 1 0 0 0 0 0
641 3 1 1 0 0 0 1 0 0
647 1 0 0 0 0 0 0 0 0
648 3 1 1 1 0 0 1 0 0
651 3 0 0 4 0 0 0 0 0
fn=_IO_switch_to_get_mode
164 68 7 5 0 0 0 68 1 0
165 68 0 0 34 0 0 0 0 0
168 34 7 5 17 0 0 0 0 0
172 34 0 0 17 0 0 17 0 0
173 51 0 0 17 0 0 0 0 0
176 17 0 0 0 0 0 17 0 0
178 34 0 0 0 0 0 34 0 0
180 34 7 5 0 0 0 17 0 0
181 17 0 0 0 0 0 0 0 0
182 51 0 0 68 0 0 0 0 0
fn=_IO_un_link
53 32 11 6 0 0 0 32 0 0
54 32 0 0 16 0 0 0 0 0
82 32 3 1 32 0 0 0 0 0
fn=_IO_unsave_markers
937 24 4 4 0 0 0 18 0 0
939 12 0 0 6 0 0 0 0 0
944 12 6 4 6 1 0 0 0 0
946 18 0 0 18 0 0 0 0 0
fn=__GI__IO_un_link.part.0
52 132 21 12 22 4 2 99 1 0
58 66 0 0 0 0 0 22 0 0
59 132 10 6 22 2 1 22 0 0
60 11 0 0 0 0 0 11 0 0
61 82 11 6 31 2 0 20 0 0
63 44 21 11 11 2 1 0 0 0
65 32 1 1 0 0 0 0 0 0
66 33 11 6 11 0 0 11 0 0
74 22 11 6 0 0 0 11 0 0
76 81 0 0 20 0 0 20 0 0
77 22 0 0 0 0 0 11 0 0
78 67 10 5 11 0 0 22 0 0
79 22 11 6 0 0 0 0 0 0
82 143 0 0 121 0 0 0 0 0
fn=__uflow
299 40 9 4 0 0 0 40 0 0
300 40 6 4 10 4 1 0 0 0
305 20 0 0 10 0 0 0 0 0
308 30 9 4 20 0 0 0 0 0
310 20 0 0 10 0 0 0 0 0
316 20 0 0 10 0 0 0 0 0
321 20 0 0 10 6 1 0 0 0
323 50 0 0 20 8 2 0 0 0
324 20 0 0 40 0 0 0 0 0
fn=__underflow
269 36 3 3 0 0 0 36 0 0
270 36 0 0 9 0 0 4 0 0
275 18 0 0 9 0 0 0 0 0
278 27 0 0 18 0 0 0 0 0
280 18 0 0 9 0 0 0 0 0
286 18 3 3 9 0 0 0 0 0
291 18 3 3 9 0 0 0 0 0
293 45 0 0 18 3 3 0 0 0
294 18 0 0 36 0 0 0 0 0
fl=./libio/./libio/getc.c
fn=getc
34 5 1 1 0 0 0 5 0 0
37 2 0 0 1 1 0 0 0 0
38 4 1 1 2 1 0 0 0 0
43 3 1 1 5 0 0 0 0 0
fl=./libio/./libio/iofclose.c
fn=fclose@@GLIBC_2.17
34 30 9 8 0 0 0 35 1 0
48 10 0 0 5 1 0 0 0 0
49 5 5 4 0 0 0 0 0 0
51 59 8 6 17 0 0 8 0 0
52 9 5 4 0 0 0 0 0 0
53 15 5 4 0 0 0 0 0 0
57 25 0 0 10 1 0 0 0 0
58 15 5 4 5 0 0 0 0 0
71 10 0 0 5 0 0 0 0 0
76 30 0 0 35 0 0 0 0 0
fl=./libio/./libio/iofflush.c
fn=fflush
32 60 2 1 0 0 0 60 0 0
33 12 2 1 0 0 0 0 0 0
39 168 4 3 48 8 5 24 0 0
40 72 0 0 24 3 2 0 0 0
44 60 0 0 60 0 0 0 0 0
fl=./libio/./libio/iofgets.c
fn=fgets
32 1564 1 1 0 0 0 1955 0 0
37 1564 0 0 0 0 0 0 0 0
39 782 0 0 0 0 0 0 0 0
47 6256 2 2 1564 0 0 1564 0 0
51 391 0 0 0 0 0 0 0 0
52 782 26 1 0 0 0 391 0 0
53 2737 0 0 0 0 0 0 0 0
56 1172 2 1 391 0 0 0 0 0
57 391 0 0 0 0 0 0 0 0
60 390 0 0 0 0 0 390 0 0
61 390 0 0 0 0 0 0 0 0
63 1172 0 0 390 0 0 391 0 0
66 1955 0 0 1955 0 0 0 0 0
fl=./libio/./libio/iofopen.c
fn=__fopen_internal
37 10 0 0 5 0 0 0 0 0
57 88 10 6 0 0 0 77 1 0
65 22 10 6 0 0 0 0 0 0
67 11 0 0 0 0 0 0 0 0
68 6 0 0 0 0 0 0 0 0
70 22 0 0 0 0 0 11 8 6
72 88 0 0 0 0 0 0 0 0
73 33 0 0 0 0 0 11 0 0
74 22 10 6 0 0 0 0 0 0
75 66 0 0 0 0 0 0 0 0
78 12 6 2 0 0 0 0 0 0
79 12 0 0 0 0 0 0 0 0
81 66 4 4 77 0 0 0 0 0
fn=fopen@@GLIBC_2.17
85 22 10 6 0 0 0 22 0 0
86 22 0 0 0 0 0 0 0 0
87 11 0 0 22 0 0 0 0 0
fl=./libio/./libio/iofread.c
fn=fread
31 4 1 1 0 0 0 5 0 0
32 1 0 0 0 0 0 0 0 0
35 1 0 0 0 0 0 0 0 0
37 20 2 2 4 0 0 6 0 0
38 5 1 1 0 0 0 0 0 0
40 4 1 1 2 0 0 0 0 0
41 6 0 0 7 0 0 0 0 0
fl=./libio/./libio/iofread_u.c
fn=fread_unlocked
34 36 1 1 0 0 0 48 0 0
35 12 0 0 0 0 0 0 0 0
38 12 0 0 0 0 0 0 0 0
40 72 0 0 0 0 0 12 0 0
41 48 1 1 12 0 0 0 0 0
42 60 0 0 48 0 0 0 0 0
fl=./libio/./libio/ioftell.c
fn=ftell
34 5 1 1 0 0 0 5 0 0
37 14 2 2 4 2 0 2 0 0
38 6 1 1 0 0 0 0 0 0
39 2 0 0 1 0 0 0 0 0
45 2 0 0 0 0 0 0 0 0
57 5 0 0 5 0 0 0 0 0
fl=./libio/./libio/iogetdelim.c
fn=getdelim
41 1006 1 1 0 0 0 1008 0 0
47 1092 2 2 336 0 0 168 0 0
48 84 0 0 0 0 0 0 0 0
50 2 0 0 0 0 0 0 0 0
54 252 1 1 0 0 0 0 0 0
62 332 0 0 166 0 0 0 0 0
64 4 1 1 0 0 0 2 0 0
65 4 0 0 0 0 0 2 0 0
66 2 0 0 0 0 0 0 0 0
74 168 1 1 168 0 0 0 0 0
75 168 0 0 0 0 0 0 0 0
77 16 1 1 0 0 0 0 0 0
82 6 0 0 4 0 0 0 0 0
89 420 1 1 0 0 0 0 0 0
91 252 0 0 0 0 0 0 0 0
92 416 1 1 0 0 0 0 0 0
100 168 0 0 0 0 0 0 0 0
101 252 0 0 84 0 0 0 0 0
105 3 0 0 0 0 0 0 0 0
107 86 0 0 84 0 0 0 0 0
108 1 0 0 0 0 0 0 0 0
114 1 0 0 0 0 0 1 0 0
115 1 0 0 0 0 0 1 0 0
117 1 0 0 1 0 0 0 0 0
118 252 0 0 84 0 0 84 0 0
119 2 0 0 0 0 0 0 0 0
120 92 0 0 0 0 0 0 0 0
122 4 0 0 4 0 0 0 0 0
124 164 1 1 82 0 0 82 0 0
130 672 0 0 1008 0 0 0 0 0
fl=./libio/./libio/iogetline.c
fn=_IO_getline
33 782 1 1 0 0 0 782 0 0
34 782 0 0 0 0 0 0 0 0
35 391 0 0 782 0 0 0 0 0
fn=_IO_getline_info
49 4692 23 2 0 0 0 3910 0 0
51 391 0 0 0 0 0 0 0 0
53 782 0 0 391 0 0 0 0 0
54 3 1 1 0 0 0 1 0 0
55 1572 0 0 2 0 0 782 0 0
57 796 0 0 796 0 0 0 0 0
58 796 0 0 0 0 0 0 0 0
60 10 1 1 0 0 0 0 0 0
61 10 0 0 0 0 0 0 0 0
63 1 1 1 0 0 0 0 0 0
67 8 0 0 0 0 0 0 0 0
77 13 1 1 0 0 0 4 0 0
78 5 0 0 0 0 0 0 0 0
83 786 0 0 0 0 0 0 0 0
85 1975 21 1 0 0 0 0 0 0
86 393 0 0 0 0 0 0 0 0
88 390 0 0 0 0 0 0 0 0
89 390 0 0 0 0 0 0 0 0
90 780 0 0 0 0 0 0 0 0
92 390 0 0 0 0 0 0 0 0
94 390 0 0 0 0 0 0 0 0
97 390 0 0 0 0 0 390 0 0
98 780 0 0 780 0 0 0 0 0
101 9 0 0 3 0 0 3 0 0
102 3 3 0 0 0 0 0 0 0
103 3 0 0 0 0 0 0 0 0
106 1 0 0 0 0 0 0 0 0
107 2346 0 0 3910 0 0 0 0 0
fl=./libio/./libio/ioseekoff.c
fn=_IO_seekoff_unlocked
33 36 2 2 0 0 0 28 0 0
34 8 2 2 0 0 0 0 0 0
43 14 1 1 4 0 0 0 0 0
59 32 2 2 8 1 1 0 0 0
60 16 1 1 28 0 0 0 0 0
fl=./libio/./libio/ioungetc.c
fn=ungetc
31 4 1 1 0 0 0 4 0 0
34 2 0 0 0 0 0 0 0 0
36 4 1 1 1 0 0 2 0 0
37 4 1 1 2 0 0 0 0 0
42 2 0 0 4 0 0 0 0 0
fl=./libio/./libio/iovsprintf.c
fn=__vsprintf_internal
37 2113510 121132 20241 301930 0 0 603860 58613 20
45 150965 0 0 0 0 0 0 0 0
47 150965 0 0 0 0 0 150965 5 0
52 301930 0 0 0 0 0 0 0 0
62 905790 0 0 301930 0 0 301930 1825 1
66 452895 60028 16018 301930 0 0 0 0 0
68 151015 19 4 0 0 0 150965 0 0
70 301930 0 0 0 0 0 0 0 0
71 1660615 60024 15596 905790 0 0 0 0 0
fl=./libio/./libio/libioP.h
fn=_IO_cleanup
1025 3 1 1 0 0 0 2 0 0
fn=_IO_default_uflow
1025 30 5 4 0 0 0 0 0 0
1026 20 0 0 0 0 0 0 0 0
fn=_IO_doallocbuf
1025 15 0 0 0 0 0 0 0 0
1026 10 0 0 0 0 0 0 0 0
fn=_IO_file_close_it@@GLIBC_2.17
1025 15 5 4 0 0 0 0 0 0
1026 10 0 0 0 0 0 0 0 0
fn=_IO_file_doallocate
1025 15 0 0 0 0 0 0 0 0
1026 10 4 4 0 0 0 0 0 0
fn=_IO_file_seekoff@@GLIBC_2.17
1025 9 2 2 0 0 0 0 0 0
1026 6 1 1 0 0 0 0 0 0
fn=_IO_file_underflow@@GLIBC_2.17
1025 34 11 5 0 0 0 0 0 0
1026 34 0 0 0 0 0 0 0 0
fn=_IO_file_xsgetn
1025 26 2 2 0 0 0 0 0 0
fn=_IO_flush_all
1025 3 0 0 0 0 0 0 0 0
fn=_IO_sgetn
1025 39 0 0 0 0 0 0 0 0
1026 26 0 0 0 0 0 0 0 0
fn=__uflow
1025 30 0 0 0 0 0 0 0 0
1026 20 0 0 0 0 0 0 0 0
fn=__underflow
1025 27 0 0 0 0 0 0 0 0
1026 18 0 0 0 0 0 0 0 0
fn=fclose@@GLIBC_2.17
952 50 5 4 15 7 6 0 0 0
958 10 0 0 0 0 0 0 0 0
979 15 0 0 5 0 0 0 0 0
980 40 0 0 15 0 0 10 0 0
1025 15 0 0 0 0 0 0 0 0
1026 10 1 1 0 0 0 0 0 0
fn=fflush
979 24 0 0 12 0 0 0 0 0
980 96 0 0 36 0 0 24 0 0
1025 36 0 0 0 0 0 0 0 0
1026 24 0 0 0 0 0 0 0 0
fn=fgets
979 781 0 0 0 0 0 0 0 0
980 3910 46 1 1955 0 0 782 0 0
fn=fread
979 2 0 0 1 0 0 0 0 0
980 8 1 1 3 0 0 2 0 0
fn=fseek
979 2 0 0 1 0 0 0 0 0
fn=ftell
979 2 1 1 0 0 0 0 0 0
980 8 1 1 3 0 0 2 0 0
fn=getdelim
979 168 2 1 84 0 0 0 0 0
980 672 0 0 252 0 0 168 0 0
fn=rewind
979 1 0 0 0 0 0 0 0 0
980 8 1 1 3 0 0 2 0 0
fl=./libio/./libio/rewind.c
fn=rewind
32 5 1 1 0 0 0 5 0 0
34 14 3 3 4 0 0 2 0 0
35 5 1 1 0 0 0 0 0 0
36 3 0 0 1 0 0 1 0 0
38 4 0 0 5 0 0 0 0 0
fl=./libio/./libio/vsnprintf.c
fn=__vsnprintf_internal
63 1256 0 0 0 0 0 0 0 0
66 1256 0 0 0 0 0 1256 4 2
75 3768 0 0 2512 0 0 0 0 0
76 1256 0 0 0 0 0 1256 0 0
87 2512 0 0 0 0 0 0 0 0
93 16328 1342 46 2512 1 0 5024 10 3
96 7536 23 23 2512 0 0 2512 125 2
98 13816 39 23 7536 0 0 0 0 0
fl=./libio/./libio/vtables.c
fn=check_stdfiles_vtables
545 2 0 0 0 0 0 2 0 0
546 8 1 1 2 1 0 0 0 0
547 5 1 1 2 1 0 0 0 0
548 6 0 0 2 1 0 0 0 0
550 2 0 0 2 0 0 0 0 0
fl=./locale/../iconv/gconv_charset.h
fn=_nl_find_locale
58 12 0 0 0 0 0 0 0 0
60 144 6 1 72 0 0 0 0 0
62 396 6 1 72 1 0 0 0 0
63 570 6 1 0 0 0 0 0 0
64 240 0 0 60 5 4 60 0 0
74 36 12 2 0 0 0 0 0 0
75 84 0 0 0 0 0 0 0 0
77 12 0 0 0 0 0 12 0 0
78 6 0 0 0 0 0 0 0 0
85 504 10 2 198 1 1 96 0 0
fl=./locale/../string/bits/string_fortified.h
fn=_nl_find_locale
29 24 0 0 0 0 0 0 0 0
fn=_nl_intern_locale_data
59 11 0 0 0 0 0 2 0 0
fn=_nl_load_locale_from_archive
29 24 0 0 0 0 0 0 0 0
fl=./locale/../sysdeps/unix/sysv/linux/not-cancel.h
fn=_nl_load_locale
75 2 0 0 0 0 0 0 0 0
fl=./locale/./locale/findlocale.c
fn=_nl_find_locale
65 162 0 0 8 0 0 0 0 0
74 18 0 0 0 0 0 0 0 0
77 12 0 0 0 0 0 0 0 0
81 42 4 1 0 0 0 0 0 0
84 12 0 0 0 0 0 0 0 0
86 6 0 0 0 0 0 0 0 0
87 42 0 0 12 0 0 0 0 0
95 30 0 0 0 0 0 0 0 0
103 901 6 2 106 0 0 583 0 0
106 106 0 0 53 0 0 53 0 0
114 106 0 0 53 0 0 0 0 0
118 200 5 1 0 0 0 50 0 0
120 150 0 0 0 0 0 50 0 0
122 184 0 0 0 0 0 46 0 0
123 4 1 0 4 0 0 0 0 0
124 230 1 1 0 0 0 46 0 0
131 220 4 1 4 0 0 0 0 0
132 30 0 0 0 0 0 0 0 0
136 94 0 0 0 0 0 47 0 0
137 188 5 1 47 3 1 0 0 0
145 12 0 0 6 0 0 6 0 0
149 6 0 0 0 0 0 0 0 0
152 18 0 0 0 0 0 0 0 0
153 6 0 0 0 0 0 0 0 0
158 18 6 1 6 0 0 6 0 0
159 6 6 1 0 0 0 0 0 0
167 12 0 0 0 0 0 0 0 0
168 6 0 0 0 0 0 0 0 0
178 18 0 0 6 0 0 6 0 0
181 84 6 1 0 0 0 6 0 0
196 42 3 1 0 0 0 0 0 0
198 12 0 0 0 0 0 0 0 0
204 90 0 0 30 0 0 18 0 0
210 6 0 0 0 0 0 0 0 0
214 15 1 1 5 0 0 3 0 0
219 1 0 0 0 0 0 0 0 0
225 6 0 0 0 0 0 0 0 0
226 18 4 1 6 0 0 0 0 0
228 12 3 1 6 0 0 0 0 0
231 12 0 0 6 0 0 0 0 0
234 26 4 1 7 0 0 0 0 0
236 14 0 0 7 0 0 0 0 0
237 6 0 0 0 0 0 0 0 0
238 21 0 0 14 0 0 0 0 0
243 6 0 0 0 0 0 6 0 0
244 12 0 0 0 0 0 0 0 0
256 12 0 0 6 0 0 0 0 0
279 6 0 0 0 0 0 0 0 0
280 18 0 0 12 2 1 0 0 0
281 12 0 0 0 0 0 0 0 0
282 6 0 0 0 0 0 0 0 0
285 84 3 1 0 0 0 6 0 0
288 84 6 1 0 0 0 6 0 0
291 24 0 0 0 0 0 0 0 0
301 18 0 0 12 0 0 0 0 0
305 4 1 1 1 0 0 0 0 0
306 1 0 0 0 0 0 0 0 0
307 18 0 0 6 0 0 0 0 0
308 5 0 0 0 0 0 0 0 0
310 4 0 0 0 0 0 1 0 0
314 12 6 1 6 0 0 0 0 0
316 12 6 1 6 0 0 0 0 0
319 18 0 0 6 0 0 0 0 0
321 3 0 0 0 0 0 1 0 0
324 742 6 2 689 0 0 0 0 0
fl=./locale/./locale/freelocale.c
fn=freelocale
36 84 21 4 0 0 0 0 0 0
51 21 21 2 0 0 0 0 0 0
fl=./locale/./locale/lc-ctype.c
fn=_nl_postload_ctype
33 18 1 1 0 0 0 18 0 0
38 27 1 1 9 0 0 0 0 0
57 9 0 0 0 0 0 0 0 0
58 9 0 0 0 0 0 18 1 0
59 18 0 0 9 0 0 0 0 0
60 9 0 0 0 0 0 9 0 0
61 18 0 0 18 1 0 0 0 0
65 54 0 0 18 6 0 0 0 0
67 27 1 1 9 1 0 9 0 0
69 27 0 0 9 0 0 9 0 0
71 27 0 0 9 1 0 9 0 0
112 18 0 0 18 0 0 0 0 0
fl=./locale/./locale/loadarchive.c
fn=_nl_load_locale_from_archive
134 90 3 1 12 0 0 84 0 0
135 6 3 1 6 0 0 0 0 0
153 12 0 0 0 0 0 0 0 0
159 24 0 0 6 4 0 0 0 0
169 18 4 1 0 0 0 0 0 0
170 30 0 0 6 0 0 0 0 0
172 30 1 1 0 0 0 0 0 0
173 30 0 0 0 0 0 0 0 0
174 6 1 1 0 0 0 0 0 0
175 12 1 1 0 0 0 0 0 0
176 24 0 0 0 0 0 0 0 0
181 18 0 0 0 0 0 0 0 0
182 18 0 0 0 0 0 0 0 0
183 90 3 2 0 0 0 6 0 0
184 48 0 0 0 0 0 0 0 0
187 6 0 0 0 0 0 0 0 0
189 18 1 1 0 0 0 0 0 0
194 24 2 1 6 0 0 0 0 0
202 2 0 0 0 0 0 1 0 0
205 5 0 0 0 0 0 0 0 0
206 1 0 0 0 0 0 0 0 0
265 10 0 0 5 0 0 0 0 0
499 90 2 1 90 0 0 0 0 0
fl=./locale/./locale/loadlocale.c
fn=_nl_intern_locale_data
69 1 0 0 1 0 0 0 0 0
72 1 0 0 0 0 0 0 0 0
74 33 1 1 6 0 0 0 0 0
76 10 0 0 10 0 0 0 0 0
79 60 2 2 20 0 0 0 0 0
81 1 0 0 0 0 0 0 0 0
86 10 0 0 0 0 0 0 0 0
87 10 0 0 0 0 0 10 0 0
88 10 0 0 0 0 0 0 0 0
89 1 0 0 0 0 0 1 0 0
90 27 0 0 9 0 0 0 0 0
99 3 1 1 0 0 0 0 0 0
112 1 0 0 0 0 0 0 0 0
115 2 0 0 0 0 0 0 0 0
123 3 1 1 0 0 0 4 0 0
133 7 1 1 0 0 0 4 0 0
134 12 1 1 1 1 1 0 0 0
141 8 0 0 2 1 1 2 0 0
143 2 0 0 0 0 0 0 0 0
144 1 0 0 0 0 0 0 0 0
152 1 0 0 0 0 0 0 0 0
153 1 0 0 0 0 0 0 0 0
156 4 1 1 0 0 0 0 0 0
157 1 0 0 0 0 0 0 0 0
161 1 0 0 0 0 0 2 1 1
166 2 0 0 0 0 0 1 0 0
169 1 1 1 0 0 0 1 0 0
171 2 0 0 1 0 0 1 0 0
172 270 0 0 0 0 0 0 0 0
174 176 1 1 89 5 5 0 0 0
175 179 1 1 1 0 0 0 0 0
186 7 1 1 0 0 0 0 0 0
206 1 0 0 0 0 0 0 0 0
210 174 0 0 0 0 0 0 0 0
213 430 1 1 86 6 6 0 0 0
214 207 1 1 69 0 0 69 9 9
217 40 0 0 0 0 0 0 0 0
219 20 0 0 0 0 0 20 2 2
220 40 0 0 40 5 5 0 0 0
228 4 0 0 4 0 0 0 0 0
fn=_nl_load_locale
232 30 2 2 4 0 0 26 0 0
240 4 0 0 0 0 0 2 0 0
241 2 0 0 0 0 0 2 0 0
243 6 0 0 2 0 0 0 0 0
244 2 0 0 0 0 0 0 0 0
248 5 1 1 0 0 0 0 0 0
254 4 0 0 1 0 0 0 0 0
279 4 0 0 2 0 0 0 0 0
289 8 1 1 1 0 0 0 0 0
291 2 0 0 0 0 0 0 0 0
328 1 0 0 0 0 0 0 0 0
332 4 0 0 1 0 0 0 0 0
333 2 0 0 0 0 0 0 0 0
344 1 0 0 0 0 0 1 0 0
345 1 0 0 0 0 0 1 0 0
347 1 0 0 0 0 0 1 0 0
348 30 2 2 30 0 0 0 0 0
fl=./locale/./locale/localeinfo.h
fn=_nl_find_locale
222 286 8 2 56 3 1 0 0 0
fn=new_composite_name
222 84 0 0 72 0 0 0 0 0
fl=./locale/./locale/localename.c
fn=__current_locale_name
24 2612 653 209 0 0 0 2612 219 0
25 6530 653 208 2612 0 0 0 0 0
26 3918 0 0 3918 0 0 0 0 0
fl=./locale/./locale/newlocale.c
fn=newlocale
43 352 44 9 44 11 2 286 0 0
55 44 0 0 0 0 0 0 0 0
56 1 0 0 0 0 0 0 0 0
59 63 0 0 0 0 0 0 0 0
63 22 1 1 0 0 0 0 0 0
66 88 1 1 0 0 0 0 0 0
72 84 21 3 0 0 0 0 0 0
73 146 39 7 42 19 2 0 0 0
75 42 21 3 0 0 0 0 0 0
277 352 22 4 330 0 0 0 0 0
fl=./locale/./locale/nl_langinfo.c
fn=nl_langinfo
30 10 5 3 0 0 0 10 0 0
31 25 0 0 10 2 1 0 0 0
32 5 0 0 10 0 0 0 0 0
fn=nl_langinfo_l
31 5 5 3 0 0 0 10 0 0
fl=./locale/./locale/nl_langinfo_l.c
fn=nl_langinfo_l
31 5 0 0 0 0 0 0 0 0
32 5 0 0 0 0 0 0 0 0
36 15 0 0 0 0 0 0 0 0
42 20 0 0 0 0 0 0 0 0
58 5 0 0 5 2 1 0 0 0
61 15 2 2 5 2 1 0 0 0
66 10 0 0 5 4 2 0 0 0
67 10 0 0 10 0 0 0 0 0
fl=./locale/./locale/setlocale.c
fn=new_composite_name
139 108 9 2 0 0 0 108 0 0
144 9 0 0 0 0 0 0 0 0
146 756 4 1 0 0 0 0 0 0
150 312 2 1 48 0 0 0 0 0
151 203 2 1 60 1 0 0 0 0
152 324 0 0 0 0 0 0 0 0
153 441 0 0 108 0 0 0 0 0
154 318 0 0 48 0 0 0 0 0
158 9 0 0 0 0 0 0 0 0
161 21 0 0 3 0 0 0 0 0
170 18 3 1 0 0 0 0 0 0
171 12 0 0 0 0 0 0 0 0
174 432 0 0 0 0 0 0 0 0
179 216 4 1 36 0 0 0 0 0
180 129 2 1 36 0 0 0 0 0
181 144 0 0 0 0 0 0 0 0
182 84 0 0 0 0 0 72 0 0
183 216 0 0 0 0 0 0 0 0
184 144 0 0 0 0 0 72 0 0
186 6 0 0 0 0 0 6 0 0
188 72 0 0 108 0 0 0 0 0
fn=setlocale
195 205 1 1 62 0 0 0 0 0
198 60 1 0 0 0 0 0 0 0
199 8 0 0 0 0 0 0 0 0
201 30 2 1 0 0 0 14 0 0
210 106 0 0 48 0 0 53 3 0
211 168 0 0 53 7 1 0 0 0
212 9 0 0 0 0 0 0 0 0
218 150 11 2 30 5 0 75 0 0
225 30 0 0 0 0 0 0 0 0
230 45 0 0 0 0 0 30 0 0
231 36 3 2 18 2 0 0 0 0
234 36 0 0 0 0 0 0 0 0
236 81 8 1 9 0 0 36 0 0
250 9 0 0 0 0 0 18 0 0
252 36 0 0 0 0 0 0 0 0
253 9 0 0 0 0 0 0 0 0
265 34 6 1 0 0 0 12 0 0
277 160 1 1 0 0 0 0 0 0
278 96 0 0 0 0 0 0 0 0
279 48 0 0 0 0 0 48 1 0
281 20 0 0 0 0 0 4 0 0
327 176 1 1 0 0 0 0 0 0
334 104 0 0 0 0 0 0 0 0
335 96 0 0 0 0 0 0 0 0
337 336 3 1 96 0 0 48 0 0
341 48 0 0 0 0 0 0 0 0
355 144 0 0 48 17 2 0 0 0
359 240 5 1 48 0 0 0 0 0
361 21 0 0 3 1 0 0 0 0
363 4 0 0 0 0 0 2 0 0
366 3 1 1 0 0 0 1 0 0
367 1 0 0 0 0 0 0 0 0
375 16 4 0 0 0 0 0 0 0
376 12 0 0 0 0 0 0 0 0
379 204 6 1 0 0 0 0 0 0
380 96 0 0 0 0 0 0 0 0
382 96 4 1 0 0 0 0 0 0
383 96 0 0 48 0 0 0 0 0
389 20 4 1 8 0 0 4 0 0
398 8 0 0 0 0 0 0 0 0
401 8 0 0 4 0 0 0 0 0
402 8 0 0 4 0 0 0 0 0
404 20 0 0 32 0 0 0 0 0
409 5 0 0 0 0 0 5 0 0
414 30 5 1 10 0 0 0 0 0
416 5 0 0 0 0 0 0 0 0
424 15 1 1 5 1 0 0 0 0
425 2 0 0 0 0 0 1 0 0
429 25 0 0 5 0 0 0 0 0
431 6 0 0 0 0 0 3 0 0
432 3 0 0 0 0 0 0 0 0
437 20 0 0 0 0 0 0 0 0
438 5 3 1 0 0 0 0 0 0
452 5 0 0 5 0 0 0 0 0
457 25 5 1 10 2 1 5 0 0
461 10 0 0 0 0 0 0 0 0
464 10 0 0 5 0 0 0 0 0
466 25 0 0 35 0 0 0 0 0
468 180 6 0 105 4 0 0 0 0
fl=./locale/./locale/uselocale.c
fn=uselocale
30 3924 0 0 0 0 0 2616 0 0
31 5232 654 210 2616 1 1 0 0 0
33 1308 0 0 0 0 0 0 0 0
36 3924 0 0 0 0 0 0 0 0
37 1308 0 0 0 0 0 1308 0 0
65 3924 0 0 1308 0 0 1308 0 0
66 5232 0 0 3924 1636 423 1308 0 0
68 5232 654 209 2616 486 203 1308 0 0
72 2616 0 0 0 0 0 0 0 0
73 3924 0 0 2616 0 0 0 0 0
fl=./malloc/../string/bits/string_fortified.h
fn=_int_realloc
29 4797 0 0 0 0 0 0 0 0
fn=calloc
59 4742 176 89 4740 0 0 0 0 0
fn=tcache_init.part.0
59 4 0 0 0 0 0 0 0 0
fl=./malloc/../sysdeps/unix/sysv/linux/not-cancel.h
fn=ptmalloc_init.part.0
97 6 0 0 0 0 0 0 0 0
fl=./malloc/./malloc/alloc_buffer_alloc_array.c
fn=__libc_alloc_buffer_alloc_array
25 18 1 1 0 0 0 12 0 0
26 6 0 0 6 0 0 0 0 0
28 24 1 1 0 0 0 0 0 0
30 24 0 0 0 0 0 0 0 0
31 6 0 0 0 0 0 0 0 0
32 6 0 0 0 0 0 0 0 0
33 12 0 0 0 0 0 0 0 0
34 24 0 0 0 0 0 0 0 0
35 18 0 0 6 0 0 0 0 0
38 12 1 1 0 0 0 6 0 0
45 12 0 0 12 0 0 0 0 0
fl=./malloc/./malloc/arena.c
fn=calloc
153 1584 0 0 792 0 0 0 0 0
fn=free
153 5392884 137322 2060 0 0 0 0 0 0
fn=malloc
153 859944 0 0 429972 0 0 0 0 0
264 1 1 1 0 0 0 0 0 0
fn=ptmalloc_init.part.0
262 10 2 2 2 1 0 7 0 0
267 4 0 0 0 0 0 1 0 0
274 6 2 2 1 0 0 0 0 0
292 3 0 0 1 0 0 0 0 0
296 8 1 1 1 1 0 1 1 0
300 5 0 0 0 0 0 0 0 0
301 5 0 0 0 0 0 0 0 0
302 5 1 1 0 0 0 0 0 0
303 5 0 0 0 0 0 0 0 0
304 5 0 0 0 0 0 0 0 0
305 5 1 1 0 0 0 0 0 0
306 5 0 0 0 0 0 0 0 0
308 5 0 0 0 0 0 0 0 0
309 5 0 0 0 0 0 0 0 0
310 5 1 1 0 0 0 0 0 0
313 5 0 0 0 0 0 0 0 0
314 5 1 1 0 0 0 0 0 0
316 4 0 0 1 1 1 0 0 0
326 12 0 0 9 0 0 0 0 0
fn=realloc
153 29784 0 0 3723 0 0 0 0 0
fl=./malloc/./malloc/malloc.c
fn=_int_free
1792 697563 0 0 697563 5575 339 0 0 0
1992 24558 0 0 8186 0 0 0 0 0
3163 2616160 134720 1796 654040 0 0 1308080 0 0
3165 1308080 82954 1849 654040 88976 1336 0 0 0
3166 654040 0 0 0 0 0 654040 0 0
3167 1308080 0 0 0 0 0 654040 0 0
4495 8109618 136639 3989 0 0 0 8109618 22697 157
4499 2703206 0 0 1351603 11 0 0 0 0
4505 5406412 0 0 0 0 0 2703206 9 0
4506 2703206 0 0 0 0 0 0 0 0
4510 5406412 135015 2424 0 0 0 0 0 0
4517 2703206 0 0 0 0 0 0 0 0
4518 16219236 137843 1184 4054809 23947 60 0 0 0
4521 1283291 0 0 0 0 0 0 0 0
4527 7768058 0 0 2566582 97622 2586 0 0 0
4547 6416455 0 0 2566582 141779 16660 0 0 0
4550 654040 0 0 0 0 0 0 0 0
4561 1395126 0 0 0 0 0 0 0 0
4572 32744 432 299 8186 2490 1277 0 0 0
4574 32744 0 0 8186 150 4 0 0 0
4593 8186 0 0 0 0 0 0 0 0
4595 24558 0 0 0 0 0 8186 171 15
4596 8186 0 0 0 0 0 0 0 0
4600 8186 0 0 8186 3 1 0 0 0
4602 40930 448 197 8186 122 3 0 0 0
4606 16372 0 0 0 0 0 0 0 0
4608 16372 0 0 0 0 0 8186 0 0
4609 8186 0 0 0 0 0 8186 0 0
4628 32744 0 0 0 0 0 0 0 0
4629 36 8 0 12 9 1 0 0 0
4637 1378754 56856 819 689377 0 0 0 0 0
4640 2068131 0 0 689377 4658 51 0 0 0
4643 689377 0 0 0 0 0 0 0 0
4646 3446885 56126 5730 1378754 0 0 0 0 0
4658 5379261 82973 1976 9434070 0 0 0 0 0
fn=_int_free_create_chunk
4713 5515016 59434 52283 0 0 0 4136262 2513 42
4714 2068131 0 0 689377 0 0 0 0 0
4717 1372410 56200 49221 686205 511651 195571 0 0 0
4720 686205 0 0 0 0 0 0 0 0
4721 493568 50879 44876 0 0 0 0 0 0
4722 493568 0 0 0 0 0 0 0 0
4724 1757684 0 0 439421 0 0 439421 0 0
4732 686205 0 0 0 0 0 0 0 0
4733 686205 0 0 686205 6225 970 0 0 0
4734 2058615 0 0 686205 4441 384 0 0 0
4737 686205 0 0 0 0 0 1372410 10446 351
4738 1372410 0 0 0 0 0 0 0 0
4740 113886 0 0 0 0 0 227772 5841 681
4743 686205 0 0 0 0 0 686205 0 0
4744 686205 4486 2203 0 0 0 686205 0 0
4746 1372410 0 0 0 0 0 686205 0 0
4747 686205 0 0 0 0 0 686205 0 0
4756 3172 2533 996 0 0 0 0 0 0
4757 6344 0 0 0 0 0 3172 0 0
4758 3172 0 0 0 0 0 3172 0 0
4763 2757508 2868 1839 4136262 0 0 0 0 0
fn=_int_free_maybe_consolidate.part.0
4769 33770 5472 1601 6754 5297 856 16885 0 0
4778 10131 0 0 3377 0 0 0 0 0
4779 13 11 10 0 0 0 0 0 0
4781 13508 0 0 0 0 0 0 0 0
4784 27016 2646 800 10131 3455 940 0 0 0
4785 819 85 33 364 0 0 0 0 0
4798 36419 2575 571 23366 13 0 0 0 0
fn=_int_free_merge_chunk
1992 2068131 0 0 689377 0 0 0 0 0
4665 4136262 57320 4912 0 0 0 4825639 9 0
4666 689377 0 0 0 0 0 0 0 0
4670 2068131 0 0 689377 52651 44305 0 0 0
4673 4104650 0 0 689377 12041 1121 0 0 0
4675 2020713 104321 45207 673571 55707 22389 0 0 0
4678 1378754 58510 4393 689377 287394 13865 0 0 0
4681 689377 0 0 0 0 0 0 0 0
4682 1378754 0 0 0 0 0 0 0 0
4683 2068131 0 0 689377 39420 305 0 0 0
4689 1378754 0 0 689377 0 0 0 0 0
4691 79507 0 0 79507 0 0 0 0 0
4692 79507 0 0 0 0 0 0 0 0
4693 79507 0 0 0 0 0 0 0 0
4694 318028 791 67 79507 15360 2572 0 0 0
4696 159014 0 0 0 0 0 0 0 0
4700 4136262 57420 46506 0 0 0 0 0 0
4702 3450262 6091 1108 4825639 2 0 0 0 0
4776 2068131 0 0 0 0 0 0 0 0
fn=_int_malloc
1326 432382 0 0 0 0 0 0 0 0
1336 4323820 57842 46141 432382 51 1 2594292 53398 292
1345 1729528 0 0 0 0 0 0 0 0
1794 432039 0 0 432039 0 0 0 0 0
1985 1606964 56598 41794 1916883 883 0 0 0 0
3159 265015 0 0 0 0 0 0 0 0
3163 841259 1488 1357 274291 9 0 548491 0 0
3165 548764 3 2 274382 2153 28 91 0 0
3166 274291 77 59 0 0 0 274291 0 0
3167 813779 0 0 91 0 0 274291 0 0
3168 265015 0 0 0 0 0 0 0 0
3178 16136 0 0 8068 8 0 0 0 0
3182 16136 0 0 0 0 0 0 0 0
3186 40340 1728 1003 8068 16 0 8068 0 0
3190 24204 1536 1303 8068 24 0 8068 0 0
3191 8068 0 0 0 0 0 8068 0 0
3199 16136 1931 1231 8068 20 0 0 0 0
3846 1297146 59068 44344 0 0 0 1729528 152719 1333
3887 432382 121 33 0 0 0 0 0 0
3914 866822 242 26 343 0 0 686 0 0
3916 14750 0 0 0 0 0 0 0 0
3917 19 0 0 0 0 0 0 0 0
3919 15093 0 0 7718 562 292 0 0 0
3921 7718 0 0 0 0 0 0 0 0
3923 38 0 0 0 0 0 0 0 0
3926 57 0 0 19 0 0 0 0 0
3927 76 0 0 19 18 4 19 0 0
3930 38495 671 329 15398 0 0 0 0 0
3932 19 6 3 19 5 1 0 0 0
3933 38 0 0 0 0 0 0 0 0
3934 256604 8795 5625 0 0 0 0 0 0
3939 38 0 0 0 0 0 0 0 0
3940 209 0 0 57 0 0 0 0 0
3945 292 0 0 110 0 0 0 0 0
3946 518 11 5 204 3 1 0 0 0
3948 182 0 0 0 0 0 0 0 0
3950 369 0 0 182 0 0 32 0 0
3951 455 0 0 91 85 37 91 0 0
3977 849328 60424 4064 0 0 0 0 0 0
3979 1440258 681 414 0 0 0 14750 0 0
3980 728152 51920 45446 0 0 0 0 0 0
3982 1092228 0 0 364076 16448 5875 0 0 0
3984 69633 0 0 69633 15887 3217 0 0 0
3985 208899 0 0 69633 32231 12860 0 0 0
3987 278532 0 0 69633 32426 12654 69633 0 0
3988 69633 0 0 0 0 0 69633 0 0
3989 69633 0 0 0 0 0 69633 0 0
3991 278532 47219 44254 0 0 0 0 0 0
3997 139266 0 0 0 0 0 0 0 0
3998 835596 47218 43986 208899 5 0 0 0 0
4003 878195 0 0 139266 48930 28053 0 0 0
4004 1610051 47210 21439 313585 0 0 0 0 0
4006 265015 0 0 0 0 0 0 0 0
4008 265015 0 0 265015 0 0 0 0 0
4009 1060060 44290 43398 265015 177666 78122 265015 0 0
4010 795045 46664 14214 0 0 0 0 0 0
4012 530030 6705 6077 0 0 0 265015 0 0
4013 265015 0 0 0 0 0 265015 165382 80017
4020 69633 0 0 0 0 0 0 0 0
4039 396668 4904 1681 0 0 0 136574 0 0
4040 204861 0 0 68287 58952 46461 0 0 0
4041 1008 163 95 0 0 0 0 0 0
4058 1088188 0 0 0 0 0 0 0 0
4059 725460 0 0 0 0 0 0 0 0
4060 2901838 59430 3237 1088189 506 0 0 0 0
4069 672120 0 0 0 0 0 0 0 0
4070 4088232 162123 34428 1002002 69475 45700 0 0 0
4072 792532 0 0 792532 19099 3995 0 0 0
4073 1585064 0 0 792532 151554 34615 0 0 0
4074 792532 0 0 0 0 0 0 0 0
4076 1585064 0 0 0 0 0 0 0 0
4077 2377596 0 0 792532 63029 591 0 0 0
4079 792532 0 0 792532 468360 194400 0 0 0
4080 2377596 0 0 0 0 0 0 0 0
4081 588886 6419 547 0 0 0 588886 0 0
4082 3170128 57946 1712 792532 0 0 0 0 0
4084 2377596 0 0 792532 405573 190792 0 0 0
4085 2377596 0 0 792532 0 0 0 0 0
4087 792532 0 0 0 0 0 0 0 0
4098 2377596 0 0 0 0 0 0 0 0
4099 813006 6538 3402 271002 8638 3052 0 0 0
4100 516242 3059 1081 0 0 0 0 0 0
4101 258121 0 0 0 0 0 0 0 0
4104 152985 0 0 0 0 0 0 0 0
4105 152985 3336 1642 0 0 0 0 0 0
4106 152985 0 0 0 0 0 305970 0 0
4107 152985 0 0 0 0 0 152985 0 0
4108 152985 0 0 0 0 0 305970 140130 102782
4109 305970 0 0 0 0 0 0 0 0
4111 98622 0 0 0 0 0 197244 24601 16820
4115 1070895 3292 1619 0 0 0 152985 0 0
4117 305970 0 0 0 0 0 152985 38429 28447
4118 152985 0 0 0 0 0 152985 0 0
4121 162446 0 0 0 0 0 0 0 0
4122 458955 0 0 0 0 0 0 0 0
4127 639547 0 0 0 0 0 639547 0 0
4128 639547 58442 2312 0 0 0 639547 0 0
4132 1279094 0 0 0 0 0 0 0 0
4134 18922 1471 1382 0 0 0 9461 0 0
4135 37844 1601 1425 0 0 0 0 0 0
4140 9461 0 0 0 0 0 0 0 0
4141 74192 52 1 27822 1903 44 0 0 0
4144 3010 0 0 0 0 0 0 0 0
4161 1260178 0 0 0 0 0 0 0 0
4163 548012 5638 3107 0 0 0 0 0 0
4164 2192048 0 0 0 0 0 0 0 0
4165 548012 0 0 548012 71955 57519 0 0 0
4169 854476 46716 35284 0 0 0 0 0 0
4170 156575 51058 40043 0 0 0 0 0 0
4171 82074 52523 16501 82074 73479 27677 0 0 0
4174 164148 0 0 0 0 0 0 0 0
4177 7573 0 0 0 0 0 0 0 0
4179 22719 0 0 15146 6105 1807 0 0 0
4180 15146 0 0 0 0 0 0 0 0
4187 11618 0 0 5809 3956 2072 11618 201 48
4188 17427 0 0 0 0 0 11618 25 6
4192 3528 1247 844 1764 131 31 0 0 0
4193 3846 0 0 0 0 0 0 0 0
4195 159 0 0 159 17 9 0 0 0
4196 318 0 0 159 14 1 0 0 0
4199 1764 0 0 0 0 0 0 0 0
4202 1348 336 308 674 224 14 0 0 0
4206 2180 0 0 1090 159 59 2180 167 32
4207 3270 659 408 1090 10 3 0 0 0
4209 1090 0 0 0 0 0 1090 0 0
4210 3270 0 0 1090 0 0 1090 0 0
4212 1764 322 294 1764 2 0 0 0 0
4213 5292 0 0 1764 0 0 0 0 0
4218 149002 47811 39810 0 0 0 149002 16501 8916
4221 3780516 107429 88560 630086 70252 1485 630086 0 0
4222 630086 0 0 0 0 0 1260172 0 0
4224 630086 0 0 0 0 0 630086 28380 12337
4225 630086 0 0 0 0 0 630086 0 0
4230 1260172 0 0 0 0 0 0 0 0
4231 630086 0 0 0 0 0 0 0 0
4232 20846 0 0 10423 0 0 0 0 0
4233 31269 0 0 0 0 0 0 0 0
4240 2520344 114460 91303 0 0 0 0 0 0
4246 175119 0 0 0 0 0 0 0 0
4248 40340 1984 1231 64544 131 0 0 0 0
4257 402804 2621 439 0 0 0 0 0 0
4259 204300 0 0 0 0 0 0 0 0
4262 272400 0 0 68100 58470 7728 0 0 0
4263 10206 0 0 3402 1929 833 0 0 0
4266 2404 2162 993 2404 580 275 0 0 0
4267 13064 0 0 2665 288 118 0 0 0
4269 261 0 0 261 52 32 0 0 0
4273 7212 0 0 2404 0 0 0 0 0
4274 224 0 0 224 3 1 0 0 0
4275 224 0 0 224 8 5 0 0 0
4276 448 0 0 0 0 0 0 0 0
4278 2404 0 0 0 0 0 0 0 0
4279 4808 2162 2054 0 0 0 0 0 0
4282 4808 0 0 0 0 0 0 0 0
4284 5480 1339 539 1370 0 0 1370 0 0
4285 5480 0 0 0 0 0 0 0 0
4291 1034 0 0 0 0 0 0 0 0
4295 1034 0 0 1034 0 0 0 0 0
4296 3102 0 0 1034 0 0 0 0 0
4298 1034 0 0 0 0 0 2068 797 657
4300 1034 0 0 0 0 0 1034 0 0
4301 1034 0 0 0 0 0 1034 0 0
4302 2068 0 0 0 0 0 0 0 0
4304 168 0 0 0 0 0 336 62 51
4307 7238 893 856 0 0 0 1034 0 0
4309 2068 0 0 0 0 0 1034 304 206
4310 1034 0 0 0 0 0 1034 0 0
4313 2404 1271 1235 0 0 0 0 0 0
4314 7212 0 0 0 0 0 0 0 0
4330 198998 0 0 0 0 0 0 0 0
4331 994990 59990 45605 0 0 0 0 0 0
4332 198998 0 0 0 0 0 0 0 0
4333 596994 0 0 198998 5174 54 0 0 0
4334 397996 0 0 0 0 0 0 0 0
4339 898401 0 0 0 0 0 0 0 0
4343 262704 0 0 0 0 0 0 0 0
4346 257570 0 0 78051 0 0 0 0 0
4348 273170 69595 57578 0 0 0 0 0 0
4349 109268 0 0 0 0 0 0 0 0
4353 3009664 587 50 0 0 0 0 0 0
4355 1256037 0 0 0 0 0 0 0 0
4356 1256037 0 0 0 0 0 0 0 0
4357 1256037 0 0 0 0 0 0 0 0
4361 248795 0 0 248795 35755 12479 0 0 0
4364 497590 0 0 0 0 0 0 0 0
4366 237256 0 0 0 0 0 59314 0 0
4367 59314 0 0 0 0 0 0 0 0
4368 59314 0 0 0 0 0 0 0 0
4373 378962 55487 45821 189481 64515 28623 0 0 0
4376 378962 0 0 0 0 0 0 0 0
4378 189481 0 0 0 0 0 0 0 0
4381 378962 0 0 0 0 0 0 0 0
4384 378962 0 0 0 0 0 0 0 0
4386 53844 5136 2806 13461 0 0 13461 0 0
4387 53844 0 0 0 0 0 0 0 0
4394 176020 55915 45205 0 0 0 0 0 0
4399 176020 0 0 176020 0 0 0 0 0
4400 528060 0 0 176020 0 0 0 0 0
4402 176020 0 0 0 0 0 352040 148366 111499
4404 176020 0 0 0 0 0 176020 0 0
4405 176020 0 0 0 0 0 176020 0 0
4408 352040 0 0 0 0 0 0 0 0
4409 115683 0 0 0 0 0 115683 757 240
4410 352040 0 0 0 0 0 0 0 0
4412 43971 0 0 0 0 0 87942 13154 10732
4415 1232140 56041 44808 0 0 0 176020 0 0
4417 352040 0 0 0 0 0 176020 55544 37198
4418 176020 0 0 0 0 0 176020 0 0
4421 189481 0 0 0 0 0 0 0 0
4443 9517 0 0 9517 4293 1111 0 0 0
4444 19034 0 0 9517 4665 944 0 0 0
4446 28551 4502 1672 9517 2699 33 0 0 0
4449 28551 0 0 0 0 0 0 0 0
4451 9429 0 0 0 0 0 0 0 0
4452 9429 0 0 0 0 0 0 0 0
4453 9429 0 0 0 0 0 9429 0 0
4454 66003 4943 1040 0 0 0 9429 0 0
4456 18858 0 0 0 0 0 9429 8498 6406
4459 9429 5095 864 0 0 0 0 0 0
4460 18858 0 0 0 0 0 0 0 0
4466 352 0 0 88 3 1 176 0 0
4468 2 0 0 0 0 0 0 0 0
4470 3 1 0 2 0 0 0 0 0
4471 1 0 0 0 0 0 0 0 0
4481 348 79 63 0 0 0 0 0 0
4482 87 0 0 0 0 0 0 0 0
4483 989604 5210 1887 1319240 219 0 0 0 0
4487 1868794 6960 1987 2008060 27 0 0 0 0
fn=_int_realloc
441 5651 0 0 1940 0 0 0 0 0
461 8000 0 0 1600 2 0 1600 2 0
1461 6372 599 404 2124 0 0 0 0 0
4914 18615 1436 953 0 0 0 22338 371 25
4925 11169 0 0 3723 0 0 0 0 0
4926 18615 1386 960 3723 2256 9 0 0 0
4927 11169 0 0 0 0 0 0 0 0
4933 11169 0 0 0 0 0 14892 40 3
4935 3723 0 0 0 0 0 0 0 0
4936 7446 0 0 3723 0 0 0 0 0
4938 14892 0 0 0 0 0 0 0 0
4941 11169 1330 911 0 0 0 0 0 0
4951 9151 1640 968 2927 1592 15 0 0 0
4952 185 108 66 0 0 0 0 0 0
4953 185 0 0 0 0 0 0 0 0
4955 9232 0 0 0 0 0 184 0 0
4956 368 0 0 0 0 0 184 0 0
4957 552 89 66 0 0 0 184 184 179
4959 184 0 0 0 0 0 0 0 0
4963 2742 0 0 0 0 0 0 0 0
4964 10968 0 0 2742 1818 404 0 0 0
4965 5028 1273 433 0 0 0 0 0 0
4969 2286 0 0 0 0 0 0 0 0
4975 6400 0 0 0 0 0 0 0 0
4976 1600 0 0 0 0 0 0 0 0
4979 1600 0 0 0 0 0 0 0 0
4980 3200 626 466 1600 6 5 0 0 0
4985 3200 0 0 0 0 0 0 0 0
4987 1 0 0 0 0 0 0 0 0
4992 1599 0 0 0 0 0 0 0 0
4993 9594 0 0 1599 3 0 0 0 0
4997 6396 586 453 0 0 0 0 0 0
4999 1599 0 0 1599 9 0 0 0 0
5006 1147 0 0 1 0 0 0 0 0
5008 1940 0 0 0 0 0 0 0 0
5010 3880 0 0 0 0 0 0 0 0
5012 2785 114 77 169 0 0 169 0 0
5013 676 0 0 169 0 0 169 0 0
5017 1771 1245 782 0 0 0 0 0 0
5020 8855 0 0 1771 0 0 1771 0 0
5021 5313 0 0 0 0 0 1771 1175 1042
5024 7084 0 0 1771 0 0 1771 0 0
5025 7084 586 388 0 0 0 0 0 0
5029 1940 0 0 0 0 0 0 0 0
5030 26061 0 0 37230 37 0 0 0 0
fn=alloc_perturb
1984 329810 10144 4851 0 0 0 329810 593 20
1985 494715 10262 3054 164905 32 0 0 0 0
1987 329810 0 0 329810 0 0 0 0 0
fn=calloc
461 4758 393 134 1586 0 0 0 0 0
463 792 0 0 0 0 0 0 0 0
3699 2382 410 134 0 0 0 3176 85 41
3709 4764 0 0 0 0 0 0 0 0
3717 5558 413 100 794 50 4 4764 0 0
3720 4764 0 0 1588 276 1 0 0 0
3722 2382 0 0 794 61 1 0 0 0
3732 2382 245 143 794 90 9 0 0 0
3733 2382 423 122 794 137 26 0 0 0
3754 3176 0 0 0 0 0 0 0 0
3756 6344 361 136 794 24 12 0 0 0
3759 1588 1 1 794 0 0 0 0 0
3784 1586 508 137 794 0 0 0 0 0
3787 794 0 0 0 0 0 0 0 0
3789 1599 0 0 812 0 0 0 0 0
3796 1584 443 131 0 0 0 0 0 0
3799 2376 459 158 0 0 0 0 0 0
3807 792 0 0 0 0 0 0 0 0
3809 1584 0 0 0 0 0 0 0 0
3811 1584 0 0 0 0 0 0 0 0
3816 4 0 0 0 0 0 2 0 0
3818 2 0 0 0 0 0 2 0 0
3819 4 0 0 0 0 0 0 0 0
3821 2 0 0 0 0 0 2 0 0
3823 4 0 0 0 0 0 0 0 0
3825 1 0 0 0 0 0 1 0 0
3827 2 0 0 0 0 0 0 0 0
3829 2 0 0 0 0 0 1 0 0
3830 3 0 0 6 0 0 0 0 0
3837 1596 0 0 3176 0 0 0 0 0
fn=free
3359 6741180 0 0 0 0 0 9437652 8848 31
3363 2140602 590369 13385 0 0 0 0 0 0
3368 5392944 136823 11571 1348236 19631 71 0 0 0
3371 5392944 0 0 2696472 274373 897 0 0 0
3373 1348236 0 0 0 0 0 0 0 0
3375 2696472 0 0 1348236 490848 111582 0 0 0
3379 60 9 4 15 8 5 0 0 0
3381 75 0 0 15 11 9 0 0 0
3383 24 4 3 0 0 0 12 0 0
3384 24 0 0 0 0 0 12 0 0
3385 792390 497832 58155 0 0 0 0 0 0
3388 30 0 0 0 0 0 0 0 0
3392 6741105 274490 16667 2696442 33326 162 0 0 0
3395 4044663 0 0 1348221 0 0 0 0 0
3398 4044663 0 0 0 0 0 0 0 0
3401 1348236 0 0 0 0 0 1348236 5 0
3402 6741180 0 0 9437652 7 0 0 0 0
fn=malloc
461 1289961 0 0 429987 0 0 0 0 0
1326 1349815 0 0 0 0 0 0 0 0
1336 5399260 0 0 1349815 124787 5051 0 0 0
1345 1349815 0 0 0 0 0 0 0 0
1461 4049445 114742 47420 1349815 620 0 0 0 0
3178 1839656 0 0 919828 238752 91869 0 0 0
3182 1839656 0 0 0 0 0 0 0 0
3186 2759484 0 0 919828 655136 325686 919828 0 0
3190 1839656 0 0 0 0 0 919828 0 0
3191 919828 0 0 0 0 0 919828 0 0
3248 3 1 1 1 0 0 0 0 0
3294 8098890 126972 584 0 0 0 10798520 162933 850
3301 5399260 124133 2981 1349815 129962 49959 0 0 0
3311 6749075 128964 3096 0 0 0 0 0 0
3313 8098890 0 0 2699630 264118 48138 0 0 0
3316 5399260 0 0 1349815 125362 44436 0 0 0
3317 2565934 121504 46860 1 0 0 0 0 0
3318 2565932 0 0 1282966 176445 4907 0 0 0
3326 1289961 0 0 429987 20841 136 0 0 0
3328 2149935 70614 4175 0 0 0 0 0 0
3329 1719948 0 0 429987 5755 2895 0 0 0
3354 8098890 126963 53527 10798520 724 0 0 0 0
fn=malloc_consolidate
4811 2100 341 300 0 0 0 2800 409 21
4826 700 0 0 0 0 0 350 0 0
4828 350 0 0 0 0 0 0 0 0
4839 350 0 0 0 0 0 0 0 0
4841 11697 0 0 0 0 0 798 0 0
4842 3500 0 0 0 0 0 0 0 0
4845 10144 342 295 0 0 0 0 0 0
4849 10144 0 0 5072 3449 589 0 0 0
4850 25360 342 293 0 0 0 0 0 0
4855 20288 0 0 5072 886 123 0 0 0
4858 5072 0 0 0 0 0 0 0 0
4859 5072 0 0 0 0 0 0 0 0
4860 10144 0 0 5072 1736 302 0 0 0
4862 5072 0 0 0 0 0 0 0 0
4863 1949 0 0 1949 0 0 0 0 0
4864 1949 21 21 0 0 0 0 0 0
4865 1949 0 0 0 0 0 0 0 0
4866 7796 0 0 1949 876 151 0 0 0
4868 7796 0 0 1949 0 0 1949 0 0
4871 15216 321 268 5072 104 38 0 0 0
4872 10136 0 0 5068 3405 1258 0 0 0
4874 5068 0 0 0 0 0 0 0 0
4875 1827 0 0 0 0 0 0 0 0
4876 9135 31 30 1827 0 0 1827 0 0
4878 6482 0 0 0 0 0 3241 0 0
4880 5068 0 0 5068 152 51 0 0 0
4881 5068 0 0 0 0 0 5068 0 0
4882 5068 0 0 0 0 0 5068 107 23
4884 10136 0 0 0 0 0 0 0 0
4885 407 0 0 0 0 0 814 30 7
4889 5068 0 0 0 0 0 0 0 0
4890 5068 0 0 0 0 0 5068 0 0
4891 5068 0 0 0 0 0 10136 0 0
4892 5068 0 0 0 0 0 5068 0 0
4896 4 0 0 0 0 0 0 0 0
4897 8 0 0 0 0 0 4 0 0
4898 4 0 0 0 0 0 4 0 0
4901 16014 312 307 1596 4 0 0 0 0
4904 10500 318 188 0 0 0 0 0 0
4905 2149 23 20 2800 2 0 798 0 0
fn=munmap_chunk
3024 60 8 3 0 0 0 75 3 3
3025 45 0 0 30 21 19 0 0 0
3026 15 0 0 15 0 0 0 0 0
3028 15 11 10 0 0 0 0 0 0
3030 15 0 0 0 0 0 0 0 0
3031 45 0 0 15 0 0 0 0 0
3032 15 0 0 0 0 0 0 0 0
3038 45 0 0 0 0 0 0 0 0
3039 75 0 0 0 0 0 0 0 0
3042 75 12 11 0 0 0 0 0 0
3043 45 0 0 0 0 0 0 0 0
3048 45 0 0 0 0 0 0 0 0
3049 45 0 0 75 0 0 0 0 0
fn=ptmalloc_init.part.0
1946 382 0 0 0 0 0 0 0 0
1949 127 0 0 0 0 0 254 32 32
1957 2 0 0 0 0 0 1 0 0
1958 3 1 1 0 0 0 1 1 0
1960 2 0 0 0 0 0 1 1 1
3143 2 0 0 0 0 0 0 0 0
fn=realloc
461 11197 1363 877 3743 24 0 0 0 0
463 4623 0 0 0 0 0 0 0 0
1326 3727 0 0 0 0 0 0 0 0
1336 18635 0 0 3727 0 0 0 0 0
1345 18635 0 0 0 0 0 0 0 0
2008 28 0 0 8 4 4 0 0 0
3056 12 4 4 8 0 0 0 0 0
3057 4 0 0 4 0 0 0 0 0
3058 4 0 0 0 0 0 0 0 0
3063 8 4 4 0 0 0 8 0 0
3064 4 0 0 0 0 0 0 0 0
3065 4 0 0 0 0 0 0 0 0
3066 16 0 0 0 0 0 0 0 0
3067 24 0 0 0 0 0 0 0 0
3071 16 0 0 0 0 0 8 0 0
3074 8 4 4 0 0 0 0 0 0
3077 20 0 0 0 0 0 0 0 0
3080 8 0 0 0 0 0 0 0 0
3085 4 4 4 0 0 0 0 0 0
3087 12 0 0 0 0 0 0 0 0
3089 12 0 0 4 0 0 0 0 0
3090 12 0 0 0 0 0 4 0 0
3093 24 4 4 0 0 0 0 0 0
3095 16 0 0 4 0 0 0 0 0
3407 32403 2900 1324 0 0 0 37032 277 8
3413 18516 3003 1258 4629 1484 15 0 0 0
3417 13887 0 0 0 0 0 0 0 0
3424 4629 0 0 0 0 0 0 0 0
3425 12 0 0 0 0 0 0 0 0
3429 18492 0 0 4623 1730 10 9246 0 0
3433 4623 0 0 0 0 0 0 0 0
3441 10142 4091 944 1792 0 0 0 0 0
3443 1696 0 0 0 0 0 0 0 0
3444 3392 0 0 0 0 0 0 0 0
3445 1676 716 501 829 10 8 0 0 0
3446 896 0 0 0 0 0 0 0 0
3450 6661 0 0 2927 0 0 0 0 0
3452 2927 0 0 0 0 0 0 0 0
3453 4 2 2 0 0 0 0 0 0
3456 22338 2041 457 7446 3554 12 0 0 0
3464 11181 2420 893 0 0 0 0 0 0
3465 7454 0 0 0 0 0 0 0 0
3475 3727 3175 846 0 0 0 0 0 0
3506 11169 0 0 3723 1737 12 0 0 0
3508 22338 2166 919 0 0 0 0 0 0
3509 22338 0 0 3723 14 0 0 0 0
3538 31485 1425 886 44478 56 0 0 0 0
5238 9246 0 0 4623 2057 187 0 0 0
5239 4634 11 8 0 0 0 0 0 0
5240 13836 2959 1177 4612 1102 99 0 0 0
5241 32284 3986 1312 4612 0 0 0 0 0
fn=sysmalloc
2008 297 0 0 59 0 0 0 0 0
2532 1218 167 163 174 111 53 783 72 21
2552 261 0 0 174 79 76 0 0 0
2553 210 0 0 0 0 0 350 10 4
2563 87 0 0 0 0 0 0 0 0
2564 348 84 83 87 82 75 0 0 0
2565 51 14 12 34 0 0 0 0 0
2568 85 14 13 17 0 0 0 0 0
2576 85 0 0 0 0 0 17 0 0
2577 34 0 0 0 0 0 0 0 0
2588 140 0 0 70 0 0 0 0 0
2589 140 0 0 70 0 0 0 0 0
2590 70 0 0 0 0 0 0 0 0
2599 554 69 69 0 0 0 0 0 0
2605 210 1 1 0 0 0 0 0 0
2608 280 0 0 0 0 0 0 0 0
2669 280 69 69 70 0 0 0 0 0
2677 70 0 0 70 0 0 0 0 0
2678 210 0 0 0 0 0 0 0 0
2691 140 69 69 70 0 0 0 0 0
2695 1 1 1 0 0 0 0 0 0
2699 350 0 0 0 0 0 70 0 0
2707 140 0 0 0 0 0 0 0 0
2709 280 69 69 0 0 0 140 0 0
2710 140 0 0 140 0 0 0 0 0
2711 58 0 0 0 0 0 0 0 0
2712 70 69 69 0 0 0 0 0 0
2715 70 0 0 0 0 0 0 0 0
2727 48 0 0 12 0 0 0 0 0
2732 108 12 12 0 0 0 24 0 0
2734 36 0 0 24 0 0 0 0 0
2738 24 12 12 12 0 0 0 0 0
2742 12 0 0 0 0 0 0 0 0
2744 325 0 0 70 0 0 0 0 0
2745 3 1 1 0 0 0 1 0 0
2746 338 12 12 128 0 0 70 0 0
2752 186 58 58 0 0 0 0 0 0
2753 228 0 0 0 0 0 57 0 0
2755 42 1 1 13 0 0 0 0 0
2782 12 0 0 0 0 0 0 0 0
2783 2 0 0 0 0 0 0 0 0
2789 1 0 0 0 0 0 0 0 0
2795 2 0 0 0 0 0 0 0 0
2817 2 1 1 0 0 0 0 0 0
2818 7 0 0 0 0 0 0 0 0
2820 1 0 0 0 0 0 0 0 0
2821 4 0 0 0 0 0 2 0 0
2833 2 1 1 2 0 0 0 0 0
2847 24 12 12 0 0 0 0 0 0
2866 12 0 0 0 0 0 0 0 0
2875 26 0 0 0 0 0 13 0 0
2876 52 13 13 0 0 0 13 13 13
2877 39 0 0 13 0 0 13 0 0
2888 13 0 0 0 0 0 0 0 0
2895 24 0 0 0 0 0 0 0 0
2896 24 0 0 0 0 0 12 0 0
2904 36 0 0 0 0 0 12 12 12
2906 12 0 0 0 0 0 12 0 0
2911 24 12 12 0 0 0 0 0 0
2913 48 0 0 0 0 0 0 0 0
2921 234 70 70 82 0 0 0 0 0
2922 70 0 0 0 0 0 70 0 0
2926 69 0 0 69 0 0 0 0 0
2927 140 0 0 70 0 0 0 0 0
2930 140 70 70 0 0 0 0 0 0
2932 70 0 0 0 0 0 0 0 0
2933 70 0 0 0 0 0 0 0 0
2934 70 0 0 0 0 0 70 0 0
2935 420 0 0 0 0 0 70 0 0
2936 140 0 0 0 0 0 70 69 69
2938 210 0 0 280 0 0 0 0 0
2944 1131 70 70 957 0 0 0 0 0
fn=sysmalloc_mmap.isra.0
2008 85 28 26 17 0 0 0 0 0
2400 68 13 12 0 0 0 102 10 5
2413 68 13 12 0 0 0 0 0 0
2418 34 0 0 0 0 0 0 0 0
2421 204 12 11 17 0 0 0 0 0
2424 34 0 0 0 0 0 0 0 0
2428 51 0 0 0 0 0 51 0 0
2432 85 13 12 0 0 0 0 0 0
2448 51 0 0 0 0 0 0 0 0
2467 34 0 0 0 0 0 34 17 16
2471 102 0 0 0 0 0 0 0 0
2472 104 14 13 17 0 0 0 0 0
2475 85 0 0 0 0 0 0 0 0
2476 158 0 0 17 0 0 0 0 0
2481 119 0 0 153 0 0 0 0 0
fn=sysmalloc_mmap_fallback.constprop.0
2008 60 12 12 12 0 0 0 0 0
2490 84 12 12 0 0 0 96 0 0
2494 12 0 0 12 0 0 0 0 0
2497 60 0 0 12 0 0 0 0 0
2498 6 1 1 0 0 0 0 0 0
2502 48 11 11 0 0 0 0 0 0
2505 24 0 0 0 0 0 0 0 0
2506 12 0 0 0 0 0 0 0 0
2508 132 12 12 12 0 0 0 0 0
2511 24 0 0 0 0 0 0 0 0
2515 12 0 0 0 0 0 0 0 0
2519 60 0 0 0 0 0 0 0 0
2524 48 0 0 12 0 0 12 0 0
2526 12 0 0 0 0 0 12 0 0
2528 72 0 0 96 0 0 0 0 0
fn=systrim.constprop.0
2957 364 89 24 0 0 0 546 0 0
2966 455 81 29 182 0 0 0 0 0
2968 91 0 0 0 0 0 0 0 0
2969 182 0 0 0 0 0 0 0 0
2970 88 0 0 0 0 0 0 0 0
2974 273 0 0 91 0 0 0 0 0
2975 91 0 0 0 0 0 0 0 0
2978 455 0 0 182 75 41 0 0 0
2980 91 0 0 0 0 0 0 0 0
2987 258 0 0 0 0 0 0 0 0
2988 430 67 25 86 0 0 0 0 0
3000 6 0 0 0 0 0 0 0 0
3001 6 0 0 0 0 0 0 0 0
3003 3 0 0 0 0 0 0 0 0
3005 3 0 0 0 0 0 0 0 0
3009 6 0 0 0 0 0 0 0 0
3012 9 0 0 3 0 0 3 0 0
3013 12 0 0 3 0 0 3 0 0
3015 6 0 0 0 0 0 0 0 0
3020 364 5 5 546 0 0 0 0 0
fn=tcache_init.part.0
3242 4 1 1 0 0 0 6 0 0
3251 10 1 1 2 0 0 0 0 0
3252 4 0 0 0 0 0 0 0 0
3253 1 0 0 0 0 0 0 0 0
3261 5 1 1 0 0 0 0 0 0
3270 2 0 0 0 0 0 1 0 0
3274 3 0 0 6 0 0 0 0 0
fn=unlink_chunk.isra.0
1608 1046190 62645 46959 0 0 0 1046190 7135 102
1610 2615475 74652 13884 1046190 118351 58923 0 0 0
1614 523095 0 0 1046190 27690 7624 0 0 0
1616 3138570 0 0 1046190 221306 58346 0 0 0
1619 523095 0 0 0 0 0 523095 0 0
1620 523095 0 0 0 0 0 523095 0 0
1621 1349772 0 0 151791 8803 2491 0 0 0
1623 244431 56331 9699 81477 438 172 0 0 0
1624 325908 0 0 162954 49 7 0 0 0
1627 162954 0 0 81477 15289 7469 0 0 0
1629 178 0 0 0 0 0 0 0 0
1630 162 68 67 0 0 0 162 0 0
1634 8 0 0 0 0 0 16 0 0
1635 8 8 8 0 0 0 8 0 0
1636 24 0 0 8 0 0 8 0 0
1641 81388 0 0 0 0 0 81388 0 0
1642 81388 0 0 0 0 0 81388 0 0
1645 1046190 7906 1071 1046190 0 0 0 0 0
fl=./malloc/./malloc/morecore.c
fn=__glibc_morecore
25 326 0 0 0 0 0 326 9 2
26 489 152 81 163 0 0 0 0 0
27 12 0 0 0 0 0 0 0 0
29 163 0 0 0 0 0 0 0 0
30 326 70 69 0 0 0 0 0 0
34 326 0 0 326 0 0 0 0 0
fl=./malloc/./malloc/scratch_buffer_set_array_size.c
fn=__libc_scratch_buffer_set_array_size
30 56 9 8 0 0 0 56 0 0
31 14 0 0 0 0 0 0 0 0
34 14 0 0 0 0 0 0 0 0
35 42 9 8 0 0 0 0 0 0
45 42 0 0 14 0 0 0 0 0
46 14 9 8 0 0 0 0 0 0
63 42 0 0 56 0 0 0 0 0
fl=./math/../sysdeps/aarch64/fpu/fenv_private.h
fn=fetestexcept
107 1670234 0 0 0 0 0 0 0 0
108 1670234 0 0 0 0 0 0 0 0
fl=./math/../sysdeps/aarch64/fpu/ftestexcept.c
fn=fetestexcept
24 3340468 668248 3617 0 0 0 3340468 17766 0
26 5010702 0 0 3340468 0 0 0 0 0
fl=./math/../sysdeps/aarch64/fpu/math_private.h
fn=exp@@GLIBC_2.29
31 1 0 0 0 0 0 0 0 0
37 1 0 0 0 0 0 0 0 0
fn=pow@@GLIBC_2.29
31 1106 0 0 0 0 0 0 0 0
37 1106 0 0 0 0 0 0 0 0
fn=powf@@GLIBC_2.27
31 2 0 0 0 0 0 0 0 0
37 2 0 0 0 0 0 0 0 0
fl=./math/../sysdeps/ieee754/dbl-64/e_exp.c
fn=exp@@GLIBC_2.29
98 2 0 0 0 0 0 2 0 0
104 1 0 0 0 0 0 0 0 0
105 3 0 0 0 0 0 0 0 0
129 4 0 0 1 1 1 0 0 0
139 3 0 0 2 0 0 0 0 0
141 1 0 0 0 0 0 0 0 0
143 1 0 0 0 0 0 0 0 0
145 3 0 0 1 0 0 0 0 0
148 1 0 0 0 0 0 0 0 0
151 8 2 2 4 1 1 0 0 0
152 1 0 0 0 0 0 0 0 0
157 1 0 0 0 0 0 0 0 0
158 2 0 0 2 0 0 0 0 0
fl=./math/../sysdeps/ieee754/dbl-64/e_log.c
fn=log@@GLIBC_2.29
49 10 0 0 0 0 0 10 0 0
61 35 0 0 0 0 0 0 0 0
85 20 4 4 0 0 0 0 0 0
102 10 0 0 0 0 0 0 0 0
104 5 0 0 0 0 0 0 0 0
105 10 0 0 0 0 0 0 0 0
106 30 0 0 0 0 0 0 0 0
114 20 0 0 5 5 5 0 0 0
119 5 0 0 0 0 0 0 0 0
122 15 0 0 10 4 4 0 0 0
123 5 0 0 0 0 0 0 0 0
124 15 4 4 0 0 0 0 0 0
127 5 0 0 0 0 0 0 0 0
130 50 4 4 30 0 0 0 0 0
132 10 0 0 10 0 0 0 0 0
fl=./math/../sysdeps/ieee754/dbl-64/e_log10.c
fn=__log10_finite@GLIBC_2.17
59 3 0 0 0 0 0 3 0 0
64 1 1 1 0 0 0 0 0 0
66 1 1 1 0 0 0 0 0 0
67 3 0 0 0 0 0 0 0 0
78 3 0 0 0 0 0 0 0 0
80 3 0 0 0 0 0 0 0 0
81 1 0 0 0 0 0 0 0 0
82 2 0 0 0 0 0 0 0 0
83 2 1 1 0 0 0 0 0 0
87 9 0 0 2 1 1 0 0 0
88 3 0 0 1 0 0 0 0 0
89 3 1 1 3 0 0 0 0 0
fl=./math/../sysdeps/ieee754/dbl-64/e_pow.c
fn=pow@@GLIBC_2.29
45 2212 0 0 0 0 0 0 0 0
62 3318 0 0 0 0 0 0 0 0
64 1106 0 0 0 0 0 0 0 0
65 2212 0 0 0 0 0 0 0 0
67 1106 0 0 0 0 0 0 0 0
70 1106 0 0 0 0 0 0 0 0
72 4424 6 6 1106 0 0 0 0 0
77 4424 0 0 1106 212 6 0 0 0
88 3318 6 6 2212 278 6 0 0 0
89 1106 0 0 0 0 0 0 0 0
90 2212 0 0 1106 0 0 0 0 0
91 2212 0 0 0 0 0 0 0 0
95 2212 0 0 1106 0 0 0 0 0
96 1106 0 0 0 0 0 0 0 0
97 1106 0 0 0 0 0 0 0 0
100 1106 0 0 0 0 0 0 0 0
101 1106 6 6 0 0 0 0 0 0
102 2212 0 0 0 0 0 0 0 0
112 9954 0 0 6636 74 6 0 0 0
113 4424 0 0 0 0 0 0 0 0
114 1106 0 0 0 0 0 0 0 0
115 2212 0 0 0 0 0 0 0 0
193 1106 0 0 0 0 0 0 0 0
194 3318 0 0 0 0 0 0 0 0
218 4424 0 0 1106 209 5 0 0 0
229 3318 6 6 2212 0 0 0 0 0
231 1106 0 0 0 0 0 0 0 0
233 1106 0 0 0 0 0 0 0 0
234 1106 0 0 0 0 0 0 0 0
235 1106 0 0 0 0 0 0 0 0
237 3318 0 0 1106 0 0 0 0 0
240 1106 0 0 0 0 0 0 0 0
243 8848 6 6 4424 210 5 0 0 0
244 1106 0 0 0 0 0 0 0 0
249 1106 0 0 0 0 0 0 0 0
283 3318 0 0 0 0 0 2212 207 0
284 1106 0 0 0 0 0 0 0 0
292 7742 0 0 0 0 0 0 0 0
369 1106 0 0 0 0 0 0 0 0
370 2212 0 0 0 0 0 0 0 0
380 2212 0 0 2212 0 0 0 0 0
fl=./math/../sysdeps/ieee754/dbl-64/math_config.h
fn=exp@@GLIBC_2.29
85 1 1 1 0 0 0 0 0 0
97 2 0 0 1 1 1 0 0 0
fn=log@@GLIBC_2.29
85 5 4 4 0 0 0 0 0 0
fn=pow@@GLIBC_2.29
85 3318 12 12 0 0 0 0 0 0
97 2212 0 0 1106 210 6 0 0 0
fl=./math/../sysdeps/ieee754/dbl-64/s_frexp.c
fn=frexp
36 542302 0 0 0 0 0 542302 0 0
38 271151 89089 12982 0 0 0 0 0 0
39 271151 0 0 0 0 0 0 0 0
40 60 0 0 0 0 0 0 0 0
42 1084604 0 0 0 0 0 0 0 0
45 271091 0 0 0 0 0 0 0 0
46 271091 0 0 0 0 0 0 0 0
56 542182 0 0 0 0 0 0 0 0
60 120 2 2 0 0 0 0 0 0
62 271151 0 0 0 0 0 271151 0 0
64 813453 0 0 542302 0 0 0 0 0
fl=./math/../sysdeps/ieee754/dbl-64/s_scalbn.c
fn=__scalbn
30 9 0 0 0 0 0 6 0 0
33 3 3 2 0 0 0 0 0 0
34 3 0 0 0 0 0 0 0 0
35 3 0 0 0 0 0 0 0 0
41 6 0 0 0 0 0 0 0 0
42 9 0 0 0 0 0 0 0 0
44 18 3 2 0 0 0 0 0 0
49 6 0 0 0 0 0 0 0 0
50 9 0 0 0 0 0 0 0 0
57 6 0 0 6 0 0 0 0 0
fl=./math/../sysdeps/ieee754/flt-32/e_exp2f.c
fn=exp2f@@GLIBC_2.27
49 10 0 0 0 0 0 10 0 0
55 5 0 0 0 0 0 0 0 0
56 5 5 1 0 0 0 0 0 0
57 10 0 0 0 0 0 0 0 0
75 15 0 0 0 0 0 0 0 0
77 5 0 0 0 0 0 0 0 0
78 5 0 0 0 0 0 0 0 0
81 10 0 0 5 5 2 0 0 0
82 5 0 0 0 0 0 0 0 0
84 10 0 0 10 4 2 0 0 0
85 5 4 1 0 0 0 0 0 0
86 15 0 0 10 5 2 0 0 0
87 5 0 0 0 0 0 0 0 0
88 10 0 0 0 0 0 0 0 0
89 5 0 0 0 0 0 0 0 0
90 10 0 0 10 0 0 0 0 0
fl=./math/../sysdeps/ieee754/flt-32/e_log10f.c
fn=__log10f_finite@GLIBC_2.17
28 6 2 1 0 0 0 6 0 0
32 2 2 1 0 0 0 0 0 0
34 2 2 1 0 0 0 0 0 0
35 6 0 0 0 0 0 0 0 0
43 6 0 0 0 0 0 0 0 0
44 6 0 0 0 0 0 0 0 0
45 2 0 0 0 0 0 0 0 0
46 4 0 0 0 0 0 0 0 0
47 4 0 0 0 0 0 0 0 0
51 22 2 1 0 0 0 0 0 0
52 8 0 0 0 0 0 0 0 0
53 6 0 0 6 0 0 0 0 0
fl=./math/../sysdeps/ieee754/flt-32/e_logf.c
fn=logf@@GLIBC_2.27
41 4 0 0 0 0 0 4 0 0
50 6 2 1 0 0 0 0 0 0
53 8 0 0 0 0 0 0 0 0
70 4 0 0 0 0 0 0 0 0
72 2 0 0 0 0 0 0 0 0
73 4 0 0 0 0 0 0 0 0
75 12 0 0 2 0 0 0 0 0
76 4 2 1 0 0 0 0 0 0
79 6 0 0 2 2 1 0 0 0
80 4 0 0 0 0 0 0 0 0
83 2 0 0 0 0 0 0 0 0
84 4 0 0 4 2 1 0 0 0
85 4 0 0 4 2 1 0 0 0
86 4 0 0 0 0 0 0 0 0
87 2 0 0 0 0 0 0 0 0
88 4 2 1 4 0 0 0 0 0
fl=./math/../sysdeps/ieee754/flt-32/e_powf.c
fn=powf@@GLIBC_2.27
55 4 0 0 0 0 0 0 0 0
57 2 0 0 0 0 0 0 0 0
58 2 0 0 0 0 0 0 0 0
59 2 2 1 0 0 0 0 0 0
61 12 0 0 2 0 0 0 0 0
62 4 0 0 0 0 0 0 0 0
65 6 0 0 2 2 2 0 0 0
66 4 0 0 0 0 0 0 0 0
69 2 0 0 0 0 0 0 0 0
70 4 0 0 4 0 0 0 0 0
71 4 0 0 4 2 2 0 0 0
72 2 0 0 0 0 0 0 0 0
73 4 0 0 2 0 0 0 0 0
74 2 0 0 0 0 0 0 0 0
75 2 2 1 0 0 0 0 0 0
108 2 0 0 0 0 0 0 0 0
111 8 0 0 2 2 1 0 0 0
112 2 0 0 0 0 0 0 0 0
113 2 0 0 0 0 0 0 0 0
115 4 0 0 4 0 0 0 0 0
116 2 0 0 0 0 0 0 0 0
117 6 2 1 2 2 0 0 0 0
118 2 0 0 0 0 0 0 0 0
119 4 0 0 0 0 0 0 0 0
143 4 0 0 0 0 0 0 0 0
148 6 0 0 0 0 0 4 0 0
149 2 2 1 0 0 0 0 0 0
154 12 0 0 0 0 0 0 0 0
158 2 0 0 0 0 0 0 0 0
206 4 0 0 0 0 0 0 0 0
207 10 0 0 0 0 0 0 0 0
230 2 0 0 0 0 0 0 0 0
231 4 0 0 4 0 0 0 0 0
fl=./math/../sysdeps/ieee754/flt-32/math_config.h
fn=exp2f@@GLIBC_2.27
67 5 5 1 0 0 0 0 0 0
89 5 0 0 0 0 0 0 0 0
fn=logf@@GLIBC_2.27
67 2 2 1 0 0 0 0 0 0
fn=powf@@GLIBC_2.27
67 4 2 1 0 0 0 0 0 0
fl=./math/../sysdeps/ieee754/flt-32/s_nextafterf.c
fn=nextafterf
27 3 0 0 0 0 0 2 0 0
30 1 0 0 0 0 0 0 0 0
31 1 1 1 0 0 0 0 0 0
33 2 0 0 0 0 0 0 0 0
35 4 0 0 0 0 0 0 0 0
38 3 1 1 0 0 0 0 0 0
39 1 0 0 0 0 0 0 0 0
41 3 1 1 0 0 0 0 0 0
42 1 0 0 0 0 0 0 0 0
43 1 0 0 0 0 0 0 0 0
73 2 0 0 2 0 0 0 0 0
fl=./math/../sysdeps/ieee754/ldbl-128/e_log10l.c
fn=__log10l_finite@GLIBC_2.17
151 21 3 3 3 0 0 0 0 0
154 75 0 0 30 6 6 0 0 0
156 33 0 0 0 0 0 0 0 0
169 24 0 0 6 0 0 0 0 0
172 75 0 0 30 6 6 0 0 0
174 36 0 0 0 0 0 0 0 0
182 27 3 3 6 3 2 12 1 1
189 3 0 0 6 0 0 0 0 0
190 9 3 3 0 0 0 0 0 0
192 3 0 0 0 0 0 0 0 0
194 9 0 0 0 0 0 0 0 0
197 15 0 0 3 3 0 0 0 0
198 3 0 0 0 0 0 0 0 0
205 21 3 3 3 0 0 18 0 0
211 12 0 0 3 0 0 0 0 0
213 18 3 3 6 3 3 0 0 0
215 3 0 0 0 0 0 0 0 0
216 15 3 3 3 3 3 3 0 0
217 15 3 3 6 0 0 0 0 0
223 18 3 3 3 0 0 0 0 0
225 12 0 0 3 0 0 3 0 0
226 6 0 0 0 0 0 3 0 0
227 24 3 3 9 0 0 3 0 0
228 3 0 0 0 0 0 0 0 0
252 21 3 3 3 3 3 6 0 0
253 24 0 0 9 0 0 3 0 0
254 33 3 3 6 0 0 6 0 0
255 27 3 3 9 0 0 3 0 0
256 27 0 0 9 0 0 3 0 0
257 30 0 0 24 3 2 0 0 0
258 3 0 0 0 0 0 0 0 0
259 30 3 3 15 0 0 0 0 0
fl=./math/../sysdeps/ieee754/ldbl-128/e_powl.c
fn=__powl_finite@GLIBC_2.17
151 33 3 3 9 0 0 30 2 0
162 3 3 2 0 0 0 0 0 0
166 12 0 0 0 0 0 0 0 0
170 6 0 0 0 0 0 0 0 0
175 15 3 1 3 3 0 0 0 0
177 36 3 2 6 3 1 0 0 0
182 9 3 3 0 0 0 0 0 0
183 3 0 0 0 0 0 0 0 0
185 12 0 0 0 0 0 0 0 0
186 9 3 3 0 0 0 0 0 0
195 3 0 0 0 0 0 0 0 0
196 3 0 0 0 0 0 0 0 0
214 3 0 0 0 0 0 0 0 0
226 9 0 0 0 0 0 0 0 0
233 9 3 3 0 0 0 0 0 0
237 12 0 0 0 0 0 0 0 0
242 6 0 0 0 0 0 6 0 0
244 15 3 2 6 0 0 0 0 0
246 21 6 6 0 0 0 0 0 0
265 12 3 3 0 0 0 0 0 0
269 12 0 0 3 0 0 3 0 0
270 9 0 0 0 0 0 0 0 0
271 12 0 0 3 0 0 3 0 0
276 12 3 3 0 0 0 0 0 0
293 15 3 3 3 0 0 0 0 0
294 21 3 3 6 3 3 0 0 0
299 9 3 3 0 0 0 0 0 0
306 12 3 3 0 0 0 0 0 0
309 3 0 0 0 0 0 0 0 0
310 9 0 0 0 0 0 0 0 0
312 9 0 0 0 0 0 0 0 0
321 3 3 3 6 0 0 0 0 0
322 3 0 0 0 0 0 0 0 0
323 6 0 0 0 0 0 0 0 0
326 12 0 0 3 0 0 6 0 0
327 33 3 3 9 0 0 3 0 0
328 12 0 0 3 0 0 3 0 0
331 9 0 0 0 0 0 3 0 0
332 3 0 0 0 0 0 0 0 0
333 12 3 3 0 0 0 0 0 0
334 6 0 0 0 0 0 0 0 0
337 6 0 0 0 0 0 0 0 0
338 3 0 0 0 0 0 0 0 0
339 15 0 0 3 0 0 0 0 0
340 6 3 3 0 0 0 0 0 0
341 21 0 0 9 0 0 0 0 0
342 57 3 2 12 0 0 12 0 0
344 12 0 0 3 0 0 3 0 0
345 81 6 5 24 3 3 3 0 0
346 87 6 6 30 6 6 0 0 0
347 33 0 0 9 0 0 6 0 0
348 24 3 3 12 0 0 3 0 0
349 15 0 0 3 0 0 3 0 0
350 21 3 3 6 3 2 0 0 0
351 6 0 0 0 0 0 0 0 0
352 3 0 0 0 0 0 0 0 0
353 12 0 0 0 0 0 0 0 0
354 6 0 0 0 0 0 0 0 0
355 30 0 0 12 0 0 0 0 0
357 15 3 3 3 0 0 6 0 0
358 33 3 3 12 0 0 3 0 0
360 12 0 0 3 0 0 3 0 0
361 6 0 0 0 0 0 0 0 0
362 3 0 0 0 0 0 0 0 0
363 12 3 3 0 0 0 0 0 0
364 6 0 0 0 0 0 0 0 0
365 21 3 3 9 0 0 0 0 0
366 21 0 0 3 0 0 6 0 0
367 51 3 3 15 0 0 6 0 0
369 9 0 0 0 0 0 3 0 0
370 21 0 0 12 0 0 0 0 0
371 6 0 0 0 0 0 0 0 0
372 3 0 0 0 0 0 0 0 0
373 12 0 0 0 0 0 0 0 0
374 6 0 0 0 0 0 0 0 0
375 33 6 6 12 0 0 3 0 0
379 3 0 0 6 0 0 0 0 0
380 3 0 0 0 0 0 0 0 0
381 9 3 3 0 0 0 0 0 0
382 3 0 0 0 0 0 6 0 0
383 39 3 3 15 0 0 6 0 0
384 18 0 0 6 0 0 3 0 0
385 9 0 0 3 0 0 3 0 0
387 3 0 0 3 0 0 0 0 0
388 12 0 0 0 0 0 0 0 0
399 12 0 0 0 0 0 0 0 0
414 3 0 0 0 0 0 0 0 0
415 54 6 6 9 3 3 9 0 0
417 24 3 3 6 3 0 0 0 0
418 3 0 0 0 0 0 0 0 0
419 18 3 3 3 0 0 3 0 0
421 9 0 0 3 0 0 3 0 0
422 3 0 0 6 0 0 0 0 0
423 3 0 0 0 0 0 0 0 0
424 12 3 3 3 0 0 0 0 0
425 6 0 0 0 0 0 0 0 0
426 18 0 0 3 3 3 6 0 0
427 63 3 3 21 3 0 3 0 0
428 15 3 3 3 0 0 6 0 0
429 21 0 0 6 0 0 3 0 0
431 12 0 0 3 0 0 3 0 0
432 78 6 5 24 3 3 0 0 0
433 69 6 5 24 3 3 0 0 0
434 30 0 0 9 0 0 3 0 0
435 72 3 2 24 3 3 9 0 0
436 27 3 3 6 0 0 0 0 0
438 3 0 0 0 0 0 0 0 0
439 6 0 0 0 0 0 0 0 0
440 9 0 0 0 0 0 0 0 0
448 3 0 0 0 0 0 0 0 0
449 6 3 3 0 0 0 0 0 0
451 15 0 0 3 0 0 3 0 0
452 18 3 0 27 0 0 0 0 0
fl=./math/../sysdeps/ieee754/ldbl-128/s_floorl.c
fn=floorl
34 6 3 1 0 0 0 0 0 0
42 15 0 0 0 0 0 0 0 0
43 6 0 0 0 0 0 0 0 0
45 3 0 0 0 0 0 0 0 0
60 6 0 0 0 0 0 0 0 0
61 9 3 1 0 0 0 0 0 0
62 6 0 0 0 0 0 0 0 0
64 15 0 0 0 0 0 0 0 0
95 12 0 0 0 0 0 0 0 0
98 6 0 0 0 0 0 0 0 0
fl=./math/../sysdeps/ieee754/ldbl-128/s_frexpl.c
fn=frexpl
37 36 6 0 6 0 0 24 3 0
40 6 0 0 0 0 0 0 0 0
42 36 6 3 6 0 0 0 0 0
43 18 0 0 0 0 0 0 0 0
49 18 0 0 0 0 0 6 0 0
50 6 6 3 0 0 0 0 0 0
51 24 0 0 6 0 0 0 0 0
53 18 0 0 18 0 0 0 0 0
fl=./math/../sysdeps/ieee754/ldbl-128/s_nextafterl.c
fn=nextafterl
33 27 6 6 12 0 0 24 0 0
40 3 0 0 0 0 0 0 0 0
42 19 2 2 0 0 0 0 0 0
45 13 3 2 7 0 0 0 0 0
46 4 0 0 0 0 0 0 0 0
48 10 0 0 0 0 0 2 0 0
49 4 0 0 0 0 0 0 0 0
50 4 0 0 0 0 0 0 0 0
52 2 0 0 2 0 0 0 0 0
54 1 0 0 0 0 0 0 0 0
55 2 0 0 0 0 0 0 0 0
64 1 0 0 0 0 0 0 0 0
65 1 0 0 0 0 0 0 0 0
71 1 0 0 0 0 0 0 0 0
72 3 0 0 0 0 0 0 0 0
77 1 0 0 0 0 0 0 0 0
82 2 1 0 0 0 0 0 0 0
84 15 2 1 18 0 0 0 0 0
fl=./math/../sysdeps/ieee754/ldbl-128/s_scalbnl.c
fn=__scalbnl
37 98 11 1 0 0 0 42 3 0
40 14 0 0 0 0 0 0 0 0
41 14 11 2 0 0 0 0 0 0
47 42 11 2 0 0 0 0 0 0
48 42 11 2 0 0 0 0 0 0
49 98 0 0 0 0 0 0 0 0
54 28 0 0 0 0 0 0 0 0
55 70 8 3 0 0 0 0 0 0
61 56 0 0 42 0 0 0 0 0
fl=./math/./e_exp2_template.c
fn=__exp2l_finite@GLIBC_2.17
26 24 0 0 0 0 0 24 0 0
27 88 16 6 24 8 1 0 0 0
29 96 0 0 32 0 0 0 0 0
32 32 8 3 8 0 0 8 0 0
33 40 0 0 8 0 0 8 0 0
35 88 8 3 32 8 1 16 0 0
36 64 8 3 16 5 2 8 0 0
39 56 8 3 24 8 2 0 0 0
54 24 0 0 24 0 0 0 0 0
fl=./math/./math/s_nextafter.c
fn=nextafter
36 14 2 2 0 0 0 4 0 0
40 4 2 1 0 0 0 0 0 0
43 2 0 0 0 0 0 0 0 0
45 10 2 1 0 0 0 0 0 0
48 6 0 0 0 0 0 0 0 0
49 4 2 2 0 0 0 0 0 0
51 12 0 0 0 0 0 0 0 0
52 2 0 0 0 0 0 0 0 0
53 2 0 0 0 0 0 0 0 0
87 4 0 0 4 0 0 0 0 0
fl=./math/./math/w_exp2l_compat.c
fn=exp2l
13 24 8 3 0 0 0 24 0 0
14 16 0 0 0 0 0 8 0 0
15 176 16 5 56 0 0 16 0 0
21 24 0 0 24 0 0 0 0 0
fl=./math/./math/w_log10_compat.c
fn=log10
30 2 1 1 0 0 0 0 0 0
44 1 1 1 0 0 0 0 0 0
fl=./math/./math/w_log10f_compat.c
fn=log10f
30 4 2 1 0 0 0 0 0 0
44 2 2 2 0 0 0 0 0 0
fl=./math/./math/w_log10l_compat.c
fn=log10l
29 9 0 0 0 0 0 9 0 0
30 24 6 6 3 0 0 0 0 0
44 6 0 0 3 0 0 0 0 0
45 3 0 0 6 0 0 0 0 0
fl=./math/./math/w_pow_compat.c
fn=pow@GLIBC_2.17
30 5520 4 4 0 0 0 4416 69 0
31 1104 0 0 0 0 0 0 0 0
32 5520 0 0 0 0 0 0 0 0
56 2208 4 4 0 0 0 0 0 0
63 3312 0 0 4416 0 0 0 0 0
fl=./math/./math/w_powl_compat.c
fn=powl
28 12 3 3 0 0 0 12 0 0
29 6 3 0 0 0 0 3 0 0
30 54 3 3 18 0 0 6 0 0
54 12 0 0 3 0 0 0 0 0
61 9 0 0 9 0 0 0 0 0
fl=./math/./s_ldexp_template.c
fn=ldexp
22 12 3 2 0 0 0 9 0 0
23 21 3 2 0 0 0 0 0 0
24 3 0 0 0 0 0 0 0 0
25 15 0 0 0 0 0 0 0 0
27 9 0 0 9 0 0 0 0 0
fn=ldexpl
22 30 6 6 0 0 0 24 0 0
23 132 3 3 42 0 0 12 0 0
24 24 3 3 6 0 0 6 0 0
25 132 3 3 42 0 0 12 0 0
27 24 0 0 24 0 0 0 0 0
fl=./misc/../sysdeps/unix/syscall-template.S
fn=epoll_create1
120 5 1 1 0 0 0 0 0 0
122 1 0 0 0 0 0 0 0 0
fn=mprotect
120 360 54 25 0 0 0 0 0 0
122 72 0 0 0 0 0 0 0 0
fn=munmap
120 545 63 39 0 0 0 0 0 0
122 109 0 0 0 0 0 0 0 0
fl=./misc/../sysdeps/unix/sysv/linux/aarch64/ioctl.S
fn=ioctl
22 1 1 1 0 0 0 0 0 0
23 1 0 0 0 0 0 0 0 0
24 1 0 0 0 0 0 0 0 0
25 1 0 0 0 0 0 0 0 0
26 1 0 0 0 0 0 0 0 0
27 1 0 0 0 0 0 0 0 0
28 1 0 0 0 0 0 0 0 0
fl=./misc/../sysdeps/unix/sysv/linux/aarch64/syscall.S
fn=syscall
29 2 2 2 0 0 0 0 0 0
30 2 0 0 0 0 0 0 0 0
31 2 0 0 0 0 0 0 0 0
32 2 0 0 0 0 0 0 0 0
33 2 0 0 0 0 0 0 0 0
34 2 0 0 0 0 0 0 0 0
35 2 0 0 0 0 0 0 0 0
36 2 0 0 0 0 0 0 0 0
37 2 0 0 0 0 0 0 0 0
38 2 0 0 0 0 0 0 0 0
39 2 0 0 0 0 0 0 0 0
40 2 0 0 0 0 0 0 0 0
41 2 0 0 0 0 0 0 0 0
fl=./misc/../sysdeps/unix/sysv/linux/brk.c
fn=brk
36 222 71 71 0 0 0 148 7 0
37 222 0 0 74 0 0 74 0 0
38 148 0 0 0 0 0 0 0 0
40 60 0 0 12 5 1 12 5 1
41 24 0 0 0 0 0 0 0 0
44 62 0 0 0 0 0 0 0 0
45 148 0 0 148 0 0 0 0 0
fl=./misc/../sysdeps/unix/sysv/linux/brk_call.h
fn=brk
24 148 72 72 0 0 0 0 0 0
fl=./misc/../sysdeps/unix/sysv/linux/getclktck.c
fn=__getclktck
29 2 0 0 0 0 0 2 0 0
30 5 1 1 2 0 0 0 0 0
31 3 1 1 2 0 0 0 0 0
fl=./misc/../sysdeps/unix/sysv/linux/getpagesize.c
fn=getpagesize
28 36 7 2 18 1 1 0 0 0
30 9 0 0 0 0 0 0 0 0
fl=./misc/../sysdeps/unix/sysv/linux/mmap64.c
fn=mmap
47 396 87 75 0 0 0 396 12 10
50 396 0 0 0 0 0 0 0 0
58 1386 63 52 0 0 0 0 0 0
60 396 29 22 396 0 0 0 0 0
fl=./misc/../sysdeps/unix/sysv/linux/mremap.c
fn=mremap
26 36 4 4 8 4 4 16 0 0
30 8 0 0 0 0 0 0 0 0
37 24 4 4 0 0 0 0 0 0
39 40 0 0 20 0 0 0 0 0
fl=./misc/../sysdeps/unix/sysv/linux/setvmaname.c
fn=__set_vma_name
33 298 50 48 58 0 0 153 18 8
35 124 0 0 31 28 27 0 0 0
40 18 2 2 2 0 0 4 0 0
47 4 2 2 0 0 0 2 0 0
48 3 0 0 4 0 0 0 0 0
49 325 25 24 211 0 0 0 0 0
fl=./misc/./misc/getauxval.c
fn=__getauxval2
25 2 1 1 0 0 0 2 0 0
30 2 0 0 0 0 0 0 0 0
32 2 0 0 1 0 0 0 0 0
33 2 1 1 0 0 0 0 0 0
37 1 0 0 0 0 0 1 0 0
51 2 0 0 2 0 0 0 0 0
fn=getauxval
30 28 0 0 0 0 0 0 0 0
32 33 8 6 22 8 0 0 0 0
35 6 0 0 0 0 0 0 0 0
37 6 1 1 4 2 0 0 0 0
42 45 0 0 23 8 7 0 0 0
43 40 0 0 0 0 0 0 0 0
56 30 10 8 0 0 0 30 0 0
59 3 0 0 0 0 0 0 0 0
60 1 1 1 1 0 0 0 0 0
62 5 1 1 1 0 0 1 0 0
63 1 0 0 0 0 0 0 0 0
64 30 0 0 30 0 0 0 0 0
fl=./misc/./misc/init-misc.c
fn=__init_misc
30 4 1 1 0 0 0 4 0 0
31 3 1 1 1 0 0 0 0 0
33 3 0 0 0 0 0 0 0 0
37 4 0 0 1 1 0 0 0 0
38 5 0 0 2 0 0 2 1 0
40 3 1 1 4 0 0 0 0 0
fl=./misc/./misc/sbrk.c
fn=sbrk
37 815 146 92 0 0 0 815 24 10
40 489 0 0 326 299 191 0 0 0
43 489 0 0 163 110 42 0 0 0
50 12 0 0 0 0 0 0 0 0
58 163 147 90 0 0 0 0 0 0
59 3 1 1 0 0 0 0 0 0
62 326 0 0 0 0 0 0 0 0
63 2 0 0 1 0 0 0 0 0
66 222 0 0 0 0 0 0 0 0
68 3 2 2 0 0 0 0 0 0
74 146 68 66 0 0 0 0 0 0
78 815 57 55 815 0 0 0 0 0
fl=./misc/./misc/tsearch.c
fn=maybe_split_for_insert.isra.0
204 8 0 0 0 0 0 8 0 0
207 4 2 1 0 0 0 0 0 0
211 4 0 0 8 0 0 0 0 0
213 4 0 0 0 0 0 0 0 0
216 8 0 0 0 0 0 0 0 0
217 6 2 1 0 0 0 0 0 0
220 4 0 0 0 0 0 2 0 0
221 2 0 0 0 0 0 0 0 0
223 4 0 0 0 0 0 0 0 0
228 10 2 1 4 0 0 0 0 0
284 8 2 1 8 0 0 0 0 0
fn=tfind
372 1971 656 203 0 0 0 2628 0 0
376 657 0 0 0 0 0 0 0 0
377 656 0 0 0 0 0 0 0 0
382 4602 0 0 659 0 0 657 0 0
384 3 3 2 0 0 0 0 0 0
387 9 0 0 3 1 0 0 0 0
388 7 0 0 1 0 0 0 0 0
391 8 0 0 0 0 0 0 0 0
394 3284 656 206 3284 0 0 0 0 0
fn=tsearch
291 24 6 4 0 0 0 12 0 0
302 9 3 2 0 0 0 6 0 0
306 20 0 0 3 0 0 18 0 0
307 6 0 0 0 0 0 0 0 0
308 6 0 0 2 0 0 2 0 0
313 6 3 2 0 0 0 0 0 0
315 3 0 0 0 0 0 0 0 0
316 9 0 0 2 0 0 0 0 0
317 2 0 0 0 0 0 0 0 0
320 14 0 0 2 0 0 0 0 0
325 7 0 0 2 0 0 0 0 0
326 4 0 0 0 0 0 0 0 0
329 2 0 0 0 0 0 0 0 0
333 2 1 0 0 0 0 0 0 0
337 9 2 2 0 0 0 0 0 0
338 3 0 0 0 0 0 0 0 0
349 13 0 0 5 0 0 3 0 0
350 4 0 0 2 0 0 3 0 0
352 10 1 1 5 3 2 3 0 0
353 1 0 0 2 0 0 0 0 0
355 4 2 1 0 0 0 0 0 0
358 16 0 0 6 0 0 0 0 0
362 18 2 1 24 0 0 0 0 0
fl=./nptl/../string/bits/string_fortified.h
fn=pthread_cond_init@@GLIBC_2.17
59 6 0 0 0 0 0 12 1 0
fn=pthread_mutex_init@@GLIBC_2.17
59 9 2 2 0 0 0 18 5 5
fn=pthread_rwlock_init@@GLIBC_2.34
59 240 0 0 0 0 0 240 0 0
fl=./nptl/../sysdeps/nptl/futex-internal.h
fn=__pthread_once_slow
209 160 7 4 0 0 0 0 0 0
fn=pthread_rwlock_wrlock@@GLIBC_2.34
213 210 43 6 0 0 0 0 0 0
fl=./nptl/../sysdeps/unix/sysv/linux/sigsetops.h
fn=pthread_sigmask@@GLIBC_2.32
96 2 0 0 2 0 0 0 0 0
fl=./nptl/./nptl/cleanup_compat.c
fn=_pthread_cleanup_pop@@GLIBC_2.34
40 40 0 0 0 0 0 40 0 0
41 20 2 0 0 0 0 0 0 0
43 60 13 4 20 5 1 20 4 0
47 20 0 0 0 0 0 0 0 0
49 40 0 0 40 0 0 0 0 0
fn=_pthread_cleanup_push@@GLIBC_2.34
25 40 0 0 0 0 0 40 0 0
26 20 6 4 0 0 0 0 0 0
29 20 0 0 0 0 0 40 0 0
30 60 0 0 20 5 1 20 0 0
32 20 0 0 0 0 0 20 0 0
33 40 0 0 40 0 0 0 0 0
fl=./nptl/./nptl/libc-cleanup.c
fn=__libc_cleanup_pop_restore
54 96 14 8 0 0 0 120 0 0
55 24 0 0 0 0 0 0 0 0
57 72 0 0 24 0 0 24 0 0
59 48 0 0 24 0 0 0 0 0
60 48 0 0 24 0 0 0 0 0
61 24 0 0 0 0 0 0 0 0
77 96 13 8 120 0 0 0 0 0
fn=__libc_cleanup_push_defer
24 120 14 8 0 0 0 144 1 0
25 24 0 0 0 0 0 0 0 0
27 72 0 0 24 8 3 24 0 0
29 48 0 0 24 0 0 0 0 0
32 24 0 0 0 0 0 0 0 0
44 24 0 0 0 0 0 24 0 0
46 24 0 0 0 0 0 0 0 0
48 24 0 0 0 0 0 24 0 0
49 96 14 8 144 0 0 0 0 0
fl=./nptl/./nptl/pthread_cond_init.c
fn=pthread_cond_init@@GLIBC_2.17
27 4 1 1 0 0 0 4 0 0
38 6 0 0 2 0 0 0 0 0
44 2 0 0 0 0 0 0 0 0
45 6 0 0 2 0 0 2 0 0
47 2 0 0 0 0 0 0 0 0
50 6 0 0 4 0 0 0 0 0
fl=./nptl/./nptl/pthread_cond_signal.c
fn=pthread_cond_signal@@GLIBC_2.17
35 3142100 332760 1236 0 0 0 3770520 17417 88
36 628420 0 0 0 0 0 0 0 0
41 1256840 0 0 628420 286202 37609 0 0 0
42 1256840 0 0 0 0 0 0 0 0
96 3142100 573603 16061 3770520 0 0 0 0 0
fl=./nptl/./nptl/pthread_condattr_init.c
fn=pthread_condattr_init
24 3 1 1 0 0 0 2 0 0
31 1 0 0 0 0 0 1 0 0
34 3 0 0 2 0 0 0 0 0
fl=./nptl/./nptl/pthread_condattr_setclock.c
fn=pthread_condattr_setclock@@GLIBC_2.34
28 2 0 0 0 0 0 2 0 0
30 2 0 0 0 0 0 0 0 0
38 1 0 0 0 0 0 0 0 0
40 3 0 0 1 0 0 1 0 0
41 1 1 1 0 0 0 0 0 0
43 1 0 0 0 0 0 0 0 0
44 2 0 0 2 0 0 0 0 0
fl=./nptl/./nptl/pthread_getspecific.c
fn=pthread_getspecific@@GLIBC_2.34
24 603 66 7 0 0 0 402 0 0
29 402 0 0 0 0 0 0 0 0
30 804 0 0 0 0 0 0 0 0
36 288 41 4 0 0 0 0 0 0
54 201 0 0 201 62 7 0 0 0
55 201 0 0 0 0 0 0 0 0
59 399 34 3 114 29 4 0 0 0
64 402 40 3 402 0 0 0 0 0
fl=./nptl/./nptl/pthread_key_create.c
fn=pthread_key_create@@GLIBC_2.34
25 72 4 3 0 0 0 64 1 0
27 120 3 2 0 0 0 0 0 0
29 36 0 0 36 10 7 0 0 0
31 144 0 0 0 0 0 0 0 0
33 48 1 1 0 0 0 0 0 0
37 24 0 0 0 0 0 8 0 0
40 8 0 0 0 0 0 8 3 3
43 8 0 0 0 0 0 0 0 0
48 40 4 3 64 0 0 0 0 0
fl=./nptl/./nptl/pthread_key_delete.c
fn=pthread_key_delete@@GLIBC_2.34
25 24 2 2 0 0 0 24 0 0
28 16 1 1 0 0 0 0 0 0
30 40 0 0 8 6 1 0 0 0
32 8 0 0 0 0 0 0 0 0
33 48 0 0 0 0 0 0 0 0
36 8 0 0 0 0 0 0 0 0
40 24 0 0 24 0 0 0 0 0
fl=./nptl/./nptl/pthread_mutex_conf.c
fn=__pthread_tunables_init
55 9 1 1 2 0 0 4 0 0
56 6 0 0 0 0 0 0 0 0
58 5 1 1 0 0 0 0 0 0
60 5 0 0 0 0 0 0 0 0
62 11 1 1 6 0 0 0 0 0
fl=./nptl/./nptl/pthread_mutex_destroy.c
fn=pthread_mutex_destroy@@GLIBC_2.17
26 10 1 1 0 0 0 10 0 0
27 5 0 0 0 0 0 0 0 0
31 15 0 0 5 0 0 0 0 0
33 10 0 0 5 0 0 0 0 0
34 5 0 0 0 0 0 0 0 0
39 10 0 0 0 0 0 5 0 0
41 5 0 0 0 0 0 0 0 0
42 10 0 0 10 0 0 0 0 0
fl=./nptl/./nptl/pthread_mutex_init.c
fn=pthread_mutex_init@@GLIBC_2.17
53 33 2 2 6 2 0 21 0 0
65 9 2 2 0 0 0 0 0 0
92 6 0 0 0 0 0 0 0 0
94 3 0 0 0 0 0 0 0 0
105 21 2 2 0 0 0 0 0 0
134 3 2 2 0 0 0 0 0 0
136 9 0 0 0 0 0 0 0 0
140 6 0 0 0 0 0 3 0 0
149 3 0 0 0 0 0 0 0 0
151 3 0 0 0 0 0 0 0 0
152 36 0 0 27 0 0 0 0 0
fl=./nptl/./nptl/pthread_mutex_lock.c
fn=pthread_mutex_lock@@GLIBC_2.17
44 942920 0 0 942920 0 0 0 0 0
45 6600440 606839 54728 1885840 282807 428 0 0 0
46 2828480 0 0 0 0 0 942920 0 0
77 2828763 288012 1282 0 0 0 3771684 243 24
80 3771684 288629 44810 942921 598526 4970 0 0 0
82 942921 0 0 0 0 0 0 0 0
84 1885842 0 0 0 0 0 0 0 0
88 2828763 0 0 0 0 0 1885842 0 0
94 1885280 0 0 942640 0 0 0 0 0
108 1124 154 6 281 0 0 0 0 0
112 1885842 174 26 0 0 0 0 0 0
115 1124 0 0 562 156 3 0 0 0
118 3 0 0 1 0 0 0 0 0
122 2 0 0 0 0 0 1 0 0
124 942922 1 0 0 0 0 0 0 0
130 280 0 0 0 0 0 0 0 0
131 840 0 0 0 0 0 280 0 0
182 942920 0 0 942920 325816 868 0 0 0
184 2828760 151 4 942920 0 0 1885840 0 0
187 942920 0 0 0 0 0 0 0 0
190 3771684 0 0 5657526 0 0 0 0 0
fl=./nptl/./nptl/pthread_mutex_unlock.c
fn=__pthread_mutex_unlock_usercnt
39 942920 0 0 942920 0 0 0 0 0
40 4714600 337671 673 942920 15 2 0 0 0
41 942920 0 0 0 0 0 942920 0 0
48 4714605 0 0 0 0 0 3771684 1 0
51 3771684 290353 709 942921 42 9 0 0 0
52 1885842 0 0 0 0 0 0 0 0
57 942921 0 0 0 0 0 0 0 0
62 942920 0 0 0 0 0 942920 0 0
63 942920 0 0 0 0 0 0 0 0
65 3771680 335914 863 942920 0 0 942920 0 0
70 942920 0 0 0 0 0 0 0 0
72 942921 1 0 0 0 0 0 0 0
74 562 151 6 0 0 0 0 0 0
80 1124 129 26 281 0 0 0 0 0
84 1686 0 0 562 18 1 0 0 0
87 1404 125 28 281 0 0 281 0 0
104 2828763 0 0 3771684 0 0 0 0 0
fn=pthread_mutex_unlock@@GLIBC_2.17
367 1885842 288537 754 0 0 0 1885842 21 4
368 1885842 0 0 0 0 0 0 0 0
369 942921 286653 748 1885842 0 0 0 0 0
fl=./nptl/./nptl/pthread_once.c
fn=__pthread_once_slow
68 240 14 8 40 3 0 140 1 0
76 20 0 0 20 0 0 0 0 0
80 20 0 0 0 0 0 0 0 0
88 60 6 4 20 7 4 0 0 0
92 140 0 0 0 0 0 0 0 0
101 80 7 4 0 0 0 0 0 0
114 300 17 8 0 0 0 160 2 0
116 20 0 0 0 0 0 0 0 0
118 60 3 0 0 0 0 0 0 0
124 40 0 0 0 0 0 20 4 0
132 260 2 0 180 8 1 0 0 0
fn=pthread_once@@GLIBC_2.34
136 2380 212 9 0 0 0 2380 18 2
139 1190 0 0 1190 110 14 0 0 0
140 1190 0 0 0 0 0 0 0 0
143 20 0 0 0 0 0 0 0 0
144 3530 7 4 2380 0 0 0 0 0
fl=./nptl/./nptl/pthread_rwlock_common.c
fn=pthread_rwlock_rdlock@@GLIBC_2.34
298 22400 671 213 6400 1884 633 0 0 0
310 9600 0 0 3200 621 220 0 0 0
353 12800 0 0 0 0 0 0 0 0
370 3200 0 0 0 0 0 0 0 0
390 3200 0 0 0 0 0 0 0 0
391 3200 0 0 0 0 0 0 0 0
396 285 43 4 0 0 0 0 0 0
402 665 0 0 0 0 0 0 0 0
413 475 48 4 0 0 0 0 0 0
fn=pthread_rwlock_unlock@@GLIBC_2.34
221 18844 722 219 4711 0 0 0 0 0
232 3200 0 0 3200 0 0 0 0 0
236 3200 0 0 0 0 0 0 0 0
240 6400 0 0 0 0 0 0 0 0
243 9600 735 211 0 0 0 0 0 0
244 6400 0 0 0 0 0 0 0 0
254 25600 0 0 0 0 0 0 0 0
259 3200 0 0 0 0 0 0 0 0
275 6400 666 208 0 0 0 0 0 0
531 1511 0 0 0 0 0 1511 0 0
535 6044 0 0 0 0 0 0 0 0
536 1511 0 0 0 0 0 0 0 0
538 3022 43 7 1511 21 3 0 0 0
559 1511 0 0 1511 0 0 0 0 0
561 15110 0 0 0 0 0 0 0 0
569 3022 0 0 0 0 0 0 0 0
582 1511 79 6 0 0 0 0 0 0
fn=pthread_rwlock_wrlock@@GLIBC_2.34
603 10577 0 0 3022 64 11 0 0 0
622 7555 0 0 0 0 0 3022 0 0
624 3022 0 0 0 0 0 0 0 0
778 4533 61 6 0 0 0 1511 0 0
783 3022 0 0 0 0 0 0 0 0
789 420 0 0 0 0 0 0 0 0
795 1470 0 0 0 0 0 0 0 0
802 315 29 2 0 0 0 105 0 0
947 3022 48 5 1511 0 0 1511 0 0
949 3022 0 0 3022 0 0 0 0 0
fl=./nptl/./nptl/pthread_rwlock_destroy.c
fn=pthread_rwlock_destroy@@GLIBC_2.34
24 92 2 2 0 0 0 92 0 0
25 46 0 0 0 0 0 0 0 0
29 138 2 1 92 0 0 0 0 0
fl=./nptl/./nptl/pthread_rwlock_init.c
fn=pthread_rwlock_init@@GLIBC_2.34
34 180 25 2 0 0 0 120 0 0
46 240 0 0 0 0 0 0 0 0
50 120 1 1 120 27 2 60 0 0
53 180 0 0 0 0 0 60 0 0
56 180 0 0 120 0 0 0 0 0
fl=./nptl/./nptl/pthread_rwlock_rdlock.c
fn=pthread_rwlock_rdlock@@GLIBC_2.34
23 12800 667 210 0 0 0 12800 516 0
24 3200 0 0 0 0 0 0 0 0
27 3200 0 0 0 0 0 0 0 0
29 12800 872 209 12800 0 0 0 0 0
fl=./nptl/./nptl/pthread_rwlock_unlock.c
fn=pthread_rwlock_unlock@@GLIBC_2.34
30 28266 671 212 0 0 0 37688 163 1
31 4711 0 0 0 0 0 0 0 0
38 23555 0 0 9422 76 0 0 0 0
39 9422 0 0 0 0 0 0 0 0
44 28266 14 5 37688 0 0 0 0 0
fl=./nptl/./nptl/pthread_rwlock_wrlock.c
fn=pthread_rwlock_wrlock@@GLIBC_2.34
23 7555 659 11 0 0 0 9066 5 0
24 1511 0 0 0 0 0 0 0 0
27 1511 0 0 0 0 0 0 0 0
29 7555 0 0 9066 0 0 0 0 0
fl=./nptl/./nptl/pthread_self.c
fn=pthread_self
24 718509 628688 835 0 0 0 0 0 0
25 1437018 0 0 0 0 0 0 0 0
fl=./nptl/./nptl/pthread_setspecific.c
fn=pthread_setspecific@@GLIBC_2.34
25 48 3 3 0 0 0 48 0 0
32 8 0 0 0 0 0 0 0 0
36 16 0 0 0 0 0 0 0 0
39 48 0 0 8 3 1 0 0 0
41 8 0 0 0 0 0 0 0 0
43 24 3 3 0 0 0 0 0 0
46 8 0 0 0 0 0 0 0 0
47 15 0 0 0 0 0 5 2 2
66 8 0 0 0 0 0 0 0 0
87 8 0 0 0 0 0 16 0 0
90 32 0 0 48 0 0 0 0 0
fl=./nptl/./nptl/pthread_sigmask.c
fn=pthread_sigmask@@GLIBC_2.32
25 20 1 1 4 0 0 6 0 0
30 2 0 0 0 0 0 0 0 0
32 4 1 1 0 0 0 0 0 0
40 10 0 0 0 0 0 0 0 0
45 4 0 0 0 0 0 0 0 0
46 20 1 1 10 0 0 0 0 0
fl=./nptl/./nptl/pthread_testcancel.c
fn=pthread_testcancel@@GLIBC_2.34
24 576 131 81 0 0 0 576 8 2
25 192 0 0 0 0 0 0 0 0
26 576 0 0 192 124 82 0 0 0
27 768 0 0 0 0 0 0 0 0
32 576 0 0 576 0 0 0 0 0
fl=./nptl/./nptl/sem_destroy.c
fn=sem_destroy@@GLIBC_2.34
25 5552 1817 1602 0 0 0 5552 1 0
30 8328 0 0 5552 0 0 0 0 0
fl=./nptl/./nptl/sem_init.c
fn=sem_init@@GLIBC_2.34
28 5568 1824 1793 0 0 0 5568 0 0
32 5568 0 0 0 0 0 0 0 0
50 5568 0 0 0 0 0 2784 0 0
58 2784 0 0 0 0 0 2784 0 0
59 8352 1825 1816 0 0 0 0 0 0
61 2784 0 0 0 0 0 0 0 0
62 5568 0 0 5568 0 0 0 0 0
fl=./nptl/./nptl/sem_post.c
fn=sem_post@@GLIBC_2.34
33 62895 10166 1701 0 0 0 75474 299 0
35 12579 0 0 12579 2673 9 0 0 0
43 12579 0 0 12579 0 0 0 0 0
46 37737 0 0 0 0 0 0 0 0
52 88053 10736 1665 0 0 0 0 0 0
55 25158 0 0 0 0 0 0 0 0
76 12579 0 0 0 0 0 0 0 0
77 50316 0 0 75474 0 0 0 0 0
fl=./nptl/./nptl/sem_wait.c
fn=sem_trywait@@GLIBC_2.34
78 49552 9331 1804 0 0 0 49552 0 0
82 12387 0 0 0 0 0 0 0 0
83 5 0 0 1 1 0 1 1 0
84 2 0 0 0 0 0 0 0 0
85 37164 0 0 49552 0 0 0 0 0
fn=sem_wait@@GLIBC_2.34
25 768 128 78 0 0 0 768 0 0
37 192 0 0 0 0 0 0 0 0
44 768 124 15 768 0 0 0 0 0
fl=./nptl/./nptl/sem_waitcommon.c
fn=sem_trywait@@GLIBC_2.34
136 12388 0 0 12388 6442 2190 0 0 0
139 12388 0 0 0 0 0 0 0 0
141 86712 9495 1381 0 0 0 0 0 0
fn=sem_wait@@GLIBC_2.34
136 192 0 0 192 124 90 0 0 0
139 192 0 0 0 0 0 0 0 0
141 1152 0 0 0 0 0 0 0 0
fl=./posix/../malloc/dynarray-skeleton.c
fn=__unregister_atfork
243 68 0 0 34 1 1 0 0 0
fl=./posix/../sysdeps/posix/sysconf.c
fn=sysconf
60 160 19 8 10 3 2 0 0 0
83 3 2 1 0 0 0 0 0 0
221 27 4 2 0 0 0 0 0 0
fl=./posix/../sysdeps/unix/syscall-template.S
fn=getegid
91 3 1 1 0 0 0 0 0 0
93 1 0 0 0 0 0 0 0 0
fn=geteuid
91 3 1 1 0 0 0 0 0 0
93 1 0 0 0 0 0 0 0 0
fn=getgid
91 3 1 1 0 0 0 0 0 0
93 1 0 0 0 0 0 0 0 0
fn=getuid
91 3 1 1 0 0 0 0 0 0
93 1 0 0 0 0 0 0 0 0
fn=uname
120 15 3 3 0 0 0 0 0 0
122 3 0 0 0 0 0 0 0 0
fl=./posix/../sysdeps/unix/sysv/linux/_exit.c
fn=_Exit
27 3 1 1 0 0 0 2 0 0
30 6 0 0 1 0 0 0 0 0
fl=./posix/../sysdeps/unix/sysv/linux/aarch64/sysconf.c
fn=sysconf
29 110 9 3 22 2 0 55 1 0
39 44 0 0 0 0 0 0 0 0
50 121 0 0 77 0 0 0 0 0
fl=./posix/../sysdeps/unix/sysv/linux/sysconf-sigstksz.h
fn=sysconf
24 3 1 1 2 1 0 0 0 0
25 1 0 0 0 0 0 0 0 0
28 3 0 0 0 0 0 0 0 0
31 1 0 0 0 0 0 0 0 0
fl=./posix/../sysdeps/unix/sysv/linux/sysconf.c
fn=sysconf
49 96 17 6 0 0 0 0 0 0
91 1 0 0 0 0 0 0 0 0
fl=./posix/./posix/confstr.c
fn=confstr
33 20 2 2 4 3 0 10 0 0
41 12 3 3 0 0 0 0 0 0
253 3 1 1 0 0 0 0 0 0
254 1 0 0 0 0 0 0 0 0
259 3 2 2 0 0 0 0 0 0
260 1 0 0 0 0 0 0 0 0
280 6 2 2 0 0 0 0 0 0
282 4 0 0 0 0 0 0 0 0
283 8 1 1 0 0 0 0 0 0
291 24 2 2 14 0 0 0 0 0
fl=./posix/./posix/register-atfork.c
fn=__unregister_atfork
71 34 0 0 0 0 0 0 0 0
82 170 1 1 0 0 0 170 0 0
83 238 1 1 0 0 0 0 0 0
109 204 1 1 0 0 0 0 0 0
110 136 0 0 170 0 0 0 0 0
fl=./resource/../sysdeps/unix/sysv/linux/getrlimit64.c
fn=getrlimit
38 2 1 1 0 0 0 2 0 0
39 8 0 0 0 0 0 0 0 0
40 2 0 0 2 0 0 0 0 0
fl=./setjmp/../sysdeps/aarch64/setjmp.S
fn=__sigsetjmp
36 322 168 28 0 0 0 0 0 0
40 323 1 1 0 0 0 646 1 0
41 323 0 0 0 0 0 646 42 14
42 323 0 0 0 0 0 646 5 2
43 323 0 0 0 0 0 646 15 4
44 323 0 0 0 0 0 646 15 3
47 970 0 0 324 141 22 0 0 0
48 323 0 0 0 0 0 646 41 16
55 323 0 0 0 0 0 0 0 0
56 323 0 0 0 0 0 646 31 6
57 323 0 0 0 0 0 646 1 0
58 323 0 0 0 0 0 646 40 17
59 323 0 0 0 0 0 646 2 1
61 323 1 1 0 0 0 0 0 0
62 970 169 28 324 0 0 0 0 0
63 323 0 0 0 0 0 323 0 0
70 322 0 0 0 0 0 0 0 0
71 322 0 0 0 0 0 0 0 0
73 1 0 0 0 0 0 0 0 0
fn=_setjmp
30 1 1 1 0 0 0 0 0 0
31 1 0 0 0 0 0 0 0 0
32 1 0 0 0 0 0 0 0 0
fl=./setjmp/./setjmp/sigjmp.c
fn=__sigjmp_save
28 4 0 0 0 0 0 3 0 0
29 1 0 0 0 0 0 1 0 0
30 1 0 0 0 0 0 0 0 0
34 4 1 1 3 0 0 0 0 0
fl=./signal/../string/bits/string_fortified.h
fn=__libc_sigaction
29 657 7 7 584 0 0 584 3 0
fl=./signal/../sysdeps/unix/sysv/linux/internal-signals.h
fn=sigaction
53 70 0 0 0 0 0 0 0 0
fn=sigdelset
53 5 0 0 0 0 0 0 0 0
fl=./signal/../sysdeps/unix/sysv/linux/libc_sigaction.c
fn=__libc_sigaction
43 612 4 3 136 5 1 204 0 0
48 68 0 0 0 0 0 0 0 0
50 12 0 0 6 0 0 0 0 0
52 18 0 0 6 0 0 12 1 0
53 6 0 0 0 0 0 0 0 0
58 555 6 5 0 0 0 0 0 0
63 204 0 0 0 0 0 0 0 0
65 201 0 0 67 0 0 67 0 0
67 67 0 0 0 0 0 67 0 0
68 134 0 0 134 0 0 67 0 0
71 680 3 3 340 0 0 0 0 0
fl=./signal/../sysdeps/unix/sysv/linux/sigprocmask.c
fn=sigprocmask
24 4 1 1 0 0 0 4 0 0
25 2 0 0 0 0 0 0 0 0
26 2 0 0 0 0 0 0 0 0
30 4 0 0 4 0 0 0 0 0
fl=./signal/../sysdeps/unix/sysv/linux/sigsetops.h
fn=sigdelset
110 10 0 0 0 0 0 0 0 0
112 15 0 0 5 0 0 5 0 0
fn=sigemptyset
54 4 0 0 0 0 0 4 0 0
fn=sigfillset
112 2 0 0 0 0 0 1 0 0
fl=./signal/./signal/allocrtsig.c
fn=__libc_current_sigrtmax
46 2 1 0 0 0 0 2 0 0
48 1 0 0 0 0 0 0 0 0
52 3 0 0 3 1 0 0 0 0
fn=__libc_current_sigrtmin
34 2 1 1 0 0 0 2 0 0
36 1 0 0 0 0 0 0 0 0
40 3 1 1 3 1 1 0 0 0
fl=./signal/./signal/sigaction.c
fn=sigaction
26 140 4 3 0 0 0 140 0 0
27 350 4 4 0 0 0 0 0 0
29 10 0 0 2 1 0 2 1 0
33 68 0 0 0 0 0 0 0 0
34 74 0 0 140 0 0 0 0 0
fl=./signal/./signal/sigdelset.c
fn=sigdelset
26 15 1 1 0 0 0 10 0 0
27 20 1 1 0 0 0 0 0 0
28 10 0 0 0 0 0 0 0 0
35 5 0 0 0 0 0 0 0 0
36 10 0 0 10 0 0 0 0 0
fl=./signal/./signal/sigempty.c
fn=sigemptyset
26 8 3 2 0 0 0 8 0 0
27 8 0 0 0 0 0 0 0 0
34 4 0 0 0 0 0 0 0 0
35 8 0 0 8 0 0 0 0 0
fl=./signal/./signal/sigfillset.c
fn=sigfillset
26 2 1 1 0 0 0 2 0 0
27 2 0 0 0 0 0 0 0 0
35 1 0 0 0 0 0 0 0 0
36 2 0 0 2 0 0 0 0 0
fl=./stdio-common/../include/printf_buffer.h
fn=__printf_buffer
148 54 15 1 36 0 0 0 0 0
149 87 0 0 0 0 0 36 0 0
163 603834 61093 28635 0 0 0 0 0 0
164 72 9 2 18 0 0 18 0 0
fl=./stdio-common/../string/bits/string_fortified.h
fn=__printf_buffer_pad_1
59 27 0 0 0 0 0 0 0 0
fn=__printf_buffer_write
29 460893 0 0 0 0 0 0 0 0
fl=./stdio-common/./stdio-common/Xprintf_buffer_done.c
fn=__printf_buffer_done
25 304442 60242 48922 0 0 0 304442 0 0
26 304442 0 0 152221 0 0 0 0 0
31 304442 0 0 304442 0 0 0 0 0
33 1369989 61208 58809 152221 0 0 0 0 0
40 304442 0 0 304442 0 0 0 0 0
fl=./stdio-common/./stdio-common/Xprintf_buffer_pad_1.c
fn=__printf_buffer_pad_1
24 36 9 1 0 0 0 36 0 0
25 18 0 0 9 0 0 0 0 0
33 72 9 1 18 0 0 18 0 0
35 9 9 1 18 0 0 0 0 0
36 9 0 0 0 0 0 0 0 0
37 18 0 0 0 0 0 0 0 0
40 27 0 0 9 0 0 9 0 0
43 18 0 0 0 0 0 0 0 0
44 27 0 0 36 0 0 0 0 0
fl=./stdio-common/./stdio-common/Xprintf_buffer_write.c
fn=__printf_buffer_write
27 1827204 60122 57433 0 0 0 1827204 33428 1244
28 1827204 61219 27371 456801 0 0 913602 0 0
31 764063 0 0 0 0 0 0 0 0
33 921786 62346 28650 307262 0 0 0 0 0
35 456801 60264 2623 913602 0 0 0 0 0
36 153631 0 0 0 0 0 0 0 0
37 307262 0 0 0 0 0 0 0 0
40 460893 0 0 153631 0 0 153631 0 0
41 153631 0 0 0 0 0 0 0 0
44 1370403 0 0 1827204 0 0 0 0 0
fl=./stdio-common/./stdio-common/_itoa.c
fn=_itoa_word
169 603832 61090 5310 0 0 0 301916 0 0
172 905748 0 0 0 0 0 0 0 0
174 334408 14799 2558 0 0 0 0 0 0
183 1617484 90453 46326 134806 45226 43812 134806 0 0
184 97476 14799 14308 16246 14807 297 16246 0 0
192 301916 0 0 301916 0 0 0 0 0
fl=./stdio-common/./stdio-common/errlist.c
fn=__get_errlist
27 1306 653 208 0 0 0 1306 0 0
29 3918 0 0 653 568 207 0 0 0
30 1959 0 0 653 653 207 0 0 0
31 653 0 0 0 0 0 0 0 0
32 1306 0 0 1306 0 0 0 0 0
fl=./stdio-common/./stdio-common/flockfile.c
fn=flockfile
24 825 114 1 0 0 0 825 34 1
25 1815 229 2 495 174 0 330 0 0
26 660 0 0 825 0 0 0 0 0
fl=./stdio-common/./stdio-common/funlockfile.c
fn=funlockfile
25 495 116 1 0 0 0 495 0 0
26 1320 116 1 495 0 0 330 0 0
27 495 115 1 495 0 0 0 0 0
fl=./stdio-common/./stdio-common/printf-parse.h
fn=__printf_buffer
82 1370265 0 0 152221 0 0 152221 0 0
fn=read_int
52 297 75 57 0 0 0 198 0 0
53 396 0 0 198 0 0 0 0 0
55 1419 0 0 253 0 0 253 0 0
56 154 75 57 0 0 0 0 0 0
58 504 0 0 0 0 0 0 0 0
59 98 0 0 0 0 0 0 0 0
64 308 0 0 0 0 0 0 0 0
65 252 0 0 0 0 0 0 0 0
68 462 0 0 0 0 0 0 0 0
73 198 75 58 198 0 0 0 0 0
fl=./stdio-common/./stdio-common/vfprintf-internal.c
fn=__printf_buffer
600 2739978 121197 78486 456663 0 0 1674431 127597 20
627 1217768 0 0 304442 113348 10 761105 100270 1771
631 152221 0 0 0 0 0 152221 0 0
634 913326 0 0 0 0 0 761105 0 0
638 1065547 60046 1818 761105 0 0 608884 82344 1617
642 152221 0 0 0 0 0 0 0 0
649 304442 0 0 0 0 0 152221 58875 864
653 608884 0 0 0 0 0 0 0 0
655 304442 60030 7143 152221 0 0 0 0 0
659 304442 0 0 152221 0 0 0 0 0
663 1826652 0 0 456663 60085 901 456663 0 0
683 152290 0 0 0 0 0 152290 0 0
684 152290 0 0 0 0 0 152290 0 0
685 152290 0 0 0 0 0 152290 0 0
686 152290 0 0 0 0 0 152290 0 0
687 152290 0 0 0 0 0 0 0 0
690 152290 0 0 0 0 0 0 0 0
691 152290 0 0 0 0 0 0 0 0
692 152290 0 0 0 0 0 0 0 0
693 152290 0 0 0 0 0 0 0 0
694 152290 0 0 0 0 0 152290 0 0
695 152290 0 0 0 0 0 0 0 0
698 152290 0 0 0 0 0 0 0 0
699 304580 0 0 0 0 0 152290 0 0
705 3502118 243777 96174 913740 164476 103799 608953 43279 389
714 36 0 0 0 0 0 18 0 0
715 306 36 2 90 0 0 18 0 0
813 297 150 116 99 0 0 99 0 0
814 297 0 0 99 21 21 0 0 0
840 297 0 0 0 0 0 0 0 0
842 495 150 83 0 0 0 198 0 0
846 198 0 0 0 0 0 0 0 0
854 99 0 0 0 0 0 0 0 0
855 1782 75 58 693 90 61 0 0 0
870 89516 0 0 0 0 0 0 0 0
871 1521772 89552 88295 447580 44774 2872 89516 0 0
883 35 35 2 0 0 0 0 0 0
891 35 0 0 0 0 0 0 0 0
892 35 0 0 0 0 0 0 0 0
893 595 35 34 175 70 35 35 0 0
1018 152290 0 0 0 0 0 0 0 0
1024 456870 60111 45261 152290 0 0 152290 0 0
1028 609160 60075 57538 0 0 0 0 0 0
1031 1370265 0 0 1065685 0 0 0 0 0
1044 1826652 61219 44479 1369989 0 0 0 0 0
fl=./stdio-common/./stdio-common/vfprintf-process-arg.c
fn=__printf_buffer
35 404136 15 1 0 0 0 134712 0 0
48 134712 0 0 0 0 0 0 0 0
49 1119773 134816 48768 492916 0 0 89551 0 0
50 45161 45159 44166 0 0 0 0 0 0
52 45161 45159 43763 0 0 0 0 0 0
53 496771 135475 97041 180644 0 0 45161 0 0
57 134712 0 0 0 0 0 0 0 0
58 134727 0 0 0 0 0 0 0 0
78 32492 14818 13509 0 0 0 16246 0 0
79 16246 14807 2908 0 0 0 0 0 0
92 16246 0 0 0 0 0 0 0 0
93 16246 14818 5767 0 0 0 16246 0 0
126 16246 0 0 0 0 0 0 0 0
127 16246 0 0 16246 0 0 0 0 0
128 16246 0 0 0 0 0 0 0 0
130 16246 14800 837 0 0 0 0 0 0
131 178706 30677 21631 64984 0 0 16246 0 0
136 452856 45223 2785 0 0 0 0 0 0
138 301880 0 0 0 0 0 0 0 0
147 18 0 0 0 0 0 0 0 0
155 1811496 60024 12001 301916 0 0 603832 0 0
161 1056706 60022 45288 150958 0 0 0 0 0
166 452874 0 0 301916 0 0 0 0 0
170 150958 0 0 0 0 0 0 0 0
186 754790 60006 44106 0 0 0 0 0 0
187 1086828 119842 4451 211318 0 0 0 0 0
195 603886 18 1 0 0 0 18 0 0
197 301916 0 0 150958 0 0 0 0 0
199 603832 61070 2879 150958 0 0 0 0 0
201 905748 120083 115581 301916 0 0 167204 0 0
206 150958 0 0 0 0 0 0 0 0
208 754790 0 0 301916 0 0 0 0 0
209 18 0 0 0 0 0 0 0 0
211 452874 60005 5957 150958 0 0 0 0 0
217 18 18 3 0 0 0 0 0 0
219 6 0 0 3 0 0 0 0 0
224 150958 15 2 0 0 0 0 0 0
233 150958 0 0 0 0 0 0 0 0
236 150958 0 0 0 0 0 0 0 0
240 754790 61046 15970 150958 0 0 0 0 0
403 15984 2458 239 6660 0 0 1332 0 0
408 1332 0 0 0 0 0 0 0 0
422 5328 92 61 0 0 0 0 0 0
430 2664 0 0 0 0 0 0 0 0
433 324 0 0 0 0 0 0 0 0
435 3753 119 4 0 0 0 0 0 0
455 6660 226 116 1332 0 0 0 0 0
461 4 0 0 2 0 0 0 0 0
463 5328 0 0 0 0 0 0 0 0
464 1332 0 0 0 0 0 0 0 0
fl=./stdlib/../include/rounding-mode.h
fn=round_and_return
46 68 0 0 0 0 0 0 0 0
52 17 0 0 0 0 0 0 0 0
fl=./stdlib/../include/scratch_buffer.h
fn=realpath@@GLIBC_2.17
77 5 1 1 0 0 0 2 2 2
78 4 0 0 0 0 0 4 1 1
85 9 1 1 3 0 0 0 0 0
101 7 0 0 0 0 0 3 0 0
fl=./stdlib/../stdlib/gmp.h
fn=str_to_mpn.part.0.constprop.0
452 17 0 0 0 0 0 0 0 0
fl=./stdlib/../stdlib/strtol.c
fn=__isoc23_strtol
125 26426 13188 3179 0 0 0 26426 0 0
126 92491 0 0 26426 26383 1278 0 0 0
128 13213 0 0 26426 0 0 0 0 0
fl=./stdlib/../stdlib/strtol_l.c
fn=____strtol_l_internal
238 118917 13189 4196 0 0 0 118917 0 0
252 13213 0 0 13213 13188 13176 0 0 0
257 13213 0 0 0 0 0 0 0 0
258 13213 0 0 0 0 0 0 0 0
264 13213 0 0 0 0 0 0 0 0
292 13213 0 0 0 0 0 0 0 0
295 39639 0 0 0 0 0 0 0 0
298 80 0 0 0 0 0 0 0 0
301 13213 0 0 0 0 0 0 0 0
304 66065 13189 1085 39639 26392 2395 0 0 0
306 13213 0 0 0 0 0 0 0 0
310 13213 0 0 0 0 0 0 0 0
311 39639 13186 3907 0 0 0 26426 0 0
317 39639 0 0 0 0 0 0 0 0
320 39639 0 0 13213 0 0 0 0 0
335 13213 0 0 0 0 0 0 0 0
342 26426 13188 11406 0 0 0 0 0 0
345 66065 0 0 0 0 0 0 0 0
393 13213 0 0 0 0 0 0 0 0
394 13213 0 0 0 0 0 0 0 0
449 26346 0 0 13173 0 0 0 0 0
451 92371 13199 1035 0 0 0 0 0 0
453 52852 13212 1185 0 0 0 0 0 0
460 40 0 0 0 0 0 0 0 0
477 26546 0 0 13253 13210 13181 0 0 0
478 39799 0 0 13253 18 6 0 0 0
481 26426 13201 1089 0 0 0 0 0 0
484 52692 0 0 0 0 0 0 0 0
489 13213 0 0 0 0 0 0 0 0
490 13173 0 0 0 0 0 0 0 0
495 26426 0 0 0 0 0 0 0 0
500 13173 0 0 0 0 0 0 0 0
501 13173 0 0 0 0 0 13173 0 0
506 13173 0 0 0 0 0 0 0 0
507 26346 0 0 26346 0 0 0 0 0
509 26346 0 0 0 0 0 0 0 0
533 40 16 3 0 0 0 0 0 0
535 120 0 0 0 0 0 0 0 0
537 40 22 3 80 0 0 0 0 0
542 40 0 0 0 0 0 40 0 0
546 79278 0 0 118917 0 0 0 0 0
fl=./stdlib/../string/bits/string_fortified.h
fn=__add_to_environ
29 4 0 0 0 0 0 0 0 0
fn=msort_with_tmp.part.0
29 20366 4 3 6828 34 0 0 0 0
fn=realpath@@GLIBC_2.17
79 4 0 0 1 0 0 0 0 0
fl=./stdlib/../sysdeps/aarch64/fpu/get-rounding-mode.h
fn=round_and_return
34 17 0 0 0 0 0 0 0 0
35 17 0 0 0 0 0 0 0 0
fl=./stdlib/../sysdeps/ieee754/ldbl-128/mpn2ldbl.c
fn=__mpn_construct_long_double
30 34 17 1 0 0 0 34 0 0
34 85 0 0 0 0 0 0 0 0
42 68 17 2 17 0 0 0 0 0
43 17 0 0 0 0 0 0 0 0
44 34 0 0 17 0 0 0 0 0
45 34 0 0 0 0 0 0 0 0
51 34 0 0 0 0 0 0 0 0
52 34 0 0 34 0 0 0 0 0
fl=./stdlib/../sysdeps/unix/sysv/linux/getrandom.c
fn=getrandom
28 72 24 9 0 0 0 96 0 0
29 240 0 0 24 0 0 0 0 0
30 96 24 24 96 0 0 0 0 0
fl=./stdlib/./stdlib/canonicalize.c
fn=realpath@@GLIBC_2.17
118 14 0 0 3 0 0 0 0 0
122 2 0 0 0 0 0 0 0 0
123 6 0 0 2 0 0 0 0 0
125 8 0 0 0 0 0 0 0 0
195 1 0 0 0 0 0 0 0 0
205 6 0 0 1 0 0 2 0 0
213 1 0 0 0 0 0 0 0 0
221 2 0 0 0 0 0 0 0 0
223 3 0 0 0 0 0 0 0 0
225 5 1 1 1 0 0 0 0 0
234 3 2 2 0 0 0 0 0 0
252 20 2 2 8 0 0 2 0 0
255 17 2 2 2 0 0 1 0 0
259 181 0 0 35 0 0 2 0 0
266 9 0 0 3 0 0 0 0 0
268 6 1 1 0 0 0 0 0 0
270 9 0 0 0 0 0 0 0 0
283 9 1 1 3 0 0 0 0 0
284 12 0 0 0 0 0 3 0 0
286 9 0 0 3 0 0 0 0 0
287 12 1 1 0 0 0 0 0 0
296 18 1 1 3 0 0 3 0 0
297 3 0 0 0 0 0 3 0 0
303 3 0 0 3 0 0 0 0 0
305 21 0 0 3 0 0 3 0 0
306 9 0 0 3 0 0 0 0 0
311 3 1 1 0 0 0 0 0 0
343 1 0 0 0 0 0 2 0 0
372 21 1 1 6 0 0 0 0 0
378 6 1 1 1 0 0 0 0 0
386 2 0 0 0 0 0 1 0 0
387 2 0 0 1 0 0 0 0 0
392 3 0 0 0 0 0 0 0 0
395 1 0 0 0 0 0 0 0 0
426 13 2 2 2 1 0 11 2 2
436 14 0 0 11 0 0 0 0 0
fl=./stdlib/./stdlib/cxa_atexit.c
fn=__cxa_atexit
67 108 3 3 0 0 0 108 0 0
68 162 0 0 0 0 0 0 0 0
69 54 3 3 108 0 0 0 0 0
fn=__internal_atexit
36 216 3 3 0 0 0 324 0 0
41 54 0 0 0 0 0 0 0 0
43 540 3 3 54 1 0 0 0 0
44 162 0 0 0 0 0 0 0 0
46 54 0 0 0 0 0 0 0 0
52 216 0 0 108 4 2 0 0 0
53 54 0 0 0 0 0 108 0 0
55 54 0 0 0 0 0 108 15 14
56 54 0 0 0 0 0 0 0 0
57 324 3 3 54 0 0 0 0 0
58 54 0 0 0 0 0 0 0 0
59 216 0 0 324 0 0 0 0 0
fn=__new_exitfn
80 216 3 3 0 0 0 216 0 0
81 54 0 0 0 0 0 0 0 0
86 162 0 0 54 3 3 0 0 0
91 219 0 0 55 3 3 0 0 0
93 161 3 3 54 3 2 0 0 0
94 266 0 0 53 1 1 0 0 0
101 1 0 0 0 0 0 1 0 0
104 106 2 2 0 0 0 0 0 0
108 1 0 0 0 0 0 0 0 0
112 4 1 1 0 0 0 0 0 0
113 1 0 0 0 0 0 0 0 0
115 1 0 0 0 0 0 1 0 0
116 1 0 0 0 0 0 1 0 0
122 2 0 0 0 0 0 0 0 0
123 4 1 1 0 0 0 2 0 0
129 104 0 0 0 0 0 0 0 0
130 104 0 0 0 0 0 52 0 0
134 2 0 0 0 0 0 0 0 0
136 108 0 0 0 0 0 54 1 1
137 216 1 1 54 0 0 54 0 0
141 162 0 0 216 0 0 0 0 0
fl=./stdlib/./stdlib/cxa_finalize.c
fn=__cxa_finalize
30 272 0 0 0 0 0 408 0 0
33 204 2 2 34 1 0 0 0 0
36 170 1 1 68 1 0 0 0 0
40 204 0 0 34 3 0 0 0 0
43 34 0 0 0 0 0 0 0 0
78 68 0 0 34 3 1 0 0 0
81 68 0 0 34 0 0 0 0 0
93 170 0 0 68 0 0 0 0 0
97 204 1 1 34 2 1 0 0 0
104 34 0 0 0 0 0 0 0 0
105 68 0 0 0 0 0 0 0 0
106 204 1 1 34 0 0 0 0 0
107 238 0 0 408 0 0 0 0 0
fl=./stdlib/./stdlib/cxa_thread_atexit_impl.c
fn=__call_tls_dtors
148 4 1 1 0 0 0 6 1 1
149 5 0 0 2 0 0 0 0 0
165 4 2 2 6 0 0 0 0 0
fl=./stdlib/./stdlib/exit.c
fn=__run_exit_handlers
38 10 2 2 0 0 0 12 1 1
40 1 0 0 0 0 0 0 0 0
41 2 1 1 0 0 0 0 0 0
43 6 0 0 1 0 0 0 0 0
54 2 0 0 2 1 1 0 0 0
56 2 0 0 0 0 0 0 0 0
60 3 0 0 0 0 0 1 1 1
64 112 3 1 56 1 1 0 0 0
66 108 0 0 0 0 0 54 0 0
67 55 0 0 54 1 1 0 0 0
69 324 0 0 54 25 25 0 0 0
91 2 0 0 1 1 1 0 0 0
94 2 0 0 1 0 0 0 0 0
101 54 0 0 0 0 0 54 0 0
103 54 2 1 108 2 1 0 0 0
104 108 1 1 54 1 0 0 0 0
107 270 0 0 0 0 0 0 0 0
108 162 0 0 0 0 0 0 0 0
109 270 2 0 0 0 0 0 0 0
113 162 3 1 54 1 0 0 0 0
119 4 1 1 2 0 0 2 0 0
120 2 0 0 0 0 0 0 0 0
123 2 0 0 0 0 0 0 0 0
126 6 1 0 1 0 0 0 0 0
128 1 0 0 0 0 0 0 0 0
129 2 1 0 0 0 0 0 0 0
131 2 0 0 0 0 0 0 0 0
fn=exit
137 2 1 1 0 0 0 2 0 0
138 5 1 1 0 0 0 0 0 0
fl=./stdlib/./stdlib/getenv.c
fn=getenv
24 657 0 0 0 0 0 876 1 1
25 1971 33 21 657 62 39 657 0 0
28 438 0 0 0 0 0 0 0 0
29 7328 0 0 3664 43 30 0 0 0
31 10353 0 0 3451 139 87 0 0 0
32 3838 14 6 6 0 0 0 0 0
33 24 0 0 18 0 0 0 0 0
37 1302 19 12 1515 0 0 0 0 0
fl=./stdlib/./stdlib/grouping.c
fn=__correctly_grouped_prefixmb
54 21 3 0 0 0 0 21 6 4
55 3 0 0 0 0 0 0 0 0
56 3 3 2 0 0 0 3 0 0
185 15 0 0 21 0 0 0 0 0
fl=./stdlib/./stdlib/lshift.c
fn=__mpn_lshift
37 34 0 0 0 0 0 34 0 0
63 17 0 0 0 0 0 0 0 0
64 34 0 0 0 0 0 0 0 0
66 34 17 1 17 0 0 0 0 0
67 17 0 0 0 0 0 0 0 0
69 34 0 0 0 0 0 0 0 0
75 34 17 1 0 0 0 17 0 0
78 34 0 0 34 0 0 0 0 0
fl=./stdlib/./stdlib/mbstowcs.c
fn=mbstowcs
28 12978 1312 421 2884 1 0 5768 0 0
31 1442 0 0 0 0 0 1442 0 0
33 4326 0 0 0 0 0 0 0 0
34 14420 656 209 7210 0 0 0 0 0
fl=./stdlib/./stdlib/qsort.c
fn=msort_with_tmp.part.0
196 34140 38 27 0 0 0 44382 406 114
201 24658 0 0 0 0 0 0 0 0
204 3414 0 0 0 0 0 0 0 0
205 3414 0 0 0 0 0 0 0 0
206 3414 8 5 3414 13 0 0 0 0
207 6828 0 0 3414 7 0 0 0 0
212 3414 0 0 3414 0 0 0 0 0
213 3414 0 0 3414 0 0 0 0 0
215 3414 0 0 6828 0 0 0 0 0
216 20484 38 21 3414 1 0 0 0 0
237 53648 0 0 0 0 0 0 0 0
239 100896 5 5 0 0 0 0 0 0
241 8559 0 0 8559 0 0 0 0 0
243 17118 0 0 0 0 0 0 0 0
247 8257 0 0 8257 0 0 0 0 0
249 25073 0 0 0 0 0 16816 288 41
273 2400 0 0 0 0 0 0 0 0
275 4634 11 7 0 0 0 0 0 0
277 1845 0 0 0 0 0 0 0 0
278 615 9 8 0 0 0 0 0 0
279 615 0 0 0 0 0 0 0 0
283 2080 0 0 0 0 0 0 0 0
284 47 0 0 0 0 0 0 0 0
285 47 0 0 0 0 0 0 0 0
291 3414 0 0 0 0 0 0 0 0
293 3414 9 6 0 0 0 0 0 0
294 20484 19 12 40968 67 0 0 0 0
fn=qsort
404 86 17 10 0 0 0 86 0 0
405 86 0 0 0 0 0 0 0 0
406 43 0 0 86 0 0 0 0 0
fn=qsort_r
132 258 0 0 0 0 0 0 0 0
134 86 0 0 0 0 0 0 0 0
135 43 18 15 0 0 0 0 0 0
136 86 0 0 0 0 0 0 0 0
140 182 0 0 0 0 0 0 0 0
201 43 0 0 0 0 0 0 0 0
344 473 17 14 86 54 5 258 36 2
345 387 16 14 0 0 0 172 0 0
350 43 0 0 0 0 0 0 0 0
353 215 0 0 0 0 0 86 0 0
356 86 0 0 0 0 0 0 0 0
357 86 17 10 0 0 0 0 0 0
360 6 2 2 2 2 0 2 0 0
361 2 0 0 0 0 0 0 0 0
362 1 0 0 0 0 0 1 0 0
363 4 0 0 2 0 0 0 0 0
385 172 0 0 0 0 0 215 49 16
396 86 14 9 0 0 0 0 0 0
397 260 0 0 258 31 0 0 0 0
398 473 17 14 301 64 0 0 0 0
fl=./stdlib/./stdlib/secure-getenv.c
fn=secure_getenv
28 8 0 0 0 0 0 8 0 0
29 20 3 2 8 5 1 0 0 0
30 4 0 0 8 0 0 0 0 0
fl=./stdlib/./stdlib/setenv.c
fn=__add_to_environ
118 44 4 2 0 0 0 52 0 0
128 8 4 2 0 0 0 0 0 0
130 4 0 0 0 0 0 0 0 0
131 16 8 4 4 0 0 4 0 0
133 28 0 0 0 0 0 0 0 0
137 12 0 0 8 5 2 0 0 0
139 68 4 2 0 0 0 0 0 0
140 4 0 0 0 0 0 0 0 0
142 134 0 0 67 7 3 0 0 0
143 323 0 0 1 0 0 0 0 0
146 63 0 0 0 0 0 0 0 0
155 9 0 0 3 0 0 3 0 0
156 15 3 2 0 0 0 0 0 0
157 3 0 0 0 0 0 0 0 0
158 6 0 0 3 0 0 0 0 0
164 9 0 0 3 0 0 0 0 0
165 3 0 0 0 0 0 0 0 0
168 6 0 0 0 0 0 6 0 0
172 9 3 2 0 0 0 6 0 0
174 16 1 0 4 0 0 0 0 0
179 4 0 0 0 0 0 0 0 0
183 4 0 0 0 0 0 0 0 0
185 16 4 2 4 0 0 0 0 0
186 4 0 0 0 0 0 0 0 0
192 40 0 0 8 0 0 4 0 0
200 30 5 3 1 0 0 0 0 0
201 1 0 0 0 0 0 0 0 0
208 18 0 0 0 0 0 0 0 0
212 3 0 0 0 0 0 0 0 0
216 4 0 0 0 0 0 4 0 0
219 24 0 0 0 0 0 0 0 0
221 4 0 0 0 0 0 0 0 0
222 28 0 0 48 0 0 0 0 0
fn=setenv
226 20 0 0 0 0 0 16 0 0
227 32 8 4 4 1 1 4 0 0
233 24 0 0 4 0 0 0 0 0
234 8 0 0 16 0 0 0 0 0
fn=unsetenv
238 12 3 2 0 0 0 12 0 0
242 18 3 2 3 0 0 0 0 0
248 15 0 0 0 0 0 9 0 0
250 21 3 2 0 0 0 0 0 0
252 9 0 0 6 2 2 0 0 0
253 3 0 0 0 0 0 0 0 0
254 108 3 2 54 4 3 0 0 0
256 261 0 0 2 0 0 0 0 0
259 2 0 0 0 0 0 0 0 0
262 6 2 1 3 0 0 3 0 0
263 5 0 0 0 0 0 0 0 0
267 49 0 0 0 0 0 0 0 0
270 21 0 0 6 0 0 0 0 0
272 6 0 0 3 0 0 0 0 0
273 9 0 0 12 0 0 0 0 0
fl=./stdlib/./stdlib/srand48.c
fn=srand48
23 6 3 3 0 0 0 6 0 0
24 9 0 0 0 0 0 0 0 0
25 3 3 3 6 0 0 0 0 0
fl=./stdlib/./stdlib/srand48_r.c
fn=srand48_r
23 9 0 0 0 0 0 6 0 0
29 3 3 3 0 0 0 3 0 0
30 6 0 0 0 0 0 3 3 3
32 12 0 0 0 0 0 3 0 0
33 9 0 0 0 0 0 3 3 3
37 9 0 0 6 0 0 0 0 0
fl=./stdlib/./stdlib/wcstombs.c
fn=wcstombs
28 45 10 2 10 4 1 20 0 0
31 5 0 0 0 0 0 5 0 0
34 15 0 0 0 0 0 0 0 0
35 50 5 1 25 0 0 0 0 0
fl=./stdlib/./strtod_l.c
fn=____strtold_l_internal
378 17 17 1 0 0 0 17 5 3
379 204 17 1 0 0 0 0 0 0
508 360 32 3 40 0 0 280 20 5
514 26 0 0 0 0 0 0 0 0
553 20 0 0 0 0 0 0 0 0
561 20 0 0 20 12 8 0 0 0
563 20 0 0 0 0 0 0 0 0
587 20 0 0 0 0 0 0 0 0
595 20 0 0 20 16 2 0 0 0
596 60 0 0 0 0 0 0 0 0
597 20 0 0 0 0 0 0 0 0
601 20 0 0 0 0 0 20 18 5
602 12 0 0 0 0 0 12 0 0
607 20 0 0 0 0 0 0 0 0
610 40 0 0 20 0 0 0 0 0
611 80 16 2 40 28 5 0 0 0
614 40 0 0 0 0 0 0 0 0
616 24 0 0 0 0 0 8 0 0
617 16 8 1 8 0 0 0 0 0
619 24 0 0 0 0 0 0 0 0
632 100 0 0 20 0 0 0 0 0
633 60 16 1 20 0 0 0 0 0
641 80 0 0 0 0 0 0 0 0
685 3 3 0 0 0 0 6 0 0
689 52 6 4 6 3 0 0 0 0
708 74 0 0 0 0 0 0 0 0
709 6 0 0 0 0 0 0 0 0
710 3 0 0 3 0 0 0 0 0
723 34 15 2 0 0 0 0 0 0
732 29 0 0 23 0 0 0 0 0
733 18 0 0 0 0 0 0 0 0
734 21 3 2 0 0 0 0 0 0
739 18 6 3 0 0 0 0 0 0
740 9 3 0 3 0 0 0 0 0
752 3 0 0 0 0 0 0 0 0
760 21 6 5 0 0 0 6 5 4
765 27 0 0 9 0 0 3 0 0
773 38 17 1 0 0 0 0 0 0
775 203 15 3 0 0 0 0 0 0
776 34 0 0 0 0 0 0 0 0
779 76 17 1 0 0 0 0 0 0
788 17 0 0 0 0 0 0 0 0
801 76 0 0 38 0 0 0 0 0
804 51 0 0 0 0 0 0 0 0
846 51 0 0 0 0 0 0 0 0
855 17 0 0 0 0 0 0 0 0
856 68 17 2 17 0 0 0 0 0
874 17 0 0 0 0 0 0 0 0
880 51 0 0 34 13 2 0 0 0
881 119 0 0 0 0 0 0 0 0
882 51 17 2 0 0 0 0 0 0
980 17 17 1 0 0 0 0 0 0
1013 34 0 0 0 0 0 0 0 0
1023 85 17 1 17 0 0 0 0 0
1042 17 0 0 0 0 0 0 0 0
1043 17 0 0 0 0 0 17 0 0
1048 17 17 2 0 0 0 0 0 0
1072 34 0 0 17 0 0 0 0 0
1081 34 17 1 0 0 0 0 0 0
1175 68 34 6 0 0 0 0 0 0
1176 17 0 0 0 0 0 0 0 0
1177 34 0 0 0 0 0 17 0 0
1180 68 0 0 0 0 0 0 0 0
1192 51 0 0 0 0 0 0 0 0
1195 17 0 0 0 0 0 0 0 0
1204 34 0 0 0 0 0 0 0 0
1224 17 0 0 34 0 0 0 0 0
1248 51 17 3 17 0 0 0 0 0
1249 34 0 0 0 0 0 0 0 0
1253 34 0 0 0 0 0 0 0 0
1259 34 0 0 0 0 0 0 0 0
1291 34 0 0 0 0 0 0 0 0
1294 85 17 2 0 0 0 0 0 0
1296 34 0 0 0 0 0 0 0 0
1302 68 0 0 0 0 0 17 0 0
1304 34 0 0 0 0 0 0 0 0
1306 153 17 3 0 0 0 0 0 0
1310 34 0 0 0 0 0 0 0 0
1325 170 47 6 17 0 0 17 3 3
1770 340 20 1 320 0 0 0 0 0
fn=round_and_return
215 187 17 1 0 0 0 187 0 0
218 51 0 0 0 0 0 0 0 0
226 17 0 0 0 0 0 0 0 0
236 17 0 0 17 0 0 0 0 0
313 51 17 3 0 0 0 0 0 0
316 34 0 0 0 0 0 0 0 0
319 102 17 2 0 0 0 0 0 0
320 17 0 0 0 0 0 0 0 0
350 17 0 0 0 0 0 0 0 0
355 102 0 0 0 0 0 0 0 0
356 102 17 1 187 0 0 0 0 0
fn=str_to_mpn.part.0.constprop.0
365 255 34 3 0 0 0 221 33 9
374 17 0 0 0 0 0 0 0 0
375 17 0 0 0 0 0 0 0 0
382 76 17 2 0 0 0 0 0 0
387 17 0 0 0 0 0 0 0 0
392 51 17 1 0 0 0 0 0 0
413 190 0 0 38 0 0 0 0 0
426 190 0 0 0 0 0 0 0 0
427 38 0 0 0 0 0 0 0 0
429 76 0 0 0 0 0 0 0 0
431 68 17 1 34 0 0 0 0 0
438 51 0 0 34 25 8 0 0 0
440 34 17 1 17 0 0 0 0 0
442 17 0 0 0 0 0 17 3 0
443 34 0 0 0 0 0 17 0 0
458 136 17 1 204 0 0 0 0 0
fn=strtold_l
1782 60 16 3 0 0 0 40 0 0
1783 40 0 0 0 0 0 0 0 0
1784 20 16 3 40 0 0 0 0 0
fl=./string/../include/rtld-malloc.h
fn=strdup
56 148 31 22 37 30 0 0 0 0
fl=./string/../string/bits/string_fortified.h
fn=memmem
59 72 3 1 6 1 0 96 0 0
fn=strcspn
59 70 7 1 0 0 0 112 0 0
fn=strdup
29 40 0 0 0 0 0 0 0 0
fn=strndup
29 4 0 0 0 0 0 0 0 0
fl=./string/../sysdeps/aarch64/memcmp.S
fn=bcmp
46 1878684 749810 2084 0 0 0 0 0 0
51 1878684 0 0 0 0 0 0 0 0
52 1878684 0 0 0 0 0 0 0 0
53 891721 0 0 1783442 258352 105089 0 0 0
54 891721 0 0 1783442 503 155 0 0 0
55 891721 0 0 0 0 0 0 0 0
56 891721 0 0 0 0 0 0 0 0
57 891721 0 0 0 0 0 0 0 0
59 438586 0 0 0 0 0 0 0 0
60 438586 0 0 0 0 0 0 0 0
61 438586 0 0 0 0 0 0 0 0
62 438586 0 0 0 0 0 0 0 0
63 5659 0 0 0 0 0 0 0 0
64 5659 0 0 0 0 0 0 0 0
65 8280 0 0 0 0 0 0 0 0
69 6276 3914 2260 12552 161 41 0 0 0
70 6276 0 0 12552 150 55 0 0 0
71 6276 0 0 0 0 0 0 0 0
72 6276 0 0 0 0 0 0 0 0
73 6276 0 0 0 0 0 0 0 0
74 6276 0 0 0 0 0 0 0 0
75 6276 0 0 0 0 0 0 0 0
77 2284 0 0 4568 386 47 0 0 0
78 2284 0 0 4568 394 121 0 0 0
79 2284 0 0 0 0 0 0 0 0
80 2284 0 0 0 0 0 0 0 0
81 2284 0 0 0 0 0 0 0 0
82 2284 0 0 0 0 0 0 0 0
83 2284 0 0 0 0 0 0 0 0
85 3802 759 3 0 0 0 0 0 0
86 3802 0 0 0 0 0 0 0 0
90 438585 402370 1538 877170 292 138 0 0 0
91 438585 0 0 877170 106 56 0 0 0
93 1791324 249328 12 0 0 0 0 0 0
94 1791324 0 0 0 0 0 0 0 0
95 1791324 0 0 0 0 0 0 0 0
100 1807061 0 0 0 0 0 0 0 0
101 1807061 0 0 0 0 0 0 0 0
103 1807061 0 0 0 0 0 0 0 0
104 1807061 0 0 0 0 0 0 0 0
105 1807061 0 0 0 0 0 0 0 0
106 1807061 0 0 0 0 0 0 0 0
110 986963 144885 575 0 0 0 0 0 0
111 986963 0 0 0 0 0 0 0 0
112 986963 0 0 0 0 0 0 0 0
113 204299 0 0 204299 7800 2390 0 0 0
114 204299 14751 336 204299 1995 1279 0 0 0
115 204299 0 0 204299 11225 1245 0 0 0
116 204299 0 0 204299 1187 896 0 0 0
117 204299 0 0 0 0 0 0 0 0
121 782664 135706 12206 0 0 0 0 0 0
122 695305 0 0 695305 3747 505 0 0 0
123 695305 0 0 695305 829 696 0 0 0
124 695305 0 0 695305 0 0 0 0 0
125 695305 0 0 695305 0 0 0 0 0
126 695305 0 0 0 0 0 0 0 0
129 87359 0 0 0 0 0 0 0 0
130 32402 0 0 32402 5 1 0 0 0
131 32402 0 0 32402 414 396 0 0 0
132 32402 0 0 0 0 0 0 0 0
133 32402 0 0 0 0 0 0 0 0
135 71622 0 0 0 0 0 0 0 0
136 71622 58609 1481 0 0 0 0 0 0
137 65567 0 0 65567 1190 296 0 0 0
138 65567 0 0 65567 491 178 0 0 0
139 65567 0 0 0 0 0 0 0 0
141 71622 0 0 0 0 0 0 0 0
144 1519 760 3 3038 0 0 0 0 0
145 1519 0 0 3038 0 0 0 0 0
146 1519 0 0 0 0 0 0 0 0
147 1519 0 0 0 0 0 0 0 0
148 1519 0 0 0 0 0 0 0 0
151 1519 0 0 0 0 0 0 0 0
152 1519 0 0 0 0 0 0 0 0
153 1519 0 0 0 0 0 0 0 0
154 1519 0 0 0 0 0 0 0 0
155 1519 0 0 0 0 0 0 0 0
156 1519 0 0 0 0 0 0 0 0
160 4555 761 4 4555 0 0 0 0 0
161 4555 0 0 4555 0 0 0 0 0
162 4555 0 0 0 0 0 0 0 0
163 4555 0 0 4555 286 0 0 0 0
164 4555 0 0 4555 0 0 0 0 0
165 4555 0 0 0 0 0 0 0 0
166 4555 0 0 0 0 0 0 0 0
167 4555 0 0 4555 1 0 0 0 0
168 4555 0 0 4555 0 0 0 0 0
169 4555 0 0 0 0 0 0 0 0
170 4555 0 0 4555 74 0 0 0 0
171 4555 0 0 4555 1 0 0 0 0
172 4555 0 0 0 0 0 0 0 0
173 4555 0 0 0 0 0 0 0 0
174 4555 0 0 0 0 0 0 0 0
175 4555 0 0 0 0 0 0 0 0
176 4555 762 4 0 0 0 0 0 0
177 4555 0 0 0 0 0 0 0 0
178 4555 0 0 0 0 0 0 0 0
179 4555 0 0 0 0 0 0 0 0
182 1519 0 0 0 0 0 0 0 0
183 1519 0 0 0 0 0 0 0 0
189 1 0 0 0 0 0 0 0 0
190 1 0 0 0 0 0 0 0 0
191 1 0 0 0 0 0 0 0 0
192 1 0 0 0 0 0 0 0 0
193 1 0 0 1 0 0 0 0 0
194 1 0 0 1 0 0 0 0 0
196 1 0 0 0 0 0 0 0 0
197 1 0 0 0 0 0 0 0 0
199 1 0 0 0 0 0 0 0 0
200 1 0 0 0 0 0 0 0 0
201 1 1 1 0 0 0 0 0 0
202 1 0 0 0 0 0 0 0 0
fl=./string/../sysdeps/aarch64/memrchr.S
fn=memrchr
57 19252 18277 989 0 0 0 0 0 0
60 19252 0 0 0 0 0 0 0 0
61 19252 0 0 0 0 0 0 0 0
62 19252 0 0 0 0 0 0 0 0
63 19252 0 0 0 0 0 0 0 0
64 19252 0 0 19252 2066 39 0 0 0
65 19252 0 0 0 0 0 0 0 0
66 19252 0 0 0 0 0 0 0 0
67 19252 0 0 0 0 0 0 0 0
68 19252 0 0 0 0 0 0 0 0
69 19252 0 0 0 0 0 0 0 0
70 19252 0 0 0 0 0 0 0 0
71 19252 0 0 0 0 0 0 0 0
73 2220 0 0 0 0 0 0 0 0
74 2220 0 0 0 0 0 0 0 0
75 2220 0 0 0 0 0 0 0 0
76 2220 2218 376 0 0 0 0 0 0
77 2220 0 0 0 0 0 0 0 0
81 17032 17031 1011 0 0 0 0 0 0
82 17032 0 0 0 0 0 0 0 0
85 17032 0 0 0 0 0 0 0 0
86 17032 0 0 0 0 0 0 0 0
87 1222 0 0 0 0 0 0 0 0
91 1226 0 0 1226 82 0 0 0 0
92 1226 0 0 0 0 0 0 0 0
93 1226 0 0 0 0 0 0 0 0
94 1226 0 0 0 0 0 0 0 0
95 1226 0 0 0 0 0 0 0 0
98 15831 0 0 15831 3 0 0 0 0
99 15831 0 0 0 0 0 0 0 0
100 15831 0 0 0 0 0 0 0 0
101 15831 15820 711 0 0 0 0 0 0
102 15831 0 0 0 0 0 0 0 0
103 15831 0 0 0 0 0 0 0 0
104 15831 0 0 0 0 0 0 0 0
106 15827 0 0 0 0 0 0 0 0
108 17032 1191 291 0 0 0 0 0 0
109 17032 0 0 0 0 0 0 0 0
111 17032 0 0 0 0 0 0 0 0
115 17032 0 0 0 0 0 0 0 0
116 17032 0 0 0 0 0 0 0 0
117 17032 0 0 0 0 0 0 0 0
118 17032 0 0 0 0 0 0 0 0
119 17032 0 0 0 0 0 0 0 0
fl=./string/../sysdeps/aarch64/multiarch/../memchr.S
fn=__GI_memchr
59 17338 16176 14099 0 0 0 0 0 0
62 17338 0 0 0 0 0 0 0 0
63 17338 0 0 0 0 0 0 0 0
64 17324 0 0 17324 28 1 0 0 0
65 17324 0 0 0 0 0 0 0 0
66 17324 0 0 0 0 0 0 0 0
67 17324 0 0 0 0 0 0 0 0
68 17324 0 0 0 0 0 0 0 0
69 17324 0 0 0 0 0 0 0 0
70 17324 0 0 0 0 0 0 0 0
71 17324 0 0 0 0 0 0 0 0
73 15762 0 0 0 0 0 0 0 0
74 15762 0 0 0 0 0 0 0 0
75 15762 0 0 0 0 0 0 0 0
76 15762 0 0 0 0 0 0 0 0
77 15762 0 0 0 0 0 0 0 0
78 15762 15432 3592 0 0 0 0 0 0
82 1562 804 339 0 0 0 0 0 0
83 1562 0 0 0 0 0 0 0 0
84 1562 0 0 0 0 0 0 0 0
85 1562 0 0 0 0 0 0 0 0
88 1528 0 0 0 0 0 0 0 0
89 974 0 0 0 0 0 0 0 0
92 9982 0 0 9982 215 56 0 0 0
93 9982 0 0 0 0 0 0 0 0
94 9982 0 0 0 0 0 0 0 0
95 9982 0 0 0 0 0 0 0 0
96 9982 0 0 0 0 0 0 0 0
99 9919 0 0 9919 3521 35 0 0 0
100 9919 0 0 0 0 0 0 0 0
101 9919 0 0 0 0 0 0 0 0
102 9919 524 191 0 0 0 0 0 0
103 9919 0 0 0 0 0 0 0 0
104 9919 0 0 0 0 0 0 0 0
105 9919 0 0 0 0 0 0 0 0
107 911 0 0 0 0 0 0 0 0
109 1528 309 258 0 0 0 0 0 0
110 1528 0 0 0 0 0 0 0 0
111 1528 0 0 0 0 0 0 0 0
112 1528 0 0 0 0 0 0 0 0
114 1528 0 0 0 0 0 0 0 0
116 1528 0 0 0 0 0 0 0 0
117 1528 0 0 0 0 0 0 0 0
118 1528 0 0 0 0 0 0 0 0
119 1528 0 0 0 0 0 0 0 0
120 1528 0 0 0 0 0 0 0 0
123 48 43 21 0 0 0 0 0 0
124 48 44 28 0 0 0 0 0 0
fl=./string/../sysdeps/aarch64/multiarch/../memcpy.S
fn=__GI_memcpy
72 7585308 738632 3846 0 0 0 0 0 0
77 7585308 0 0 0 0 0 0 0 0
78 7585308 0 0 0 0 0 0 0 0
79 7585308 0 0 0 0 0 0 0 0
80 7585308 0 0 0 0 0 0 0 0
81 6590645 0 0 0 0 0 0 0 0
82 6590645 0 0 0 0 0 0 0 0
85 6348555 0 0 0 0 0 0 0 0
86 6348555 0 0 0 0 0 0 0 0
87 4242331 0 0 4242331 305617 49684 0 0 0
88 4242331 0 0 4242331 123890 542 0 0 0
89 4242331 0 0 0 0 0 4242331 859026 370917
90 4242331 0 0 0 0 0 4242331 173800 103173
91 4242331 0 0 0 0 0 0 0 0
95 2121411 4036 0 0 0 0 0 0 0
96 1277501 0 0 1277501 92061 4539 0 0 0
97 1277501 329162 2125 1277501 1020 996 0 0 0
98 1277501 0 0 0 0 0 1277501 226321 10666
99 1277501 0 0 0 0 0 1277501 234 140
100 1277501 0 0 0 0 0 0 0 0
104 843910 195272 741 0 0 0 0 0 0
105 271926 0 0 271926 567 427 0 0 0
106 271926 0 0 271926 56 54 0 0 0
107 271926 0 0 0 0 0 271926 305 169
108 271926 0 0 0 0 0 271926 119 78
109 271926 0 0 0 0 0 0 0 0
113 571984 0 0 0 0 0 0 0 0
114 562939 0 0 0 0 0 0 0 0
115 562939 0 0 562939 1307 881 0 0 0
116 562939 0 0 562939 142 141 0 0 0
117 562939 0 0 562939 0 0 0 0 0
118 562939 0 0 0 0 0 562939 322 217
119 562939 187287 2425 0 0 0 562939 38 37
120 562939 0 0 0 0 0 562939 30 30
122 571984 2485 22 0 0 0 0 0 0
127 307415 41390 321 614830 9658 5584 0 0 0
128 307415 0 0 614830 13015 6606 0 0 0
129 307415 0 0 0 0 0 0 0 0
130 307415 0 0 0 0 0 0 0 0
131 94901 0 0 0 0 0 189802 13915 2283
132 94901 0 0 0 0 0 189802 1360 365
133 94901 0 0 0 0 0 0 0 0
138 212514 0 0 425028 33 0 0 0 0
139 212514 0 0 0 0 0 0 0 0
140 212514 0 0 0 0 0 0 0 0
141 39669 0 0 79338 0 0 0 0 0
142 39669 12485 70 0 0 0 79338 12812 7575
144 212514 167094 447 0 0 0 425028 25666 5759
145 212514 0 0 0 0 0 425028 26030 2792
146 212514 0 0 0 0 0 425028 22612 9975
147 212514 0 0 0 0 0 0 0 0
155 994698 97348 1241 994698 300738 59131 0 0 0
156 994698 0 0 0 0 0 0 0 0
157 994698 0 0 0 0 0 0 0 0
158 994698 0 0 0 0 0 0 0 0
159 994698 0 0 0 0 0 0 0 0
160 994698 0 0 1989396 192819 9930 0 0 0
161 994698 0 0 0 0 0 994698 12619 5089
162 994698 0 0 1989396 284624 54377 0 0 0
163 994698 0 0 0 0 0 0 0 0
164 994698 0 0 0 0 0 0 0 0
166 4429563 104965 57652 0 0 0 8859126 1926626 1394651
167 4429563 0 0 8859126 772056 397150 0 0 0
168 4429563 0 0 0 0 0 8859126 2427314 1568336
169 4429563 0 0 8859126 3001533 1656191 0 0 0
170 4429563 0 0 0 0 0 0 0 0
171 4429563 0 0 0 0 0 0 0 0
172 4429563 0 0 0 0 0 0 0 0
173 4429563 0 0 0 0 0 0 0 0
177 994698 4997 150 1989396 11068 2166 0 0 0
178 994698 0 0 0 0 0 1989396 429355 230526
179 994698 0 0 1989396 147533 6047 0 0 0
180 994698 0 0 0 0 0 1989396 273964 154369
181 994698 0 0 0 0 0 1989396 164684 52086
182 994698 0 0 0 0 0 1989396 184380 90566
183 994698 0 0 0 0 0 0 0 0
fn=__GI_memmove
189 152998 5170 2208 0 0 0 0 0 0
194 152998 0 0 0 0 0 0 0 0
195 152998 0 0 0 0 0 0 0 0
196 152998 0 0 0 0 0 0 0 0
197 152998 0 0 0 0 0 0 0 0
198 101689 0 0 0 0 0 0 0 0
199 101689 0 0 0 0 0 0 0 0
202 36364 0 0 0 0 0 0 0 0
203 36364 0 0 0 0 0 0 0 0
204 21177 0 0 21177 83 5 0 0 0
205 21177 0 0 21177 0 0 0 0 0
206 21177 0 0 0 0 0 21177 0 0
207 21177 0 0 0 0 0 21177 0 0
208 21177 0 0 0 0 0 0 0 0
212 51309 0 0 0 0 0 0 0 0
213 51309 0 0 0 0 0 0 0 0
214 51309 4124 1590 0 0 0 0 0 0
215 51309 0 0 0 0 0 0 0 0
220 51274 0 0 51274 0 0 0 0 0
221 51274 0 0 0 0 0 0 0 0
222 51274 0 0 0 0 0 0 0 0
223 51274 0 0 0 0 0 0 0 0
224 51274 0 0 102548 0 0 0 0 0
225 51274 0 0 0 0 0 51274 0 0
226 51274 0 0 102548 2 0 0 0 0
227 51274 0 0 0 0 0 0 0 0
228 51274 0 0 0 0 0 0 0 0
229 51274 0 0 0 0 0 0 0 0
232 70492 0 0 0 0 0 70492 0 0
233 70492 0 0 0 0 0 70492 0 0
234 70492 0 0 140984 1 0 0 0 0
235 70492 0 0 0 0 0 70492 0 0
236 70492 321 320 0 0 0 70492 0 0
237 70492 0 0 140984 0 0 0 0 0
238 70492 0 0 0 0 0 0 0 0
239 70492 0 0 0 0 0 0 0 0
240 70492 0 0 0 0 0 0 0 0
244 51274 3781 1260 102548 0 0 0 0 0
245 51274 0 0 0 0 0 102548 0 0
246 51274 0 0 102548 2 0 0 0 0
247 51274 0 0 0 0 0 102548 0 0
248 51274 0 0 0 0 0 102548 0 0
249 51274 0 0 0 0 0 102548 0 0
251 51274 0 0 0 0 0 0 0 0
fn=memcpy
72 252 41 23 0 0 0 0 0 0
77 252 0 0 0 0 0 0 0 0
78 252 0 0 0 0 0 0 0 0
79 252 0 0 0 0 0 0 0 0
80 252 0 0 0 0 0 0 0 0
81 252 0 0 0 0 0 0 0 0
82 252 0 0 0 0 0 0 0 0
85 127 0 0 0 0 0 0 0 0
86 127 0 0 0 0 0 0 0 0
87 54 0 0 54 1 0 0 0 0
88 54 0 0 54 0 0 0 0 0
89 54 0 0 0 0 0 54 3 3
90 54 0 0 0 0 0 54 2 2
91 54 0 0 0 0 0 0 0 0
95 73 0 0 0 0 0 0 0 0
96 53 0 0 53 2 1 0 0 0
97 53 10 9 53 0 0 0 0 0
98 53 0 0 0 0 0 53 15 14
99 53 0 0 0 0 0 53 0 0
100 53 0 0 0 0 0 0 0 0
104 20 5 3 0 0 0 0 0 0
113 20 0 0 0 0 0 0 0 0
114 1 0 0 0 0 0 0 0 0
115 1 0 0 1 1 1 0 0 0
116 1 0 0 1 0 0 0 0 0
117 1 0 0 1 0 0 0 0 0
118 1 0 0 0 0 0 1 1 1
119 1 1 1 0 0 0 1 0 0
120 1 0 0 0 0 0 1 0 0
122 20 2 2 0 0 0 0 0 0
127 125 21 20 250 0 0 0 0 0
128 125 0 0 250 0 0 0 0 0
129 125 0 0 0 0 0 0 0 0
130 125 0 0 0 0 0 0 0 0
131 61 0 0 0 0 0 122 9 9
132 61 0 0 0 0 0 122 9 7
133 61 0 0 0 0 0 0 0 0
138 64 0 0 128 0 0 0 0 0
139 64 0 0 0 0 0 0 0 0
140 64 0 0 0 0 0 0 0 0
144 64 21 21 0 0 0 128 13 11
145 64 0 0 0 0 0 128 11 11
146 64 0 0 0 0 0 128 10 9
147 64 0 0 0 0 0 0 0 0
fl=./string/../sysdeps/aarch64/multiarch/../strlen.S
fn=__GI_strlen
50 4576 830 257 0 0 0 0 0 0
52 4576 0 0 0 0 0 0 0 0
53 4576 0 0 4576 796 287 0 0 0
54 4576 0 0 0 0 0 0 0 0
55 4576 0 0 0 0 0 0 0 0
56 4576 0 0 0 0 0 0 0 0
57 4576 0 0 0 0 0 0 0 0
58 4576 0 0 0 0 0 0 0 0
59 4576 0 0 0 0 0 0 0 0
61 3575 0 0 0 0 0 0 0 0
62 3575 0 0 0 0 0 0 0 0
63 3575 0 0 0 0 0 0 0 0
64 3575 0 0 0 0 0 0 0 0
68 1010 679 216 1010 36 15 0 0 0
69 1010 0 0 0 0 0 0 0 0
70 1010 0 0 0 0 0 0 0 0
71 1010 0 0 0 0 0 0 0 0
72 1010 0 0 0 0 0 0 0 0
73 17 0 0 17 3 2 0 0 0
74 17 0 0 0 0 0 0 0 0
75 17 0 0 0 0 0 0 0 0
76 17 0 0 0 0 0 0 0 0
77 17 0 0 0 0 0 0 0 0
78 8 0 0 0 0 0 0 0 0
80 1001 0 0 0 0 0 0 0 0
81 1001 0 0 0 0 0 0 0 0
82 1001 0 0 0 0 0 0 0 0
84 1001 0 0 0 0 0 0 0 0
86 1001 0 0 0 0 0 0 0 0
87 1001 670 220 0 0 0 0 0 0
88 1001 0 0 0 0 0 0 0 0
89 1001 0 0 0 0 0 0 0 0
fn=strlen
50 142 22 22 0 0 0 0 0 0
52 142 0 0 0 0 0 0 0 0
53 142 0 0 142 9 6 0 0 0
54 142 0 0 0 0 0 0 0 0
55 142 0 0 0 0 0 0 0 0
56 142 0 0 0 0 0 0 0 0
57 142 0 0 0 0 0 0 0 0
58 142 0 0 0 0 0 0 0 0
59 142 0 0 0 0 0 0 0 0
61 9 0 0 0 0 0 0 0 0
62 9 0 0 0 0 0 0 0 0
63 9 0 0 0 0 0 0 0 0
64 9 0 0 0 0 0 0 0 0
68 242 22 22 242 3 0 0 0 0
69 242 0 0 0 0 0 0 0 0
70 242 0 0 0 0 0 0 0 0
71 242 0 0 0 0 0 0 0 0
72 242 0 0 0 0 0 0 0 0
73 172 0 0 172 3 0 0 0 0
74 172 0 0 0 0 0 0 0 0
75 172 0 0 0 0 0 0 0 0
76 172 0 0 0 0 0 0 0 0
77 172 0 0 0 0 0 0 0 0
78 63 0 0 0 0 0 0 0 0
80 133 0 0 0 0 0 0 0 0
81 133 0 0 0 0 0 0 0 0
82 133 0 0 0 0 0 0 0 0
84 133 0 0 0 0 0 0 0 0
86 133 0 0 0 0 0 0 0 0
87 133 22 22 0 0 0 0 0 0
88 133 0 0 0 0 0 0 0 0
89 133 0 0 0 0 0 0 0 0
fl=./string/../sysdeps/aarch64/multiarch/memchr.c
fn=memchr
34 84 12 12 28 13 2 14 4 0
fl=./string/../sysdeps/aarch64/multiarch/memcpy.c
fn=memcpy
41 75 17 17 50 24 5 0 0 0
43 50 0 0 25 20 3 0 0 0
46 50 0 0 25 0 0 0 0 0
48 25 0 0 0 0 0 0 0 0
53 50 0 0 0 0 0 0 0 0
56 50 17 17 0 0 0 0 0 0
59 50 17 17 0 0 0 0 0 0
62 100 17 17 50 0 0 50 4 2
fl=./string/../sysdeps/aarch64/multiarch/memmove.c
fn=memmove
41 72 18 18 48 10 0 0 0 0
43 48 0 0 24 10 1 0 0 0
46 48 0 0 24 0 0 0 0 0
48 24 18 18 0 0 0 0 0 0
53 48 0 0 0 0 0 0 0 0
56 48 0 0 0 0 0 0 0 0
59 48 0 0 0 0 0 0 0 0
62 96 18 18 48 0 0 48 3 0
fl=./string/../sysdeps/aarch64/multiarch/memset.c
fn=memset
41 84 15 15 63 18 0 0 0 0
43 42 0 0 21 15 0 0 0 0
46 42 0 0 21 0 0 0 0 0
48 63 0 0 0 0 0 0 0 0
52 42 0 0 0 0 0 0 0 0
55 84 15 15 0 0 0 0 0 0
61 126 0 0 0 0 0 0 0 0
64 84 0 0 42 0 0 42 3 0
fl=./string/../sysdeps/aarch64/multiarch/strlen.c
fn=strlen
34 182 20 18 56 6 0 28 3 0
fl=./string/../sysdeps/aarch64/multiarch/strlen_asimd.S
fn=__strlen_asimd
89 336541 193891 58966 0 0 0 0 0 0
91 336541 0 0 0 0 0 0 0 0
92 336541 0 0 0 0 0 0 0 0
93 336541 0 0 0 0 0 0 0 0
96 336343 0 0 672686 217870 156672 0 0 0
97 336343 0 0 0 0 0 0 0 0
107 336343 0 0 0 0 0 0 0 0
108 336343 0 0 0 0 0 0 0 0
109 336343 0 0 0 0 0 0 0 0
110 336343 0 0 0 0 0 0 0 0
111 336343 0 0 0 0 0 0 0 0
112 336343 0 0 0 0 0 0 0 0
113 336343 0 0 0 0 0 0 0 0
114 336343 0 0 0 0 0 0 0 0
118 179388 0 0 0 0 0 0 0 0
119 179388 0 0 0 0 0 0 0 0
120 179388 66069 4601 0 0 0 0 0 0
121 179388 0 0 0 0 0 0 0 0
122 179388 0 0 0 0 0 0 0 0
123 179388 0 0 0 0 0 0 0 0
124 179388 0 0 0 0 0 0 0 0
128 156955 142624 44327 313910 1086 710 0 0 0
133 156955 0 0 0 0 0 0 0 0
134 156955 0 0 0 0 0 0 0 0
135 156955 0 0 0 0 0 0 0 0
136 156955 0 0 0 0 0 0 0 0
137 156955 0 0 0 0 0 0 0 0
138 156955 0 0 0 0 0 0 0 0
139 156955 0 0 0 0 0 0 0 0
140 156955 0 0 0 0 0 0 0 0
144 11640 0 0 0 0 0 0 0 0
145 11640 0 0 0 0 0 0 0 0
146 11640 5762 561 0 0 0 0 0 0
147 11640 0 0 0 0 0 0 0 0
148 11640 0 0 0 0 0 0 0 0
149 11640 0 0 0 0 0 0 0 0
150 11640 0 0 0 0 0 0 0 0
151 11640 0 0 0 0 0 0 0 0
155 145315 138734 44522 0 0 0 0 0 0
159 174726 15 1 349452 53253 51391 0 0 0
160 174726 0 0 0 0 0 0 0 0
161 174726 0 0 0 0 0 0 0 0
162 174726 0 0 0 0 0 0 0 0
163 174726 0 0 0 0 0 0 0 0
164 174726 0 0 0 0 0 0 0 0
167 145386 0 0 0 0 0 0 0 0
168 145386 0 0 0 0 0 0 0 0
169 145386 139331 2837 0 0 0 0 0 0
170 137127 0 0 0 0 0 0 0 0
171 137127 0 0 0 0 0 0 0 0
174 145386 0 0 0 0 0 0 0 0
175 145386 0 0 0 0 0 0 0 0
177 145386 0 0 0 0 0 0 0 0
179 145386 0 0 0 0 0 0 0 0
180 145386 0 0 0 0 0 0 0 0
181 145386 0 0 0 0 0 0 0 0
184 198 74 22 0 0 0 0 0 0
185 198 0 0 0 0 0 0 0 0
186 198 0 0 0 0 0 0 0 0
187 198 0 0 396 15 6 0 0 0
188 198 0 0 0 0 0 0 0 0
189 198 0 0 0 0 0 0 0 0
190 198 0 0 0 0 0 0 0 0
191 198 144 117 0 0 0 0 0 0
192 198 0 0 0 0 0 0 0 0
193 198 0 0 0 0 0 0 0 0
194 198 0 0 0 0 0 0 0 0
195 198 0 0 0 0 0 0 0 0
196 198 0 0 0 0 0 0 0 0
197 198 0 0 0 0 0 0 0 0
198 198 0 0 0 0 0 0 0 0
200 127 0 0 0 0 0 0 0 0
201 127 0 0 0 0 0 0 0 0
202 127 0 0 0 0 0 0 0 0
203 127 0 0 0 0 0 0 0 0
fl=./string/../sysdeps/aarch64/nptl/../memset.S
fn=__GI_memset
32 9740821 1330774 438 0 0 0 0 0 0
37 9740821 0 0 0 0 0 0 0 0
38 9740821 0 0 0 0 0 0 0 0
40 9740821 0 0 0 0 0 0 0 0
41 9740821 0 0 0 0 0 0 0 0
42 9419204 0 0 0 0 0 0 0 0
43 9419204 0 0 0 0 0 0 0 0
44 2391985 0 0 0 0 0 0 0 0
47 2391985 0 0 0 0 0 0 0 0
48 2327352 0 0 0 0 0 2327352 591436 9901
49 2327352 0 0 0 0 0 2327352 414 121
50 2327352 0 0 0 0 0 0 0 0
52 64633 0 0 0 0 0 0 0 0
53 2263 0 0 0 0 0 2263 1 1
54 2263 0 0 0 0 0 2263 1 0
55 2263 2007 1 0 0 0 0 0 0
56 62370 44626 0 0 0 0 0 0 0
57 45523 0 0 0 0 0 45523 15 14
58 45523 0 0 0 0 0 0 0 0
59 77 0 0 0 0 0 77 0 0
60 62370 0 0 0 0 0 0 0 0
64 7027219 2100913 993 0 0 0 7027219 1996650 106752
65 7027219 0 0 0 0 0 0 0 0
66 4854554 0 0 0 0 0 4854554 429199 69651
67 4854554 0 0 0 0 0 0 0 0
68 658353 0 0 0 0 0 658353 0 0
69 658353 0 0 0 0 0 658353 0 0
70 4854554 0 0 0 0 0 0 0 0
76 2172665 1597188 2731 0 0 0 2172665 607709 46039
77 2172665 0 0 0 0 0 4345330 601874 124553
78 2172665 0 0 0 0 0 4345330 591737 36121
79 2172665 0 0 0 0 0 0 0 0
84 321617 126392 1142 0 0 0 0 0 0
85 321617 0 0 0 0 0 0 0 0
86 321617 0 0 0 0 0 321617 63841 12908
87 321617 0 0 0 0 0 0 0 0
88 321617 0 0 0 0 0 0 0 0
89 321617 0 0 0 0 0 0 0 0
91 321617 0 0 0 0 0 0 0 0
92 321617 0 0 0 0 0 0 0 0
93 321617 0 0 0 0 0 0 0 0
94 724495 0 0 0 0 0 1448990 193149 90917
95 724495 0 0 0 0 0 1448990 378717 123030
97 724495 0 0 0 0 0 0 0 0
98 724495 0 0 0 0 0 0 0 0
99 321617 0 0 0 0 0 643234 22430 2580
100 321617 0 0 0 0 0 643234 141154 9809
101 643234 305248 26207 0 0 0 0 0 0
106 321617 0 0 0 0 0 0 0 0
107 321617 0 0 0 0 0 0 0 0
fn=memset
32 48 26 26 0 0 0 0 0 0
37 48 0 0 0 0 0 0 0 0
38 48 0 0 0 0 0 0 0 0
40 48 0 0 0 0 0 0 0 0
41 48 0 0 0 0 0 0 0 0
42 23 0 0 0 0 0 0 0 0
43 23 0 0 0 0 0 0 0 0
44 17 0 0 0 0 0 0 0 0
47 17 0 0 0 0 0 0 0 0
48 13 0 0 0 0 0 13 13 13
49 13 0 0 0 0 0 13 0 0
50 13 0 0 0 0 0 0 0 0
52 4 0 0 0 0 0 0 0 0
53 4 0 0 0 0 0 4 0 0
54 4 0 0 0 0 0 4 0 0
55 4 1 1 0 0 0 0 0 0
64 6 5 4 0 0 0 6 4 4
65 6 0 0 0 0 0 0 0 0
66 6 0 0 0 0 0 6 2 2
67 6 0 0 0 0 0 0 0 0
68 2 0 0 0 0 0 2 0 0
69 2 0 0 0 0 0 2 0 0
70 6 0 0 0 0 0 0 0 0
84 25 23 17 0 0 0 0 0 0
85 25 0 0 0 0 0 0 0 0
86 25 0 0 0 0 0 25 22 22
87 25 0 0 0 0 0 0 0 0
88 25 0 0 0 0 0 0 0 0
89 25 0 0 0 0 0 0 0 0
91 25 0 0 0 0 0 0 0 0
92 25 0 0 0 0 0 0 0 0
93 25 0 0 0 0 0 0 0 0
94 427 0 0 0 0 0 854 331 331
95 427 0 0 0 0 0 854 90 90
97 427 0 0 0 0 0 0 0 0
98 427 0 0 0 0 0 0 0 0
99 25 0 0 0 0 0 50 7 7
100 25 0 0 0 0 0 50 7 7
101 50 23 17 0 0 0 0 0 0
106 25 0 0 0 0 0 0 0 0
107 25 0 0 0 0 0 0 0 0
fl=./string/../sysdeps/aarch64/strchr.S
fn=index
54 197170 153949 4378 0 0 0 0 0 0
56 197170 0 0 0 0 0 0 0 0
57 197170 0 0 0 0 0 0 0 0
58 197170 0 0 197170 124625 21857 0 0 0
59 197170 0 0 0 0 0 0 0 0
60 197170 0 0 0 0 0 0 0 0
61 197170 0 0 0 0 0 0 0 0
62 197170 0 0 0 0 0 0 0 0
63 197170 0 0 0 0 0 0 0 0
64 197170 0 0 0 0 0 0 0 0
65 197170 0 0 0 0 0 0 0 0
66 197170 0 0 0 0 0 0 0 0
67 197170 0 0 0 0 0 0 0 0
69 183441 0 0 0 0 0 0 0 0
70 183441 0 0 0 0 0 0 0 0
73 183441 0 0 0 0 0 0 0 0
74 183441 99550 3469 0 0 0 0 0 0
75 183441 0 0 0 0 0 0 0 0
76 183441 0 0 0 0 0 0 0 0
80 13893 13416 1178 13893 41 28 0 0 0
81 13893 0 0 0 0 0 0 0 0
82 13893 0 0 0 0 0 0 0 0
83 13893 0 0 0 0 0 0 0 0
84 13893 0 0 0 0 0 0 0 0
85 13893 0 0 0 0 0 0 0 0
86 230 0 0 230 4 2 0 0 0
87 230 0 0 0 0 0 0 0 0
88 230 0 0 0 0 0 0 0 0
89 230 0 0 0 0 0 0 0 0
90 230 0 0 0 0 0 0 0 0
91 230 0 0 0 0 0 0 0 0
92 66 42 30 0 0 0 0 0 0
100 13729 13365 1441 0 0 0 0 0 0
101 13729 0 0 0 0 0 0 0 0
102 13729 0 0 0 0 0 0 0 0
103 13729 0 0 0 0 0 0 0 0
105 13729 0 0 0 0 0 0 0 0
106 13729 0 0 0 0 0 0 0 0
108 13729 0 0 0 0 0 0 0 0
109 13729 0 0 0 0 0 0 0 0
110 13729 0 0 0 0 0 0 0 0
111 13729 0 0 0 0 0 0 0 0
fl=./string/../sysdeps/aarch64/strchrnul.S
fn=strchrnul
53 304517 60085 3180 0 0 0 0 0 0
55 304517 0 0 0 0 0 0 0 0
56 304517 0 0 0 0 0 0 0 0
57 304517 0 0 304517 105863 51408 0 0 0
58 304517 0 0 0 0 0 0 0 0
59 304517 0 0 0 0 0 0 0 0
60 304517 0 0 0 0 0 0 0 0
61 304517 0 0 0 0 0 0 0 0
62 304517 0 0 0 0 0 0 0 0
63 304517 0 0 0 0 0 0 0 0
64 304517 0 0 0 0 0 0 0 0
66 303279 0 0 0 0 0 0 0 0
67 303279 0 0 0 0 0 0 0 0
68 303279 0 0 0 0 0 0 0 0
69 303279 0 0 0 0 0 0 0 0
73 1238 23 3 1238 0 0 0 0 0
74 1238 0 0 0 0 0 0 0 0
75 1238 0 0 0 0 0 0 0 0
76 1238 0 0 0 0 0 0 0 0
77 1238 0 0 0 0 0 0 0 0
78 1238 0 0 0 0 0 0 0 0
87 1238 0 0 0 0 0 0 0 0
88 1238 0 0 0 0 0 0 0 0
89 1238 0 0 0 0 0 0 0 0
91 1238 97 3 0 0 0 0 0 0
93 1238 0 0 0 0 0 0 0 0
94 1238 0 0 0 0 0 0 0 0
95 1238 0 0 0 0 0 0 0 0
fl=./string/../sysdeps/aarch64/strcmp.S
fn=strcmp
64 3103003 518923 1654 0 0 0 0 0 0
67 3103003 0 0 0 0 0 0 0 0
68 3103003 0 0 0 0 0 0 0 0
69 3103003 0 0 0 0 0 0 0 0
70 3103003 0 0 0 0 0 0 0 0
71 3103003 0 0 0 0 0 0 0 0
72 6183228 0 0 0 0 0 0 0 0
77 6182154 0 0 6182154 1196208 44755 0 0 0
78 6182154 0 0 6182154 1811 1172 0 0 0
85 6185786 0 0 0 0 0 0 0 0
86 6185786 0 0 0 0 0 0 0 0
88 6185786 0 0 0 0 0 0 0 0
89 6185786 0 0 0 0 0 0 0 0
90 6185786 0 0 0 0 0 0 0 0
94 3093430 0 0 0 0 0 0 0 0
95 3093430 816924 1059 0 0 0 0 0 0
98 3099771 151 30 0 0 0 0 0 0
99 3099771 0 0 0 0 0 0 0 0
100 3099771 0 0 0 0 0 0 0 0
102 3099771 0 0 0 0 0 0 0 0
107 3099771 0 0 0 0 0 0 0 0
108 3099771 0 0 0 0 0 0 0 0
111 3099771 0 0 0 0 0 0 0 0
112 3099771 0 0 0 0 0 0 0 0
113 3099771 0 0 0 0 0 0 0 0
121 3632 7 3 0 0 0 0 0 0
122 3632 0 0 3632 619 20 0 0 0
123 3632 0 0 3632 576 374 0 0 0
124 3632 0 0 0 0 0 0 0 0
125 3632 6 3 0 0 0 0 0 0
126 3632 0 0 0 0 0 0 0 0
127 3632 0 0 0 0 0 0 0 0
128 3632 0 0 0 0 0 0 0 0
129 3632 0 0 0 0 0 0 0 0
134 9573 204 56 0 0 0 0 0 0
136 25297 0 0 25297 3735 2406 0 0 0
137 25297 0 0 25297 841 83 0 0 0
138 25297 0 0 0 0 0 0 0 0
139 25297 0 0 0 0 0 0 0 0
140 25297 0 0 0 0 0 0 0 0
141 22065 0 0 0 0 0 0 0 0
142 22065 0 0 0 0 0 0 0 0
145 6341 0 0 0 0 0 0 0 0
146 6341 0 0 0 0 0 0 0 0
147 6341 0 0 6341 241 206 0 0 0
151 6341 205 62 0 0 0 0 0 0
152 6341 0 0 0 0 0 0 0 0
153 6341 0 0 0 0 0 0 0 0
154 6341 0 0 0 0 0 0 0 0
155 6341 0 0 0 0 0 0 0 0
156 6341 0 0 0 0 0 0 0 0
158 11030 0 0 0 0 0 0 0 0
163 8248 0 0 8248 123 49 0 0 0
164 8248 0 0 8248 0 0 0 0 0
168 8248 0 0 0 0 0 0 0 0
169 8248 0 0 0 0 0 0 0 0
170 8248 0 0 8248 1092 895 0 0 0
171 8248 0 0 0 0 0 0 0 0
172 8248 0 0 0 0 0 0 0 0
173 8248 0 0 0 0 0 0 0 0
175 5515 160 46 0 0 0 0 0 0
179 5515 0 0 0 0 0 0 0 0
180 5515 0 0 0 0 0 0 0 0
181 5515 0 0 0 0 0 0 0 0
183 2387 40 13 2387 261 188 0 0 0
184 2387 0 0 0 0 0 0 0 0
185 2387 0 0 0 0 0 0 0 0
186 2387 0 0 0 0 0 0 0 0
191 2387 0 0 0 0 0 0 0 0
192 2387 0 0 0 0 0 0 0 0
193 2387 0 0 0 0 0 0 0 0
196 3232 30 4 0 0 0 0 0 0
197 3232 0 0 0 0 0 0 0 0
fl=./string/../sysdeps/aarch64/strcpy.S
fn=stpcpy
71 826 657 212 0 0 0 0 0 0
74 826 0 0 0 0 0 0 0 0
75 826 0 0 826 0 0 0 0 0
76 826 0 0 0 0 0 0 0 0
77 826 0 0 0 0 0 0 0 0
78 826 0 0 0 0 0 0 0 0
79 826 0 0 0 0 0 0 0 0
80 826 0 0 0 0 0 0 0 0
81 826 0 0 0 0 0 0 0 0
83 37 0 0 37 6 1 0 0 0
84 37 0 0 0 0 0 0 0 0
85 37 0 0 0 0 0 0 0 0
86 37 0 0 0 0 0 0 0 0
87 37 0 0 0 0 0 0 0 0
90 36 0 0 0 0 0 0 0 0
92 36 0 0 0 0 0 0 0 0
93 36 0 0 0 0 0 0 0 0
94 36 0 0 0 0 0 0 0 0
95 36 0 0 0 0 0 0 0 0
96 6 0 0 0 0 0 0 0 0
97 6 0 0 6 0 0 0 0 0
98 6 0 0 6 0 0 0 0 0
99 6 0 0 0 0 0 6 0 0
100 6 0 0 0 0 0 6 0 0
101 6 0 0 0 0 0 0 0 0
102 6 0 0 0 0 0 0 0 0
105 789 655 209 0 0 0 0 0 0
106 789 0 0 0 0 0 0 0 0
107 789 0 0 0 0 0 0 0 0
109 819 0 0 0 0 0 0 0 0
110 707 0 0 0 0 0 0 0 0
111 707 0 0 707 0 0 0 0 0
112 707 653 211 707 0 0 0 0 0
113 707 0 0 0 0 0 707 1 1
114 707 0 0 0 0 0 707 1 1
115 707 0 0 0 0 0 0 0 0
116 707 0 0 0 0 0 0 0 0
120 112 3 1 0 0 0 0 0 0
121 112 0 0 0 0 0 0 0 0
122 34 0 0 34 0 0 0 0 0
123 34 0 0 34 0 0 0 0 0
124 34 0 0 0 0 0 34 2 1
125 34 0 0 0 0 0 34 1 1
126 34 0 0 0 0 0 0 0 0
127 34 0 0 0 0 0 0 0 0
130 78 2 1 0 0 0 0 0 0
131 78 0 0 78 0 0 0 0 0
132 78 0 0 0 0 0 78 3 0
134 78 0 0 0 0 0 78 0 0
135 78 0 0 0 0 0 0 0 0
136 78 0 0 0 0 0 0 0 0
140 1 1 1 0 0 0 0 0 0
141 1 0 0 1 0 0 0 0 0
142 1 0 0 0 0 0 0 0 0
143 1 0 0 0 0 0 1 0 0
145 1 0 0 0 0 0 1 0 0
146 1 0 0 1 0 0 0 0 0
147 1 0 0 0 0 0 0 0 0
148 1 0 0 0 0 0 0 0 0
149 1 1 1 0 0 0 0 0 0
150 1 0 0 0 0 0 0 0 0
151 1 0 0 0 0 0 1 1 1
152 1 0 0 1 0 0 0 0 0
153 1 0 0 0 0 0 0 0 0
154 1 0 0 0 0 0 0 0 0
155 1 0 0 0 0 0 0 0 0
156 1 0 0 0 0 0 0 0 0
157 1 0 0 0 0 0 0 0 0
159 1 0 0 0 0 0 0 0 0
160 1 0 0 0 0 0 0 0 0
161 1 0 0 0 0 0 0 0 0
163 1 0 0 0 0 0 0 0 0
165 1 0 0 0 0 0 0 0 0
166 1 0 0 0 0 0 0 0 0
167 1 0 0 0 0 0 0 0 0
168 1 1 1 1 0 0 0 0 0
169 1 0 0 0 0 0 1 0 0
170 1 0 0 0 0 0 0 0 0
171 1 0 0 0 0 0 0 0 0
fn=strcpy
71 2187 333 46 0 0 0 0 0 0
74 2187 0 0 0 0 0 0 0 0
75 2187 0 0 2187 35 35 0 0 0
76 2187 0 0 0 0 0 0 0 0
77 2187 0 0 0 0 0 0 0 0
78 2187 0 0 0 0 0 0 0 0
79 2187 0 0 0 0 0 0 0 0
80 2187 0 0 0 0 0 0 0 0
81 2187 0 0 0 0 0 0 0 0
83 1814 0 0 1814 0 0 0 0 0
84 1814 0 0 0 0 0 0 0 0
85 1814 0 0 0 0 0 0 0 0
86 1814 0 0 0 0 0 0 0 0
87 1814 0 0 0 0 0 0 0 0
90 1147 0 0 0 0 0 0 0 0
92 1147 0 0 0 0 0 0 0 0
93 1147 89 4 0 0 0 0 0 0
94 1147 0 0 0 0 0 0 0 0
95 1147 0 0 0 0 0 0 0 0
96 715 0 0 0 0 0 0 0 0
97 715 0 0 715 0 0 0 0 0
98 715 0 0 715 0 0 0 0 0
99 715 0 0 0 0 0 715 0 0
100 715 0 0 0 0 0 715 10 1
102 715 0 0 0 0 0 0 0 0
105 373 219 43 0 0 0 0 0 0
106 373 0 0 0 0 0 0 0 0
107 373 0 0 0 0 0 0 0 0
109 805 0 0 0 0 0 0 0 0
110 497 0 0 0 0 0 0 0 0
111 497 0 0 497 0 0 0 0 0
112 497 0 0 497 0 0 0 0 0
113 497 75 3 0 0 0 497 0 0
114 497 0 0 0 0 0 497 0 0
116 497 0 0 0 0 0 0 0 0
120 308 163 43 0 0 0 0 0 0
121 308 0 0 0 0 0 0 0 0
122 138 0 0 138 0 0 0 0 0
123 138 0 0 138 0 0 0 0 0
124 138 0 0 0 0 0 138 0 0
125 138 0 0 0 0 0 138 0 0
127 138 0 0 0 0 0 0 0 0
130 170 0 0 0 0 0 0 0 0
131 170 0 0 170 0 0 0 0 0
132 170 0 0 0 0 0 170 0 0
134 170 0 0 0 0 0 170 0 0
136 170 0 0 0 0 0 0 0 0
140 667 72 4 0 0 0 0 0 0
141 667 0 0 667 0 0 0 0 0
142 667 0 0 0 0 0 0 0 0
143 667 0 0 0 0 0 667 1 1
145 673 0 0 0 0 0 673 7 3
146 673 0 0 673 0 0 0 0 0
147 673 0 0 0 0 0 0 0 0
148 673 0 0 0 0 0 0 0 0
149 673 0 0 0 0 0 0 0 0
150 673 0 0 0 0 0 0 0 0
151 11 0 0 0 0 0 11 3 1
152 11 0 0 11 0 0 0 0 0
153 11 0 0 0 0 0 0 0 0
154 11 0 0 0 0 0 0 0 0
155 11 0 0 0 0 0 0 0 0
156 11 0 0 0 0 0 0 0 0
157 5 4 0 0 0 0 0 0 0
159 667 76 4 0 0 0 0 0 0
160 667 0 0 0 0 0 0 0 0
161 667 0 0 0 0 0 0 0 0
163 667 0 0 0 0 0 0 0 0
165 667 0 0 0 0 0 0 0 0
166 667 0 0 0 0 0 0 0 0
167 667 0 0 0 0 0 0 0 0
168 667 0 0 667 0 0 0 0 0
169 667 0 0 0 0 0 667 2 0
171 667 0 0 0 0 0 0 0 0
fl=./string/../sysdeps/aarch64/strncmp.S
fn=strncmp
72 4728 629 121 0 0 0 0 0 0
73 4728 0 0 0 0 0 0 0 0
74 4728 0 0 0 0 0 0 0 0
75 4728 0 0 0 0 0 0 0 0
76 4728 0 0 0 0 0 0 0 0
77 4728 0 0 0 0 0 0 0 0
78 4728 0 0 0 0 0 0 0 0
79 1380 442 83 0 0 0 0 0 0
86 1377 0 0 1377 453 280 0 0 0
87 1377 0 0 1377 16 4 0 0 0
89 1414 0 0 0 0 0 0 0 0
90 1414 0 0 0 0 0 0 0 0
91 1414 0 0 0 0 0 0 0 0
92 1414 0 0 0 0 0 0 0 0
93 1414 0 0 0 0 0 0 0 0
94 1414 0 0 0 0 0 0 0 0
95 1414 0 0 0 0 0 0 0 0
96 1414 0 0 0 0 0 0 0 0
101 1435 8 1 0 0 0 0 0 0
102 1435 0 0 0 0 0 0 0 0
106 1499 9 8 0 0 0 0 0 0
107 1499 0 0 0 0 0 0 0 0
108 1499 0 0 0 0 0 0 0 0
109 1499 465 88 0 0 0 0 0 0
110 1499 0 0 0 0 0 0 0 0
111 1499 0 0 0 0 0 0 0 0
112 1499 0 0 0 0 0 0 0 0
115 1499 0 0 0 0 0 0 0 0
116 1499 0 0 0 0 0 0 0 0
117 1499 0 0 0 0 0 0 0 0
118 1499 0 0 0 0 0 0 0 0
175 37 1 1 0 0 0 0 0 0
176 37 0 0 0 0 0 0 0 0
177 37 0 0 37 0 0 0 0 0
178 37 0 0 0 0 0 0 0 0
179 37 0 0 37 0 0 0 0 0
180 37 0 0 0 0 0 0 0 0
181 37 0 0 0 0 0 0 0 0
183 37 0 0 0 0 0 0 0 0
184 37 7 2 0 0 0 0 0 0
185 37 0 0 0 0 0 0 0 0
186 37 0 0 0 0 0 0 0 0
187 37 0 0 0 0 0 0 0 0
192 3348 410 96 0 0 0 0 0 0
193 3348 0 0 0 0 0 0 0 0
197 5326 0 0 5326 949 343 0 0 0
198 5326 0 0 5326 65 22 0 0 0
199 5326 0 0 0 0 0 0 0 0
200 5326 0 0 0 0 0 0 0 0
201 5326 0 0 0 0 0 0 0 0
202 5326 0 0 0 0 0 0 0 0
204 3229 0 0 0 0 0 0 0 0
205 3229 0 0 0 0 0 0 0 0
209 190 0 0 0 0 0 0 0 0
211 89 0 0 0 0 0 0 0 0
212 89 0 0 0 0 0 0 0 0
213 89 0 0 0 0 0 0 0 0
216 99 0 0 99 27 16 0 0 0
217 99 0 0 99 0 0 0 0 0
218 99 7 3 0 0 0 0 0 0
219 99 0 0 0 0 0 0 0 0
220 99 0 0 0 0 0 0 0 0
221 28 0 0 0 0 0 0 0 0
222 28 0 0 0 0 0 0 0 0
241 119 14 10 0 0 0 0 0 0
242 119 0 0 0 0 0 0 0 0
243 119 0 0 0 0 0 0 0 0
244 119 0 0 0 0 0 0 0 0
245 119 0 0 119 9 0 0 0 0
246 119 0 0 238 0 0 0 0 0
247 119 0 0 0 0 0 0 0 0
248 119 0 0 0 0 0 0 0 0
250 119 0 0 0 0 0 0 0 0
254 65 0 0 0 0 0 0 0 0
255 65 0 0 0 0 0 0 0 0
256 65 11 6 0 0 0 0 0 0
257 65 0 0 0 0 0 0 0 0
258 65 0 0 0 0 0 0 0 0
259 65 0 0 0 0 0 0 0 0
260 65 0 0 0 0 0 0 0 0
261 65 0 0 0 0 0 0 0 0
262 65 0 0 0 0 0 0 0 0
263 65 0 0 0 0 0 0 0 0
264 65 0 0 0 0 0 0 0 0
266 10 0 0 10 0 0 0 0 0
269 73 10 7 0 0 0 0 0 0
279 73 0 0 0 0 0 0 0 0
280 73 0 0 0 0 0 0 0 0
281 73 0 0 0 0 0 0 0 0
282 73 0 0 0 0 0 0 0 0
286 73 0 0 0 0 0 0 0 0
287 73 18 11 0 0 0 0 0 0
288 73 0 0 0 0 0 0 0 0
289 73 0 0 0 0 0 0 0 0
290 73 0 0 0 0 0 0 0 0
293 28 0 0 56 2 2 0 0 0
294 28 0 0 0 0 0 0 0 0
295 28 0 0 0 0 0 0 0 0
296 28 0 0 0 0 0 0 0 0
297 28 0 0 0 0 0 0 0 0
298 28 0 0 0 0 0 0 0 0
299 28 0 0 0 0 0 0 0 0
300 28 0 0 0 0 0 0 0 0
302 9 0 0 9 2 0 0 0 0
303 9 0 0 0 0 0 0 0 0
304 9 0 0 0 0 0 0 0 0
fl=./string/../sysdeps/aarch64/strnlen.S
fn=strnlen
51 63061 15061 994 0 0 0 0 0 0
54 63061 0 0 0 0 0 0 0 0
55 63061 0 0 0 0 0 0 0 0
56 63046 0 0 63046 17647 3366 0 0 0
57 63046 0 0 0 0 0 0 0 0
58 63046 0 0 0 0 0 0 0 0
59 63046 0 0 0 0 0 0 0 0
60 63046 0 0 0 0 0 0 0 0
61 63046 0 0 0 0 0 0 0 0
62 63046 0 0 0 0 0 0 0 0
64 54523 0 0 0 0 0 0 0 0
65 54523 0 0 0 0 0 0 0 0
66 54523 0 0 0 0 0 0 0 0
67 54523 0 0 0 0 0 0 0 0
68 54523 0 0 0 0 0 0 0 0
69 54523 0 0 0 0 0 0 0 0
72 2087 4 1 0 0 0 0 0 0
73 2087 0 0 0 0 0 0 0 0
76 8523 5321 987 0 0 0 0 0 0
77 8523 0 0 0 0 0 0 0 0
78 8523 0 0 0 0 0 0 0 0
79 8523 0 0 0 0 0 0 0 0
82 6451 0 0 0 0 0 0 0 0
83 67 0 0 0 0 0 0 0 0
86 116 0 0 116 16 5 0 0 0
87 116 0 0 0 0 0 0 0 0
88 116 0 0 0 0 0 0 0 0
89 116 0 0 0 0 0 0 0 0
90 116 0 0 0 0 0 0 0 0
92 6462 0 0 6462 3132 985 0 0 0
93 6462 0 0 0 0 0 0 0 0
94 6462 0 0 0 0 0 0 0 0
95 6462 3499 955 0 0 0 0 0 0
96 6462 0 0 0 0 0 0 0 0
97 6462 0 0 0 0 0 0 0 0
98 6462 0 0 0 0 0 0 0 0
100 6413 0 0 0 0 0 0 0 0
102 6451 37 33 0 0 0 0 0 0
103 6451 0 0 0 0 0 0 0 0
104 6451 0 0 0 0 0 0 0 0
106 6451 0 0 0 0 0 0 0 0
108 6451 0 0 0 0 0 0 0 0
109 6451 0 0 0 0 0 0 0 0
110 6451 0 0 0 0 0 0 0 0
111 6451 0 0 0 0 0 0 0 0
112 6451 0 0 0 0 0 0 0 0
fl=./string/../sysdeps/aarch64/strrchr.S
fn=rindex
57 2153 899 465 0 0 0 0 0 0
59 2153 0 0 0 0 0 0 0 0
60 2153 0 0 0 0 0 0 0 0
61 2153 0 0 0 0 0 0 0 0
62 2153 0 0 2153 913 589 0 0 0
63 2153 0 0 0 0 0 0 0 0
64 2153 0 0 0 0 0 0 0 0
65 2153 0 0 0 0 0 0 0 0
66 2153 0 0 0 0 0 0 0 0
67 2153 0 0 0 0 0 0 0 0
68 2153 0 0 0 0 0 0 0 0
69 2153 0 0 0 0 0 0 0 0
70 2153 0 0 0 0 0 0 0 0
71 2153 0 0 0 0 0 0 0 0
72 2153 0 0 0 0 0 0 0 0
73 1909 0 0 0 0 0 0 0 0
77 132 117 21 132 21 15 0 0 0
78 132 0 0 0 0 0 0 0 0
79 132 0 0 0 0 0 0 0 0
80 132 0 0 0 0 0 0 0 0
81 132 0 0 0 0 0 0 0 0
82 132 0 0 0 0 0 0 0 0
83 1 0 0 1 1 0 0 0 0
84 1 0 0 0 0 0 0 0 0
85 1 0 0 0 0 0 0 0 0
86 1 0 0 0 0 0 0 0 0
87 1 0 0 0 0 0 0 0 0
88 1 0 0 0 0 0 0 0 0
89 1 0 0 0 0 0 0 0 0
91 132 0 0 0 0 0 0 0 0
92 132 0 0 0 0 0 0 0 0
99 132 0 0 0 0 0 0 0 0
100 132 93 13 0 0 0 0 0 0
101 132 0 0 0 0 0 0 0 0
103 132 0 0 0 0 0 0 0 0
104 132 0 0 0 0 0 0 0 0
106 370 154 20 0 0 0 0 0 0
107 370 0 0 0 0 0 0 0 0
108 370 0 0 0 0 0 0 0 0
109 370 0 0 0 0 0 0 0 0
110 370 0 0 0 0 0 0 0 0
111 370 0 0 0 0 0 0 0 0
112 370 0 0 0 0 0 0 0 0
113 370 0 0 0 0 0 0 0 0
119 1783 650 414 0 0 0 0 0 0
120 1783 0 0 0 0 0 0 0 0
123 1821 690 452 0 0 0 0 0 0
124 1821 0 0 0 0 0 0 0 0
125 1821 0 0 0 0 0 0 0 0
126 1821 0 0 1821 109 43 0 0 0
127 1821 0 0 0 0 0 0 0 0
128 1821 0 0 0 0 0 0 0 0
129 1821 0 0 0 0 0 0 0 0
130 1821 0 0 0 0 0 0 0 0
131 1821 0 0 0 0 0 0 0 0
132 1821 0 0 0 0 0 0 0 0
133 1821 0 0 0 0 0 0 0 0
135 1783 0 0 0 0 0 0 0 0
136 1783 0 0 0 0 0 0 0 0
137 1783 0 0 0 0 0 0 0 0
138 1783 0 0 0 0 0 0 0 0
139 1783 0 0 0 0 0 0 0 0
140 1783 689 436 0 0 0 0 0 0
141 1783 0 0 0 0 0 0 0 0
142 1783 0 0 0 0 0 0 0 0
143 1783 0 0 0 0 0 0 0 0
144 1783 0 0 0 0 0 0 0 0
145 1783 0 0 0 0 0 0 0 0
146 1783 0 0 0 0 0 0 0 0
147 1783 0 0 0 0 0 0 0 0
fl=./string/./string/memmem.c
fn=memmem
55 60 4 1 12 0 0 30 0 0
59 36 3 1 0 0 0 24 0 0
61 12 0 0 0 0 0 0 0 0
65 12 0 0 0 0 0 0 0 0
66 18 0 0 24 0 0 0 0 0
68 12 0 0 0 0 0 0 0 0
70 12 0 0 0 0 0 0 0 0
79 18 0 0 0 0 0 12 0 0
84 6 0 0 0 0 0 0 0 0
85 6 0 0 0 0 0 0 0 0
88 42 4 1 0 0 0 0 0 0
89 72 0 0 12 0 0 12 0 0
92 42 0 0 18 0 0 0 0 0
93 6 0 0 0 0 0 6 0 0
95 36 6 1 12 0 0 0 0 0
100 12 6 1 0 0 0 0 0 0
101 60 0 0 36 0 0 0 0 0
103 36 0 0 0 0 0 0 0 0
107 6 0 0 0 0 0 0 0 0
108 12 0 0 0 0 0 0 0 0
119 6 0 0 0 0 0 0 0 0
126 66 6 1 42 0 0 0 0 0
fl=./string/./string/strcat.c
fn=strcat
29 750 72 37 0 0 0 600 0 0
30 600 0 0 0 0 0 0 0 0
32 600 0 0 600 0 0 0 0 0
fl=./string/./string/strcspn.c
fn=strcspn
32 74 15 4 14 5 2 31 1 1
33 16 0 0 8 8 3 0 0 0
34 16 0 0 8 0 0 0 0 0
39 4 0 0 0 0 0 4 0 0
40 10 0 0 0 0 0 4 1 1
41 10 1 1 0 0 0 4 1 1
42 10 0 0 0 0 0 4 1 1
47 56 0 0 24 0 0 24 0 0
48 24 0 0 0 0 0 0 0 0
51 32 0 0 16 1 0 0 0 0
52 32 8 2 16 0 0 0 0 0
53 32 0 0 16 0 0 0 0 0
54 4 0 0 2 0 0 0 0 0
56 1 0 0 0 0 0 0 0 0
62 24 0 0 24 0 0 0 0 0
63 12 0 0 12 0 0 0 0 0
64 24 0 0 24 0 0 0 0 0
65 12 0 0 12 0 0 0 0 0
67 84 1 1 24 0 0 0 0 0
69 1 0 0 0 0 0 0 0 0
70 6 0 0 0 0 0 0 0 0
71 80 7 1 45 0 0 0 0 0
fl=./string/./string/strdup.c
fn=strdup
40 188 29 27 0 0 0 188 1 1
41 94 0 0 0 0 0 0 0 0
42 20 0 0 0 0 0 0 0 0
44 47 0 0 0 0 0 0 0 0
47 111 0 0 0 0 0 0 0 0
48 94 8 5 188 0 0 0 0 0
fl=./string/./string/strerror.c
fn=strerror
23 1306 653 208 0 0 0 1306 0 0
24 3265 0 0 1306 559 206 0 0 0
25 653 0 0 1306 0 0 0 0 0
fl=./string/./string/strerror_l.c
fn=strerror_l
28 1959 653 209 0 0 0 0 0 0
29 3918 0 0 0 0 0 0 0 0
30 1306 0 0 0 0 0 0 0 0
38 4571 653 208 0 0 0 5224 0 0
39 2612 0 0 1306 0 0 0 0 0
40 653 0 0 0 0 0 0 0 0
41 653 0 0 0 0 0 0 0 0
57 653 0 0 0 0 0 0 0 0
59 653 0 0 0 0 0 653 0 0
61 3918 0 0 5224 0 0 0 0 0
fl=./string/./string/strncpy.c
fn=strncpy
28 435358 52364 606 0 0 0 373164 8762 181
29 248776 0 0 0 0 0 0 0 0
30 124388 51159 613 0 0 0 0 0 0
31 231288 0 0 0 0 0 0 0 0
32 248776 0 0 0 0 0 0 0 0
33 186582 0 0 373164 0 0 0 0 0
fl=./string/./string/strndup.c
fn=strndup
41 5 2 2 0 0 0 5 0 0
42 2 0 0 0 0 0 0 0 0
43 3 0 0 0 0 0 0 0 0
45 1 0 0 0 0 0 0 0 0
48 1 0 0 0 0 0 1 0 0
50 3 0 0 5 0 0 0 0 0
fl=./string/./string/strpbrk.c
fn=strpbrk
29 28 7 2 0 0 0 21 0 0
30 7 0 0 0 0 0 0 0 0
31 21 0 0 7 0 0 0 0 0
32 28 0 0 21 0 0 0 0 0
fl=./string/./string/strstr.c
fn=strstr
77 65 4 4 10 0 0 45 0 0
82 10 0 0 5 4 4 0 0 0
84 15 4 4 0 0 0 0 0 0
85 5 0 0 0 0 0 0 0 0
86 10 5 4 0 0 0 0 0 0
161 70 5 4 55 0 0 0 0 0
fl=./termios/../string/bits/string_fortified.h
fn=tcgetattr
59 18 0 0 0 0 0 18 0 0
fl=./termios/../sysdeps/unix/sysv/linux/tcgetattr.c
fn=tcgetattr
34 7830 870 578 1740 0 0 2610 0 0
38 11274 1734 1507 864 6 0 864 0 0
40 870 0 0 0 0 0 0 0 0
42 12 0 0 6 0 0 6 0 0
46 12 6 1 6 0 0 6 0 0
51 18 0 0 0 0 0 0 0 0
58 6 0 0 0 0 0 12 0 0
63 36 0 0 18 0 0 18 0 0
77 8700 870 766 4350 0 0 0 0 0
fl=./time/../bits/byteswap.h
fn=__tzfile_read
52 30 0 0 18 0 0 0 0 0
73 472 0 0 236 0 0 0 0 0
fl=./time/../include/alloc_buffer.h
fn=__tzfile_read
129 3 0 0 1 0 0 0 0 0
fl=./time/../include/stdio.h
fn=__tzfile_read
341 150 1 1 75 1 1 25 0 0
fl=./time/../string/bits/string_fortified.h
fn=__tzstring_len
29 40 1 1 0 0 0 0 0 0
fl=./time/../sysdeps/unix/sysv/linux/clock_gettime.c
fn=clock_gettime@@GLIBC_2.17
38 37761 9972 1172 25174 11512 2792 0 0 0
40 12587 0 0 0 0 0 0 0 0
44 25174 0 0 0 0 0 0 0 0
68 37761 9742 1203 0 0 0 0 0 0
69 12587 0 0 0 0 0 0 0 0
fl=./time/../sysdeps/unix/sysv/linux/dl-vdso.h
fn=gettimeofday
40 6 2 2 4 4 2 0 0 0
41 2 0 0 0 0 0 0 0 0
fl=./time/../sysdeps/unix/sysv/linux/gettimeofday.c
fn=gettimeofday
42 6 2 2 0 0 0 0 0 0
fl=./time/../sysdeps/unix/sysv/linux/time.c
fn=time
58 40 4 4 8 6 1 16 0 0
60 12 0 0 0 0 0 0 0 0
62 4 0 0 0 0 0 0 0 0
63 4 0 0 4 0 0 0 0 0
65 44 4 4 24 0 0 0 0 0
fl=./time/./time/localtime.c
fn=localtime_r
29 4 2 1 0 0 0 4 0 0
30 8 0 0 2 0 0 0 0 0
31 2 0 0 4 0 0 0 0 0
fl=./time/./time/offtime.c
fn=__offtime
30 8 0 0 0 0 0 12 0 0
34 14 1 1 0 0 0 0 0 0
35 6 0 0 0 0 0 0 0 0
37 4 0 0 0 0 0 0 0 0
42 6 1 1 0 0 0 0 0 0
47 16 2 2 0 0 0 2 0 0
48 10 0 0 0 0 0 0 0 0
49 12 1 1 0 0 0 2 0 0
50 12 1 1 0 0 0 2 0 0
52 26 0 0 0 0 0 2 0 0
54 4 0 0 0 0 0 0 0 0
55 6 0 0 0 0 0 0 0 0
60 56 1 1 0 0 0 0 0 0
63 32 1 1 0 0 0 0 0 0
66 6 0 0 0 0 0 0 0 0
67 89 3 3 0 0 0 0 0 0
68 83 1 1 0 0 0 0 0 0
69 3 0 0 0 0 0 0 0 0
71 4 0 0 0 0 0 2 0 0
72 6 0 0 0 0 0 0 0 0
78 2 0 0 0 0 0 2 0 0
79 14 0 0 0 0 0 0 0 0
80 33 1 1 7 1 1 0 0 0
82 2 0 0 0 0 0 0 0 0
83 2 0 0 0 0 0 4 0 0
84 2 0 0 0 0 0 0 0 0
85 2 0 0 0 0 0 0 0 0
86 16 2 2 12 0 0 0 0 0
fl=./time/./time/tzfile.c
fn=__tzfile_compute
586 16 1 1 0 0 0 14 0 0
589 2 0 0 0 0 0 0 0 0
591 8 0 0 2 0 0 8 0 0
592 2 1 1 0 0 0 4 0 0
594 16 1 1 6 0 0 0 0 0
624 8 0 0 2 0 0 0 0 0
660 2 0 0 0 0 0 0 0 0
661 2 0 0 0 0 0 0 0 0
668 16 1 1 0 0 0 0 0 0
669 4 0 0 0 0 0 0 0 0
671 4 0 0 0 0 0 0 0 0
672 8 0 0 2 0 0 0 0 0
674 12 1 1 2 0 0 0 0 0
677 8 1 1 2 0 0 0 0 0
681 2 0 0 0 0 0 0 0 0
711 2 0 0 2 0 0 0 0 0
712 28 3 3 12 0 0 4 0 0
714 6 1 1 2 0 0 0 0 0
717 6 0 0 4 0 0 0 0 0
718 2 0 0 2 0 0 0 0 0
720 4 0 0 2 0 0 0 0 0
722 8 1 1 2 0 0 2 0 0
724 14 0 0 6 0 0 4 0 0
731 4 0 0 2 0 0 0 0 0
734 4 0 0 8 0 0 0 0 0
737 8 0 0 4 0 0 0 0 0
738 10 0 0 4 0 0 2 0 0
739 10 1 1 4 0 0 2 0 0
741 2 0 0 0 0 0 0 0 0
748 4 0 0 2 0 0 0 0 0
751 6 0 0 4 0 0 2 1 0
752 18 1 1 6 0 0 0 0 0
753 4 0 0 2 0 0 4 0 0
754 8 0 0 10 0 0 0 0 0
758 4 0 0 0 0 0 2 1 0
759 4 0 0 0 0 0 2 0 0
762 2 0 0 0 0 0 0 0 0
764 4 0 0 0 0 0 0 0 0
766 2 0 0 4 0 0 0 0 0
783 8 0 0 12 0 0 0 0 0
fn=__tzfile_read
107 13 2 2 2 0 0 9 0 0
114 2 0 0 1 0 0 0 0 0
116 1 0 0 0 0 0 1 0 0
121 1 0 0 0 0 0 1 0 0
123 1 0 0 0 0 0 0 0 0
126 3 0 0 1 0 0 0 0 0
135 4 1 1 2 2 2 0 0 0
136 1 0 0 0 0 0 0 0 0
145 1 1 1 0 0 0 0 0 0
159 1 1 1 0 0 0 0 0 0
167 5 0 0 0 0 0 0 0 0
168 1 0 0 0 0 0 0 0 0
172 4 0 0 0 0 0 0 0 0
175 5 1 1 1 1 1 4 0 0
176 1 0 0 0 0 0 1 0 0
179 1 0 0 0 0 0 2 0 0
180 2 1 1 2 0 0 1 0 0
181 2 0 0 1 0 0 1 0 0
184 5 0 0 1 0 0 1 0 0
187 16 0 0 2 0 0 0 0 0
189 8 1 1 2 0 0 0 0 0
192 2 0 0 0 0 0 0 0 0
193 4 0 0 0 0 0 4 0 0
194 2 0 0 0 0 0 0 0 0
195 4 0 0 0 0 0 2 0 0
196 2 0 0 0 0 0 0 0 0
197 2 0 0 0 0 0 0 0 0
199 8 1 1 0 0 0 0 0 0
202 6 2 2 1 0 0 0 0 0
208 5 0 0 0 0 0 0 0 0
209 2 0 0 0 0 0 0 0 0
214 8 0 0 1 0 0 1 0 0
225 3 0 0 1 0 0 0 0 0
226 4 0 0 0 0 0 0 0 0
227 1 0 0 0 0 0 0 0 0
228 3 1 1 2 0 0 0 0 0
229 1 0 0 0 0 0 0 0 0
231 1 0 0 0 0 0 0 0 0
234 7 0 0 1 0 0 0 0 0
235 3 0 0 0 0 0 0 0 0
237 1 0 0 0 0 0 0 0 0
238 2 1 1 0 0 0 0 0 0
241 5 0 0 0 0 0 0 0 0
243 1 0 0 0 0 0 0 0 0
244 5 0 0 0 0 0 1 0 0
274 4 1 1 0 0 0 1 0 0
276 2 0 0 0 0 0 0 0 0
280 5 0 0 0 0 0 1 0 0
281 1 0 0 0 0 0 0 0 0
283 1 0 0 0 0 0 2 0 0
288 5 1 1 0 0 0 0 0 0
289 8 0 0 1 0 0 1 0 0
290 7 0 0 1 0 0 1 0 0
291 7 1 1 1 0 0 1 0 0
292 6 0 0 0 0 0 1 0 0
293 4 1 1 1 0 0 0 0 0
294 8 1 1 0 0 0 1 1 1
297 1 0 0 0 0 0 0 0 0
299 2 0 0 1 0 0 0 0 0
302 10 1 1 4 0 0 0 0 0
305 7 0 0 2 0 0 0 0 0
311 712 0 0 1 0 0 0 0 0
312 708 1 1 236 0 0 0 0 0
315 5 1 1 1 0 0 0 0 0
323 2 0 0 1 0 0 0 0 0
329 472 0 0 0 0 0 0 0 0
330 236 0 0 0 0 0 236 0 0
333 25 1 1 7 0 0 0 0 0
337 42 1 1 6 0 0 0 0 0
342 12 0 0 0 0 0 0 0 0
344 28 0 0 6 0 0 7 0 0
346 12 0 0 0 0 0 0 0 0
349 18 0 0 6 0 0 6 0 0
350 6 0 0 0 0 0 6 0 0
353 8 0 0 1 0 0 0 0 0
356 2 0 0 1 0 0 0 0 0
372 20 1 1 0 0 0 0 0 0
377 31 1 1 6 0 0 6 0 0
379 4 1 1 1 0 0 0 0 0
380 3 0 0 1 0 0 0 0 0
382 16 1 1 0 0 0 0 0 0
387 37 0 0 6 0 0 6 0 0
389 4 1 1 1 0 0 0 0 0
390 3 1 1 1 0 0 0 0 0
393 3 0 0 1 0 0 0 0 0
395 1 0 0 0 0 0 0 0 0
397 2 1 1 0 0 0 0 0 0
398 9 1 1 1 0 0 0 0 0
402 2 0 0 1 0 0 1 0 0
406 3 1 1 1 0 0 0 0 0
409 2 0 0 0 0 0 0 0 0
412 30 1 1 7 0 0 0 0 0
413 42 0 0 18 0 0 0 0 0
419 3 0 0 1 0 0 2 0 0
421 4 0 0 1 0 0 0 0 0
423 4 0 0 4 0 0 0 0 0
424 7 1 1 4 0 0 0 0 0
426 6 0 0 4 0 0 0 0 0
430 10 0 0 4 0 0 2 0 0
432 7 0 0 2 0 0 0 0 0
436 2 0 0 1 0 0 0 0 0
443 2 0 0 1 0 0 0 0 0
444 2 1 1 0 0 0 0 0 0
446 2 0 0 0 0 0 1 0 0
447 2 1 1 1 0 0 0 0 0
449 1 0 0 1 0 0 0 0 0
452 1 0 0 0 0 0 1 0 0
456 2 0 0 0 0 0 0 0 0
458 10 2 2 3 0 0 0 0 0
460 3 0 0 1 0 0 1 0 0
461 5 0 0 1 0 0 0 0 0
465 1 0 0 0 0 0 0 0 0
470 12 1 1 0 0 0 1 0 0
471 4 0 0 2 0 0 0 0 0
474 5 0 0 2 1 1 1 0 0
475 8 0 0 6 0 0 1 0 0
478 2 0 0 0 0 0 1 0 0
479 2 1 1 1 0 0 0 0 0
480 1 0 0 0 0 0 0 0 0
488 13 0 0 11 0 0 0 0 0
fl=./time/./time/tzset.c
fn=__tz_convert
568 28 3 2 4 0 0 16 0 0
572 14 0 0 0 0 0 0 0 0
577 12 0 0 0 0 0 0 0 0
579 6 2 1 2 0 0 0 0 0
580 14 0 0 0 0 0 0 0 0
592 14 0 0 0 0 0 0 0 0
594 2 1 1 0 0 0 0 0 0
596 2 0 0 0 0 0 0 0 0
603 14 0 0 4 0 0 0 0 0
604 8 0 0 4 0 0 2 0 0
610 28 1 1 20 1 0 0 0 0
fn=__tzstring
120 48 1 1 0 0 0 36 0 0
121 48 0 0 0 0 0 0 0 0
122 24 0 0 36 0 0 0 0 0
fn=__tzstring_len
83 84 2 2 0 0 0 96 0 0
89 78 1 1 33 0 0 0 0 0
90 84 0 0 28 0 0 0 0 0
92 106 0 0 0 0 0 0 0 0
93 140 0 0 0 0 0 0 0 0
98 20 1 1 0 0 0 0 0 0
99 5 0 0 0 0 0 0 0 0
103 5 0 0 0 0 0 10 0 0
104 5 0 0 0 0 0 0 0 0
105 10 0 0 0 0 0 5 0 0
108 4 0 0 0 0 0 4 0 0
110 1 0 0 0 0 0 1 0 0
113 72 1 1 96 0 0 0 0 0
fn=tzset_internal
368 8 2 2 0 0 0 12 0 0
372 16 0 0 2 0 0 0 0 0
374 2 0 0 0 0 0 1 0 0
377 4 0 0 0 0 0 0 0 0
378 1 0 0 0 0 0 0 0 0
397 1 0 0 0 0 0 1 1 1
398 1 0 0 0 0 0 1 1 1
401 2 1 1 1 0 0 0 0 0
402 6 0 0 0 0 0 1 0 0
405 4 1 1 0 0 0 0 0 0
406 3 0 0 1 0 0 0 0 0
424 8 2 2 12 1 0 0 0 0
fl=./wcsmbs/./wcsmbs/btowc.c
fn=btowc
32 2560 1 1 512 0 0 1280 0 0
37 1280 0 0 0 0 0 0 0 0
42 512 1 1 0 0 0 0 0 0
46 640 1 1 384 1 1 0 0 0
47 256 0 0 256 2 2 0 0 0
48 256 0 0 128 1 1 0 0 0
52 512 1 1 128 0 0 0 0 0
55 1920 1 1 640 0 0 0 0 0
94 1792 0 0 1408 0 0 0 0 0
fl=./wcsmbs/./wcsmbs/mbsrtowcs.c
fn=mbsrtowcs
27 2884 1312 424 0 0 0 2884 0 0
28 12978 0 0 2884 0 0 0 0 0
29 1442 0 0 2884 0 0 0 0 0
fl=./wcsmbs/./wcsmbs/mbsrtowcs_l.c
fn=__mbsrtowcs_l
41 23072 656 210 2884 0 0 17304 0 0
51 2884 0 0 0 0 0 1442 360 9
52 4326 656 210 1442 3 2 1442 5 0
53 1442 0 0 0 0 0 1442 0 0
56 1442 0 0 1442 527 208 0 0 0
59 1442 0 0 1442 651 206 0 0 0
60 1442 0 0 1442 1 0 0 0 0
61 2884 0 0 1442 409 191 0 0 0
65 1442 0 0 0 0 0 0 0 0
69 2099 0 0 1442 0 0 657 376 3
70 5256 1311 418 0 0 0 0 0 0
72 1971 0 0 1314 0 0 657 0 0
73 1314 0 0 0 0 0 657 0 0
75 657 0 0 0 0 0 0 0 0
76 1314 0 0 0 0 0 657 0 0
79 657 0 0 0 0 0 657 0 0
81 7227 656 206 0 0 0 0 0 0
84 1971 0 0 657 0 0 0 0 0
86 1314 0 0 0 0 0 0 0 0
88 1314 655 207 0 0 0 0 0 0
91 1314 0 0 657 0 0 0 0 0
93 657 0 0 0 0 0 0 0 0
101 785 0 0 0 0 0 785 0 0
105 1570 0 0 0 0 0 1570 0 0
109 3140 656 211 0 0 0 0 0 0
113 3140 0 0 0 0 0 0 0 0
115 8635 655 211 0 0 0 0 0 0
117 1570 656 209 0 0 0 0 0 0
118 785 0 0 0 0 0 0 0 0
120 2355 0 0 785 0 0 0 0 0
122 1314 0 0 657 0 0 0 0 0
125 785 0 0 785 0 0 0 0 0
129 785 0 0 0 0 0 785 0 0
131 2355 0 0 0 0 0 0 0 0
135 1570 0 0 0 0 0 0 0 0
136 1971 0 0 657 0 0 0 0 0
138 657 0 0 0 0 0 0 0 0
139 1971 0 0 1314 0 0 0 0 0
140 657 0 0 0 0 0 657 0 0
141 1314 0 0 0 0 0 0 0 0
147 384 1 1 0 0 0 0 0 0
153 256 1 1 0 0 0 0 0 0
155 128 0 0 0 0 0 0 0 0
156 640 0 0 128 0 0 128 0 0
159 128 0 0 0 0 0 0 0 0
160 23072 656 209 20188 0 0 0 0 0
fl=./wcsmbs/./wcsmbs/wcschr.c
fn=wcschr
28 16 2 2 0 0 0 16 0 0
43 784 0 0 160 0 0 0 0 0
46 16 0 0 16 0 0 0 0 0
fl=./wcsmbs/./wcsmbs/wcscmp.c
fn=wcscmp
29 2988 36 8 0 0 0 1494 1 0
34 6683 0 0 6683 38 10 0 0 0
35 6683 0 0 6683 91 18 0 0 0
36 6683 0 0 0 0 0 0 0 0
37 371 0 0 0 0 0 0 0 0
39 19307 36 8 0 0 0 0 0 0
41 752 0 0 0 0 0 0 0 0
42 1494 0 0 1494 0 0 0 0 0
fl=./wcsmbs/./wcsmbs/wcscpy.c
fn=wcscpy
29 250 23 2 0 0 0 200 0 0
31 350 0 0 0 0 0 0 0 0
49 100 22 2 200 0 0 0 0 0
fl=./wcsmbs/./wcsmbs/wcslen.c
fn=wcslen
27 1083 66 12 0 0 0 722 1 1
28 722 0 0 0 0 0 0 0 0
30 4219 0 0 1929 101 44 0 0 0
32 3736 61 12 1826 0 0 0 0 0
34 3906 0 0 1742 2 2 0 0 0
36 3836 0 0 1681 0 0 0 0 0
38 1568 0 0 0 0 0 0 0 0
42 722 0 0 722 0 0 0 0 0
fl=./wcsmbs/./wcsmbs/wcsmbsload.c
fn=__wcsmbs_load_conv
91 18 2 2 0 0 0 0 0 0
111 4 0 0 0 0 0 0 0 0
115 2 0 0 4 0 0 0 0 0
119 2 0 0 0 0 0 4 0 0
152 13 1 1 2 0 0 10 0 0
153 1 0 0 1 0 0 0 0 0
156 3 1 1 0 0 0 0 0 0
160 2 0 0 1 0 0 0 0 0
169 4 0 0 0 0 0 0 0 0
170 1 0 0 0 0 0 0 0 0
174 1 0 0 1 1 1 0 0 0
181 90 5 5 18 6 6 9 0 0
189 1 0 0 0 0 0 0 0 0
196 1 0 0 0 0 0 0 0 0
207 1 0 0 0 0 0 1 0 0
210 2 0 0 0 0 0 0 0 0
211 14 1 1 12 0 0 0 0 0
fl=./wcsmbs/./wcsmbs/wcsmbsload.h
fn=__mbsrtowcs_l
69 1442 0 0 1442 349 208 0 0 0
70 2884 0 0 1442 275 208 0 0 0
fl=./wcsmbs/./wcsmbs/wcsncpy.c
fn=wcsncpy
27 21 3 3 0 0 0 18 0 0
28 12 0 0 0 0 0 0 0 0
29 6 0 0 0 0 0 0 0 0
30 12 0 0 0 0 0 0 0 0
31 12 0 0 0 0 0 0 0 0
32 9 0 0 18 3 0 0 0 0
fl=./wcsmbs/./wcsmbs/wcsnlen.c
fn=wcsnlen
27 40 8 3 0 0 0 32 3 0
28 24 0 0 0 0 0 0 0 0
30 24 8 3 0 0 0 0 0 0
32 32 0 0 32 0 0 0 0 0
fl=./wcsmbs/./wcsmbs/wcsrchr.c
fn=wcsrchr
28 6 2 1 0 0 0 4 0 0
29 2 0 0 0 0 0 0 0 0
43 300 0 0 60 2 0 0 0 0
46 4 0 0 4 0 0 0 0 0
fl=./wcsmbs/./wcsmbs/wcsrtombs.c
fn=wcsrtombs
38 80 10 2 10 0 0 65 0 0
47 10 0 0 0 0 0 5 1 0
48 15 0 0 5 2 1 5 0 0
49 25 5 1 0 0 0 5 0 0
52 25 0 0 15 6 2 0 0 0
55 5 0 0 5 4 0 0 0 0
56 5 5 1 5 2 0 0 0 0
57 10 0 0 5 1 0 0 0 0
61 5 0 0 0 0 0 0 0 0
65 5 0 0 5 1 0 0 0 0
101 25 0 0 0 0 0 0 0 0
105 10 0 0 0 0 0 10 0 0
107 60 5 1 0 0 0 0 0 0
112 10 0 0 5 0 0 0 0 0
116 10 0 0 0 0 0 0 0 0
117 10 5 1 5 0 0 0 0 0
119 10 0 0 0 0 0 0 0 0
120 15 0 0 10 0 0 0 0 0
121 5 0 0 0 0 0 5 0 0
122 10 0 0 0 0 0 0 0 0
141 75 5 1 75 0 0 0 0 0
fl=./wcsmbs/./wcsmbs/wctob.c
fn=wctob
30 1280 2 2 256 2 0 640 0 0
39 256 0 0 0 0 0 0 0 0
44 256 0 0 0 0 0 0 0 0
45 128 0 0 0 0 0 0 0 0
79 1408 1 1 896 0 0 0 0 0
fl=./wcsmbs/./wcsmbs/wmemchr.c
fn=wmemchr
26 24 7 3 0 0 0 16 0 0
28 42 0 0 0 0 0 0 0 0
30 63 8 3 21 2 1 0 0 0
31 1 0 0 0 0 0 0 0 0
32 60 0 0 20 0 0 0 0 0
34 60 0 0 20 0 0 0 0 0
35 7 7 2 0 0 0 0 0 0
36 39 0 0 13 0 0 0 0 0
38 13 0 0 0 0 0 0 0 0
39 21 0 0 0 0 0 0 0 0
61 16 1 1 16 0 0 0 0 0
fl=./wcsmbs/./wcsmbs/wmemcpy.c
fn=wmemcpy
24 106 18 4 0 0 0 106 0 0
25 106 0 0 0 0 0 0 0 0
26 53 0 0 106 0 0 0 0 0
fl=./wcsmbs/./wcsmbs/wmemset.c
fn=wmemset
26 6 3 3 0 0 0 6 0 0
27 3 0 0 0 0 0 0 0 0
29 6138 3 3 0 0 0 0 0 0
32 3057 0 0 0 0 0 6114 257 220
34 3057 0 0 0 0 0 6114 508 451
35 3057 0 0 0 0 0 0 0 0
36 3057 0 0 0 0 0 0 0 0
39 3 0 0 0 0 0 0 0 0
41 2 0 0 0 0 0 2 1 0
43 4 0 0 0 0 0 0 0 0
45 2 0 0 0 0 0 2 0 0
47 4 0 0 0 0 0 0 0 0
48 1 0 0 0 0 0 1 0 0
53 6 0 0 6 3 0 0 0 0
fl=./wcsmbs/./wcsmbsload.h
fn=btowc
69 256 0 0 128 1 1 128 0 0
70 256 0 0 128 1 1 0 0 0
fn=wcsrtombs
69 5 0 0 5 5 1 0 0 0
70 10 0 0 5 2 0 0 0 0
71 2 1 1 0 0 0 0 0 0
72 2 0 0 1 0 0 0 0 0
fl=./wctype/./wctype/wctype_l.c
fn=wctype_l
26 70 1 1 0 0 0 80 0 0
29 20 0 0 0 0 0 0 0 0
32 20 0 0 20 1 1 0 0 0
33 68 0 0 0 0 0 0 0 0
35 174 1 1 0 0 0 0 0 0
37 361 0 0 0 0 0 0 0 0
40 96 0 0 0 0 0 0 0 0
41 96 0 0 48 0 0 0 0 0
45 20 0 0 10 1 1 0 0 0
46 20 1 1 10 2 2 0 0 0
47 50 0 0 80 0 0 0 0 0
fl=???
fn=(below main)
0 14 1 1 1 0 0 0 0 0
fn=???
0 6895608085 411017899 41276826 1946383344 99481296 17384984 1176016939 26580160 2248618
fn=ASN1_OBJECT_free
0 2840 97 2 710 18 0 568 0 0
fn=ASN1_add_oid_module
0 12 2 2 2 0 0 2 0 0
fn=ASN1_add_stable_module
0 12 2 2 2 0 0 2 0 0
fn=BIO_clear_flags
0 12 1 1 3 0 0 3 0 0
fn=BIO_ctrl
0 43 5 5 12 0 0 6 0 0
fn=BIO_free
0 51 6 5 8 1 0 3 0 0
fn=BIO_gets
0 26583 748 7 7429 7 0 3127 0 0
fn=BIO_meth_new
0 34 3 3 7 0 0 9 0 0
fn=BIO_meth_set_create
0 11 2 2 2 0 0 3 0 0
fn=BIO_meth_set_ctrl
0 11 1 1 2 0 0 3 0 0
fn=BIO_meth_set_destroy
0 11 1 1 2 0 0 3 0 0
fn=BIO_meth_set_gets
0 11 1 1 2 0 0 3 0 0
fn=BIO_meth_set_puts
0 11 1 1 2 0 0 3 0 0
fn=BIO_meth_set_read_ex
0 11 2 2 2 0 0 4 0 0
fn=BIO_meth_set_write_ex
0 11 2 2 2 0 0 4 0 0
fn=BIO_new
0 8 2 2 2 0 0 2 0 0
fn=BIO_new_ex
0 49 4 4 9 1 1 12 0 0
fn=BIO_new_file
0 39 3 3 6 0 0 6 0 0
fn=BIO_s_file
0 8 1 1 2 0 0 2 0 0
fn=BIO_snprintf
0 76618 574 5 11889 0 0 30383 0 0
fn=BIO_vsnprintf
0 60766 387 4 14531 0 0 9247 3 0
fn=BN_free
0 1600 149 3 0 0 0 0 0 0
fn=BUF_MEM_free
0 22 3 3 7 0 0 4 0 0
fn=BUF_MEM_grow
0 15490 363 4 3410 0 0 3118 0 0
fn=BUF_MEM_grow_clean
0 586 24 5 133 0 0 100 0 0
fn=BUF_MEM_new
0 3066 47 2 584 0 0 584 0 0
fn=CONF_get1_default_config_file
0 42 4 3 5 0 0 5 0 0
fn=CONF_imodule_get_value
0 7 1 1 3 0 0 2 0 0
fn=CONF_module_add
0 147 2 2 14 0 0 14 0 0
fn=CONF_modules_load
0 243 18 15 51 3 0 22 0 0
fn=CONF_modules_load_file_ex
0 66 12 8 9 1 1 8 0 0
fn=CONF_modules_unload
0 225 6 6 55 9 9 9 0 0
fn=CRYPTO_THREAD_cleanup_local
0 48 2 1 12 0 0 8 0 0
fn=CRYPTO_THREAD_get_local
0 1085 52 4 465 35 3 310 0 0
fn=CRYPTO_THREAD_init_local
0 48 1 1 8 0 0 8 0 0
fn=CRYPTO_THREAD_lock_free
0 768 2 2 138 0 0 138 0 0
fn=CRYPTO_THREAD_lock_new
0 1440 56 3 240 0 0 240 1 0
fn=CRYPTO_THREAD_read_lock
0 13651 30 5 2482 0 0 2482 0 0
fn=CRYPTO_THREAD_run_once
0 13992 38 8 2332 0 0 2332 27 0
fn=CRYPTO_THREAD_set_local
0 78 2 2 18 0 0 12 0 0
fn=CRYPTO_THREAD_unlock
0 30151 12 2 5482 0 0 5482 0 0
fn=CRYPTO_THREAD_write_lock
0 16500 6 6 3000 0 0 3000 0 0
fn=CRYPTO_atomic_load
0 583 59 5 159 0 0 159 1 0
fn=CRYPTO_atomic_or
0 84 6 2 16 0 0 20 0 0
fn=CRYPTO_clear_free
0 260 26 5 65 0 0 65 0 0
fn=CRYPTO_free
0 66443 206 5 20444 61 2 10222 0 0
fn=CRYPTO_free_ex_data
0 384 18 16 113 14 2 59 0 0
fn=CRYPTO_get_ex_data
0 4148 77 8 1464 2 0 976 0 0
fn=CRYPTO_malloc
0 94545 111 9 24880 100 4 9953 0 0
fn=CRYPTO_new_ex_data
0 22 4 1 4 0 0 4 0 0
fn=CRYPTO_realloc
0 2550 40 4 376 26 3 0 0 0
fn=CRYPTO_secure_malloc_done
0 22 3 3 5 1 0 5 0 0
fn=CRYPTO_set_ex_data
0 232 20 11 55 0 0 37 0 0
fn=CRYPTO_strdup
0 3724 257 3 665 0 0 665 0 0
fn=CRYPTO_strndup
0 34816 78 4 6528 0 0 7616 0 0
fn=CRYPTO_zalloc
0 16460 45 6 3292 0 0 3292 0 0
fn=CountVisitor::CountVisitor()
0 236015 47203 15842 47203 47203 44799 94406 0 0
fn=CountVisitor::visitData(SpatialIndex::IData const&)
0 10880 0 0 2720 0 0 2720 0 0
fn=CountVisitor::visitNode(SpatialIndex::INode const&)
0 44700 43811 42433 0 0 0 0 0 0
fn=CountVisitor::~CountVisitor()
0 472030 3392 2248 141609 0 0 141609 0 0
fn=DSO_free
0 56 2 2 0 0 0 0 0 0
fn=DataStream::DataStream(int (*)(long*, double**, double**, unsigned int*, unsigned char const**, unsigned long*))
0 14 2 2 2 2 2 8 1 0
fn=DataStream::getNext()
0 220 42 12 80 22 0 80 0 0
fn=DataStream::hasNext()
0 96 22 20 24 0 0 0 0 0
fn=DataStream::readData()
0 868 88 46 272 36 1 240 24 20
fn=DataStream::~DataStream()
0 34 6 2 10 2 0 8 2 2
fn=ENGINE_add
0 51 7 7 14 0 0 11 0 0
fn=ENGINE_add_conf_module
0 12 1 1 2 0 0 2 0 0
fn=ENGINE_finish
0 360 24 2 96 0 0 96 0 0
fn=ENGINE_free
0 14 2 1 4 0 0 4 0 0
fn=ENGINE_get_digest_engine
0 144 24 4 24 0 0 24 0 0
fn=ENGINE_get_first
0 37 3 3 12 0 0 4 0 0
fn=ENGINE_get_next
0 28 3 3 9 0 0 5 0 0
fn=ENGINE_load_builtin_engines
0 8 1 1 2 0 0 2 0 0
fn=ENGINE_new
0 42 3 3 9 2 2 6 0 0
fn=ENGINE_register_DH
0 16 2 2 3 0 0 2 0 0
fn=ENGINE_register_DSA
0 16 2 2 3 0 0 2 0 0
fn=ENGINE_register_EC
0 16 2 2 3 0 0 2 0 0
fn=ENGINE_register_RAND
0 16 2 2 3 0 0 2 0 0
fn=ENGINE_register_RSA
0 16 2 2 3 0 0 2 0 0
fn=ENGINE_register_all_complete
0 23 2 2 4 0 0 3 0 0
fn=ENGINE_register_ciphers
0 30 3 3 8 0 0 3 0 0
fn=ENGINE_register_complete
0 29 2 2 3 0 0 3 0 0
fn=ENGINE_register_digests
0 30 3 3 8 0 0 3 0 0
fn=ENGINE_register_pkey_asn1_meths
0 30 3 3 8 0 0 3 0 0
fn=ENGINE_register_pkey_meths
0 30 3 3 8 0 0 3 0 0
fn=ENGINE_remove
0 51 5 5 12 2 2 6 0 0
fn=ENGINE_set_cmd_defns
0 11 0 0 2 0 0 3 0 0
fn=ENGINE_set_ctrl_function
0 11 1 1 2 0 0 3 0 0
fn=ENGINE_set_finish_function
0 11 1 1 2 0 0 3 0 0
fn=ENGINE_set_flags
0 11 1 1 2 0 0 3 0 0
fn=ENGINE_set_id
0 10 1 1 0 0 0 1 0 0
fn=ENGINE_set_init_function
0 11 1 1 2 0 0 3 0 0
fn=ENGINE_set_name
0 10 1 1 0 0 0 1 0 0
fn=ERR_get_next_error_library
0 31 4 4 8 1 0 5 0 0
fn=ERR_load_strings_const
0 544 2 2 102 0 0 102 0 0
fn=ERR_pop_to_mark
0 150 15 4 36 1 0 24 0 0
fn=ERR_reason_error_string
0 2278 6 6 578 0 0 272 0 0
fn=ERR_set_mark
0 114 7 2 24 3 1 12 0 0
fn=EVP_CIPHER_get_nid
0 1162 3 1 498 157 1 332 0 0
fn=EVP_CIPHER_get_type
0 5594 344 6 664 0 0 664 0 0
fn=EVP_DigestInit_ex
0 96 24 2 24 0 0 24 0 0
fn=EVP_MD_CTX_clear_flags
0 168 24 4 36 0 0 36 0 0
fn=EVP_MD_CTX_free
0 192 24 4 36 0 0 36 0 0
fn=EVP_MD_CTX_new
0 120 12 2 24 0 0 24 0 0
fn=EVP_MD_CTX_reset
0 360 24 4 48 0 0 48 1 0
fn=EVP_MD_CTX_set_flags
0 156 12 2 36 0 0 36 0 0
fn=EVP_MD_CTX_test_flags
0 108 12 2 36 0 0 24 0 0
fn=EVP_MD_do_all_provided
0 15 1 1 2 0 0 2 0 0
fn=EVP_MD_fetch
0 180 24 2 24 0 0 24 0 0
fn=EVP_MD_free
0 1974 71 8 320 22 22 240 0 0
fn=EVP_MD_get_flags
0 84 24 2 36 0 0 24 0 0
fn=EVP_MD_get_type
0 840 26 2 360 81 15 240 0 0
fn=EVP_MD_up_ref
0 1120 56 3 210 11 11 140 0 0
fn=EVP_PBE_cleanup
0 18 2 2 4 1 1 4 0 0
fn=EVP_PKEY_CTX_free
0 96 36 6 0 0 0 0 0 0
fn=EVP_PKEY_asn1_get0
0 256 24 1 48 3 2 32 0 0
fn=EVP_PKEY_asn1_get0_info
0 432 18 3 96 16 16 96 0 0
fn=EVP_PKEY_asn1_get_count
0 9 2 2 1 1 1 0 0 0
fn=EVP_add_alg_module
0 11 2 2 2 0 0 2 0 0
fn=EVP_add_cipher
0 2804 4 3 660 132 132 396 0 0
fn=EVP_add_digest
0 726 3 3 178 21 21 84 0 0
fn=EVP_aes_128_cbc
0 8 0 0 2 0 0 2 0 0
fn=EVP_aes_128_cbc_hmac_sha1
0 7 0 0 2 0 0 2 0 0
fn=EVP_aes_128_cbc_hmac_sha256
0 7 0 0 2 0 0 2 0 0
fn=EVP_aes_128_ccm
0 9 1 1 2 0 0 2 0 0
fn=EVP_aes_128_cfb1
0 9 0 0 2 0 0 2 0 0
fn=EVP_aes_128_cfb128
0 9 2 1 2 0 0 2 0 0
fn=EVP_aes_128_cfb8
0 9 1 1 2 0 0 2 0 0
fn=EVP_aes_128_ctr
0 9 1 1 2 0 0 2 0 0
fn=EVP_aes_128_ecb
0 9 2 2 2 0 0 2 0 0
fn=EVP_aes_128_gcm
0 9 2 2 2 0 0 2 0 0
fn=EVP_aes_128_ocb
0 9 2 2 2 0 0 2 0 0
fn=EVP_aes_128_ofb
0 9 0 0 2 0 0 2 0 0
fn=EVP_aes_128_wrap
0 9 2 2 2 0 0 2 0 0
fn=EVP_aes_128_wrap_pad
0 9 2 2 2 0 0 2 0 0
fn=EVP_aes_128_xts
0 9 2 2 2 0 0 2 0 0
fn=EVP_aes_192_cbc
0 9 1 0 2 0 0 2 0 0
fn=EVP_aes_192_ccm
0 9 0 0 2 0 0 2 0 0
fn=EVP_aes_192_cfb1
0 9 1 1 2 0 0 2 0 0
fn=EVP_aes_192_cfb128
0 9 1 1 2 0 0 2 0 0
fn=EVP_aes_192_cfb8
0 9 1 0 2 0 0 2 0 0
fn=EVP_aes_192_ctr
0 9 1 1 2 0 0 2 0 0
fn=EVP_aes_192_ecb
0 9 2 1 2 0 0 2 0 0
fn=EVP_aes_192_gcm
0 9 0 0 2 0 0 2 0 0
fn=EVP_aes_192_ocb
0 9 0 0 2 0 0 2 0 0
fn=EVP_aes_192_ofb
0 9 0 0 2 0 0 2 0 0
fn=EVP_aes_192_wrap
0 9 0 0 2 0 0 2 0 0
fn=EVP_aes_192_wrap_pad
0 9 1 0 2 0 0 2 0 0
fn=EVP_aes_256_cbc
0 9 0 0 2 0 0 2 0 0
fn=EVP_aes_256_cbc_hmac_sha1
0 7 1 1 2 0 0 2 0 0
fn=EVP_aes_256_cbc_hmac_sha256
0 7 1 1 2 0 0 2 0 0
fn=EVP_aes_256_ccm
0 9 0 0 2 0 0 2 0 0
fn=EVP_aes_256_cfb1
0 9 1 1 2 0 0 2 0 0
fn=EVP_aes_256_cfb128
0 8 1 1 2 0 0 2 0 0
fn=EVP_aes_256_cfb8
0 9 0 0 2 0 0 2 0 0
fn=EVP_aes_256_ctr
0 9 0 0 2 0 0 2 0 0
fn=EVP_aes_256_ecb
0 9 1 1 2 0 0 2 0 0
fn=EVP_aes_256_gcm
0 9 0 0 2 0 0 2 0 0
fn=EVP_aes_256_ocb
0 9 1 1 2 0 0 2 0 0
fn=EVP_aes_256_ofb
0 9 0 0 2 0 0 2 0 0
fn=EVP_aes_256_wrap
0 9 0 0 2 0 0 2 0 0
fn=EVP_aes_256_wrap_pad
0 8 0 0 2 0 0 2 0 0
fn=EVP_aes_256_xts
0 9 0 0 2 0 0 2 0 0
fn=EVP_aria_128_cbc
0 8 1 1 2 0 0 2 0 0
fn=EVP_aria_128_ccm
0 9 2 2 2 0 0 2 0 0
fn=EVP_aria_128_cfb1
0 8 1 1 2 0 0 2 0 0
fn=EVP_aria_128_cfb128
0 9 0 0 2 0 0 2 0 0
fn=EVP_aria_128_cfb8
0 9 1 1 2 0 0 2 0 0
fn=EVP_aria_128_ctr
0 9 1 1 2 0 0 2 0 0
fn=EVP_aria_128_ecb
0 9 2 2 2 0 0 2 0 0
fn=EVP_aria_128_gcm
0 9 2 2 2 0 0 2 0 0
fn=EVP_aria_128_ofb
0 9 0 0 2 0 0 2 0 0
fn=EVP_aria_192_cbc
0 9 0 0 2 0 0 2 0 0
fn=EVP_aria_192_ccm
0 9 0 0 2 0 0 2 0 0
fn=EVP_aria_192_cfb1
0 9 2 1 2 0 0 2 0 0
fn=EVP_aria_192_cfb128
0 9 1 1 2 0 0 2 0 0
fn=EVP_aria_192_cfb8
0 9 1 1 2 0 0 2 0 0
fn=EVP_aria_192_ctr
0 9 0 0 2 0 0 2 0 0
fn=EVP_aria_192_ecb
0 9 1 1 2 0 0 2 0 0
fn=EVP_aria_192_gcm
0 9 1 0 2 0 0 2 0 0
fn=EVP_aria_192_ofb
0 9 0 0 2 0 0 2 0 0
fn=EVP_aria_256_cbc
0 9 1 1 2 0 0 2 0 0
fn=EVP_aria_256_ccm
0 9 1 1 2 0 0 2 0 0
fn=EVP_aria_256_cfb1
0 9 1 0 2 0 0 2 0 0
fn=EVP_aria_256_cfb128
0 9 0 0 2 0 0 2 0 0
fn=EVP_aria_256_cfb8
0 9 0 0 2 0 0 2 0 0
fn=EVP_aria_256_ctr
0 9 0 0 2 0 0 2 0 0
fn=EVP_aria_256_ecb
0 9 2 1 2 0 0 2 0 0
fn=EVP_aria_256_gcm
0 9 0 0 2 0 0 2 0 0
fn=EVP_aria_256_ofb
0 9 0 0 2 0 0 2 0 0
fn=EVP_bf_cbc
0 8 1 1 2 0 0 2 0 0
fn=EVP_bf_cfb64
0 9 1 1 2 0 0 2 0 0
fn=EVP_bf_ecb
0 9 2 2 2 0 0 2 0 0
fn=EVP_bf_ofb
0 9 0 0 2 0 0 2 0 0
fn=EVP_blake2b512
0 8 1 1 2 0 0 2 0 0
fn=EVP_blake2s256
0 9 2 1 2 0 0 2 0 0
fn=EVP_camellia_128_cbc
0 8 0 0 2 0 0 2 0 0
fn=EVP_camellia_128_cfb1
0 9 0 0 2 0 0 2 0 0
fn=EVP_camellia_128_cfb128
0 9 1 1 2 0 0 2 0 0
fn=EVP_camellia_128_cfb8
0 9 1 1 2 0 0 2 0 0
fn=EVP_camellia_128_ctr
0 9 0 0 2 0 0 2 0 0
fn=EVP_camellia_128_ecb
0 9 2 2 2 0 0 2 0 0
fn=EVP_camellia_128_ofb
0 9 0 0 2 0 0 2 0 0
fn=EVP_camellia_192_cbc
0 9 0 0 2 0 0 2 0 0
fn=EVP_camellia_192_cfb1
0 9 1 1 2 0 0 2 0 0
fn=EVP_camellia_192_cfb128
0 9 1 1 2 0 0 2 0 0
fn=EVP_camellia_192_cfb8
0 9 0 0 2 0 0 2 0 0
fn=EVP_camellia_192_ctr
0 9 0 0 2 0 0 2 0 0
fn=EVP_camellia_192_ecb
0 9 2 2 2 0 0 2 0 0
fn=EVP_camellia_192_ofb
0 9 0 0 2 0 0 2 0 0
fn=EVP_camellia_256_cbc
0 9 1 1 2 0 0 2 0 0
fn=EVP_camellia_256_cfb1
0 9 1 1 2 0 0 2 0 0
fn=EVP_camellia_256_cfb128
0 8 1 1 2 0 0 2 0 0
fn=EVP_camellia_256_cfb8
0 9 1 1 2 0 0 2 0 0
fn=EVP_camellia_256_ctr
0 9 0 0 2 0 0 2 0 0
fn=EVP_camellia_256_ecb
0 9 1 1 2 0 0 2 0 0
fn=EVP_camellia_256_ofb
0 9 0 0 2 0 0 2 0 0
fn=EVP_cast5_cbc
0 8 0 0 2 0 0 2 0 0
fn=EVP_cast5_cfb64
0 9 1 1 2 0 0 2 0 0
fn=EVP_cast5_ecb
0 9 2 2 2 0 0 2 0 0
fn=EVP_cast5_ofb
0 9 0 0 2 0 0 2 0 0
fn=EVP_chacha20
0 8 1 1 2 0 0 2 0 0
fn=EVP_chacha20_poly1305
0 8 1 1 2 0 0 2 0 0
fn=EVP_des_cbc
0 8 1 0 2 0 0 2 0 0
fn=EVP_des_cfb1
0 9 2 2 2 0 0 2 0 0
fn=EVP_des_cfb64
0 9 2 2 2 0 0 2 0 0
fn=EVP_des_cfb8
0 9 0 0 2 0 0 2 0 0
fn=EVP_des_ecb
0 9 0 0 2 0 0 2 0 0
fn=EVP_des_ede
0 9 0 0 2 0 0 2 0 0
fn=EVP_des_ede3
0 9 1 1 2 0 0 2 0 0
fn=EVP_des_ede3_cbc
0 9 1 1 2 0 0 2 0 0
fn=EVP_des_ede3_cfb1
0 9 1 1 2 0 0 2 0 0
fn=EVP_des_ede3_cfb64
0 9 1 1 2 0 0 2 0 0
fn=EVP_des_ede3_cfb8
0 9 1 1 2 0 0 2 0 0
fn=EVP_des_ede3_ofb
0 9 1 1 2 0 0 2 0 0
fn=EVP_des_ede3_wrap
0 9 1 1 2 0 0 2 0 0
fn=EVP_des_ede_cbc
0 8 0 0 2 0 0 2 0 0
fn=EVP_des_ede_cfb64
0 9 2 2 2 0 0 2 0 0
fn=EVP_des_ede_ofb
0 9 0 0 2 0 0 2 0 0
fn=EVP_des_ofb
0 9 1 0 2 0 0 2 0 0
fn=EVP_desx_cbc
0 8 1 1 2 0 0 2 0 0
fn=EVP_md4
0 8 1 1 2 0 0 2 0 0
fn=EVP_md5
0 8 1 1 2 0 0 2 0 0
fn=EVP_md5_sha1
0 8 2 2 2 0 0 2 0 0
fn=EVP_rc2_40_cbc
0 9 1 1 2 0 0 2 0 0
fn=EVP_rc2_64_cbc
0 9 0 0 2 0 0 2 0 0
fn=EVP_rc2_cbc
0 8 0 0 2 0 0 2 0 0
fn=EVP_rc2_cfb64
0 9 2 2 2 0 0 2 0 0
fn=EVP_rc2_ecb
0 9 1 1 2 0 0 2 0 0
fn=EVP_rc2_ofb
0 9 0 0 2 0 0 2 0 0
fn=EVP_rc4
0 8 2 2 2 0 0 2 0 0
fn=EVP_rc4_40
0 9 0 0 2 0 0 2 0 0
fn=EVP_rc4_hmac_md5
0 8 2 2 2 0 0 2 0 0
fn=EVP_ripemd160
0 8 1 1 2 0 0 2 0 0
fn=EVP_seed_cbc
0 8 0 0 2 0 0 2 0 0
fn=EVP_seed_cfb128
0 9 1 1 2 0 0 2 0 0
fn=EVP_seed_ecb
0 9 2 2 2 0 0 2 0 0
fn=EVP_seed_ofb
0 9 0 0 2 0 0 2 0 0
fn=EVP_sha1
0 8 1 1 2 0 0 2 0 0
fn=EVP_sha224
0 9 1 1 2 0 0 2 0 0
fn=EVP_sha256
0 9 1 1 2 0 0 2 0 0
fn=EVP_sha384
0 9 2 2 2 0 0 2 0 0
fn=EVP_sha3_224
0 9 1 1 2 0 0 2 0 0
fn=EVP_sha3_256
0 9 0 0 2 0 0 2 0 0
fn=EVP_sha3_384
0 9 1 1 2 0 0 2 0 0
fn=EVP_sha3_512
0 9 1 1 2 0 0 2 0 0
fn=EVP_sha512
0 9 0 0 2 0 0 2 0 0
fn=EVP_sha512_224
0 9 0 0 2 0 0 2 0 0
fn=EVP_sha512_256
0 9 0 0 2 0 0 2 0 0
fn=EVP_shake128
0 9 0 0 2 0 0 2 0 0
fn=EVP_shake256
0 9 1 1 2 0 0 2 0 0
fn=EVP_sm3
0 8 1 1 2 0 0 2 0 0
fn=EVP_sm4_cbc
0 8 2 2 2 0 0 2 0 0
fn=EVP_sm4_cfb128
0 9 0 0 2 0 0 2 0 0
fn=EVP_sm4_ctr
0 9 0 0 2 0 0 2 0 0
fn=EVP_sm4_ecb
0 9 2 2 2 0 0 2 0 0
fn=EVP_sm4_ofb
0 9 0 0 2 0 0 2 0 0
fn=EVP_whirlpool
0 8 1 1 2 0 0 2 0 0
fn=Error_GetErrorCount
0 171540 28590 27271 57180 28589 5640 28590 0 0
fn=GetDefaults()
0 6660 495 265 1002 180 102 1326 15 6
fn=Index::CreateIndex()
0 119 12 11 24 2 0 26 0 0
fn=Index::CreateIndexBuffer(SpatialIndex::IStorageManager&)
0 36 3 3 15 0 0 12 0 0
fn=Index::CreateStorage()
0 309 36 36 66 6 4 57 5 0
fn=Index::GetIndexStorage()
0 456 12 12 96 3 2 96 0 0
fn=Index::GetIndexType()
0 59 4 4 12 1 0 12 0 0
fn=Index::GetResultSetLimit()
0 2082 1041 1041 1041 1041 1041 0 0 0
fn=Index::GetResultSetOffset()
0 2082 1041 1041 1041 0 0 0 0 0
fn=Index::Index(Tools::PropertySet const&)
0 60 4 3 16 3 0 14 1 0
fn=Index::Index(Tools::PropertySet const&, int (*)(long*, double**, double**, unsigned int*, unsigned char const**, unsigned long*))
0 52 10 10 18 6 4 14 2 1
fn=Index::Index(Tools::PropertySet const&, std::unique_ptr<SpatialIndex::IDataStream, std::default_delete<SpatialIndex::IDataStream> >)
0 444 32 32 92 14 12 96 6 5
fn=Index::Initialize()
0 16 2 1 3 1 0 6 0 0
fn=Index::Setup()
0 15 3 3 0 0 0 9 2 2
fn=Index::~Index()
0 69 6 5 36 19 12 9 0 0
fn=IndexItem_GetData
0 462840 39672 3921 132240 26448 12178 105792 29945 13
fn=IndexProperty_Create
0 66 12 6 18 0 0 18 0 0
fn=IndexProperty_Destroy
0 30 6 5 12 11 8 0 0 0
fn=IndexProperty_GetIndexCapacity
0 354 30 15 72 17 0 72 1 1
fn=IndexProperty_GetIndexType
0 177 15 15 36 9 0 36 1 0
fn=IndexProperty_GetLeafCapacity
0 354 36 20 72 17 0 72 2 0
fn=IndexProperty_GetNearMinimumOverlapFactor
0 354 30 14 78 15 0 78 2 1
fn=IndexProperty_SetDimension
0 183 18 18 36 4 0 42 3 0
fn=IndexProperty_SetIndexStorage
0 183 18 18 33 5 0 39 1 0
fn=Index_Create
0 14 3 1 4 0 0 4 0 0
fn=Index_CreateWithStream
0 32 6 6 8 0 0 8 2 0
fn=Index_Destroy
0 30 3 3 12 2 1 12 2 2
fn=Index_DestroyObjResults
0 134631 3123 3123 45918 16220 8962 6246 409 0
fn=Index_Free
0 26452 13226 1517 0 0 0 0 0 0
fn=Index_InsertData
0 25392 1843 1840 7360 3293 1195 3312 82 0
fn=Index_Intersects_count
0 2076932 141609 49841 755248 162042 54134 424827 87345 46
fn=Index_NearestNeighbors_obj
0 62460 5205 5091 20820 8221 1527 12492 109 0
fn=MD5_Init
0 20 2 2 3 1 1 8 0 0
fn=NCONF_default
0 8 1 1 2 0 0 2 0 0
fn=NCONF_free
0 10 1 1 4 1 0 2 0 0
fn=NCONF_get0_libctx
0 7 1 1 3 0 0 2 0 0
fn=NCONF_get_number_e
0 130 8 4 32 1 0 22 0 0
fn=NCONF_get_section
0 32 2 1 8 0 0 8 0 0
fn=NCONF_get_string
0 69 4 2 18 0 0 18 0 0
fn=NCONF_load
0 6 2 2 2 1 1 0 0 0
fn=NCONF_new_ex
0 23 2 2 5 1 1 5 0 0
fn=OBJ_NAME_add
0 23063 6 6 5835 8 0 5057 0 0
fn=OBJ_NAME_cleanup
0 124 4 4 42 1 1 31 0 0
fn=OBJ_NAME_do_all
0 80 7 3 16 0 0 12 0 0
fn=OBJ_NAME_get
0 19228 590 6 5556 102 3 3500 22 0
fn=OBJ_NAME_init
0 17043 211 4 3588 0 0 2691 1 0
fn=OBJ_NAME_remove
0 13320 5 5 3330 1 0 1998 1 0
fn=OBJ_get0_data
0 1136 109 1 426 10 1 284 0 0
fn=OBJ_nid2ln
0 16211 475 6 3770 4 0 1508 0 0
fn=OBJ_nid2obj
0 14406 632 3 3087 113 0 1372 0 0
fn=OBJ_nid2sn
0 15708 405 3 3740 249 150 1496 0 0
fn=OBJ_obj2txt
0 72404 962 15 5447 116 38 3212 0 0
fn=OBJ_sigid_free
0 22 2 2 6 0 0 6 0 0
fn=OPENSSL_LH_delete
0 19852 10 10 5819 1 0 3424 0 0
fn=OPENSSL_LH_doall
0 10510 5 5 3628 708 448 217 0 0
fn=OPENSSL_LH_doall_arg
0 59018 174 5 19815 5743 100 200 0 0
fn=OPENSSL_LH_error
0 3857 162 2 1653 0 0 1102 0 0
fn=OPENSSL_LH_flush
0 22498 8 7 4102 1369 585 1469 7 4
fn=OPENSSL_LH_free
0 617 4 3 145 1 0 116 0 0
fn=OPENSSL_LH_get_down_load
0 28 1 1 12 1 1 8 0 0
fn=OPENSSL_LH_insert
0 340088 741 23 98262 2150 4 61328 111 0
fn=OPENSSL_LH_new
0 1363 99 4 290 100 3 348 0 0
fn=OPENSSL_LH_num_items
0 176 2 1 66 0 0 44 0 0
fn=OPENSSL_LH_retrieve
0 43251 158 6 12776 99 14 3975 0 0
fn=OPENSSL_LH_set_down_load
0 72 3 2 16 0 0 24 0 0
fn=OPENSSL_LH_strhash
0 111678 189 9 8936 120 10 1448 0 0
fn=OPENSSL_cleanse
0 2639 26 5 0 0 0 618 7 2
fn=OPENSSL_cleanup
0 54 5 5 11 2 2 10 1 0
fn=OPENSSL_init_crypto
0 3118 128 26 829 14 4 477 0 0
fn=OPENSSL_load_builtin_modules
0 12 0 0 2 0 0 2 0 0
fn=OPENSSL_sk_deep_copy
0 35 4 3 8 0 0 13 1 0
fn=OPENSSL_sk_delete
0 256 3 3 56 0 0 40 0 0
fn=OPENSSL_sk_dup
0 520 52 9 156 16 2 117 4 1
fn=OPENSSL_sk_free
0 1708 22 5 415 0 0 332 0 0
fn=OPENSSL_sk_insert
0 6516 504 7 1448 0 0 1448 2 0
fn=OPENSSL_sk_new
0 98 14 2 28 0 0 28 0 0
fn=OPENSSL_sk_new_null
0 448 26 1 112 0 0 112 0 0
fn=OPENSSL_sk_new_reserve
0 1960 93 9 420 0 0 490 0 0
fn=OPENSSL_sk_num
0 3301 33 7 1231 84 14 824 0 0
fn=OPENSSL_sk_pop
0 45 6 4 12 1 1 8 0 0
fn=OPENSSL_sk_pop_free
0 1293 18 4 364 46 42 194 0 0
fn=OPENSSL_sk_push
0 1448 322 5 543 3 0 362 0 0
fn=OPENSSL_sk_set
0 288 8 4 84 0 0 60 0 0
fn=OPENSSL_sk_sort
0 338 26 5 78 0 0 52 0 0
fn=OPENSSL_sk_value
0 7664 17 3 2395 133 20 958 0 0
fn=OPENSSL_strcasecmp
0 167889 320 9 51192 70 12 8253 0 0
fn=OPENSSL_strlcpy
0 60472 140 3 9016 0 0 9016 0 0
fn=OPENSSL_strnlen
0 84499 67 4 16247 1 1 2182 0 0
fn=OPENSSL_thread_stop
0 29 3 3 5 1 1 4 0 0
fn=OSSL_CMP_log_close
0 8 1 1 2 0 0 2 0 0
fn=OSSL_LIB_CTX_get0_global_default
0 22 3 3 4 0 0 3 0 0
fn=OSSL_PARAM_construct_end
0 220 22 1 44 0 0 154 0 0
fn=OSSL_PARAM_construct_int
0 748 44 2 132 0 0 264 0 0
fn=OSSL_PARAM_construct_size_t
0 748 38 2 132 22 1 264 0 0
fn=OSSL_PARAM_locate
0 2772 42 3 572 0 0 352 0 0
fn=OSSL_PARAM_set_int
0 264 22 1 88 0 0 88 0 0
fn=OSSL_PARAM_set_int32
0 1320 66 3 220 0 0 264 0 0
fn=OSSL_PARAM_set_size_t
0 264 22 1 88 0 0 88 0 0
fn=OSSL_PARAM_set_uint64
0 1408 45 3 220 0 0 264 0 0
fn=OSSL_trace_set_channel
0 7 1 1 2 0 0 2 0 0
fn=ObjVisitor::ObjVisitor()
0 9369 2082 2082 1041 1041 1041 5205 0 0
fn=ObjVisitor::visitData(SpatialIndex::IData const&)
0 396720 2848 2082 132240 21508 2161 86458 1012 574
fn=ObjVisitor::visitNode(SpatialIndex::INode const&)
0 2360 1041 1041 0 0 0 0 0 0
fn=ObjVisitor::~ObjVisitor()
0 159306 2068 1052 64347 10550 0 8328 0 0
fn=Page_ResultSet_Obj(ObjVisitor&, SpatialIndex_IData***, long, long, unsigned long*)
0 248019 5205 5205 80694 21248 57 26757 4672 1608
fn=PyArg_ParseTuple
0 58004 5069 2077 8530 152 0 35826 1112 69
fn=PyArg_ParseTupleAndKeywords
0 1736587 150053 9236 204306 1090 2 970444 46603 43
fn=PyArg_UnpackTuple
0 10035893 487091 165921 1493134 42129 0 4731503 54735 2111
fn=PyArg_ValidateKeywordArguments
0 208 32 24 64 0 0 32 0 0
fn=PyBool_FromLong
0 25074698 989418 3114 4559036 0 0 4559036 837 198
fn=PyBuffer_FillInfo
0 478247 43617 15004 43111 0 0 216518 844 154
fn=PyBuffer_IsContiguous
0 21901 2001 1758 6571 0 0 3279 14 0
fn=PyBuffer_Release
0 366651 33394 14491 148350 11323 727 98992 3 0
fn=PyBuffer_ToContiguous
0 78 6 6 24 6 0 18 0 0
fn=PyByteArray_FromStringAndSize
0 15662 77 45 3270 0 0 5016 86 21
fn=PyByteArray_Resize
0 6929 489 129 1859 0 0 1859 131 29
fn=PyBytes_AsString
0 22305 977 142 7436 227 2 6 0 0
fn=PyBytes_AsStringAndSize
0 263580 39537 3614 79074 23301 3270 65895 0 0
fn=PyBytes_FromObject
0 968 90 4 220 0 0 154 0 0
fn=PyBytes_FromString
0 1406 111 24 222 37 3 296 5 1
fn=PyBytes_FromStringAndSize
0 4928911 169427 36886 823829 41589 15883 1150149 66410 39998
fn=PyCFunction_GetFunction
0 51 6 4 18 3 2 9 0 0
fn=PyCMethod_New
0 36396581 1752091 295311 8813706 5647 63 10842798 247173 52113
fn=PyCallable_Check
0 27731 2301 53 10084 1031 52 5042 1 0
fn=PyCapsule_GetPointer
0 74436775 2954602 3220 17864826 652 7 8932413 78 0
fn=PyCapsule_Import
0 70 7 7 10 1 1 10 0 0
fn=PyCapsule_IsValid
0 1496 41 20 340 60 49 136 0 0
fn=PyCapsule_New
0 3120 107 96 780 0 0 1404 13 0
fn=PyCell_New
0 483077 44127 4149 134107 3851 0 126086 1983 137
fn=PyCell_Set
0 11045 1656 904 2761 69 3 2209 0 0
fn=PyClassMethod_New
0 180 16 14 36 0 0 45 0 0
fn=PyCode_Addr2Line
0 2104 8 8 340 3 3 288 0 0
fn=PyCodec_LookupError
0 156 3 3 54 9 8 30 0 0
fn=PyCodec_Register
0 23 2 2 8 1 1 4 0 0
fn=PyCodec_RegisterError
0 208 2 2 72 0 0 40 0 0
fn=PyCompile_OpcodeStackEffectWithJump
0 56527 626 213 12244 287 84 10727 0 0
fn=PyComplex_FromCComplex
0 125 8 8 30 3 3 40 3 1
fn=PyConfig_Clear
0 395 30 24 115 14 11 120 1 1
fn=PyConfig_InitPythonConfig
0 81 4 2 18 4 1 36 0 0
fn=PyConfig_SetBytesArgv
0 13 1 1 2 0 0 6 0 0
fn=PyConfig_SetString
0 1672 17 6 455 4 2 650 0 0
fn=PyContextVar_Get
0 53592300 6159738 41194 16375425 1161978 4328 11909400 0 0
fn=PyContextVar_New
0 46 4 4 10 0 0 10 0 0
fn=PyDescr_IsData
0 17642610 1723373 1036 7057044 0 0 3528522 252 11
fn=PyDescr_NewClassMethod
0 2330 156 39 592 9 2 776 0 0
fn=PyDescr_NewGetSet
0 50080 2163 711 12560 50 0 17110 35 0
fn=PyDescr_NewMember
0 17905 386 106 4788 104 44 5669 2 0
fn=PyDescr_NewMethod
0 66433 2354 168 14630 36 0 18363 6 0
fn=PyDescr_NewWrapper
0 81761 585 102 21321 96 0 29643 1 0
fn=PyDictProxy_New
0 352989 21710 2354 99561 4789 13 81459 1230 25
fn=PyDict_Clear
0 565359 3806 229 172921 50237 38725 31947 30 12
fn=PyDict_Contains
0 1616892 119483 3979 337863 14075 2153 222680 88 1
fn=PyDict_Copy
0 1070474 44689 14335 321824 60282 4186 120721 1138 0
fn=PyDict_DelItem
0 609613 26528 5735 166742 2715 944 103654 1 1
fn=PyDict_DelItemString
0 50 3 3 10 0 0 10 0 0
fn=PyDict_GetItem
0 69862146 2086177 14064 17872248 1171825 6372 9748278 324637 21
fn=PyDict_GetItemString
0 3276 129 34 585 0 0 585 0 0
fn=PyDict_GetItemWithError
0 46919187 2295438 8457 16164678 1037366 171518 7377652 108920 5835
fn=PyDict_Keys
0 3118227 15607 973 1150746 42864 1927 173103 130 0
fn=PyDict_Merge
0 64 8 2 16 0 0 8 0 0
fn=PyDict_MergeFromSeq2
0 42254 1483 392 11898 180 2 6074 73 32
fn=PyDict_New
0 3140742 268264 95694 825462 152051 64196 915603 5237 24
fn=PyDict_Next
0 2402304 24387 4808 877040 12206 6910 325322 370 6
fn=PyDict_SetDefault
0 4660927 68938 11915 1484811 31119 2319 854980 9047 5164
fn=PyDict_SetItem
0 9509874 425079 84220 2844214 64922 22623 976741 486 75
fn=PyDict_SetItemString
0 114863 1361 284 35040 982 394 11933 1 0
fn=PyDict_Size
0 11382 204 157 4878 14 0 0 0 0
fn=PyDict_Update
0 115920 7675 607 30912 0 0 15456 0 0
fn=PyErr_CheckSignals
0 12857372 1104441 21265 4537896 340630 2093 2268948 1157 13
fn=PyErr_Clear
0 2590295 271804 5879 681685 9 0 545330 0 0
fn=PyErr_ExceptionMatches
0 7654754 364842 11170 2926737 3820 4 900500 914 0
fn=PyErr_Format
0 7407800 676912 224886 1616248 2014 0 4040560 16311 510
fn=PyErr_GetRaisedException
0 2653950 163852 43033 816600 120 3 612450 70 0
fn=PyErr_GivenExceptionMatches
0 4956837 201390 12169 2019317 2743 1258 734428 0 0
fn=PyErr_NewException
0 2157 179 62 369 63 20 275 1 0
fn=PyErr_NewExceptionWithDoc
0 45 4 3 9 1 0 9 0 0
fn=PyErr_Occurred
0 78662210 1417621 404 24204090 31666 142 12101612 189262 47
fn=PyErr_SetFromErrno
0 64 16 3 16 0 0 16 0 0
fn=PyErr_SetFromErrnoWithFilenameObject
0 43860 3225 1025 8385 27 1 6450 0 0
fn=PyErr_SetFromErrnoWithFilenameObjects
0 536 48 11 112 0 0 88 0 0
fn=PyErr_SetNone
0 17508 2918 2674 4377 0 0 2918 631 0
fn=PyErr_SetObject
0 5412 256 83 1353 0 0 902 0 0
fn=PyErr_SetRaisedException
0 2845976 9 0 813136 14 0 609852 323 0
fn=PyErr_SetString
0 2349 243 147 567 0 0 486 0 0
fn=PyEval_EvalCode
0 84612 8951 6532 19089 2047 316 25436 234 21
fn=PyEval_GetBuiltins
0 21834 2622 2376 8734 15 6 1748 0 0
fn=PyEval_GetGlobals
0 764231 63188 6012 305662 35249 180 61198 0 0
fn=PyEval_MergeCompilerFlags
0 2618 238 156 952 32 0 238 0 0
fn=PyEval_RestoreThread
0 3770508 287152 43385 942627 0 0 942627 0 0
fn=PyEval_SaveThread
0 11939942 1146496 58351 3770508 445434 1741 3142090 13052 6
fn=PyException_GetContext
0 2400 295 212 900 89 0 600 0 0
fn=PyException_GetTraceback
0 1214668 144040 5811 455049 29 0 303667 0 0
fn=PyException_SetCause
0 121 11 7 33 0 0 44 0 0
fn=PyException_SetContext
0 2700 295 213 900 0 0 900 0 0
fn=PyException_SetTraceback
0 168845 15555 3707 41965 1 0 33745 0 0
fn=PyFile_NewStdPrinter
0 24 2 2 5 1 1 4 0 0
fn=PyFile_OpenCodeObject
0 30960 3440 2537 6880 2278 588 4300 0 0
fn=PyFile_WriteObject
0 7272 352 328 1344 150 122 1136 0 0
fn=PyFile_WriteString
0 8232 520 328 1680 87 1 1176 0 0
fn=PyFloat_AsDouble
0 2948252 97554 6110 884525 60263 1146 589235 0 0
fn=PyFloat_FromDouble
0 485322 18393 4326 129862 16494 5048 102740 4020 1280
fn=PyFloat_FromString
0 4196 161 157 930 0 0 1232 1 0
fn=PyFloat_GetInfo
0 61 4 4 3 0 0 14 0 0
fn=PyFloat_Unpack8
0 2484 78 51 552 129 44 0 0 0
fn=PyFrame_GetBack
0 43 3 3 16 5 5 3 0 0
fn=PyFrame_GetCode
0 354 16 9 160 26 1 66 0 0
fn=PyFrame_GetLineNumber
0 9 1 1 4 0 0 2 0 0
fn=PyFrozenSet_New
0 9315 989 553 2070 647 232 3450 1 0
fn=PyFunction_GetModule
0 1125 240 114 250 210 94 0 0 0
fn=PyFunction_New
0 3289738 120040 7108 930540 129036 54219 1105689 32589 19112
fn=PyGC_Collect
0 36 4 4 9 1 0 7 0 0
fn=PyGC_Disable
0 238 12 6 85 0 0 51 0 0
fn=PyGC_Enable
0 255 30 5 85 0 0 51 0 0
fn=PyGILState_Ensure
0 616 70 30 110 2 2 88 3 2
fn=PyGILState_Release
0 572 63 40 110 0 0 88 0 0
fn=PyHash_GetFuncDef
0 8 1 1 2 0 0 2 0 0
fn=PyImport_AddModule
0 500 24 24 115 0 0 115 0 0
fn=PyImport_AddModuleObject
0 851 36 33 161 0 0 138 0 0
fn=PyImport_GetImporter
0 118 10 7 23 7 3 15 0 0
fn=PyImport_GetMagicNumber
0 39 3 3 9 1 0 6 0 0
fn=PyImport_GetModule
0 1546 96 67 401 39 12 288 0 0
fn=PyImport_GetModuleDict
0 135 30 30 45 11 3 0 0 0
fn=PyImport_Import
0 3362422 269721 49006 750510 45556 46 570387 0 0
fn=PyImport_ImportFrozenModule
0 16 2 2 5 1 1 4 0 0
fn=PyImport_ImportFrozenModuleObject
0 70 6 6 14 2 2 9 0 0
fn=PyImport_ImportModule
0 44330 3688 882 10080 57 7 10080 1 0
fn=PyImport_ImportModuleLevel
0 272 23 13 64 0 0 64 0 0
fn=PyImport_ImportModuleLevelObject
0 9922202 528177 73662 2198980 189048 22566 1516054 2656 96
fn=PyIndex_Check
0 748896 83596 37169 283445 78061 7520 132986 713 7
fn=PyInit__abc
0 8 1 1 2 0 0 2 0 0
fn=PyInit__ast
0 9 1 1 2 0 0 2 0 0
fn=PyInit__bisect
0 8 1 1 2 0 0 2 0 0
fn=PyInit__blake2
0 8 1 1 2 0 0 2 0 0
fn=PyInit__bounded_integers
0 8 1 1 2 0 0 2 0 0
fn=PyInit__bz2
0 8 1 1 2 0 0 2 0 0
fn=PyInit__codecs
0 8 1 1 2 0 0 2 0 0
fn=PyInit__collections
0 8 1 1 2 0 0 2 0 0
fn=PyInit__common
0 8 2 2 2 0 0 2 0 0
fn=PyInit__contextvars
0 8 2 2 2 0 0 2 0 0
fn=PyInit__csv
0 8 1 1 2 0 0 2 0 0
fn=PyInit__ctypes
0 395 45 24 38 12 1 48 27 14
fn=PyInit__datetime
0 553 41 33 53 13 2 72 7 5
fn=PyInit__decimal
0 1026 78 34 198 61 20 120 41 6
fn=PyInit__functools
0 8 1 1 2 0 0 2 0 0
fn=PyInit__generator
0 8 1 1 2 0 0 2 0 0
fn=PyInit__hashlib
0 8 1 1 2 0 0 2 0 0
fn=PyInit__imp
0 9 1 1 2 0 0 2 0 0
fn=PyInit__io
0 8 1 1 2 0 0 2 0 0
fn=PyInit__json
0 8 1 1 2 0 0 2 0 0
fn=PyInit__locale
0 8 1 1 2 0 0 2 0 0
fn=PyInit__lzma
0 8 1 1 2 0 0 2 0 0
fn=PyInit__mt19937
0 9 1 1 2 0 0 2 0 0
fn=PyInit__multiarray_tests
0 70 7 5 15 3 2 9 1 1
fn=PyInit__multiarray_umath
0 8866 213 168 1101 81 61 1107 231 217
fn=PyInit__opcode
0 8 1 1 2 0 0 2 0 0
fn=PyInit__operator
0 8 1 1 2 0 0 2 0 0
fn=PyInit__pcg64
0 9 2 2 2 0 0 2 0 0
fn=PyInit__philox
0 9 0 0 2 0 0 2 0 0
fn=PyInit__pickle
0 8 1 1 2 0 0 2 0 0
fn=PyInit__pocketfft_internal
0 65 7 5 14 3 2 8 1 0
fn=PyInit__posixsubprocess
0 8 1 1 2 0 0 2 0 0
fn=PyInit__random
0 8 1 1 2 0 0 2 0 0
fn=PyInit__sfc64
0 9 1 1 2 0 0 2 0 0
fn=PyInit__sha2
0 8 1 1 2 0 0 2 0 0
fn=PyInit__signal
0 8 1 1 2 0 0 2 0 0
fn=PyInit__socket
0 8 2 2 2 0 0 2 0 0
fn=PyInit__sre
0 8 2 2 2 0 0 2 0 0
fn=PyInit__stat
0 8 1 1 2 0 0 2 0 0
fn=PyInit__statistics
0 8 2 2 2 0 0 2 0 0
fn=PyInit__string
0 9 1 1 2 0 0 2 0 0
fn=PyInit__struct
0 8 1 1 2 0 0 2 0 0
fn=PyInit__thread
0 8 2 2 2 0 0 2 0 0
fn=PyInit__tokenize
0 8 1 1 2 0 0 2 0 0
fn=PyInit__typing
0 8 1 1 2 0 0 2 0 0
fn=PyInit__umath_linalg
0 878 85 12 288 76 12 113 5 2
fn=PyInit__weakref
0 8 1 1 2 0 0 2 0 0
fn=PyInit_array
0 8 2 2 2 0 0 2 0 0
fn=PyInit_atexit
0 8 1 1 2 0 0 2 0 0
fn=PyInit_binascii
0 8 1 1 2 0 0 2 0 0
fn=PyInit_bit_generator
0 8 2 2 2 0 0 2 0 0
fn=PyInit_errno
0 8 1 1 2 0 0 2 0 0
fn=PyInit_fcntl
0 8 1 1 2 0 0 2 0 0
fn=PyInit_itertools
0 8 1 1 2 0 0 2 0 0
fn=PyInit_math
0 8 1 1 2 0 0 2 0 0
fn=PyInit_mtrand
0 9 2 2 2 0 0 2 0 0
fn=PyInit_posix
0 8 1 1 2 0 0 2 0 0
fn=PyInit_select
0 8 2 2 2 0 0 2 0 0
fn=PyInit_time
0 8 1 1 2 0 0 2 0 0
fn=PyInit_zlib
0 8 1 1 2 0 0 2 0 0
fn=PyInterpreterState_Delete
0 57 4 4 16 1 1 8 0 0
fn=PyInterpreterState_Get
0 441532 3647 1023 126152 0 0 63076 1 0
fn=PyInterpreterState_GetID
0 36 9 9 9 9 0 0 0 0
fn=PyInterpreterState_Main
0 8 2 2 3 0 0 2 0 0
fn=PyInterpreterState_New
0 49 4 4 13 2 0 11 0 0
fn=PyIter_Check
0 8944 1351 1288 2752 823 634 1376 0 0
fn=PyIter_Next
0 5243320 101864 90460 2214804 4066 12 1401092 15 0
fn=PyList_Append
0 3785001 81944 7716 1435487 9623 509 1024468 13531 7825
fn=PyList_AsTuple
0 19481 2697 598 11132 1060 8 0 0 0
fn=PyList_GetItem
0 138390 51 4 69195 283 28 19770 0 0
fn=PyList_Insert
0 10 2 2 4 4 3 0 0 0
fn=PyList_New
0 4027559 148785 27101 1370000 71332 7577 1278472 2677 34
fn=PyList_Reverse
0 9856 1856 1620 2928 243 0 96 0 0
fn=PyList_SetItem
0 171 18 16 72 1 1 27 0 0
fn=PyList_SetSlice
0 1615 580 406 646 170 0 0 0 0
fn=PyList_Size
0 9192 230 58 4596 227 4 0 0 0
fn=PyList_Sort
0 71128 8025 1498 20920 170 1 8368 0 0
fn=PyLong_AsDouble
0 4002 382 95 1200 2 2 400 0 0
fn=PyLong_AsLong
0 5215915 205661 46948 1896679 65107 350 948336 58 0
fn=PyLong_AsLongAndOverflow
0 4626377 285335 96011 1349357 24010 15333 771061 25902 0
fn=PyLong_AsLongLong
0 2634357 115342 37377 916224 3935 21 458124 37335 5
fn=PyLong_AsSsize_t
0 2286213 182661 4212 759230 28690 12503 252702 216 3
fn=PyLong_AsUnsignedLong
0 101585 405 140 30315 1361 48 9894 4 0
fn=PyLong_AsUnsignedLongMask
0 4311264 378505 3467 1499504 70101 571 749712 2 0
fn=PyLong_AsVoidPtr
0 2310 210 19 630 3 1 315 0 0
fn=PyLong_FromDouble
0 135342 18081 16564 18193 24 0 21631 2943 0
fn=PyLong_FromLong
0 8718468 579962 4396 1721496 167 13 1747086 2372 541
fn=PyLong_FromLongLong
0 683515 22791 5175 110846 1 0 157515 1680 274
fn=PyLong_FromSize_t
0 145977 19316 1485 30732 0 0 30732 0 0
fn=PyLong_FromSsize_t
0 2826768 141787 64418 563768 183 3 571171 18157 9
fn=PyLong_FromString
0 377852 6265 853 65974 1091 248 15123 166 20
fn=PyLong_FromUnicodeObject
0 9271 551 64 2510 1 0 2156 90 0
fn=PyLong_FromUnsignedLong
0 2036916 277571 100175 430940 2591 6 461420 3146 747
fn=PyLong_FromUnsignedLongLong
0 107693 13459 3455 23553 0 0 30283 871 160
fn=PyLong_FromVoidPtr
0 2837606 57874 6469 620726 10492 52 798074 11440 1474
fn=PyLong_GetInfo
0 27 2 2 3 0 0 7 0 0
fn=PyMapping_Check
0 151202 14432 3491 58093 21122 714 23344 15 0
fn=PyMapping_GetItemString
0 140 4 4 25 0 0 25 0 0
fn=PyMapping_Items
0 12852 945 317 2646 399 173 1701 0 0
fn=PyMapping_Keys
0 509792 30059 3085 104993 5436 486 67512 0 0
fn=PyMapping_SetItemString
0 2688 192 85 576 0 0 576 18 3
fn=PyMapping_Size
0 14937 1180 547 5745 71 1 2298 0 0
fn=PyMarshal_Init
0 8 2 2 2 0 0 2 0 0
fn=PyMarshal_ReadObjectFromString
0 33 4 3 6 3 0 11 0 0
fn=PyMem_Calloc
0 5635828 489367 163556 1526330 215417 99711 773823 7565 5571
fn=PyMem_Free
0 20979029 1417084 116096 6122388 764882 58706 3054324 84050 3764
fn=PyMem_Malloc
0 8966887 329655 16261 2861232 364582 40902 1354277 19215 6522
fn=PyMem_RawCalloc
0 54 4 2 12 0 0 6 0 0
fn=PyMem_RawFree
0 12056265 1002767 6671 3215004 127577 133 1607502 5 1
fn=PyMem_RawMalloc
0 195680 7877 3858 48920 613 2 24460 0 0
fn=PyMem_RawRealloc
0 2346 158 16 552 0 0 276 0 0
fn=PyMem_Realloc
0 2974579 176845 63735 835083 63736 1908 440844 4058 7
fn=PyMem_SetAllocator
0 291 24 18 98 0 0 73 0 0
fn=PyMember_GetOne
0 9418999 693686 108496 2795212 463502 20889 1036274 0 0
fn=PyMember_SetOne
0 6167862 357310 7737 2145231 245355 13971 1340943 1 1
fn=PyMemoryView_FromBuffer
0 12916 854 780 4367 5 1 4750 262 97
fn=PyMethod_New
0 1705153 113012 8173 436205 7608 564 555158 4998 0
fn=PyModuleDef_Init
0 1069 122 107 275 67 56 287 0 0
fn=PyModule_AddFunctions
0 6452 38 22 1208 160 84 352 0 0
fn=PyModule_AddIntConstant
0 26831 83 63 5915 35 1 4437 0 0
fn=PyModule_AddObject
0 1539 39 31 343 6 1 268 0 0
fn=PyModule_AddObjectRef
0 5784 195 72 1446 40 1 1205 7 0
fn=PyModule_AddStringConstant
0 184 12 12 40 0 0 40 0 0
fn=PyModule_AddType
0 2675 260 70 546 79 0 455 18 0
fn=PyModule_Create2
0 140 14 12 42 0 0 28 5 2
fn=PyModule_ExecDef
0 4465 420 361 1260 222 20 401 0 0
fn=PyModule_FromDefAndSpec2
0 20704 876 775 3785 502 378 1465 1 0
fn=PyModule_GetDef
0 1408 146 122 440 8 0 264 0 0
fn=PyModule_GetDict
0 23616 363 113 7380 118 68 4428 14 0
fn=PyModule_GetFilenameObject
0 58 7 7 14 2 2 7 0 0
fn=PyModule_GetNameObject
0 320 30 25 100 0 0 40 0 0
fn=PyModule_GetState
0 4704 320 204 1470 16 1 882 10 1
fn=PyModule_New
0 200 19 16 50 0 0 50 0 0
fn=PyModule_NewObject
0 1654 135 107 207 0 0 252 0 0
fn=PyModule_SetDocString
0 130 15 13 25 0 0 25 0 0
fn=PyNumber_Add
0 2444018 259426 149435 947326 105802 6372 630290 2 0
fn=PyNumber_And
0 260189 12435 1528 89746 5738 897 53798 1 0
fn=PyNumber_AsSsize_t
0 2765350 146430 19091 1046858 65990 442 625290 480 10
fn=PyNumber_Check
0 25640 1824 1548 7105 1650 875 1730 0 0
fn=PyNumber_Float
0 5330 139 31 1510 27 7 1240 5 0
fn=PyNumber_FloorDivide
0 23751 72 24 8190 82 4 4914 0 0
fn=PyNumber_InPlaceAdd
0 3780180 374273 61810 1277958 370984 25390 720608 2 2
fn=PyNumber_InPlaceAnd
0 2916 251 28 864 121 2 540 0 0
fn=PyNumber_InPlaceFloorDivide
0 264 18 7 104 5 2 64 0 0
fn=PyNumber_InPlaceLshift
0 2640 228 3 1040 103 3 640 0 0
fn=PyNumber_InPlaceOr
0 16680 1095 443 6120 417 81 3792 0 0
fn=PyNumber_InPlaceSubtract
0 60 5 2 12 0 0 12 0 0
fn=PyNumber_InPlaceXor
0 90 9 4 18 0 0 18 0 0
fn=PyNumber_Index
0 113513 9756 7823 37821 55 5 21662 0 0
fn=PyNumber_Invert
0 1215 120 26 405 9 0 0 0 0
fn=PyNumber_Long
0 2416523 124007 15448 724203 7527 6692 478157 3364 1
fn=PyNumber_Lshift
0 2465 141 94 850 65 12 510 0 0
fn=PyNumber_Multiply
0 7220986 933228 63344 2578197 707057 110394 1173360 0 0
fn=PyNumber_Negative
0 927 183 60 309 75 18 0 0 0
fn=PyNumber_Or
0 9253 629 133 3184 139 40 1906 1 0
fn=PyNumber_Positive
0 90 2 2 30 0 0 0 0 0
fn=PyNumber_Remainder
0 15289 550 50 5333 311 25 3032 0 0
fn=PyNumber_Rshift
0 1682 104 16 580 39 5 348 0 0
fn=PyNumber_Subtract
0 5995936 572130 18515 2022756 391890 20740 1170339 0 0
fn=PyNumber_ToBase
0 6946 7 7 2056 0 0 1030 0 0
fn=PyNumber_TrueDivide
0 1957355 282284 64037 685114 146820 49753 391524 0 0
fn=PyNumber_Xor
0 16895 104 22 6540 3 1 4360 0 0
fn=PyOS_FSPath
0 96524 10610 685 30167 54 0 18097 703 13
fn=PyOS_double_to_string
0 253290 3506 54 43896 73 7 35112 13 0
fn=PyOS_getsig
0 768 1 1 192 0 0 128 0 0
fn=PyOS_setsig
0 84 6 6 16 0 0 20 0 0
fn=PyOS_snprintf
0 946 63 63 132 0 0 638 63 2
fn=PyOS_string_to_double
0 12823 787 157 3674 0 0 3053 44 0
fn=PyOS_strtol
0 32987 645 18 5900 99 6 1713 0 0
fn=PyOS_strtoul
0 2754 127 5 408 32 6 102 0 0
fn=PyObject_Bytes
0 54876 1834 1484 15638 0 0 13028 0 0
fn=PyObject_Call
0 2315005 246332 140325 1008512 26684 4782 536232 19 0
fn=PyObject_CallFinalizerFromDealloc
0 499261 35430 5979 193263 17719 7704 112742 1 0
fn=PyObject_CallFunction
0 3446640 288031 58302 846594 87213 16791 1028406 15917 43
fn=PyObject_CallFunctionObjArgs
0 13988275 1215160 18122 1998325 40123 1 9591960 86812 21
fn=PyObject_CallMethod
0 19337 1801 405 3777 55 11 7016 66 0
fn=PyObject_CallMethodObjArgs
0 1464582 109824 25343 271080 29040 875 731916 6 0
fn=PyObject_CallObject
0 2365854 114703 4845 935302 92682 26920 440220 9 0
fn=PyObject_CallOneArg
0 35068822 744241 61051 11985037 1119434 310622 6074675 747 5
fn=PyObject_Calloc
0 66480 1717 340 15817 638 42 8498 159 127
fn=PyObject_CheckBuffer
0 3634134 725695 1710 1453826 90179 617 726482 11 0
fn=PyObject_ClearWeakRefs
0 4191610 150836 7555 2078394 142425 5127 1129915 1018 68
fn=PyObject_DelItem
0 27080 2591 1748 9478 1973 800 5416 0 0
fn=PyObject_Dir
0 164323 11205 1383 26145 3819 0 22409 0 0
fn=PyObject_Format
0 82464 3682 1123 25001 18 11 19349 39 0
fn=PyObject_Free
0 289496154 4611709 26317 82901463 6304225 198832 40978153 3565 1741
fn=PyObject_GC_Del
0 55061152 1635958 1555 15815696 175841 41106 5783994 178 4
fn=PyObject_GC_Track
0 7897065 217178 5869 2493810 1154 25 1662540 1044 6
fn=PyObject_GC_UnTrack
0 70740808 2758062 566 23643486 501220 122514 23453836 792765 61187
fn=PyObject_GenericGetAttr
0 20400 1859 599 5100 0 0 5100 0 0
fn=PyObject_GenericGetDict
0 50879 4041 644 20918 134 2 14483 1 0
fn=PyObject_GenericSetAttr
0 2309957 61373 1833 673123 7194 327 377586 0 0
fn=PyObject_GetAttr
0 53977537 2304719 134782 21225304 2311067 485432 12576240 20131 61
fn=PyObject_GetAttrString
0 287589 14478 1818 90556 6196 879 48720 5 0
fn=PyObject_GetBuffer
0 130880 16213 4587 49080 28210 2670 0 0 0
fn=PyObject_GetItem
0 10164853 147981 4379 3556171 126154 25223 2031540 785 7
fn=PyObject_GetIter
0 5054858 339115 5550 1609250 323864 123431 689532 93 1
fn=PyObject_Hash
0 33915792 1545192 5252 16957896 870166 29070 11305264 219200 3376
fn=PyObject_HashNotImplemented
0 16 3 2 5 2 0 2 0 0
fn=PyObject_IS_GC
0 4640344 62335 160 1381255 293186 147211 53266 224 17
fn=PyObject_Init
0 9758567 507486 2242 2251977 0 0 2251977 0 0
fn=PyObject_IsInstance
0 37236536 1767947 41470 11014968 423536 59813 7927020 107369 462
fn=PyObject_IsSubclass
0 5197272 447552 69519 1299318 0 0 866212 34 0
fn=PyObject_IsTrue
0 29238707 1256912 78737 2844887 401652 107978 1071278 223 178
fn=PyObject_LengthHint
0 1546257 264571 78208 580729 65723 10210 350158 28 1
fn=PyObject_Malloc
0 262231274 8523062 51688 84083498 7287467 889009 40338979 2012163 447179
fn=PyObject_Realloc
0 10819656 767438 14545 2480753 118961 723 930150 190 2
fn=PyObject_Repr
0 13300 174 66 4180 47 4 2280 0 0
fn=PyObject_RichCompare
0 7029629 515059 33005 2135751 111715 2440 1514922 7680 4
fn=PyObject_RichCompareBool
0 122678914 2066144 42484 35803393 1100530 327051 24303031 72442 708
fn=PyObject_SelfIter
0 258810 34647 6998 77643 0 0 77643 0 0
fn=PyObject_SetAttr
0 17068186 798166 77164 5780139 338697 224305 2313979 3424 20
fn=PyObject_SetAttrString
0 28560 322 149 8160 228 79 5100 0 0
fn=PyObject_SetItem
0 1310670 172314 94348 436890 112840 62019 249360 40 1
fn=PyObject_Size
0 817390 67153 1159 245217 114047 15895 0 0 0
fn=PyObject_Str
0 105331 7486 1772 29527 205 43 21024 57 0
fn=PyObject_Type
0 42686 1919 120 15520 86 2 7763 0 0
fn=PyObject_Vectorcall
0 41448426 1579672 72537 14522838 3729590 415036 6119148 163245 219
fn=PyObject_VectorcallDict
0 181233 14729 3352 69671 3842 84 43388 314 32
fn=PyObject_VectorcallMethod
0 1230416 33108 6919 425846 23942 5613 225567 155 2
fn=PyPreConfig_InitPythonConfig
0 28 1 1 6 1 1 10 0 0
fn=PyRun_StringFlags
0 2700 255 171 396 50 12 396 69 31
fn=PySeqIter_New
0 1577870 134911 65707 405738 3743 0 450820 6302 180
fn=PySequence_Check
0 5894084 682953 4013 2526036 381993 17634 842012 42722 0
fn=PySequence_Concat
0 13110 1380 95 4140 960 41 2070 1 0
fn=PySequence_Contains
0 1107600 36780 832 332280 122872 7098 0 0 0
fn=PySequence_DelItem
0 714 68 58 272 68 28 170 0 0
fn=PySequence_Fast
0 16709731 1276854 69217 3856140 694 0 3212494 33 0
fn=PySequence_GetItem
0 9247518 222553 114218 3522864 1626 36 2201790 426 0
fn=PySequence_GetSlice
0 875 54 43 250 23 0 150 0 0
fn=PySequence_List
0 88641 8426 1653 21105 219 6 16884 0 0
fn=PySequence_SetItem
0 2160 200 6 840 61 27 480 0 0
fn=PySequence_Size
0 10314317 322298 12322 3967045 7944 105 1586818 4 0
fn=PySequence_Tuple
0 4840133 380743 243418 1106295 1090 65 634162 286 0
fn=PySet_Add
0 422349 12078 1865 135453 1320 94 91078 136 0
fn=PySet_Clear
0 928 116 30 232 46 21 174 0 0
fn=PySet_Contains
0 777944 41200 1329 255976 25703 5262 155826 0 0
fn=PySet_Discard
0 28487 161 158 11239 120 97 7176 4 4
fn=PySet_New
0 49592 1381 682 10176 473 211 16960 6 0
fn=PySet_Size
0 2601 229 78 918 0 0 612 0 0
fn=PySlice_AdjustIndices
0 1691466 169023 139288 334873 0 0 198362 0 0
fn=PySlice_New
0 169308 12065 7254 59774 3603 865 50335 300 0
fn=PySlice_Unpack
0 2531246 242424 197549 745097 0 0 666341 2184 43
fn=PyStaticMethod_New
0 1501 158 85 316 0 0 395 0 0
fn=PyStatus_Ok
0 8 2 2 2 0 0 6 1 0
fn=PyStructSequence_InitType2
0 216 13 7 40 10 8 38 10 10
fn=PyStructSequence_New
0 135840 10114 2635 16980 0 0 20376 0 0
fn=PyStructSequence_NewType
0 70 8 4 20 0 0 20 0 0
fn=PySymtable_Lookup
0 4650 428 179 1085 73 0 930 0 0
fn=PySys_Audit
0 3878805 140299 8584 554115 0 0 2548929 50632 15
fn=PySys_GetObject
0 33466 772 681 9232 100 1 5770 2 2
fn=PySys_SetObject
0 42 6 2 12 0 0 6 2 0
fn=PyThreadState_Clear
0 56 4 4 23 2 2 9 0 0
fn=PyThreadState_Get
0 70 10 10 10 0 0 0 0 0
fn=PyThreadState_GetDict
0 579 18 5 180 5 0 109 0 0
fn=PyThreadState_GetFrame
0 29 3 3 10 2 1 3 0 0
fn=PyThread_GetInfo
0 63 6 5 8 2 1 7 0 0
fn=PyThread_acquire_lock
0 287136 13452 1704 35916 0 0 35916 347 9
fn=PyThread_acquire_lock_timed
0 165651 14400 6663 28809 0 0 28808 0 0
fn=PyThread_allocate_lock
0 58466 4118 1198 11136 242 2 8352 0 0
fn=PyThread_free_lock
0 38864 3642 2659 8328 0 0 8328 0 0
fn=PyThread_get_thread_ident
0 9340617 944481 3277 2874036 372121 1665 2155527 3294 47
fn=PyThread_get_thread_native_id
0 26 4 4 6 0 0 4 0 0
fn=PyThread_init_thread
0 52 7 5 16 2 1 15 0 0
fn=PyThread_release_lock
0 100632 9615 1631 25158 0 0 25158 1 0
fn=PyThread_tss_create
0 36 1 1 8 1 1 8 0 0
fn=PyThread_tss_delete
0 28 2 2 10 0 0 8 0 0
fn=PyThread_tss_get
0 322 25 5 138 27 2 92 0 0
fn=PyThread_tss_is_created
0 28 0 0 12 0 0 8 0 0
fn=PyThread_tss_set
0 20 2 2 6 1 1 4 0 0
fn=PyTraceBack_Here
0 456045 31727 9744 109260 13 0 108395 14 2
fn=PyTraceMalloc_Track
0 28284825 3968282 7688 11909400 0 0 10420725 0 0
fn=PyTraceMalloc_Untrack
0 23818800 1497169 4220 8932050 1889 4 7443375 98 0
fn=PyTuple_GetItem
0 638565 29894 6097 255426 1329 182 85142 6 0
fn=PyTuple_GetSlice
0 3435553 119587 7913 1106573 22763 734 733099 16 0
fn=PyTuple_New
0 49269448 2417936 16016 15611934 2062114 218419 11947417 804559 7584
fn=PyTuple_Pack
0 13064350 921908 71828 3704274 279146 60314 4231991 2251 3
fn=PyTuple_SetItem
0 8316 22 11 2646 3 1 1134 0 0
fn=PyTuple_Size
0 492888 61234 46160 246444 27415 7809 0 0 0
fn=PyType_FromMetaclass
0 112 16 4 32 0 0 32 1 0
fn=PyType_FromModuleAndSpec
0 912 97 34 152 0 0 152 3 0
fn=PyType_FromSpec
0 154 14 5 28 0 0 28 4 0
fn=PyType_FromSpecWithBases
0 121 22 8 22 0 0 22 0 0
fn=PyType_GenericAlloc
0 101015851 8584366 64230 28549795 797058 76444 18760799 1420595 98770
fn=PyType_GenericNew
0 661781 29998 4113 185513 4060 1798 133992 471 6
fn=PyType_GetModule
0 44352 8023 2188 16128 4116 1394 8064 1 0
fn=PyType_GetModuleByDef
0 15165 1999 1710 6066 1643 943 0 0 0
fn=PyType_GetSlot
0 1080 38 13 216 35 19 0 0 0
fn=PyType_IsSubtype
0 227730532 4261471 1648 55366508 4404922 493806 15074762 45705 1710
fn=PyType_Modified
0 3359 311 223 1209 155 115 955 66 21
fn=PyType_Ready
0 1567 206 49 378 66 38 356 0 0
fn=PyUnicode_Append
0 51250 2421 362 14214 60 4 7753 6 1
fn=PyUnicode_AppendAndDel
0 22 4 4 6 0 0 6 0 0
fn=PyUnicode_AsASCIIString
0 145134 26378 6221 52776 3 3 0 0 0
fn=PyUnicode_AsEncodedString
0 8648 427 279 2001 290 122 729 0 0
fn=PyUnicode_AsUCS4
0 9226 28 14 882 211 104 3386 836 835
fn=PyUnicode_AsUTF8
0 1754556 178213 49648 682327 142537 122445 292425 99 0
fn=PyUnicode_AsUTF8AndSize
0 4108398 527637 31010 1429008 1463 460 714504 46259 1421
fn=PyUnicode_AsUTF8String
0 160 20 2 40 0 0 40 0 0
fn=PyUnicode_AsWideCharString
0 8477 377 51 1896 23 1 1674 46 8
fn=PyUnicode_Compare
0 8590 1718 1645 3436 264 17 0 0 0
fn=PyUnicode_CompareWithASCIIString
0 16128 731 441 4032 335 90 3024 0 0
fn=PyUnicode_Concat
0 1719856 64802 8982 396002 9972 3855 316338 7979 2071
fn=PyUnicode_Contains
0 2284276 48834 4888 628655 28918 3673 227279 0 0
fn=PyUnicode_Decode
0 2820 151 92 596 51 29 247 0 0
fn=PyUnicode_DecodeASCII
0 2630 32 32 474 2 1 606 1 0
fn=PyUnicode_DecodeFSDefault
0 416 12 12 144 8 3 64 0 0
fn=PyUnicode_DecodeFSDefaultAndSize
0 110691 424 410 35415 282 4 1710 0 0
fn=PyUnicode_DecodeLocale
0 25467 2612 831 5224 0 0 3265 0 0
fn=PyUnicode_DecodeUTF8
0 739962 41272 1391 164436 0 0 164436 81 34
fn=PyUnicode_DecodeUTF8Stateful
0 270 54 7 60 0 0 60 0 0
fn=PyUnicode_EncodeFSDefault
0 280 40 36 100 40 0 0 0 0
fn=PyUnicode_FSConverter
0 234260 15305 2082 71154 8591 968 35589 529 4
fn=PyUnicode_FSDecoder
0 6384 504 138 1428 84 24 504 1 0
fn=PyUnicode_FindChar
0 3012014 148439 66813 472515 239 169 205412 185 161
fn=PyUnicode_Format
0 149816 3392 408 33694 169 29 25907 21 0
fn=PyUnicode_FromEncodedObject
0 396 31 20 144 8 2 90 2 0
fn=PyUnicode_FromFormat
0 450022 46525 4852 62072 1 0 372432 6 0
fn=PyUnicode_FromFormatV
0 102635278 4639906 743146 21722800 350425 103919 5253086 50188 972
fn=PyUnicode_FromKindAndData
0 17657489 79158 7925 2632741 147586 143791 1227030 21373 12164
fn=PyUnicode_FromOrdinal
0 13072 69 11 2136 362 306 1602 0 0
fn=PyUnicode_FromString
0 308790 16247 4270 61758 0 0 61758 314 90
fn=PyUnicode_FromStringAndSize
0 216514 34314 16803 39366 2 0 39364 272 80
fn=PyUnicode_FromWideChar
0 260324 9159 2681 43042 18 0 19811 508 19
fn=PyUnicode_GetLength
0 198 30 23 99 0 0 0 0 0
fn=PyUnicode_InternFromString
0 498946 9485 1419 122953 3133 896 59787 7 1
fn=PyUnicode_InternInPlace
0 16414044 482382 106099 6559589 160196 44586 3226315 2946 180
fn=PyUnicode_IsIdentifier
0 10222 165 117 2505 99 65 876 0 0
fn=PyUnicode_Join
0 504 36 12 162 0 0 90 0 0
fn=PyUnicode_New
0 341586 8477 2465 57395 94 2 86706 1842 337
fn=PyUnicode_Partition
0 9411 769 38 2541 157 2 1347 0 0
fn=PyUnicode_RPartition
0 2808025 193151 14110 566777 24428 1926 491803 31455 236
fn=PyUnicode_RichCompare
0 37059323 177914 18065 10333579 202514 108719 3347955 44076 1
fn=PyUnicode_Split
0 352820 53558 15383 162840 31418 13560 54280 0 0
fn=PyUnicode_Splitlines
0 33041 9 9 8922 68 2 362 49 38
fn=PyUnicode_Substring
0 1979003 166074 24999 335510 1580 223 311975 12206 3344
fn=PyUnicode_Tailmatch
0 30 3 3 9 0 0 7 0 0
fn=PyUnstable_Code_NewWithPosOnlyArgs
0 1968 27 27 708 3 0 575 2 0
fn=PyUnstable_InterpreterFrame_GetLine
0 11 1 1 4 0 0 2 0 0
fn=PyVectorcall_Call
0 328 26 14 112 15 5 64 0 0
fn=PyVectorcall_Function
0 51447 2952 659 28058 8133 2449 9354 0 0
fn=PyWeakref_GetObject
0 6213 183 98 1962 303 184 981 0 0
fn=PyWeakref_NewProxy
0 2628 252 249 612 46 0 648 6 0
fn=PyWeakref_NewRef
0 721591 43360 4092 252776 16612 4245 157770 912 95
fn=Py_BuildValue
0 23820 1330 413 3176 0 0 19056 0 0
fn=Py_BytesMain
0 13 3 3 2 1 1 6 0 0
fn=Py_CompileStringObject
0 3444 504 86 756 109 1 672 0 0
fn=Py_DecodeLocale
0 843 40 15 172 3 1 99 0 0
fn=Py_EnterRecursiveCall
0 20028 1674 1658 3338 0 0 1669 0 0
fn=Py_FinalizeEx
0 88 13 9 21 7 7 11 4 3
fn=Py_GETENV
0 10 1 1 3 1 0 2 0 0
fn=Py_GenericAlias
0 2714 136 30 590 0 0 590 0 0
fn=Py_GetBuildInfo
0 30 3 2 4 0 0 4 0 0
fn=Py_GetCompiler
0 8 1 1 2 0 0 2 0 0
fn=Py_GetCopyright
0 8 1 1 2 0 0 2 0 0
fn=Py_GetPlatform
0 8 0 0 2 0 0 2 0 0
fn=Py_GetVersion
0 9 1 1 2 0 0 2 0 0
fn=Py_InitializeFromConfig
0 33 5 5 10 1 1 9 1 1
fn=Py_LeaveRecursiveCall
0 23366 838 829 6676 0 0 5007 0 0
fn=Py_MakePendingCalls
0 24 2 2 7 0 0 3 0 0
fn=Py_RunMain
0 212 21 19 46 16 7 18 5 3
fn=SHA1_Init
0 24 2 2 3 1 0 9 0 0
fn=SHA224_Init
0 24 3 3 4 1 1 10 0 0
fn=SHA256_Init
0 24 2 1 4 1 0 10 0 0
fn=SHA384_Init
0 25 3 3 7 2 2 9 0 0
fn=SHA512_Init
0 25 2 1 7 2 2 9 0 0
fn=SIDX_Version
0 314 24 24 90 12 12 90 4 0
fn=SpatialIndex::Point::Point()
0 16 2 1 2 1 0 8 0 0
fn=SpatialIndex::Point::Point(double const*, unsigned int)
0 6992 736 736 1472 368 367 2944 0 0
fn=SpatialIndex::Point::getDimension() const
0 736 368 368 368 0 0 0 0 0
fn=SpatialIndex::Point::getMBR(SpatialIndex::Region&) const
0 8464 736 736 3312 735 359 1840 367 0
fn=SpatialIndex::Point::makeDimension(unsigned int)
0 4098 8 8 2040 0 0 1638 0 0
fn=SpatialIndex::Point::~Point()
0 6660 738 738 1850 359 1 1850 0 0
fn=SpatialIndex::RTree::BulkLoader::bulkLoadUsingSTR(SpatialIndex::RTree::RTree*, SpatialIndex::IDataStream&, unsigned int, unsigned int, unsigned int, unsigned int)
0 1096 120 92 312 114 33 104 12 6
fn=SpatialIndex::RTree::BulkLoader::createLevel(SpatialIndex::RTree::RTree*, std::shared_ptr<SpatialIndex::RTree::ExternalSorter>, unsigned int, unsigned int, unsigned int, unsigned int, std::shared_ptr<SpatialIndex::RTree::ExternalSorter>, unsigned int, unsigned int)
0 482 24 22 136 9 2 78 1 0
fn=SpatialIndex::RTree::BulkLoader::createNode(SpatialIndex::RTree::RTree*, std::vector<SpatialIndex::RTree::ExternalSorter::Record*, std::allocator<SpatialIndex::RTree::ExternalSorter::Record*> >&, unsigned int)
0 446 8 8 216 24 2 32 0 0
fn=SpatialIndex::RTree::Data::Data(unsigned int, unsigned char*, SpatialIndex::Region&, long)
0 4001333 11241 9366 1103816 5148 1967 1655724 22804 14457
fn=SpatialIndex::RTree::Data::clone()
0 423168 1041 820 185136 31556 165 105792 0 0
fn=SpatialIndex::RTree::Data::getData(unsigned int&, unsigned char**) const
0 224808 26448 12467 92568 13223 8577 92568 0 0
fn=SpatialIndex::RTree::Data::~Data()
0 2445824 10637 5049 769289 91000 5983 769289 479 0
fn=SpatialIndex::RTree::ExternalSorter::ExternalSorter(unsigned int, unsigned int)
0 60 4 4 4 4 4 52 5 5
fn=SpatialIndex::RTree::ExternalSorter::Record::Record(SpatialIndex::Region const&, long, unsigned int, unsigned char*, unsigned int)
0 440 44 4 154 0 0 242 5 5
fn=SpatialIndex::RTree::ExternalSorter::Record::operator<(SpatialIndex::RTree::ExternalSorter::Record const&) const
0 768 2 2 480 41 13 0 0 0
fn=SpatialIndex::RTree::ExternalSorter::Record::~Record()
0 220 2 2 88 2 0 66 0 0
fn=SpatialIndex::RTree::ExternalSorter::getNextRecord()
0 516 8 8 218 6 6 128 0 0
fn=SpatialIndex::RTree::ExternalSorter::insert(SpatialIndex::RTree::ExternalSorter::Record*)
0 708 90 74 342 54 18 240 9 2
fn=SpatialIndex::RTree::ExternalSorter::sort()
0 80 12 12 24 0 0 20 0 0
fn=SpatialIndex::RTree::ExternalSorter::~ExternalSorter()
0 344 14 14 76 8 0 58 1 0
fn=SpatialIndex::RTree::Index::Index(SpatialIndex::RTree::RTree*, long, unsigned int)
0 56 8 6 20 4 3 20 0 0
fn=SpatialIndex::RTree::Index::adjustTree(SpatialIndex::RTree::Node*, SpatialIndex::RTree::Node*, std::stack<long, std::deque<long, std::allocator<long> > >&, unsigned char*)
0 838 27 27 298 7 3 101 0 0
fn=SpatialIndex::RTree::Index::adjustTree(SpatialIndex::RTree::Node*, std::stack<long, std::deque<long, std::allocator<long> > >&, bool)
0 26784 810 555 9810 62 22 3241 0 0
fn=SpatialIndex::RTree::Index::chooseSubtree(SpatialIndex::Region const&, unsigned int, std::stack<long, std::deque<long, std::allocator<long> > >&)
0 34443 3596 2672 11997 1224 267 8127 389 0
fn=SpatialIndex::RTree::Index::findLeastOverlap(SpatialIndex::Region const&) const
0 226278 6398 5596 74193 932 356 56863 1940 1334
fn=SpatialIndex::RTree::Index::~Index()
0 60 2 2 16 1 1 20 0 0
fn=SpatialIndex::RTree::Leaf::Leaf(SpatialIndex::RTree::RTree*, long)
0 165 10 6 55 16 4 55 0 0
fn=SpatialIndex::RTree::Leaf::chooseSubtree(SpatialIndex::Region const&, unsigned int, std::stack<long, std::deque<long, std::allocator<long> > >&)
0 3904 368 368 488 0 0 1952 267 0
fn=SpatialIndex::RTree::Leaf::split(unsigned int, unsigned char*, SpatialIndex::Region&, long, Tools::PoolPointer<SpatialIndex::RTree::Node>&, Tools::PoolPointer<SpatialIndex::RTree::Node>&)
0 9112 90 87 6256 596 3 603 4 0
fn=SpatialIndex::RTree::Leaf::~Leaf()
0 138 16 14 35 4 2 46 0 0
fn=SpatialIndex::RTree::Node::Node(SpatialIndex::RTree::RTree*, long, unsigned int, unsigned int)
0 7905 81 56 210 31 16 3375 678 556
fn=SpatialIndex::RTree::Node::ReinsertEntry::compareReinsertEntry(void const*, void const*)
0 16288 8 8 8144 314 0 0 0 0
fn=SpatialIndex::RTree::Node::RstarSplitEntry::compareHigh(void const*, void const*)
0 115584 4 2 82560 4852 1 0 0 0
fn=SpatialIndex::RTree::Node::RstarSplitEntry::compareLow(void const*, void const*)
0 91336 8 8 65240 3812 0 0 0 0
fn=SpatialIndex::RTree::Node::insertData(unsigned int, unsigned char*, SpatialIndex::Region&, long, std::stack<long, std::deque<long, std::allocator<long> > >&, unsigned char*)
0 79132 3231 2523 29937 4174 64 15177 597 340
fn=SpatialIndex::RTree::Node::insertEntry(unsigned int, unsigned char*, SpatialIndex::Region&, long)
0 89432 3269 2970 36592 1098 784 30493 315 251
fn=SpatialIndex::RTree::Node::loadFromByteArray(unsigned char const*)
0 89830340 589638 287294 38208820 1147760 514233 16209533 332004 211136
fn=SpatialIndex::RTree::Node::reinsertData(unsigned int, unsigned char*, SpatialIndex::Region&, long, std::vector<unsigned int, std::allocator<unsigned int> >&, std::vector<unsigned int, std::allocator<unsigned int> >&)
0 29391 86 86 10000 741 19 3313 69 58
fn=SpatialIndex::RTree::Node::rstarSplit(unsigned int, unsigned char*, SpatialIndex::Region&, long, std::vector<unsigned int, std::allocator<unsigned int> >&, std::vector<unsigned int, std::allocator<unsigned int> >&)
0 434480 120 120 156249 27821 8 4544 669 56
fn=SpatialIndex::RTree::Node::storeToByteArray(unsigned char**, unsigned int&)
0 1322150 3029 2607 535415 63754 0 77784 4366 772
fn=SpatialIndex::RTree::Node::~Node()
0 25490 60 52 7726 646 540 1196 48 47
fn=SpatialIndex::RTree::RTree::RTree(SpatialIndex::IStorageManager&, Tools::PropertySet&)
0 582 48 39 75 12 7 249 26 18
fn=SpatialIndex::RTree::RTree::deleteNode(SpatialIndex::RTree::Node*)
0 58 6 6 32 3 0 16 0 0
fn=SpatialIndex::RTree::RTree::initNew(Tools::PropertySet&)
0 1642 114 114 307 37 23 380 2 0
fn=SpatialIndex::RTree::RTree::insertData(unsigned int, unsigned char const*, SpatialIndex::IShape const&, long)
0 31648 3089 2949 11406 3338 2211 6623 344 2
fn=SpatialIndex::RTree::RTree::insertData_impl(unsigned int, unsigned char*, SpatialIndex::Region&, long)
0 31987 2539 2210 10773 1791 375 7194 368 0
fn=SpatialIndex::RTree::RTree::insertData_impl(unsigned int, unsigned char*, SpatialIndex::Region&, long, unsigned int, unsigned char*)
0 104310 858 39 44468 2353 0 2880 357 0
fn=SpatialIndex::RTree::RTree::intersectsWithQuery(SpatialIndex::IShape const&, SpatialIndex::IVisitor&)
0 1038466 141609 110995 377624 94406 90821 236015 0 0
fn=SpatialIndex::RTree::RTree::nearestNeighborQuery(unsigned int, SpatialIndex::IShape const&, SpatialIndex::IVisitor&, SpatialIndex::INearestNeighborComparator&, double)
0 13503557 27990 24555 5181126 252445 3807 2646033 51986 29616
fn=SpatialIndex::RTree::RTree::nearestNeighborQuery(unsigned int, SpatialIndex::IShape const&, SpatialIndex::IVisitor&, double)
0 36435 3128 3123 13533 4968 1824 8328 0 0
fn=SpatialIndex::RTree::RTree::rangeQuery(SpatialIndex::RTree::RangeQueryType, SpatialIndex::IShape const&, SpatialIndex::IVisitor&)
0 14411936 510293 254290 5223267 302068 48029 1751380 275380 62112
fn=SpatialIndex::RTree::RTree::readNode(long)
0 4469002 348414 114469 1646444 422678 146328 1646486 87202 2627
fn=SpatialIndex::RTree::RTree::storeHeader()
0 501 37 32 177 27 19 137 8 5
fn=SpatialIndex::RTree::RTree::writeNode(SpatialIndex::RTree::Node*)
0 26140 2296 1869 12450 3438 383 4990 7 0
fn=SpatialIndex::RTree::RTree::~RTree()
0 6067 53 53 2411 418 348 424 3 2
fn=SpatialIndex::RTree::Statistics::Statistics()
0 45 6 6 12 3 3 21 6 4
fn=SpatialIndex::RTree::Statistics::reset()
0 36 3 3 6 0 0 21 1 0
fn=SpatialIndex::RTree::Statistics::~Statistics()
0 24 3 3 6 3 2 3 3 3
fn=SpatialIndex::RTree::createAndBulkLoadNewRTree(SpatialIndex::RTree::BulkLoadMethod, SpatialIndex::IDataStream&, SpatialIndex::IStorageManager&, Tools::PropertySet&, long&)
0 676 50 48 140 14 11 154 0 0
fn=SpatialIndex::RTree::createNewRTree(SpatialIndex::IStorageManager&, double, unsigned int, unsigned int, unsigned int, SpatialIndex::RTree::RTreeVariant, long&)
0 500 40 32 90 4 0 128 4 2
fn=SpatialIndex::RTree::returnRTree(SpatialIndex::IStorageManager&, Tools::PropertySet&)
0 45 9 6 12 1 0 12 0 0
fn=SpatialIndex::Region::Region()
0 3504 273 243 438 146 0 2190 193 95
fn=SpatialIndex::Region::Region(SpatialIndex::Region const&)
0 1379990 22978 12 551996 149658 92 689995 53628 37148
fn=SpatialIndex::Region::Region(double const*, double const*, unsigned int)
0 389056 97264 56094 48632 48631 1365 243160 16561 9103
fn=SpatialIndex::Region::combineRegion(SpatialIndex::Region const&)
0 4372888 1810 1783 1186128 47899 28 272434 0 0
fn=SpatialIndex::Region::containsRegion(SpatialIndex::Region const&) const
0 27199 1461 1101 11822 1014 0 0 0 0
fn=SpatialIndex::Region::getArea() const
0 74088 778 535 23814 0 0 0 0 0
fn=SpatialIndex::Region::getCenter(SpatialIndex::Point&) const
0 20808 13 12 6936 459 4 2856 6 6
fn=SpatialIndex::Region::getCombinedRegion(SpatialIndex::Region&, SpatialIndex::Region const&) const
0 57002 2054 1602 23342 1633 1144 7621 0 0
fn=SpatialIndex::Region::getDimension() const
0 98570 48244 44577 49285 0 0 0 0 0
fn=SpatialIndex::Region::getIntersectingArea(SpatialIndex::Region const&) const
0 77758 304 189 25780 37 0 0 0 0
fn=SpatialIndex::Region::getMargin() const
0 44160 9 9 14352 16 0 3312 0 0
fn=SpatialIndex::Region::getMinimumDistance(SpatialIndex::IShape const&) const
0 2670000 2736 2032 1001250 7372 131 556250 0 0
fn=SpatialIndex::Region::getMinimumDistance(SpatialIndex::Region const&) const
0 6086072 4561 3123 1689468 1988 3 0 0 0
fn=SpatialIndex::Region::initialize(double const*, double const*, unsigned int)
0 3919251 97366 17208 1119786 0 0 1306417 388 0
fn=SpatialIndex::Region::intersectsRegion(SpatialIndex::Region const&) const
0 13467607 95295 17360 6110658 115716 15 0 0 0
fn=SpatialIndex::Region::intersectsShape(SpatialIndex::IShape const&) const
0 13472112 94406 89335 5052042 144276 107962 2806690 0 0
fn=SpatialIndex::Region::makeInfinite(unsigned int)
0 990 49 40 162 11 5 270 0 0
fn=SpatialIndex::Region::operator=(SpatialIndex::Region const&)
0 24964217 195427 134399 10589241 258526 84483 3783870 4727 611
fn=SpatialIndex::Region::touchesRegion(SpatialIndex::Region const&) const
0 6630 360 186 2118 0 0 0 0 0
fn=SpatialIndex::Region::~Region()
0 2121093 148137 49227 519962 63972 5932 519962 33759 1
fn=SpatialIndex::StorageManager::Buffer::Buffer(SpatialIndex::IStorageManager&, Tools::PropertySet&)
0 375 27 24 63 9 7 99 3 3
fn=SpatialIndex::StorageManager::Buffer::deleteByteArray(long)
0 92 6 6 38 1 0 18 0 0
fn=SpatialIndex::StorageManager::Buffer::flush()
0 295 12 11 120 37 14 30 0 0
fn=SpatialIndex::StorageManager::Buffer::loadByteArray(long, unsigned int&, unsigned char**)
0 2481749 243262 49604 1136833 206435 130020 565961 47570 3
fn=SpatialIndex::StorageManager::Buffer::storeByteArray(long&, unsigned int, unsigned char const*)
0 47576 2520 2261 16463 4035 32 9394 456 0
fn=SpatialIndex::StorageManager::Buffer::~Buffer()
0 84 6 6 30 2 2 15 0 0
fn=SpatialIndex::StorageManager::MemoryStorageManager::MemoryStorageManager(Tools::PropertySet&)
0 129 12 12 27 1 1 78 7 5
fn=SpatialIndex::StorageManager::MemoryStorageManager::deleteByteArray(long)
0 58 6 6 20 1 0 16 1 0
fn=SpatialIndex::StorageManager::MemoryStorageManager::storeByteArray(long&, unsigned int, unsigned char const*)
0 1003 50 47 347 57 16 287 25 2
fn=SpatialIndex::StorageManager::MemoryStorageManager::~MemoryStorageManager()
0 250 15 10 84 19 11 27 0 0
fn=SpatialIndex::StorageManager::RandomEvictionsBuffer::RandomEvictionsBuffer(SpatialIndex::IStorageManager&, Tools::PropertySet&)
0 45 3 3 12 3 3 12 0 0
fn=SpatialIndex::StorageManager::RandomEvictionsBuffer::addEntry(long, SpatialIndex::StorageManager::Buffer::Entry*)
0 247 27 21 91 13 1 91 0 0
fn=SpatialIndex::StorageManager::RandomEvictionsBuffer::~RandomEvictionsBuffer()
0 42 6 5 12 4 4 12 0 0
fn=SpatialIndex::StorageManager::returnMemoryStorageManager(Tools::PropertySet&)
0 39 6 6 9 0 0 9 0 0
fn=SpatialIndex::StorageManager::returnRandomEvictionsBuffer(SpatialIndex::IStorageManager&, Tools::PropertySet&)
0 45 6 5 12 1 0 12 0 0
fn=Tools::EndOfStreamException::EndOfStreamException(std::string)
0 10 4 4 2 0 0 2 2 2
fn=Tools::EndOfStreamException::~EndOfStreamException()
0 32 2 2 12 2 0 8 0 0
fn=Tools::PoolPointer<SpatialIndex::RTree::Node>::release()
0 11104419 297612 181950 4422328 38463 705 2094438 39253 4
fn=Tools::PropertySet::PropertySet()
0 72 6 3 8 7 3 48 5 2
fn=Tools::PropertySet::getProperty(std::string) const
0 9365 124 13 2992 250 10 1010 0 0
fn=Tools::PropertySet::setProperty(std::string, Tools::Variant const&)
0 4845 36 8 1802 0 0 1444 2 0
fn=Tools::PropertySet::~PropertySet()
0 1291 53 28 297 71 26 117 1 0
fn=Tools::Variant::Variant()
0 249 30 2 0 0 0 83 0 0
fn=X509_get_default_cert_area
0 8 2 2 2 0 0 2 0 0
fn=_GLOBAL__sub_I_Ball.cc
0 15 1 1 4 0 0 3 0 0
fn=_GLOBAL__sub_I_BoundsQuery.cc
0 15 2 2 4 1 1 3 0 0
fn=_GLOBAL__sub_I_Buffer.cc
0 15 1 1 4 0 0 3 0 0
fn=_GLOBAL__sub_I_BulkLoader.cc
0 15 1 1 4 0 0 3 0 0
fn=_GLOBAL__sub_I_CountVisitor.cc
0 15 1 1 4 0 0 3 0 0
fn=_GLOBAL__sub_I_CustomStorage.cc
0 15 1 1 4 0 0 3 0 0
fn=_GLOBAL__sub_I_DataStream.cc
0 15 1 1 4 0 0 3 0 0
fn=_GLOBAL__sub_I_DiskStorageManager.cc
0 15 1 1 4 0 0 3 0 0
fn=_GLOBAL__sub_I_Error.cc
0 15 1 1 4 0 0 3 0 0
fn=_GLOBAL__sub_I_IdVisitor.cc
0 15 1 1 4 0 0 3 0 0
fn=_GLOBAL__sub_I_Index.cc
0 60 4 4 16 0 0 12 0 0
fn=_GLOBAL__sub_I_Leaf.cc
0 45 3 3 12 0 0 9 0 0
fn=_GLOBAL__sub_I_LeafQuery.cc
0 15 1 1 4 0 0 3 0 0
fn=_GLOBAL__sub_I_LineSegment.cc
0 15 1 1 4 0 0 3 0 0
fn=_GLOBAL__sub_I_MVRTree.cc
0 15 1 1 4 0 0 3 0 0
fn=_GLOBAL__sub_I_MemoryStorageManager.cc
0 15 1 1 4 0 0 3 0 0
fn=_GLOBAL__sub_I_MovingPoint.cc
0 15 1 1 4 0 0 3 0 0
fn=_GLOBAL__sub_I_MovingRegion.cc
0 15 1 1 4 0 0 3 0 0
fn=_GLOBAL__sub_I_Node.cc
0 45 3 3 12 0 0 9 0 0
fn=_GLOBAL__sub_I_ObjVisitor.cc
0 15 1 1 4 0 0 3 0 0
fn=_GLOBAL__sub_I_Point.cc
0 15 1 1 4 0 0 3 0 0
fn=_GLOBAL__sub_I_RTree.cc
0 15 1 1 4 0 0 3 0 0
fn=_GLOBAL__sub_I_RandomEvictionsBuffer.cc
0 15 1 1 4 0 0 3 0 0
fn=_GLOBAL__sub_I_Region.cc
0 15 1 1 4 0 0 3 0 0
fn=_GLOBAL__sub_I_SpatialIndexImpl.cc
0 15 1 1 4 0 0 3 0 0
fn=_GLOBAL__sub_I_Statistics.cc
0 45 3 3 12 0 0 9 0 0
fn=_GLOBAL__sub_I_TPRTree.cc
0 15 0 0 4 0 0 3 0 0
fn=_GLOBAL__sub_I_TimePoint.cc
0 15 1 1 4 0 0 3 0 0
fn=_GLOBAL__sub_I_TimeRegion.cc
0 15 1 1 4 0 0 3 0 0
fn=_GLOBAL__sub_I_Tools.cc
0 15 1 1 4 0 0 3 0 0
fn=_GLOBAL__sub_I_Utility.cc
0 15 1 1 4 0 0 3 0 0
fn=_GLOBAL__sub_I_sidx_api.cc
0 15 1 1 4 0 0 3 0 0
fn=_PyAST_Compile
0 26488 2620 1092 6048 1042 61 5492 44 0
fn=_PyArena_AddPyObject
0 104520 3041 131 37530 58 1 26500 0 0
fn=_PyArena_Free
0 2919 346 133 1053 410 89 633 0 0
fn=_PyArena_Malloc
0 454243 894 145 185451 120 0 103364 1296 410
fn=_PyArena_New
0 3630 363 173 484 0 0 1331 69 9
fn=_PyArg_ParseTupleAndKeywords_SizeT
0 4851446 266720 119904 571124 279 0 2710730 947 3
fn=_PyArg_ParseTuple_SizeT
0 2419032 183902 42131 355740 11918 10 1494108 32153 527
fn=_PyArg_UnpackKeywords
0 47448 3310 2761 13170 1921 1756 7468 4 0
fn=_PyArg_UnpackKeywordsWithVararg
0 31456 2441 1540 6638 513 348 6429 14 0
fn=_PyArg_UnpackStack
0 31467 2317 516 3253 0 0 15469 2 0
fn=_PyArgv_AsWstrList
0 171 9 3 63 2 0 57 3 0
fn=_PyBytesWriter_Alloc
0 62 6 6 10 0 0 14 0 0
fn=_PyBytesWriter_Dealloc
0 15 2 2 4 0 0 4 0 0
fn=_PyBytesWriter_Finish
0 1153 101 15 209 25 1 231 7 4
fn=_PyBytesWriter_Init
0 243 27 5 54 0 0 189 24 2
fn=_PyBytesWriter_Prepare
0 550 50 6 150 0 0 125 0 0
fn=_PyBytesWriter_Resize
0 72 6 6 24 0 0 18 1 0
fn=_PyBytes_Repeat
0 48 9 9 15 3 3 12 0 0
fn=_PyBytes_Resize
0 71409 4380 3919 20141 421 4 16167 52 39
fn=_PyCode_ConstantKey
0 122458 1441 499 19169 339 131 14064 43 0
fn=_PyCode_New
0 8536688 96866 28046 2084255 120140 11425 890221 43906 39800
fn=_PyCode_Validate
0 1960296 20120 8321 825522 11960 444 38590 3581 263
fn=_PyCodecInfo_GetIncrementalDecoder
0 40 5 5 10 0 0 10 0 0
fn=_PyCodecInfo_GetIncrementalEncoder
0 24 3 2 6 0 0 6 0 0
fn=_PyCodec_Lookup
0 197 18 18 51 9 4 25 2 2
fn=_PyCodec_LookupTextEncoding
0 608 40 30 160 15 11 80 0 0
fn=_PyConfig_AsDict
0 926 62 62 140 12 6 19 0 0
fn=_PyConfig_FromDict
0 552 35 35 51 3 0 7 0 0
fn=_PyConfig_InitCompatConfig
0 93 4 2 15 2 1 45 0 0
fn=_PyDict_Contains_KnownHash
0 56686 934 188 8098 0 0 8098 0 0
fn=_PyDict_DelItemIf
0 152020 11056 6704 40078 755 0 27640 250 0
fn=_PyDict_DelItem_KnownHash
0 100372 7941 5440 31158 977 17 20554 0 0
fn=_PyDict_GetItemStringWithError
0 73122 2010 1593 17410 390 27 8705 154 129
fn=_PyDict_GetItemWithError
0 37950 4361 2136 13662 2421 462 6072 13 1
fn=_PyDict_GetItem_KnownHash
0 9027732 109267 7153 3761555 125536 35251 1504622 3374 387
fn=_PyDict_HasOnlyStringKeys
0 192 16 12 64 0 0 48 0 0
fn=_PyDict_MaybeUntrack
0 932288 101 101 302271 37555 37065 124883 313 23
fn=_PyDict_MergeEx
0 943520 68876 5943 235880 0 0 117940 20 0
fn=_PyDict_NewPresized
0 80 6 6 10 0 0 6 0 0
fn=_PyDict_Next
0 3345 66 38 1222 68 1 498 0 0
fn=_PyDict_SetItem_KnownHash
0 10392 1027 236 2520 238 6 708 0 0
fn=_PyErr_ChainExceptions1
0 2598 866 806 0 0 0 0 0 0
fn=_PyErr_ChainStackItem
0 12640 632 632 4424 0 0 2528 0 0
fn=_PyErr_CheckSignalsTstate
0 13 2 2 5 1 0 4 0 0
fn=_PyErr_Clear
0 14313 1907 1750 3818 1 0 3818 0 0
fn=_PyErr_ExceptionMatches
0 27628 2864 2420 11428 1 0 3808 0 0
fn=_PyErr_Format
0 58 6 6 8 0 0 44 0 0
fn=_PyErr_GetTopmostException
0 26 4 4 8 0 0 4 0 0
fn=_PyErr_SetKeyError
0 142884 9814 4213 35721 4558 934 25515 0 0
fn=_PyErr_SetObject
0 12918668 1268231 113737 4828872 494555 104345 2141250 1 0
fn=_PyEval_EvalFrameDefault
0 1369775097 62260943 3653270 384978951 43836618 8033587 182667249 2179814 94294
fn=_PyEval_GetBuiltin
0 23 3 3 6 0 0 5 0 0
fn=_PyEval_MakePendingCalls
0 23 2 2 7 0 0 3 0 0
fn=_PyEval_SliceIndex
0 624001 18239 3553 172003 8967 910 106685 705 2
fn=_PyFloat_FormatAdvancedWriter
0 216 24 4 30 0 0 24 0 0
fn=_PyFunction_Vectorcall
0 12763300 775440 21514 3190825 745664 279621 1276330 1859 12
fn=_PyGen_FetchStopIterationValue
0 88 12 12 24 0 0 20 0 0
fn=_PyGen_Finalize
0 226904 21044 9105 83918 5825 715 57418 0 0
fn=_PyImport_CheckSubinterpIncompatibleExtensionAllowed
0 108 12 7 24 6 3 18 0 0
fn=_PyImport_FixupBuiltin
0 60 6 3 12 0 0 10 0 0
fn=_PyImport_FixupExtensionObject
0 175 15 15 42 2 0 42 0 0
fn=_PyImport_GetModuleAttrString
0 37193 2594 2394 7785 35 1 7785 0 0
fn=_PyImport_IsInitialized
0 63 7 6 21 6 4 14 1 1
fn=_PyInterpreterState_Enable
0 14 1 1 4 0 0 8 0 0
fn=_PyInterpreterState_GetConfig
0 6048 289 25 1728 0 0 1728 4 1
fn=_PyInterpreterState_HasFeature
0 54 6 6 18 6 3 12 0 0
fn=_PyInterpreterState_SetNotRunningMain
0 8 2 2 2 0 0 3 1 1
fn=_PyInterpreterState_SetRunningMain
0 20 2 2 5 1 0 3 0 0
fn=_PyList_Extend
0 120312 15951 698 40104 0 0 40104 0 0
fn=_PyLong_AsInt
0 1587294 98283 14189 470886 61579 2540 236308 39 0
fn=_PyLong_Format
0 4913 6 6 867 0 0 578 0 0
fn=_PyLong_FormatAdvancedWriter
0 7168 331 17 1632 2 2 928 3 0
fn=_PyLong_FormatWriter
0 1246 51 8 178 0 0 178 0 0
fn=_PyLong_Frexp
0 369 35 24 44 3 2 30 0 0
fn=_PyLong_FromBytes
0 7568 393 41 2064 0 0 2064 0 0
fn=_PyLong_FromTime_t
0 60498 3361 579 20166 0 0 20166 0 0
fn=_PyLong_FromUid
0 36 2 2 8 0 0 8 0 0
fn=_PyLong_GCD
0 562 45 18 91 2 0 44 0 0
fn=_PyLong_New
0 3168 200 52 495 11 0 693 7 4
fn=_PyLong_NumBits
0 3114 252 74 263 0 0 0 0 0
fn=_PyLong_Sign
0 7110 1160 537 2133 0 0 1422 0 0
fn=_PyMem_RawStrdup
0 120 5 3 35 1 0 25 0 0
fn=_PyMem_RawWcsdup
0 2272 32 12 426 0 0 284 0 0
fn=_PyMem_SetDefaultAllocator
0 364 19 14 100 2 1 74 0 0
fn=_PyMem_Strdup
0 1323050 52896 43867 396850 41128 11397 185331 31 31
fn=_PyModuleSpec_IsInitializing
0 1625618 88302 5735 423651 0 0 212268 0 0
fn=_PyModule_Add
0 168 6 4 48 0 0 48 0 0
fn=_PyModule_Clear
0 548844 16 15 131971 22004 9547 2310 2 0
fn=_PyModule_ClearDict
0 12484 9 7 2942 539 303 22 0 0
fn=_PyModule_CreateInitialized
0 467 40 35 120 27 14 84 0 0
fn=_PyNamespace_New
0 62 6 4 14 0 0 12 0 0
fn=_PyNumber_Index
0 118306 10238 5044 37491 1780 862 18330 293 79
fn=_PyOS_URandom
0 902 88 53 242 22 7 242 22 1
fn=_PyOS_URandomNonblock
0 8 1 1 2 0 0 2 0 0
fn=_PyObject_CallFunction_SizeT
0 258011 17240 10507 62041 10724 5782 84206 228 1
fn=_PyObject_CallMethod
0 2980 258 188 704 56 21 844 1 0
fn=_PyObject_CallMethod_SizeT
0 1708 170 36 416 90 4 526 1 0
fn=_PyObject_Call_Prepend
0 1135329 88124 14849 337072 53391 23558 186900 3669 156
fn=_PyObject_ClearManagedDict
0 669667 304 283 267570 32358 10548 156674 49 8
fn=_PyObject_FastCall
0 46396 3314 1351 16570 6463 917 6628 0 0
fn=_PyObject_GC_New
0 78915993 1765931 179941 23023793 1072201 249412 16981760 196525 26343
fn=_PyObject_GC_NewVar
0 4351642 121782 18085 1300313 55813 12710 976803 27060 11523
fn=_PyObject_GC_Resize
0 49664 3031 1584 12416 26 0 7760 1 0
fn=_PyObject_GenericGetAttrWithDict
0 186889141 7059224 187447 61809757 2982216 563964 36204688 263959 1308
fn=_PyObject_GenericSetAttrWithDict
0 94100 6098 860 28562 1163 146 15700 116 0
fn=_PyObject_GetMethod
0 5904109 392280 45794 2011698 164971 45747 1443091 2293 86
fn=_PyObject_HasLen
0 132 22 20 55 0 0 22 0 0
fn=_PyObject_IsAbstract
0 102281 782 570 26894 1852 305 13656 0 0
fn=_PyObject_LookupAttr
0 26017088 989525 11468 8664334 570172 51049 5788086 56179 401
fn=_PyObject_LookupSpecial
0 29223872 678825 256343 10929171 824948 148756 4864300 63241 798
fn=_PyObject_MakeTpCall
0 34641487 1636234 119002 9721266 410023 14354 7674848 2856 145
fn=_PyObject_New
0 620987 39325 6317 197377 43376 16412 169231 5 0
fn=_PyObject_NewVar
0 559584 2620 1353 173664 7517 1676 154368 6836 6419
fn=_PyObject_RealIsInstance
0 16523921 732256 58901 4987972 0 0 2636111 45214 8
fn=_PyObject_RealIsSubclass
0 2158282 209527 2505 924978 24014 110 308326 0 0
fn=_PyObject_VisitManagedDict
0 5304722 1802 1591 1807788 154345 95677 710414 2726 92
fn=_PyPathConfig_ClearGlobal
0 41 3 3 12 2 2 13 0 0
fn=_PyPreConfig_InitCompatConfig
0 96 3 1 12 0 0 66 2 1
fn=_PyRun_AnyFileObject
0 30 4 4 7 1 1 7 0 0
fn=_PyRun_SimpleFileObject
0 129 12 11 16 2 2 14 0 0
fn=_PyRuntimeState_Fini
0 224 3 3 50 3 2 40 0 0
fn=_PyRuntimeState_Init
0 176 6 6 36 3 2 49 8 4
fn=_PyRuntime_Finalize
0 11 1 1 2 0 0 3 0 0
fn=_PyRuntime_Initialize
0 22 4 2 4 1 1 7 0 0
fn=_PySet_NextEntry
0 23312 966 344 5969 158 133 3350 0 0
fn=_PySet_Update
0 2178 237 222 605 0 0 484 0 0
fn=_PySlice_FromIndices
0 700 54 45 175 0 0 125 0 0
fn=_PySlice_GetLongIndices
0 16425 1349 304 4950 50 1 3375 0 0
fn=_PyStack_AsDict
0 1548 129 31 387 0 0 258 0 0
fn=_PyStructSequence_NewType
0 1171 93 36 190 42 29 270 0 0
fn=_PySys_GetAttr
0 2444 182 169 658 2 1 470 0 0
fn=_PyThreadState_Bind
0 22 1 1 6 0 0 6 1 1
fn=_PyThreadState_DeleteExcept
0 29 3 3 14 0 0 9 0 0
fn=_PyThreadState_GetCurrent
0 228558 33179 2947 62334 0 0 41556 34 0
fn=_PyThreadState_New
0 6 0 0 2 0 0 2 0 0
fn=_PyThreadState_UncheckedGet
0 39875374 2372007 2021 10875102 70 13 7250068 0 0
fn=_PyTime_Add
0 126568 17390 2261 25160 0 0 25160 0 0
fn=_PyTime_AsMicroseconds
0 72037 3600 2152 7202 0 0 7202 0 0
fn=_PyTime_AsSecondsDouble
0 120 12 10 16 0 0 16 0 0
fn=_PyTime_AsTimespec_clamp
0 239020 17986 2568 25160 0 0 50320 0 0
fn=_PyTime_FromMicrosecondsClamp
0 297312 14160 3053 24776 0 0 24776 269 9
fn=_PyTime_FromNanoseconds
0 1152 131 15 384 0 0 384 3 0
fn=_PyTime_FromSeconds
0 32418 7199 2969 7204 0 0 7204 280 0
fn=_PyTime_GetMonotonicClock
0 389980 33690 4295 50320 0 0 25160 234 9
fn=_PyTime_GetSystemClockWithInfo
0 72 9 9 21 0 0 15 0 0
fn=_PyTime_localtime
0 36 3 2 6 0 0 10 1 0
fn=_PyToken_OneChar
0 14676 718 95 3669 616 86 2446 0 0
fn=_PyToken_ThreeChars
0 55 7 3 6 0 0 6 0 0
fn=_PyToken_TwoChars
0 21146 1654 103 3654 228 51 2440 0 0
fn=_PyTrash_begin
0 36233690 1439981 521 3623369 305050 21907 3623369 0 0
fn=_PyTrash_cond
0 36253720 885305 919 14501488 2 0 7250744 5 0
fn=_PyTrash_end
0 64716951 2354557 502 21572317 459 17 18116845 1413 105
fn=_PyTuple_MaybeUntrack
0 4138638 1427 1418 1245229 63673 19548 689508 560 61
fn=_PyTuple_Resize
0 166817 9700 4227 44874 194 0 25648 5 0
fn=_PyType_CalculateMetaclass
0 25049 2461 1336 7387 1953 579 0 0 0
fn=_PyType_GetDict
0 46002016 2754675 1024 18167492 1736020 316188 6718288 37196 371
fn=_PyType_GetDocFromInternalDoc
0 4581 206 68 819 8 7 345 0 0
fn=_PyType_Lookup
0 137359332 3592773 13233 43249715 3310318 1016531 23355176 249154 4631
fn=_PyType_Name
0 1274 158 34 364 9 5 273 0 0
fn=_PyUnicodeWriter_Dealloc
0 32 3 2 12 0 0 8 0 0
fn=_PyUnicodeWriter_Finish
0 25602 1891 931 5549 298 10 3394 134 0
fn=_PyUnicodeWriter_Init
0 6000 11 5 1000 0 0 3500 1 0
fn=_PyUnicodeWriter_PrepareInternal
0 13172383 905028 72983 2729442 44487 691 2725017 315064 62237
fn=_PyUnicodeWriter_WriteASCIIString
0 4847002 180591 7768 1615646 0 0 807846 0 0
fn=_PyUnicodeWriter_WriteChar
0 115974 2636 4 42942 0 0 25764 102 74
fn=_PyUnicodeWriter_WriteStr
0 532104 7611 387 182288 241 46 91065 5 0
fn=_PyUnicode_AsUTF8String
0 8 1 1 2 0 0 2 0 0
fn=_PyUnicode_DecodeUnicodeEscapeInternal
0 1008 65 13 273 1 1 260 0 0
fn=_PyUnicode_EQ
0 34102 3140 2374 9104 1065 759 2238 1 0
fn=_PyUnicode_Equal
0 755486 43863 7777 137014 6861 2380 25500 1 0
fn=_PyUnicode_EqualToASCIIString
0 1902996 45076 29279 719568 628 60 539676 42 6
fn=_PyUnicode_FormatAdvancedWriter
0 10149 538 255 2985 0 0 2388 7 0
fn=_PyUnicode_FormatLong
0 35078 60 21 6166 2 2 5509 10 0
fn=_PyUnicode_FromASCII
0 369325 5831 2114 57659 32 2 81975 1342 487
fn=_PyUnicode_InsertThousandsGrouping
0 4096 224 7 1056 0 0 800 0 0
fn=_PyUnicode_IsAlpha
0 299 4 4 65 11 10 26 0 0
fn=_PyUnicode_IsCased
0 48921 542 542 10635 0 0 4254 0 0
fn=_PyUnicode_IsDecimalDigit
0 138 11 8 30 6 3 12 0 0
fn=_PyUnicode_IsDigit
0 4462 228 6 970 176 6 388 14 0
fn=_PyUnicode_IsLowercase
0 487071 34 12 105885 98 23 42354 0 0
fn=_PyUnicode_IsNumeric
0 46 4 4 10 0 0 4 0 0
fn=_PyUnicode_IsPrintable
0 27991 2139 67 6085 762 111 2434 0 0
fn=_PyUnicode_IsTitlecase
0 481229 44 9 104615 0 0 41846 0 0
fn=_PyUnicode_IsUppercase
0 39284 5 5 8540 0 0 3416 0 0
fn=_PyUnicode_IsXidContinue
0 52647 101 72 11445 133 86 4578 0 0
fn=_PyUnicode_IsXidStart
0 7797 305 212 1695 316 150 678 0 0
fn=_PyUnicode_JoinArray
0 2922591 143662 19121 631324 6065 1383 250403 10544 3388
fn=_PyUnicode_ToDecimalDigit
0 13104 1091 500 2806 723 395 1092 89 0
fn=_PyUnicode_ToLowerFull
0 49896 522 522 11088 50 50 5544 0 0
fn=_PyUnicode_ToLowercase
0 10675 116 37 2562 220 59 854 0 0
fn=_PyUnicode_ToTitleFull
0 7533 813 803 1674 812 812 837 0 0
fn=_PyUnicode_ToUppercase
0 5330 144 28 1230 0 0 410 0 0
fn=_PyUnicode_TransformDecimalAndSpaceToASCII
0 5699 342 111 2336 6 2 1319 76 0
fn=_PyWarnings_Init
0 8 1 1 2 0 0 2 0 0
fn=_PyWeakref_ClearRef
0 76661 71 71 30756 4207 3848 23309 217 181
fn=_PyWideStringList_AsList
0 286 11 3 103 5 2 55 0 0
fn=_PyWideStringList_Clear
0 1122 31 19 468 23 15 372 1 0
fn=_PyWideStringList_Copy
0 616 10 6 202 6 0 174 1 0
fn=_PyWideStringList_Extend
0 38 2 2 14 0 0 20 0 0
fn=_Py_BuildValue_SizeT
0 47670 4627 1181 6356 0 0 38136 36 1
fn=_Py_CheckFunctionResult
0 9583739 965782 59462 2948875 31794 58 2211342 48998 34
fn=_Py_ClearArgcArgv
0 15 2 2 2 0 0 2 0 0
fn=_Py_ClearStandardStreamEncoding
0 40 4 4 10 1 1 6 0 0
fn=_Py_CoerceLegacyLocale
0 112 13 4 18 3 1 12 0 0
fn=_Py_Dealloc
0 55125270 1147110 834 24500120 1825577 67773 12250060 54911 769
fn=_Py_DecodeLocaleEx
0 17443 1971 621 5690 3 0 5348 0 0
fn=_Py_DecodeUTF8Ex
0 55698 147 89 6764 9 5 8010 29 19
fn=_Py_EncodeLocaleEx
0 448 83 9 140 20 3 168 15 0
fn=_Py_EncodeUTF8Ex
0 14441 457 73 2127 0 0 2237 19 14
fn=_Py_FdIsInteractive
0 15 2 2 4 0 0 3 0 0
fn=_Py_GetConfig
0 184824 1914 798 41072 5 2 0 0 0
fn=_Py_GetEnv
0 144 3 3 24 0 0 24 0 0
fn=_Py_GetLocaleEncoding
0 38 4 4 8 2 2 4 0 0
fn=_Py_GetLocaleEncodingObject
0 36 4 4 6 0 0 6 0 0
fn=_Py_HashBytes
0 23817938 622747 46493 1215703 82329 15363 0 0 0
fn=_Py_HashDouble
0 19502888 535831 41182 813447 0 0 542298 0 0
fn=_Py_HashPointer
0 17960328 1311093 1831 3991184 0 0 3991184 0 0
fn=_Py_LegacyLocaleDetected
0 20 2 1 2 0 0 2 0 0
fn=_Py_NewReference
0 107059395 1952587 2037 28549172 131271 3774 28549172 660003 94145
fn=_Py_NewReferenceNoTotal
0 2322240 215938 12957 619264 153 42 619264 0 0
fn=_Py_PreInitializeFromConfig
0 1518 4 4 552 9 0 690 2 0
fn=_Py_PreInitializeFromPyArgv
0 48 3 3 13 2 1 13 1 0
fn=_Py_ResetForceASCII
0 54 2 1 12 0 0 18 1 1
fn=_Py_SetLocaleFromEnv
0 28 4 2 6 1 0 6 0 0
fn=_Py_SourceAsString
0 3332 238 108 1190 0 0 952 0 0
fn=_Py_UniversalNewlineFgetsWithSize
0 89229 577 6 16313 210 79 11585 12 2
fn=_Py_VaBuildStack
0 423780 47316 26948 121080 0 0 121080 7740 14
fn=_Py_VaBuildStack_SizeT
0 37800 3665 1772 10800 0 0 10800 57 0
fn=_Py_convert_optional_to_ssize_t
0 81 9 8 24 8 1 15 0 0
fn=_Py_dg_dtoa
0 8186239 54649 345 1709918 381 29 669429 1278 18
fn=_Py_dg_freedtoa
0 52632 2338 6 13158 0 0 13158 0 0
fn=_Py_dg_strtod
0 102136 4118 362 16939 44 6 10210 45 1
fn=_Py_fopen_obj
0 59 5 5 11 0 0 8 0 0
fn=_Py_fstat_noraise
0 10368 1728 450 3456 0 0 3456 0 0
fn=_Py_get_env_flag
0 98 2 2 21 0 0 21 0 0
fn=_Py_get_xoption
0 225 9 4 105 1 0 90 0 0
fn=_Py_gitidentifier
0 8 2 2 2 0 0 2 0 0
fn=_Py_gitversion
0 8 0 0 2 0 0 2 0 0
fn=_Py_hashtable_destroy
0 62544 11 11 20671 3076 2047 12 0 0
fn=_Py_hashtable_get
0 2572926 17688 6392 1067770 149786 117237 498876 19 1
fn=_Py_hashtable_new_full
0 161 15 15 34 3 2 78 6 5
fn=_Py_hashtable_set
0 85482 98 82 26304 15 7 26280 12 9
fn=_Py_normpath
0 176 18 1 44 0 0 44 0 0
fn=_Py_parse_inf_or_nan
0 2377 149 149 624 149 147 117 0 0
fn=_Py_read
0 65550 2595 2441 17250 0 0 17250 6 1
fn=_Py_set_inheritable
0 15543 1728 1427 4316 863 855 3454 0 0
fn=_Py_string_to_number_with_underscores
0 3175 85 78 1016 0 0 1016 3 0
fn=_Py_wfopen
0 270 26 5 35 1 0 25 0 0
fn=_Py_wgetcwd
0 47 4 4 9 4 0 7 2 2
fn=_Py_wreadlink
0 144 8 7 26 3 0 22 4 3
fn=_Py_wrealpath
0 55 5 5 9 3 0 7 0 0
fn=_Py_write
0 3420 267 249 900 0 0 900 4 0
fn=_Unwind_DeleteException
0 14 2 2 2 0 0 0 0 0
fn=_Unwind_Find_FDE
0 3898 22 22 650 74 62 270 16 0
fn=_Unwind_GetCFA
0 24 2 2 8 0 0 0 0 0
fn=_Unwind_GetIPInfo
0 36 0 0 12 0 0 6 0 0
fn=_Unwind_GetLanguageSpecificData
0 18 2 2 6 0 0 0 0 0
fn=_Unwind_GetRegionStart
0 18 2 2 6 0 0 0 0 0
fn=_Unwind_RaiseException
0 264 16 16 64 2 0 52 8 0
fn=_Unwind_SetGR
0 68 2 2 16 0 0 4 0 0
fn=_Unwind_SetIP
0 6 0 0 0 0 0 2 0 0
fn=__aarch64_cas4_acq
0 47316 581 227 15772 272 21 0 0 0
fn=__aarch64_cas4_rel
0 28266 1346 14 9422 22 0 0 0 0
fn=__aarch64_cas8_acq
0 75660 18823 2422 25220 6599 1525 0 0 0
fn=__aarch64_cas8_rel
0 75474 21566 2506 25158 2372 2 0 0 0
fn=__aarch64_ldadd4_acq
0 19200 694 212 9600 419 5 0 0 0
fn=__aarch64_ldadd4_acq_rel
0 3366 54 10 1683 278 79 0 0 0
fn=__aarch64_ldadd4_relax
0 192 20 17 96 17 13 0 0 0
fn=__aarch64_ldadd8_relax
0 216 41 38 108 8 8 0 0 0
fn=__aarch64_ldset4_acq
0 9066 74 10 4533 28 1 0 0 0
fn=__aarch64_swp4_rel
0 45330 223 211 22665 0 0 0 0 0
fn=__aarch64_swp4_relax
0 9636 255 6 4818 11 0 0 0 0
fn=__aarch64_swp8_acq
0 21000 337 215 10500 383 153 0 0 0
fn=__addtf3
0 11791 230 53 237 0 0 237 0 0
fn=__arm_za_disable
0 10 4 4 2 2 2 0 0 0
fn=__cxa_allocate_exception
0 38 4 4 6 0 0 22 2 2
fn=__cxa_begin_catch
0 72 6 6 16 0 0 14 0 0
fn=__cxa_end_catch
0 48 6 6 12 0 0 6 0 0
fn=__cxa_free_exception
0 22 2 2 4 4 4 0 0 0
fn=__cxa_get_globals
0 72 6 6 18 3 3 12 0 0
fn=__cxa_get_globals_fast
0 24 2 2 6 0 0 4 0 0
fn=__cxa_init_primary_exception
0 48 2 2 6 0 0 20 0 0
fn=__cxa_throw
0 46 4 4 2 2 2 14 0 0
fn=__cxxabiv1::__class_type_info::__do_catch(std::type_info const*, void**, unsigned int) const
0 30 6 6 12 0 0 8 0 0
fn=__cxxabiv1::__si_class_type_info::__do_dyncast(long, __cxxabiv1::__class_type_info::__sub_kind, __cxxabiv1::__class_type_info const*, void const*, __cxxabiv1::__class_type_info const*, void const*, __cxxabiv1::__class_type_info::__dyncast_result&) const
0 925680 28466 4123 343824 0 0 370272 1416 0
fn=__cxxabiv1::__vmi_class_type_info::__do_dyncast(long, __cxxabiv1::__class_type_info::__sub_kind, __cxxabiv1::__class_type_info const*, void const*, __cxxabiv1::__class_type_info const*, void const*, __cxxabiv1::__class_type_info::__dyncast_result&) const
0 3967200 41219 15608 1243056 7251 3123 872784 1476 0
fn=__divtf3
0 2975 121 79 58 3 2 52 0 0
fn=__dynamic_cast
0 35665896 315406 269959 13466820 267132 59137 7715844 0 0
fn=__eqtf2
0 1283 114 12 0 0 0 0 0 0
fn=__extenddftf2
0 96 17 6 0 0 0 0 0 0
fn=__fixtfsi
0 374 44 4 33 0 0 33 0 0
fn=__fixunstfdi
0 126 15 15 9 0 0 9 0 0
fn=__floatditf
0 75 12 9 0 0 0 0 0 0
fn=__floatsitf
0 340 28 3 0 0 0 0 0 0
fn=__floatunditf
0 60 9 9 0 0 0 0 0 0
fn=__getf2
0 1439 108 14 0 0 0 0 0 0
fn=__gnu_cxx::stdio_sync_filebuf<char, std::char_traits<char> >::sync()
0 15 1 1 5 2 2 0 0 0
fn=__gnu_cxx::stdio_sync_filebuf<wchar_t, std::char_traits<wchar_t> >::sync()
0 15 0 0 5 2 2 0 0 0
fn=__gxx_personality_v0
0 2616 50 46 336 2 2 230 0 0
fn=__letf2
0 1772 146 17 0 0 0 0 0 0
fn=__multf3
0 26276 180 79 855 0 0 855 3 3
fn=__sfp_handle_exceptions
0 2634 16 5 0 0 0 0 0 0
fn=__subtf3
0 9461 296 109 90 0 0 90 0 0
fn=__unordtf2
0 1278 73 18 0 0 0 0 0 0
fn=call_weak_fn
0 4 2 2 1 1 1 0 0 0
fn=cblas_ddot
0 4926117 317814 115557 1271256 158907 41532 953442 0 0
fn=cblas_sdot
0 31 2 2 8 1 1 6 0 0
fn=char* std::string::_S_construct<char const*>(char const*, char const*, std::allocator<char> const&, std::forward_iterator_tag)
0 130 18 16 20 3 0 24 0 0
fn=ddot_
0 7627536 635628 29888 1747977 189904 0 317814 0 0
fn=ddotsub_
0 1747977 317814 56931 476721 0 0 635628 0 0
fn=ffi_call
0 835723 196963 14700 238778 0 0 238778 0 0
fn=ffi_closure_alloc
0 415 29 29 49 7 7 68 14 13
fn=ffi_closure_free
0 12 2 0 4 0 0 4 0 0
fn=ffi_prep_cif
0 1313301 225535 14651 238782 0 0 238782 18 0
fn=ffi_prep_closure_loc
0 108 8 8 28 2 0 26 0 0
fn=init_have_lse_atomics
0 31 2 2 6 0 0 9 2 1
fn=npy_clear_floatstatus_barrier
0 10033452 1165025 2913 2508363 0 0 2508363 0 0
fn=npy_double_to_half
0 259 34 8 33 0 0 33 0 0
fn=npy_float_to_half
0 170 22 6 20 0 0 20 0 0
fn=npy_get_floatstatus_barrier
0 27139094 1337429 21442 6053494 239 0 6053494 0 0
fn=npy_half_eq_nonan
0 13 1 1 2 0 0 2 0 0
fn=npy_half_isinf
0 80 13 2 16 0 0 16 0 0
fn=npy_half_isnan
0 22 2 1 4 0 0 4 0 0
fn=npy_half_iszero
0 8 0 0 2 0 0 2 0 0
fn=npy_half_nextafter
0 34 4 4 5 0 0 5 0 0
fn=npy_half_to_double
0 133 21 3 14 0 0 14 1 0
fn=npy_half_to_float
0 90 8 2 10 0 0 10 0 0
fn=operator delete(void*)
0 2491916 62943 45324 0 0 0 0 0 0
fn=operator delete[](void*)
0 1792398 62886 49014 0 0 0 0 0 0
fn=operator new(unsigned long)
0 16197454 61899 58618 3737874 428 0 3737874 11622 229
fn=operator new[](unsigned long)
0 1792398 62197 43191 0 0 0 0 0 0
fn=sdot_
0 42 4 4 9 1 0 2 0 0
fn=sdotsub_
0 11 2 2 3 0 0 4 0 0
fn=std::_Deque_base<SpatialIndex::RTree::Node*, std::allocator<SpatialIndex::RTree::Node*> >::_M_initialize_map(unsigned long)
0 306 12 12 72 0 0 120 1 1
fn=std::_Deque_base<Tools::PoolPointer<SpatialIndex::RTree::Node>, std::allocator<Tools::PoolPointer<SpatialIndex::RTree::Node> > >::_M_initialize_map(unsigned long) [clone .constprop.0]
0 1321684 94406 2809 330421 0 0 755248 47203 3
fn=std::_Deque_base<long, std::allocator<long> >::_M_initialize_map(unsigned long)
0 24888 1831 1477 5856 0 0 9760 368 0
fn=std::_Rb_tree<long, std::pair<long const, SpatialIndex::StorageManager::Buffer::Entry*>, std::_Select1st<std::pair<long const, SpatialIndex::StorageManager::Buffer::Entry*> >, std::less<long>, std::allocator<std::pair<long const, SpatialIndex::StorageManager::Buffer::Entry*> > >::_M_erase(std::_Rb_tree_node<std::pair<long const, SpatialIndex::StorageManager::Buffer::Entry*> >*)
0 59 8 6 20 2 0 10 0 0
fn=std::_Rb_tree<std::string, std::pair<std::string const, Tools::Variant>, std::_Select1st<std::pair<std::string const, Tools::Variant> >, std::less<std::string>, std::allocator<std::pair<std::string const, Tools::Variant> > >::_M_erase(std::_Rb_tree_node<std::pair<std::string const, Tools::Variant> >*)
0 6149 120 68 2189 204 120 954 9 0
fn=std::_Rb_tree_decrement(std::_Rb_tree_node_base*)
0 1024 28 14 404 0 0 0 0 0
fn=std::_Rb_tree_increment(std::_Rb_tree_node_base*)
0 136 6 5 45 17 5 0 0 0
fn=std::_Rb_tree_insert_and_rebalance(bool, std::_Rb_tree_node_base*, std::_Rb_tree_node_base*, std::_Rb_tree_node_base&)
0 7804 144 81 1890 12 1 2020 5 1
fn=std::_Rb_tree_node<std::pair<std::string const, Tools::Variant> >* std::_Rb_tree<std::string, std::pair<std::string const, Tools::Variant>, std::_Select1st<std::pair<std::string const, Tools::Variant> >, std::less<std::string>, std::allocator<std::pair<std::string const, Tools::Variant> > >::_M_copy<std::_Rb_tree<std::string, std::pair<std::string const, Tools::Variant>, std::_Select1st<std::pair<std::string const, Tools::Variant> >, std::less<std::string>, std::allocator<std::pair<std::string const, Tools::Variant> > >::_Alloc_node>(std::_Rb_tree_node<std::pair<std::string const, Tools::Variant> > const*, std::_Rb_tree_node_base*, std::_Rb_tree<std::string, std::pair<std::string const, Tools::Variant>, std::_Select1st<std::pair<std::string const, Tools::Variant> >, std::less<std::string>, std::allocator<std::pair<std::string const, Tools::Variant> > >::_Alloc_node&) [clone .isra.0]
0 2193 15 15 750 24 11 903 9 5
fn=std::_Rb_tree_rebalance_for_erase(std::_Rb_tree_node_base*, std::_Rb_tree_node_base&)
0 74 16 14 20 1 0 8 1 0
fn=std::_Sp_counted_ptr<SpatialIndex::RTree::ExternalSorter*, (__gnu_cxx::_Lock_policy)2>::_M_destroy()
0 4 2 2 0 0 0 0 0 0
fn=std::_Sp_counted_ptr<SpatialIndex::RTree::ExternalSorter*, (__gnu_cxx::_Lock_policy)2>::_M_dispose()
0 68 4 4 24 8 4 12 2 0
fn=std::__cxx11::messages<char>::messages(unsigned long)
0 20 2 2 4 1 1 7 0 0
fn=std::__cxx11::messages<wchar_t>::messages(unsigned long)
0 20 2 2 4 0 0 7 0 0
fn=std::__cxx11::moneypunct<char, false>::_M_initialize_moneypunct(__locale_struct*, char const*)
0 118 5 5 35 3 3 29 0 0
fn=std::__cxx11::moneypunct<char, true>::_M_initialize_moneypunct(__locale_struct*, char const*)
0 116 5 5 35 0 0 29 0 0
fn=std::__cxx11::moneypunct<wchar_t, false>::_M_initialize_moneypunct(__locale_struct*, char const*)
0 113 6 6 29 2 0 29 0 0
fn=std::__cxx11::moneypunct<wchar_t, true>::_M_initialize_moneypunct(__locale_struct*, char const*)
0 110 5 5 29 0 0 29 0 0
fn=std::__cxx11::numpunct<char>::_M_initialize_numpunct(__locale_struct*)
0 477 6 6 136 4 4 75 0 0
fn=std::__cxx11::numpunct<wchar_t>::_M_initialize_numpunct(__locale_struct*)
0 352 5 5 73 1 1 74 3 3
fn=std::__timepunct<char>::_M_initialize_timepunct(__locale_struct*)
0 127 10 10 7 0 0 53 0 0
fn=std::__timepunct<char>::__timepunct(std::__timepunct_cache<char>*, unsigned long)
0 22 2 2 4 0 0 8 1 1
fn=std::__timepunct<wchar_t>::_M_initialize_timepunct(__locale_struct*)
0 127 10 10 6 0 0 52 0 0
fn=std::__timepunct<wchar_t>::__timepunct(std::__timepunct_cache<wchar_t>*, unsigned long)
0 22 2 2 4 1 1 8 0 0
fn=std::basic_ios<char, std::char_traits<char> >::_M_cache_locale(std::locale const&)
0 264 9 6 128 13 7 56 0 0
fn=std::basic_ios<char, std::char_traits<char> >::init(std::basic_streambuf<char, std::char_traits<char> >*)
0 160 6 5 32 0 0 72 0 0
fn=std::basic_ios<wchar_t, std::char_traits<wchar_t> >::_M_cache_locale(std::locale const&)
0 132 3 3 64 1 0 28 0 0
fn=std::basic_ios<wchar_t, std::char_traits<wchar_t> >::init(std::basic_streambuf<wchar_t, std::char_traits<wchar_t> >*)
0 84 2 2 16 0 0 40 0 0
fn=std::basic_ostream<char, std::char_traits<char> >& std::__ostream_insert<char, std::char_traits<char> >(std::basic_ostream<char, std::char_traits<char> >&, char const*, long)
0 138 14 14 64 2 2 28 0 0
fn=std::basic_ostream<wchar_t, std::char_traits<wchar_t> >::flush()
0 217 4 4 95 7 7 24 0 0
fn=std::basic_ostream<wchar_t, std::char_traits<wchar_t> >::sentry::sentry(std::basic_ostream<wchar_t, std::char_traits<wchar_t> >&)
0 87 2 2 35 4 4 28 0 0
fn=std::basic_streambuf<char, std::char_traits<char> >::xsputn(char const*, long)
0 120 8 8 34 2 2 18 1 0
fn=std::basic_string<char, std::char_traits<char>, std::allocator<char> >::basic_string(char const*, std::allocator<char> const&)
0 115 10 8 25 0 0 30 0 0
fn=std::basic_string<char, std::char_traits<char>, std::allocator<char> >::basic_string(std::allocator<char> const&)
0 28 2 2 6 0 0 8 0 0
fn=std::basic_string<char, std::char_traits<char>, std::allocator<char> >::basic_string(std::string const&)
0 10603 79 18 3879 204 87 1811 14 4
fn=std::basic_stringbuf<char, std::char_traits<char>, std::allocator<char> >::_M_pbump(char*, char*, long)
0 20 2 2 0 0 0 6 0 0
fn=std::basic_stringbuf<char, std::char_traits<char>, std::allocator<char> >::_M_sync(char*, unsigned long, unsigned long)
0 54 8 8 16 0 0 14 0 0
fn=std::basic_stringbuf<char, std::char_traits<char>, std::allocator<char> >::overflow(int)
0 216 18 18 74 2 1 34 1 0
fn=std::codecvt<char, char, __mbstate_t>::codecvt(unsigned long)
0 18 2 2 5 1 1 7 1 1
fn=std::codecvt<wchar_t, char, __mbstate_t>::codecvt(unsigned long)
0 18 2 2 5 1 0 7 1 1
fn=std::ctype<char>::ctype(unsigned short const*, bool, unsigned long)
0 56 4 4 9 2 2 46 10 10
fn=std::ctype<wchar_t>::_M_convert_to_wmask(unsigned short) const
0 168 5 5 10 0 0 0 0 0
fn=std::ctype<wchar_t>::_M_initialize_ctype()
0 2705 4 4 9 0 0 417 20 20
fn=std::ctype<wchar_t>::ctype(unsigned long)
0 20 2 2 5 0 0 8 1 1
fn=std::deque<Tools::PoolPointer<SpatialIndex::RTree::Node>, std::allocator<Tools::PoolPointer<SpatialIndex::RTree::Node> > >::~deque()
0 2407353 330421 94850 1321684 22220 0 755248 0 0
fn=std::error_category::error_category()
0 12 1 1 2 0 0 2 0 0
fn=std::error_category::~error_category()
0 4 0 0 0 0 0 0 0 0
fn=std::future_category()
0 4 1 1 0 0 0 0 0 0
fn=std::get_terminate()
0 10 2 2 4 2 2 0 0 0
fn=std::get_unexpected()
0 10 2 2 4 4 4 0 0 0
fn=std::ios_base::Init::Init()
0 1025 22 19 381 15 13 346 16 15
fn=std::ios_base::Init::~Init()
0 774 3 3 258 8 8 126 0 0
fn=std::ios_base::_M_call_callbacks(std::ios_base::event)
0 20 4 4 10 0 0 8 0 0
fn=std::ios_base::_M_dispose_callbacks()
0 28 4 4 14 0 0 14 0 0
fn=std::ios_base::_M_init()
0 420 9 6 120 5 3 84 0 0
fn=std::ios_base::ios_base()
0 450 6 4 10 2 1 240 33 30
fn=std::ios_base::~ios_base()
0 44 4 4 10 0 0 8 0 0
fn=std::locale::_Impl::_Impl(unsigned long)
0 666 43 43 98 41 38 232 36 36
fn=std::locale::_Impl::_M_install_facet(std::locale::id const*, std::locale::facet const*)
0 10688 8 8 2144 1 0 416 0 0
fn=std::locale::facet::_S_create_c_locale(__locale_struct*&, char const*, __locale_struct*)
0 13 1 1 3 0 0 4 0 0
fn=std::locale::facet::_S_get_c_locale()
0 238 2 2 98 3 3 42 0 0
fn=std::locale::facet::_S_get_c_name()
0 28 1 1 7 1 1 0 0 0
fn=std::locale::id::_M_id() const
0 1704 6 4 584 18 15 390 0 0
fn=std::locale::locale()
0 660 9 6 270 2 1 210 2 0
fn=std::locale::locale(std::locale::_Impl*)
0 3 1 1 0 0 0 1 0 0
fn=std::locale::operator=(std::locale const&)
0 288 12 8 120 0 0 72 0 0
fn=std::locale::~locale()
0 240 6 4 96 0 0 48 0 0
fn=std::messages<char>::messages(unsigned long)
0 20 2 2 4 0 0 7 0 0
fn=std::messages<wchar_t>::messages(unsigned long)
0 20 2 2 4 0 0 7 0 0
fn=std::moneypunct<char, false>::_M_initialize_moneypunct(__locale_struct*, char const*)
0 118 5 5 35 0 0 29 0 0
fn=std::moneypunct<char, true>::_M_initialize_moneypunct(__locale_struct*, char const*)
0 116 5 5 35 0 0 29 0 0
fn=std::moneypunct<wchar_t, false>::_M_initialize_moneypunct(__locale_struct*, char const*)
0 113 6 6 29 0 0 29 0 0
fn=std::moneypunct<wchar_t, true>::_M_initialize_moneypunct(__locale_struct*, char const*)
0 110 5 5 29 0 0 29 0 0
fn=std::numpunct<char>::_M_initialize_numpunct(__locale_struct*)
0 477 6 6 136 0 0 75 0 0
fn=std::numpunct<wchar_t>::_M_initialize_numpunct(__locale_struct*)
0 352 5 5 73 0 0 74 2 0
fn=std::ostream::flush()
0 217 4 4 95 11 10 24 0 0
fn=std::ostream::sentry::sentry(std::ostream&)
0 127 6 6 51 2 2 42 1 0
fn=std::pair<std::_Rb_tree_iterator<std::pair<long const, SpatialIndex::StorageManager::Buffer::Entry*> >, bool> std::_Rb_tree<long, std::pair<long const, SpatialIndex::StorageManager::Buffer::Entry*>, std::_Select1st<std::pair<long const, SpatialIndex::StorageManager::Buffer::Entry*> >, std::less<long>, std::allocator<std::pair<long const, SpatialIndex::StorageManager::Buffer::Entry*> > >::_M_emplace_unique<std::pair<long, SpatialIndex::StorageManager::Buffer::Entry*> >(std::pair<long, SpatialIndex::StorageManager::Buffer::Entry*>&&)
0 654 48 37 228 20 4 143 9 3
fn=std::pair<std::_Rb_tree_iterator<std::pair<std::string const, Tools::Variant> >, bool> std::_Rb_tree<std::string, std::pair<std::string const, Tools::Variant>, std::_Select1st<std::pair<std::string const, Tools::Variant> >, std::less<std::string>, std::allocator<std::pair<std::string const, Tools::Variant> > >::_M_emplace_unique<std::pair<std::string, Tools::Variant> >(std::pair<std::string, Tools::Variant>&&)
0 22934 177 63 6144 116 1 3216 47 20
fn=std::string::_M_mutate(unsigned long, unsigned long, unsigned long)
0 128 14 14 42 0 0 32 0 0
fn=std::string::_M_replace_safe(unsigned long, unsigned long, char const*, unsigned long)
0 50 6 6 14 0 0 12 0 0
fn=std::string::_Rep::_M_clone(std::allocator<char> const&, unsigned long)
0 54 6 6 16 0 0 14 2 0
fn=std::string::_Rep::_M_destroy(std::allocator<char> const&)
0 568 42 5 0 0 0 0 0 0
fn=std::string::_Rep::_M_dispose(std::allocator<char> const&) [clone .part.0]
0 1252 17 9 355 1 0 284 0 0
fn=std::string::_Rep::_S_create(unsigned long, unsigned long, std::allocator<char> const&)
0 7384 117 23 852 0 0 1420 14 5
fn=std::string::_S_construct(unsigned long, char, std::allocator<char> const&)
0 28 2 2 4 2 1 0 0 0
fn=std::string::replace(unsigned long, unsigned long, char const*, unsigned long)
0 94 6 6 26 0 0 14 0 0
fn=std::string::reserve(unsigned long)
0 90 8 8 32 0 0 16 2 0
fn=std::string::swap(std::string&)
0 60 5 5 20 3 2 10 0 0
fn=std::type_info::__is_pointer_p() const
0 6 2 2 0 0 0 0 0 0
fn=std::uncaught_exception()
0 20 1 1 6 1 1 4 0 0
fn=void std::__adjust_heap<__gnu_cxx::__normal_iterator<SpatialIndex::RTree::RTree::NNEntry*, std::vector<SpatialIndex::RTree::RTree::NNEntry, std::allocator<SpatialIndex::RTree::RTree::NNEntry> > >, long, SpatialIndex::RTree::RTree::NNEntry, __gnu_cxx::__ops::_Iter_comp_iter<SpatialIndex::RTree::RTree::nearestNeighborQuery(unsigned int, SpatialIndex::IShape const&, SpatialIndex::IVisitor&, SpatialIndex::INearestNeighborComparator&, double)::{lambda(SpatialIndex::RTree::RTree::NNEntry const&, SpatialIndex::RTree::RTree::NNEntry const&)#1}> >(__gnu_cxx::__normal_iterator<SpatialIndex::RTree::RTree::NNEntry*, std::vector<SpatialIndex::RTree::RTree::NNEntry, std::allocator<SpatialIndex::RTree::RTree::NNEntry> > >, long, long, SpatialIndex::RTree::RTree::NNEntry, __gnu_cxx::__ops::_Iter_comp_iter<SpatialIndex::RTree::RTree::nearestNeighborQuery(unsigned int, SpatialIndex::IShape const&, SpatialIndex::IVisitor&, SpatialIndex::INearestNeighborComparator&, double)::{lambda(SpatialIndex::RTree::RTree::NNEntry const&, SpatialIndex::RTree::RTree::NNEntry const&)#1}>) [clone .constprop.0]
0 2305872 9962 6847 499116 28035 3 334088 0 0
fn=void std::__insertion_sort<__gnu_cxx::__normal_iterator<SpatialIndex::RTree::ExternalSorter::Record**, std::vector<SpatialIndex::RTree::ExternalSorter::Record*, std::allocator<SpatialIndex::RTree::ExternalSorter::Record*> > >, __gnu_cxx::__ops::_Iter_comp_iter<SpatialIndex::RTree::ExternalSorter::Record::SortAscending> >(__gnu_cxx::__normal_iterator<SpatialIndex::RTree::ExternalSorter::Record**, std::vector<SpatialIndex::RTree::ExternalSorter::Record*, std::allocator<SpatialIndex::RTree::ExternalSorter::Record*> > >, __gnu_cxx::__normal_iterator<SpatialIndex::RTree::ExternalSorter::Record**, std::vector<SpatialIndex::RTree::ExternalSorter::Record*, std::allocator<SpatialIndex::RTree::ExternalSorter::Record*> > >, __gnu_cxx::__ops::_Iter_comp_iter<SpatialIndex::RTree::ExternalSorter::Record::SortAscending>) [clone .isra.0]
0 462 8 8 114 2 0 48 0 0
fn=void std::__introsort_loop<__gnu_cxx::__normal_iterator<SpatialIndex::RTree::ExternalSorter::Record**, std::vector<SpatialIndex::RTree::ExternalSorter::Record*, std::allocator<SpatialIndex::RTree::ExternalSorter::Record*> > >, long, __gnu_cxx::__ops::_Iter_comp_iter<SpatialIndex::RTree::ExternalSorter::Record::SortAscending> >(__gnu_cxx::__normal_iterator<SpatialIndex::RTree::ExternalSorter::Record**, std::vector<SpatialIndex::RTree::ExternalSorter::Record*, std::allocator<SpatialIndex::RTree::ExternalSorter::Record*> > >, __gnu_cxx::__normal_iterator<SpatialIndex::RTree::ExternalSorter::Record**, std::vector<SpatialIndex::RTree::ExternalSorter::Record*, std::allocator<SpatialIndex::RTree::ExternalSorter::Record*> > >, long, __gnu_cxx::__ops::_Iter_comp_iter<SpatialIndex::RTree::ExternalSorter::Record::SortAscending>)
0 20 4 4 8 0 0 8 2 0
fn=void std::deque<SpatialIndex::Region*, std::allocator<SpatialIndex::Region*> >::_M_push_back_aux<SpatialIndex::Region* const&>(SpatialIndex::Region* const&)
0 288 6 6 115 0 0 88 1 1
fn=void std::deque<Tools::PoolPointer<SpatialIndex::RTree::Node>, std::allocator<Tools::PoolPointer<SpatialIndex::RTree::Node> > >::emplace_back<Tools::PoolPointer<SpatialIndex::RTree::Node> >(Tools::PoolPointer<SpatialIndex::RTree::Node>&&)
0 21336 1778 1778 8001 889 0 9779 1778 0
fn=void std::vector<SpatialIndex::IData*, std::allocator<SpatialIndex::IData*> >::_M_realloc_insert<SpatialIndex::IData* const&>(__gnu_cxx::__normal_iterator<SpatialIndex::IData**, std::vector<SpatialIndex::IData*, std::allocator<SpatialIndex::IData*> > >, SpatialIndex::IData* const&)
0 164834 4370 4164 42770 0 0 45825 984 603
fn=void std::vector<SpatialIndex::RTree::ExternalSorter::Record*, std::allocator<SpatialIndex::RTree::ExternalSorter::Record*> >::_M_realloc_insert<SpatialIndex::RTree::ExternalSorter::Record* const&>(__gnu_cxx::__normal_iterator<SpatialIndex::RTree::ExternalSorter::Record**, std::vector<SpatialIndex::RTree::ExternalSorter::Record*, std::allocator<SpatialIndex::RTree::ExternalSorter::Record*> > >, SpatialIndex::RTree::ExternalSorter::Record* const&)
0 1196 69 20 308 0 0 330 3 2
fn=void std::vector<SpatialIndex::RTree::RTree::NNEntry, std::allocator<SpatialIndex::RTree::RTree::NNEntry> >::_M_realloc_insert<SpatialIndex::RTree::RTree::NNEntry>(__gnu_cxx::__normal_iterator<SpatialIndex::RTree::RTree::NNEntry*, std::vector<SpatialIndex::RTree::RTree::NNEntry, std::allocator<SpatialIndex::RTree::RTree::NNEntry> > >, SpatialIndex::RTree::RTree::NNEntry&&)
0 807431 6648 5280 291216 20406 6 292305 34220 22829
fn=void std::vector<SpatialIndex::StorageManager::MemoryStorageManager::Entry*, std::allocator<SpatialIndex::StorageManager::MemoryStorageManager::Entry*> >::_M_realloc_insert<SpatialIndex::StorageManager::MemoryStorageManager::Entry* const&>(__gnu_cxx::__normal_iterator<SpatialIndex::StorageManager::MemoryStorageManager::Entry**, std::vector<SpatialIndex::StorageManager::MemoryStorageManager::Entry*, std::allocator<SpatialIndex::StorageManager::MemoryStorageManager::Entry*> > >, SpatialIndex::StorageManager::MemoryStorageManager::Entry* const&)
0 430 25 25 112 2 0 120 5 0
fn=void std::vector<unsigned int, std::allocator<unsigned int> >::_M_realloc_insert<unsigned int const&>(__gnu_cxx::__normal_iterator<unsigned int*, std::vector<unsigned int, std::allocator<unsigned int> > >, unsigned int const&)
0 6176 40 28 1568 49 0 1680 37 28
fn=void std::vector<unsigned int, std::allocator<unsigned int> >::_M_realloc_insert<unsigned int>(__gnu_cxx::__normal_iterator<unsigned int*, std::vector<unsigned int, std::allocator<unsigned int> > >, unsigned int&&)
0 318 30 21 84 0 0 90 0 0
fn=zlibVersion
0 8 1 1 2 0 0 2 0 0
summary: 13274479502 654529139 59329258 3756049609 225783899 41192124 2258439832 53854832 8878813
