desc: I1 cache:         16384 B, 64 B, 4-way associative
desc: D1 cache:         16384 B, 64 B, 4-way associative
desc: LL cache:         262144 B, 64 B, 8-way associative
cmd: python3 examples/rrt_star/test_rrt_star_3d.py
events: Ir I1mr ILmr Dr D1mr DLmr Dw D1mw DLmw 
fl=./csu/../csu/libc-start.c
fn=__libc_start_main@@GLIBC_2.34
128 3 1 1 2 0 0 0 0 0
134 2 0 0 1 1 0 0 0 0
135 7 1 1 2 1 1 0 0 0
138 1 0 0 1 0 0 0 0 0
139 1 0 0 0 0 0 0 0 0
142 3 0 0 2 0 0 0 0 0
143 3 0 0 2 0 0 0 0 0
144 9 0 0 0 0 0 0 0 0
145 5 1 1 1 0 0 0 0 0
242 11 1 1 0 0 0 11 0 0
311 2 0 0 0 0 0 0 0 0
312 3 0 0 0 0 0 0 0 0
337 5 1 1 2 1 0 0 0 0
340 1 0 0 0 0 0 0 0 0
343 3 0 0 2 2 0 0 0 0
350 2 0 0 1 0 0 0 0 0
352 1 0 0 0 0 0 0 0 0
360 4 0 0 0 0 0 0 0 0
fl=./csu/../sysdeps/aarch64/crti.S
fn=call_weak_fn
63 1 1 1 0 0 0 0 0 0
64 1 0 0 1 1 0 0 0 0
65 1 0 0 0 0 0 0 0 0
68 1 0 0 0 0 0 0 0 0
fl=./csu/../sysdeps/nptl/libc_start_call_main.h
fn=(below main)
29 11 1 1 2 0 0 6 0 0
44 2 1 1 0 0 0 0 0 0
46 1 0 0 0 0 0 0 0 0
48 1 0 0 0 0 0 0 0 0
51 3 0 0 1 1 0 1 0 0
52 1 0 0 0 0 0 0 0 0
55 3 0 0 0 0 0 1 0 0
58 7 1 1 5 0 0 0 0 0
74 1 1 1 0 0 0 0 0 0
fl=./csu/./csu/errno-loc.c
fn=__errno_location
25 607306 272986 12558 0 0 0 607306 35846 382
26 910959 0 0 303653 207043 384 0 0 0
27 910959 0 0 607306 0 0 0 0 0
fl=./csu/./csu/init-first.c
fn=_init_first
46 5 1 1 0 0 0 4 0 0
51 3 0 0 1 0 0 0 0 0
55 8 1 1 4 2 1 0 0 0
61 3 0 0 0 0 0 1 1 0
62 1 0 0 0 0 0 1 0 0
63 3 0 0 1 0 0 1 1 0
71 3 0 0 0 0 0 0 0 0
72 2 0 0 4 0 0 0 0 0
fl=./ctype/../include/ctype.h
fn=__ctype_b_loc
40 3840 868 47 0 0 0 3840 436 205
41 5760 0 0 1920 143 8 0 0 0
42 5760 0 0 3840 0 0 0 0 0
fn=__ctype_tolower_loc
52 2548 872 48 0 0 0 2548 1 0
53 3822 0 0 1274 427 0 0 0 0
54 3822 0 0 2548 0 0 0 0 0
fl=./ctype/./ctype/ctype-info.c
fn=__ctype_init
29 2 0 0 0 0 0 2 0 0
31 9 2 2 4 4 0 1 0 0
33 5 1 1 3 2 0 1 0 0
35 5 0 0 2 1 0 1 0 0
36 2 0 0 2 0 0 0 0 0
fl=./debug/./debug/memcpy_chk.c
fn=__memcpy_chk
26 625068 89741 47646 0 0 0 0 0 0
29 312534 0 0 0 0 0 0 0 0
fl=./debug/./debug/memset_chk.c
fn=__memset_chk
24 6820598 772024 2061 0 0 0 0 0 0
27 3410299 0 0 0 0 0 0 0 0
fl=./debug/./debug/realpath_chk.c
fn=__realpath_chk
29 2 1 1 0 0 0 0 0 0
32 1 0 0 0 0 0 0 0 0
fl=./debug/./debug/snprintf_chk.c
fn=__snprintf_chk
27 24680 154 4 2468 357 1 17276 9 1
28 2468 1234 2 0 0 0 0 0 0
33 2468 0 0 0 0 0 0 0 0
37 8638 0 0 0 0 0 6170 0 0
38 7404 113 2 2468 0 0 2468 11 1
42 12340 0 0 6170 0 0 0 0 0
fl=./debug/./debug/sprintf_chk.c
fn=__sprintf_chk
25 2460600 99626 40739 246060 49301 20326 1845450 44593 1
28 123030 0 0 0 0 0 0 0 0
36 123030 0 0 0 0 0 0 0 0
39 984240 0 0 0 0 0 615150 35472 0
40 984240 50681 47133 246060 0 0 246060 12111 0
44 1230300 0 0 615150 0 0 0 0 0
fl=./debug/./debug/vsnprintf_chk.c
fn=__vsnprintf_chk
26 44 21 21 0 0 0 44 20 2
27 44 0 0 0 0 0 0 0 0
32 66 0 0 0 0 0 0 0 0
34 132 21 21 44 0 0 44 0 0
35 44 0 0 44 0 0 0 0 0
fl=./dirent/../sysdeps/unix/sysv/linux/closedir.c
fn=closedir
31 618 0 0 0 0 0 618 0 0
34 206 206 201 0 0 0 0 0 0
44 206 0 0 206 0 0 0 0 0
50 206 0 0 0 0 0 0 0 0
52 412 0 0 0 0 0 0 0 0
53 412 0 0 618 0 0 0 0 0
fl=./dirent/../sysdeps/unix/sysv/linux/getdents64.c
fn=__getdents
27 824 206 200 0 0 0 824 0 0
30 824 0 0 0 0 0 0 0 0
32 2472 0 0 0 0 0 0 0 0
33 824 0 0 824 0 0 0 0 0
fl=./dirent/../sysdeps/unix/sysv/linux/opendir.c
fn=opendir
33 416 208 206 208 0 0 0 0 0
82 416 0 0 0 0 0 416 0 0
86 832 208 203 0 0 0 0 0 0
87 208 0 0 416 0 0 0 0 0
fn=opendir_tail
45 1664 208 205 416 0 0 624 0 0
46 208 208 205 0 0 0 0 0 0
47 4 2 2 0 0 0 0 0 0
53 1030 0 0 0 0 0 412 0 0
55 824 0 0 206 0 0 0 0 0
64 2080 4 3 1040 2 0 0 0 0
112 1648 206 199 206 0 0 0 0 0
115 412 206 200 0 0 0 0 0 0
116 206 0 0 0 0 0 0 0 0
125 206 0 0 0 0 0 412 19 16
128 206 0 0 0 0 0 412 25 24
130 206 0 0 0 0 0 412 46 46
131 412 0 0 412 0 0 206 0 0
fl=./dirent/../sysdeps/unix/sysv/linux/readdir64.c
fn=readdir
32 44166 206 199 0 0 0 58888 0 0
34 29444 0 0 14722 122 0 0 0 0
37 44166 6949 201 0 0 0 0 0 0
40 22083 0 0 14722 36 0 0 0 0
47 2060 412 202 824 0 0 0 0 0
48 824 0 0 0 0 0 0 0 0
54 206 0 0 0 0 0 0 0 0
55 206 0 0 0 0 0 206 0 0
57 1030 206 205 0 0 0 0 0 0
59 412 0 0 0 0 0 0 0 0
61 412 0 0 0 0 0 206 0 0
64 206 0 0 0 0 0 0 0 0
67 13898 1299 0 0 0 0 0 0 0
68 14310 0 0 7155 883 842 0 0 0
69 14310 206 203 7155 984 924 14310 19 0
72 35775 0 0 0 0 0 0 0 0
76 44166 29 0 58888 0 0 0 0 0
fl=./dlfcn/./dlfcn/dlerror.c
fn=_dlerror_run
113 1846 122 26 284 0 0 1278 0 0
114 568 142 24 284 248 28 0 0 0
115 142 0 0 0 0 0 0 0 0
138 852 143 28 142 0 0 0 0 0
143 142 0 0 142 0 0 0 0 0
145 284 122 27 142 0 0 0 0 0
151 142 122 26 0 0 0 0 0 0
156 284 0 0 0 0 0 0 0 0
198 2272 285 57 1704 50 15 0 0 0
fl=./dlfcn/./dlfcn/dlopen.c
fn=dlopen@@GLIBC_2.34
67 22 22 22 0 0 0 22 0 0
68 22 0 0 0 0 0 22 0 0
69 22 0 0 0 0 0 22 0 0
71 154 21 6 22 0 0 0 0 0
77 176 22 22 44 0 0 66 0 0
78 88 0 0 44 24 24 0 0 0
81 66 22 22 0 0 0 0 0 0
82 242 22 22 110 5 2 0 0 0
fn=dlopen_doit
48 66 22 22 0 0 0 66 0 0
51 110 0 0 22 0 0 0 0 0
56 400 44 27 176 88 87 22 21 4
60 66 21 21 66 17 2 0 0 0
fl=./dlfcn/./dlfcn/dlsym.c
fn=dlsym@@GLIBC_2.34
47 120 0 0 0 0 0 120 0 0
49 120 120 23 0 0 0 240 0 0
52 480 0 0 120 120 21 0 0 0
54 960 0 0 120 0 0 0 0 0
56 240 0 0 0 0 0 0 0 0
64 1080 120 22 240 0 0 480 0 0
65 480 0 0 240 146 4 0 0 0
68 240 120 23 0 0 0 0 0 0
69 1440 120 24 720 0 0 0 0 0
fn=dlsym_doit
37 480 100 2 0 0 0 360 26 0
40 480 0 0 360 0 0 120 0 0
41 360 0 0 360 0 0 0 0 0
fl=./elf/../include/atomic_wide_counter.h
fn=_dl_find_object
36 72 0 0 36 2 2 0 0 0
fn=_dl_find_object_update
30 84 14 14 21 21 18 0 0 0
57 105 0 0 21 0 0 21 0 0
fl=./elf/../include/inline-hashtab.h
fn=_dl_make_tlsdesc_dynamic
49 1 0 0 0 0 0 0 0 0
51 2 0 0 0 0 0 1 0 0
52 1 0 0 0 0 0 1 0 0
53 3 0 0 1 1 1 1 1 1
54 1 0 0 0 0 0 0 0 0
60 1 0 0 0 0 0 1 0 0
62 6 0 0 1 0 0 3 0 0
191 5 0 0 3 0 0 0 0 0
198 3 0 0 0 0 0 0 0 0
200 1 0 0 0 0 0 0 0 0
201 2 0 0 1 0 0 0 0 0
224 3 0 0 1 0 0 1 0 0
fl=./elf/../include/list.h
fn=__tls_init_tp
43 4 0 0 1 1 0 0 0 0
44 3 0 0 0 0 0 2 0 0
45 1 0 0 0 0 0 1 0 0
46 1 0 0 0 0 0 0 0 0
47 1 0 0 0 0 0 1 0 0
fl=./elf/../include/rtld-malloc.h
fn=__minimal_calloc
56 56 2 1 14 0 0 0 0 0
fn=_dl_allocate_tls_storage
56 4 0 0 1 0 0 0 0 0
fn=_dl_check_map_versions
44 238 20 20 34 22 0 34 0 0
fn=_dl_find_object_init
56 5 0 0 1 0 0 0 0 0
fn=_dl_find_object_update
50 84 0 0 21 20 3 0 0 0
56 153 0 0 23 18 2 84 0 0
fn=_dl_important_hwcaps
56 8 2 2 2 0 0 0 0 0
fn=_dl_init_paths
56 10 1 1 3 0 0 0 0 0
fn=_dl_lookup_symbol_x
56 5 1 1 1 0 0 0 0 0
fn=_dl_make_tlsdesc_dynamic
56 12 4 4 3 1 0 0 0 0
fn=_dl_map_object_deps
56 180 0 0 36 23 0 0 0 0
fn=_dl_new_object
44 180 1 1 36 32 21 0 0 0
56 175 9 0 35 3 0 0 0 0
fn=_dl_update_slotinfo
50 15 0 0 8 3 3 0 0 0
fn=allocate_dtv
44 5 1 1 1 0 0 0 0 0
fn=decompose_rpath
50 4 1 1 1 0 0 0 0 0
56 4 1 1 1 0 0 0 0 0
fn=dl_open_worker_begin
56 6 0 0 1 1 1 1 0 0
fn=do_lookup_x
44 21 0 0 3 3 0 4 0 0
fn=expand_dynamic_string_token
56 5 0 0 1 0 0 0 0 0
fn=fillin_rpath.isra.0
50 8 2 2 2 1 0 0 0 0
51 2 0 0 0 0 0 0 0 0
56 10 0 0 2 0 0 0 0 0
fn=init_tls
44 5 0 0 1 0 0 0 0 0
fn=tls_get_addr_tail
56 4 0 0 1 0 0 0 0 0
fl=./elf/../include/scratch_buffer.h
fn=_dl_map_object_deps
77 66 22 22 0 0 0 44 1 1
78 44 0 0 0 0 0 22 0 0
85 88 22 22 44 0 0 0 0 0
131 56 0 0 0 0 0 0 0 0
fl=./elf/../misc/sbrk.c
fn=sbrk
37 5 1 1 0 0 0 5 0 0
40 2 0 0 1 0 0 0 0 0
58 1 0 0 0 0 0 0 0 0
62 2 0 0 0 0 0 0 0 0
78 5 1 1 5 0 0 0 0 0
fl=./elf/../nptl/nptl-stack.h
fn=__libc_early_init
61 4 1 1 2 1 0 0 0 0
fl=./elf/../sysdeps/aarch64/dl-bti.c
fn=_dl_bti_check
81 66 22 22 22 22 21 0 0 0
94 22 22 22 0 0 0 0 0 0
fl=./elf/../sysdeps/aarch64/dl-irel.h
fn=_dl_fixup
37 10 0 0 0 0 0 5 0 0
38 127 4 3 5 2 0 0 0 0
39 10 0 0 5 4 2 10 0 0
40 15 0 0 0 0 0 0 0 0
fn=_dl_relocate_object
37 313 0 0 0 0 0 222 6 1
38 393 42 42 213 28 1 53 0 0
39 176 0 0 88 59 4 174 0 0
40 436 0 0 0 0 0 172 48 2
fn=do_sym
38 240 0 0 120 0 0 0 0 0
fl=./elf/../sysdeps/aarch64/dl-machine.h
fn=_dl_fixup
147 117 0 0 0 0 0 117 5 0
fn=_dl_relocate_object
67 185 0 0 37 0 0 0 0 0
72 12 1 1 8 4 2 0 0 0
73 8 0 0 4 4 4 0 0 0
77 4 1 1 0 0 0 4 0 0
87 4 0 0 0 0 0 0 0 0
103 4320 1 1 8 3 0 4 0 0
175 12389 0 0 0 0 0 0 0 0
177 24778 0 0 0 0 0 0 0 0
179 12389 0 0 0 0 0 0 0 0
188 98059 4 4 36708 139 1 0 0 0
191 12218 0 0 12218 0 0 0 0 0
193 73416 23 23 12236 3 0 0 0 0
196 103739 41 41 172 0 0 0 0 0
208 37086 23 23 12362 1966 1543 12362 3287 1598
211 25 3 3 25 0 0 0 0 0
214 20 0 0 10 0 0 0 0 0
215 30 1 1 10 0 0 0 0 0
224 20 0 0 0 0 0 0 0 0
226 10 0 0 5 0 0 0 0 0
227 5 0 0 0 0 0 0 0 0
233 6 0 0 0 0 0 0 0 0
243 48 3 3 10 3 3 4 3 0
245 6 1 1 2 0 0 1 0 0
247 4 0 0 0 0 0 1 0 0
252 15 1 1 7 0 0 5 1 1
253 20 3 3 15 0 0 0 0 0
254 237 0 0 5 0 0 79 0 0
273 14 0 0 0 0 0 0 0 0
275 56 0 0 14 3 0 0 0 0
276 14 0 0 0 0 0 14 3 3
277 56 0 0 28 3 3 0 0 0
282 6 1 1 4 1 1 0 0 0
283 6 1 1 2 0 0 0 0 0
285 2 0 0 0 0 0 2 0 0
303 112332 22 22 56166 10546 10539 28083 7519 7491
313 556 0 0 0 0 0 0 0 0
314 556 1 1 1112 208 208 0 0 0
316 1112 0 0 0 0 0 0 0 0
318 1112 0 0 556 3 0 0 0 0
341 1112 0 0 556 1 0 0 0 0
342 1668 0 0 556 69 69 556 0 0
fn=_dl_start
48 2 0 0 0 0 0 0 0 0
177 8 0 0 0 0 0 0 0 0
179 4 0 0 0 0 0 0 0 0
188 33 1 1 12 4 4 0 0 0
192 20 0 0 4 0 0 0 0 0
196 12 0 0 0 0 0 0 0 0
200 12 0 0 4 0 0 4 0 0
303 92 0 0 46 10 10 23 8 8
fn=_dl_sysdep_start
128 6 0 0 2 1 1 0 0 0
fl=./elf/../sysdeps/aarch64/dl-prop.h
fn=dl_main
30 4 0 0 1 0 0 1 0 0
fn=dl_open_worker_begin
36 63 0 0 0 0 0 0 0 0
fl=./elf/../sysdeps/aarch64/dl-start.S
fn=(below main)
22 1 1 1 0 0 0 0 0 0
25 1 0 0 0 0 0 0 0 0
26 1 0 0 0 0 0 0 0 0
28 1 0 0 0 0 0 0 0 0
30 1 0 0 0 0 0 0 0 0
32 1 1 0 0 0 0 0 0 0
37 1 0 0 1 1 1 0 0 0
39 1 0 0 0 0 0 0 0 0
41 1 0 0 0 0 0 0 0 0
42 1 0 0 0 0 0 0 0 0
43 1 0 0 0 0 0 0 0 0
44 1 0 0 0 0 0 0 0 0
45 1 0 0 1 0 0 0 0 0
46 1 0 0 0 0 0 0 0 0
48 1 0 0 0 0 0 0 0 0
49 1 0 0 0 0 0 0 0 0
51 1 1 1 0 0 0 0 0 0
52 1 0 0 0 0 0 0 0 0
fl=./elf/../sysdeps/aarch64/dl-tlsdesc.S
fn=_dl_tlsdesc_dynamic
147 12777 12777 12270 0 0 0 0 0 0
152 12777 0 0 0 0 0 25554 0 0
154 12777 0 0 0 0 0 25554 0 0
160 12777 0 0 0 0 0 0 0 0
161 12777 0 0 12777 0 0 0 0 0
162 12777 0 0 12777 0 0 0 0 0
163 12777 0 0 12777 12777 927 0 0 0
164 12777 0 0 12777 12687 4708 0 0 0
165 12777 0 0 0 0 0 0 0 0
166 12777 0 0 0 0 0 0 0 0
168 12777 0 0 25554 0 0 0 0 0
169 12777 0 0 0 0 0 0 0 0
170 12777 0 0 12777 12777 907 0 0 0
171 12777 0 0 0 0 0 0 0 0
172 12777 12777 12009 0 0 0 0 0 0
174 12776 0 0 0 0 0 0 0 0
175 12776 0 0 0 0 0 0 0 0
177 12777 0 0 25554 0 0 0 0 0
178 12777 0 0 25554 0 0 0 0 0
180 12777 0 0 0 0 0 0 0 0
193 1 0 0 0 0 0 2 1 0
197 1 0 0 0 0 0 0 0 0
198 1 0 0 0 0 0 2 0 0
199 1 0 0 0 0 0 2 0 0
200 1 0 0 0 0 0 2 0 0
201 1 0 0 0 0 0 2 0 0
202 1 0 0 0 0 0 2 0 0
203 1 0 0 0 0 0 2 0 0
204 1 0 0 0 0 0 2 0 0
220 16 1 1 0 0 0 32 7 1
222 1 0 0 0 0 0 0 0 0
223 1 1 1 0 0 0 0 0 0
225 1 0 0 0 0 0 0 0 0
226 1 0 0 0 0 0 0 0 0
228 16 1 1 32 0 0 0 0 0
230 1 0 0 2 0 0 0 0 0
231 1 0 0 2 0 0 0 0 0
232 1 0 0 2 0 0 0 0 0
233 1 0 0 2 0 0 0 0 0
234 1 0 0 2 0 0 0 0 0
235 1 0 0 2 0 0 0 0 0
236 1 0 0 2 0 0 0 0 0
238 1 0 0 2 0 0 0 0 0
246 1 0 0 0 0 0 0 0 0
fn=_dl_tlsdesc_return
77 8 5 3 0 0 0 0 0 0
79 8 0 0 8 0 0 0 0 0
80 8 0 0 0 0 0 0 0 0
fl=./elf/../sysdeps/aarch64/dl-trampoline.S
fn=_dl_runtime_resolve
38 117 52 30 0 0 0 0 0 0
50 117 0 0 0 0 0 234 13 7
55 117 0 0 0 0 0 234 6 2
59 117 0 0 0 0 0 234 1 1
63 117 0 0 0 0 0 234 4 2
67 117 0 0 0 0 0 234 1 1
71 117 0 0 0 0 0 234 5 3
75 117 0 0 0 0 0 234 3 3
79 117 0 0 0 0 0 234 1 1
83 117 0 0 0 0 0 234 0 0
88 117 0 0 117 0 0 0 0 0
91 117 0 0 117 0 0 0 0 0
93 117 0 0 0 0 0 0 0 0
94 117 52 28 0 0 0 0 0 0
95 117 0 0 0 0 0 0 0 0
96 117 0 0 0 0 0 0 0 0
97 117 0 0 0 0 0 0 0 0
100 117 0 0 0 0 0 0 0 0
103 117 0 0 0 0 0 0 0 0
106 117 0 0 234 4 0 0 0 0
107 117 0 0 234 2 0 0 0 0
108 117 0 0 234 0 0 0 0 0
109 117 0 0 234 3 0 0 0 0
110 117 0 0 234 1 0 0 0 0
111 117 0 0 234 2 0 0 0 0
112 117 0 0 234 2 0 0 0 0
113 117 0 0 234 0 0 0 0 0
114 117 0 0 234 0 0 0 0 0
117 117 0 0 234 0 0 0 0 0
121 117 52 31 0 0 0 0 0 0
fl=./elf/../sysdeps/generic/_itoa.h
fn=_dl_check_map_versions
76 231 20 20 0 0 0 33 0 0
fl=./elf/../sysdeps/generic/dl-cache.h
fn=_dl_load_cache_lookup
194 8 0 0 8 0 0 0 0 0
195 32 0 0 0 0 0 0 0 0
fn=search_cache
125 13 0 0 13 0 0 0 0 0
fl=./elf/../sysdeps/generic/dl-call_tls_init_tp.h
fn=dl_main
34 2 1 1 1 0 0 0 0 0
fn=init_tls
31 1 0 0 0 0 0 0 0 0
33 1 0 0 0 0 0 0 0 0
fl=./elf/../sysdeps/generic/dl-debug.h
fn=dl_main
29 3 0 0 2 0 0 0 0 0
30 1 0 0 0 0 0 1 0 0
fl=./elf/../sysdeps/generic/dl-hash.h
fn=__rtld_malloc_init_real
43 2 0 0 0 0 0 0 0 0
44 2 0 0 0 0 0 0 0 0
45 11 0 0 5 2 2 0 0 0
48 10 0 0 0 0 0 0 0 0
62 10 0 0 0 0 0 0 0 0
67 1 1 1 0 0 0 0 0 0
72 1 0 0 0 0 0 1 0 0
fl=./elf/../sysdeps/generic/dl-new-hash.h
fn=_dl_lookup_symbol_x
69 10462 0 0 0 0 0 0 0 0
70 10462 0 0 0 0 0 0 0 0
74 282330 0 0 146396 9418 4763 0 0 0
77 146396 0 0 0 0 0 0 0 0
80 282890 0 0 141445 1906 1298 0 0 0
81 141445 0 0 0 0 0 0 0 0
87 5511 122 48 0 0 0 0 0 0
89 5511 0 0 0 0 0 0 0 0
90 5511 0 0 0 0 0 0 0 0
101 20924 0 0 0 0 0 0 0 0
102 135934 0 0 0 0 0 0 0 0
104 135934 0 0 0 0 0 0 0 0
fl=./elf/../sysdeps/generic/dl-protected.h
fn=do_lookup_x
29 30927 177 42 0 0 0 0 0 0
fl=./elf/../sysdeps/generic/dl-tunables-parse.h
fn=_dl_sysdep_start
31 20 0 0 1 0 0 1 0 0
fl=./elf/../sysdeps/generic/ldsodefs.h
fn=_dl_check_map_versions
79 423 22 22 238 5 0 296 0 0
fn=_dl_fixup
79 117 0 0 117 52 27 0 0 0
fn=_dl_map_object
79 707 0 0 707 0 0 0 0 0
fn=_dl_map_object_deps
79 64 0 0 64 1 0 0 0 0
fn=_dl_map_object_from_fd
79 39 32 22 39 0 0 0 0 0
fn=_dl_new_object
1322 1 0 0 0 0 0 0 0 0
1324 32 0 0 0 0 0 0 0 0
fn=_dl_relocate_object
79 10508 0 0 10360 15 2 0 0 0
140 37113 3 3 12371 0 0 0 0 0
fn=_dl_setup_hash
79 37 0 0 37 0 0 0 0 0
fn=_dl_start
79 9 0 0 3 0 0 0 0 0
fn=cache_rpath
79 1 0 0 1 0 0 0 0 0
fn=check_match
79 3 0 0 3 0 0 0 0 0
fn=dl_main
79 2 0 0 2 0 0 0 0 0
fn=dl_open_worker_begin
1292 6 0 0 0 0 0 0 0 0
fn=do_lookup_x
79 71316 0 0 71316 0 0 0 0 0
139 20618 176 52 10309 1 0 0 0 0
140 10309 0 0 0 0 0 0 0 0
fl=./elf/../sysdeps/nptl/dl-mutex.c
fn=__rtld_mutex_init
30 4 2 1 0 0 0 6 0 0
37 2 0 0 1 1 0 0 0 0
40 10 0 0 0 0 0 0 0 0
44 1 0 0 0 0 0 0 0 0
45 13 1 1 3 0 0 1 0 0
47 9 1 1 0 0 0 0 0 0
51 1 0 0 0 0 0 0 0 0
52 11 0 0 3 0 0 1 0 0
53 4 1 1 6 0 0 0 0 0
fl=./elf/../sysdeps/nptl/dl-tls_init_tp.c
fn=__tls_init_tp
68 3 1 1 0 0 0 4 0 0
69 1 0 0 0 0 0 0 0 0
72 2 0 0 0 0 0 0 0 0
75 5 1 1 0 0 0 1 0 0
76 2 1 1 0 0 0 1 0 0
77 2 0 0 0 0 0 1 0 0
82 3 0 0 1 0 0 1 0 0
87 1 0 0 0 0 0 0 0 0
89 1 0 0 0 0 0 2 0 0
90 2 0 0 0 0 0 1 0 0
93 4 0 0 0 0 0 0 0 0
105 5 0 0 1 0 0 0 0 0
121 4 0 0 1 1 0 1 1 0
128 3 0 0 1 0 0 1 0 0
129 3 0 0 4 0 0 0 0 0
fn=__tls_pre_init_tp
53 2 1 1 0 0 0 2 1 1
56 4 0 0 0 0 0 0 0 0
57 5 0 0 0 0 0 4 1 1
58 4 0 0 0 0 0 2 0 0
61 4 1 1 0 0 0 1 0 0
62 2 0 0 0 0 0 1 0 0
64 2 0 0 2 0 0 0 0 0
fn=rtld_mutex_dummy
42 28 1 0 0 0 0 28 0 0
44 42 0 0 28 0 0 0 0 0
fl=./elf/../sysdeps/nptl/pthread_early_init.h
fn=__libc_early_init
33 5 0 0 0 0 0 0 0 0
34 3 1 1 1 0 0 0 0 0
38 3 0 0 0 0 0 0 0 0
45 3 0 0 2 0 0 0 0 0
46 2 0 0 0 0 0 0 0 0
48 2 0 0 0 0 0 0 0 0
52 5 0 0 0 0 0 1 0 0
53 3 0 0 0 0 0 1 1 1
54 1 0 0 0 0 0 1 1 1
56 1 0 0 0 0 0 0 0 0
fl=./elf/../sysdeps/posix/dl-fileid.h
fn=_dl_map_object_from_fd
37 210 22 21 35 0 0 35 0 0
41 70 0 0 70 0 0 70 0 0
49 3780 0 0 1260 749 577 0 0 0
fl=./elf/../sysdeps/unix/sysv/linux/aarch64/cpu-features.c
fn=_dl_sysdep_start
58 34 1 1 1 0 0 0 0 0
59 8 0 0 8 0 0 0 0 0
71 6 1 1 1 0 0 0 0 0
74 1 0 0 0 0 0 0 0 0
79 3 1 1 0 0 0 0 0 0
81 4 0 0 1 0 0 0 0 0
87 2 0 0 0 0 0 1 0 0
91 1 0 0 0 0 0 0 0 0
93 1 0 0 0 0 0 0 0 0
97 4 1 1 1 0 0 1 0 0
101 1 0 0 0 0 0 1 0 0
104 5 0 0 1 0 0 0 0 0
105 4 0 0 1 0 0 1 0 0
108 6 1 1 0 0 0 2 0 0
110 2 0 0 1 0 0 0 0 0
112 1 0 0 0 0 0 0 0 0
116 1 0 0 0 0 0 0 0 0
117 1 0 0 0 0 0 0 0 0
120 1 0 0 0 0 0 0 0 0
127 4 1 1 1 0 0 1 0 0
130 3 0 0 1 0 0 1 0 0
fl=./elf/../sysdeps/unix/sysv/linux/brk.c
fn=brk
36 3 1 1 0 0 0 2 0 0
37 2 0 0 0 0 0 1 0 0
38 2 0 0 0 0 0 0 0 0
44 1 0 0 0 0 0 0 0 0
45 2 0 0 2 0 0 0 0 0
fl=./elf/../sysdeps/unix/sysv/linux/brk_call.h
fn=brk
24 2 1 1 0 0 0 0 0 0
fl=./elf/../sysdeps/unix/sysv/linux/dl-osinfo.h
fn=dl_main
39 1 0 0 0 0 0 0 0 0
fl=./elf/../sysdeps/unix/sysv/linux/dl-parse_auxv.h
fn=_dl_sysdep_parse_arguments
32 3 1 1 0 0 0 1 0 0
33 2 0 0 0 0 0 1 0 0
39 2 0 0 0 0 0 1 0 0
41 43 0 0 21 6 6 0 0 0
42 40 0 0 0 0 0 0 0 0
43 40 0 0 20 0 0 20 0 0
45 2 0 0 1 0 0 0 0 0
46 4 0 0 1 0 0 1 0 0
47 1 0 0 0 0 0 1 0 0
48 2 0 0 2 0 0 1 0 0
49 2 0 0 2 0 0 1 0 0
50 1 0 0 0 0 0 1 0 0
51 2 0 0 2 0 0 1 0 0
52 2 0 0 1 0 0 1 1 1
53 2 0 0 1 0 0 1 0 0
54 1 0 0 0 0 0 1 0 0
55 2 0 0 1 0 0 2 0 0
56 2 2 2 1 0 0 1 0 0
fl=./elf/../sysdeps/unix/sysv/linux/dl-sysdep.c
fn=_dl_sysdep_parse_arguments
78 5 1 1 0 0 0 6 2 2
79 3 1 1 1 0 0 1 1 1
80 2 0 0 0 0 0 1 0 0
81 5 0 0 0 0 0 1 1 1
83 33 0 0 16 2 2 0 0 0
86 4 0 0 0 0 0 1 1 1
90 6 1 1 0 0 0 0 0 0
93 2 0 0 1 0 0 1 0 0
94 2 0 0 1 0 0 1 0 0
95 2 0 0 1 0 0 1 0 0
96 4 0 0 6 0 0 0 0 0
fn=_dl_sysdep_start
102 7 2 2 0 0 0 10 2 2
103 3 0 0 0 0 0 1 0 0
106 2 0 0 0 0 0 0 0 0
110 3 0 0 1 0 0 0 0 0
113 1 0 0 0 0 0 0 0 0
115 2 0 0 0 0 0 0 0 0
122 2 0 0 1 0 0 0 0 0
123 2 0 0 0 0 0 1 0 0
125 6 1 1 0 0 0 0 0 0
137 2 0 0 1 0 0 0 0 0
140 6 0 0 3 0 0 0 0 0
143 7 2 1 11 3 3 0 0 0
fn=_dl_sysdep_start_cleanup
147 2 1 1 0 0 0 2 0 0
148 2 0 0 2 0 0 0 0 0
fl=./elf/../sysdeps/unix/sysv/linux/dl-vdso-setup.h
fn=dl_main
30 5 1 1 0 0 0 2 0 0
33 2 0 0 0 0 0 1 0 0
45 3 1 1 0 0 0 2 0 0
fl=./elf/../sysdeps/unix/sysv/linux/dl-vdso.h
fn=dl_main
40 2 1 1 1 0 0 0 0 0
41 1 0 0 0 0 0 0 0 0
55 2 0 0 0 0 0 0 0 0
fl=./elf/../sysdeps/unix/sysv/linux/rseq-internal.h
fn=__tls_init_tp
32 1 0 0 0 0 0 0 0 0
34 7 1 1 0 0 0 0 0 0
37 2 0 0 0 0 0 0 0 0
40 2 0 0 0 0 0 1 0 0
fl=./elf/./dl-find_object.h
fn=_dl_find_object
54 54 0 0 18 0 0 18 0 0
56 54 0 0 18 0 0 18 0 0
58 72 0 0 18 0 0 18 0 0
60 72 0 0 18 0 0 18 0 0
76 18 0 0 0 0 0 18 2 2
77 18 0 0 0 0 0 18 2 0
79 36 0 0 36 0 0 18 0 0
fn=_dl_find_object_from_map
94 76 22 22 0 0 0 76 0 0
95 76 0 0 38 6 0 38 27 27
96 114 0 0 38 5 2 38 0 0
97 76 0 0 0 0 0 38 0 0
103 152 0 0 76 28 9 0 0 0
104 562 0 0 0 0 0 0 0 0
105 714 22 22 200 152 69 0 0 0
107 190 0 0 76 2 1 38 0 0
120 76 0 0 76 0 0 0 0 0
fn=_dl_find_object_update
54 948 0 0 316 0 0 316 143 141
56 2212 0 0 316 0 0 316 0 0
58 1264 20 20 316 0 0 316 0 0
60 1264 0 0 316 0 0 316 0 0
fl=./elf/./dl-hwcaps.h
fn=_dl_important_hwcaps
43 5 0 0 1 0 0 0 0 0
45 4 1 1 0 0 0 8 0 0
46 1 0 0 0 0 0 0 0 0
77 6 0 0 2 0 0 3 0 0
78 5 1 1 2 0 0 3 0 0
79 3 0 0 0 0 0 0 0 0
fn=copy_hwcaps
45 2 0 0 0 0 0 4 0 0
77 2 0 0 0 0 0 2 0 0
78 2 0 0 0 0 0 2 0 0
79 2 0 0 0 0 0 0 0 0
fl=./elf/./dl-load.h
fn=_dl_map_object_from_fd
91 144 0 0 72 0 0 0 0 0
92 136 24 22 68 0 0 0 0 0
93 170 0 0 68 0 0 0 0 0
94 102 0 0 34 0 0 0 0 0
96 136 24 22 0 0 0 34 0 0
fl=./elf/./dl-main.h
fn=dl_main
109 5 0 0 4 0 0 0 0 0
fl=./elf/./dl-map-segments.h
fn=_dl_map_object_from_fd
28 105 0 0 35 0 0 0 0 0
36 175 31 22 0 0 0 70 0 0
37 385 31 22 0 0 0 140 6 2
41 70 0 0 0 0 0 0 0 0
44 175 29 20 35 0 0 35 0 0
45 280 0 0 70 0 0 0 0 0
49 245 22 22 175 0 0 0 0 0
55 70 0 0 0 0 0 0 0 0
56 455 64 44 245 0 0 245 0 0
58 210 0 0 35 0 0 0 0 0
59 70 0 0 35 0 0 0 0 0
60 70 0 0 0 0 0 0 0 0
61 175 0 0 210 0 0 0 0 0
81 35 0 0 0 0 0 0 0 0
101 175 22 20 0 0 0 245 0 0
102 35 0 0 0 0 0 0 0 0
105 35 0 0 0 0 0 35 0 0
106 70 31 19 0 0 0 35 0 0
108 35 0 0 0 0 0 0 0 0
115 350 31 18 70 0 0 105 0 0
118 280 31 17 105 0 0 0 0 0
125 105 0 0 35 0 0 35 0 0
135 360 0 0 0 0 0 0 0 0
137 111 0 0 74 0 0 0 0 0
139 592 23 19 259 0 0 148 0 0
149 216 0 0 144 0 0 0 0 0
155 70 0 0 35 0 0 0 0 0
156 35 0 0 0 0 0 0 0 0
157 175 31 21 35 0 0 0 0 0
158 35 0 0 0 0 0 0 0 0
160 70 0 0 0 0 0 0 0 0
165 70 0 0 0 0 0 0 0 0
168 70 0 0 35 0 0 0 0 0
176 350 0 0 175 0 0 175 0 0
182 70 0 0 0 0 0 0 0 0
186 70 4 4 7 0 0 28 0 0
189 35 7 5 28 0 0 0 0 0
194 72 23 18 0 0 0 0 0 0
fl=./elf/./dl-sym-post.h
fn=do_sym
41 240 120 21 0 0 0 0 0 0
53 240 0 0 120 34 1 0 0 0
60 120 0 0 120 0 0 0 0 0
fn=lookup_malloc_symbol
41 8 0 0 0 0 0 0 0 0
53 12 0 0 4 1 0 0 0 0
fl=./elf/./dl-tunable-types.h
fn=do_tunable_update_val
81 2 0 0 0 0 0 0 0 0
fl=./elf/./elf/dl-addr-obj.c
fn=_dl_addr_inside_object
65 40 20 20 0 0 0 40 0 0
66 20 0 0 20 19 19 0 0 0
67 40 0 0 20 19 19 0 0 0
69 480 0 0 0 0 0 0 0 0
70 640 20 20 180 140 140 0 0 0
71 200 0 0 80 0 0 0 0 0
74 40 0 0 40 0 0 0 0 0
fl=./elf/./elf/dl-audit.c
fn=_dl_audit_activity_map
29 5 1 1 0 0 0 6 0 0
30 3 1 1 1 0 0 0 0 0
31 2 0 0 1 0 0 0 0 0
37 4 2 2 6 0 0 0 0 0
fn=_dl_audit_activity_nsid
41 90 0 0 0 0 0 90 4 0
45 225 28 22 45 13 1 0 0 0
46 45 0 0 0 0 0 0 0 0
47 180 0 0 45 10 1 0 0 0
51 90 31 23 90 0 0 0 0 0
fn=_dl_audit_objclose
97 148 1 1 0 0 0 148 0 0
98 148 0 0 37 1 0 0 0 0
114 111 0 0 148 0 0 0 0 0
fn=_dl_audit_objopen
77 140 31 22 0 0 0 140 0 0
78 140 0 0 35 0 0 0 0 0
93 105 0 0 140 0 0 0 0 0
fn=_dl_audit_preinit
118 4 1 1 0 0 0 4 0 0
119 4 0 0 1 1 0 0 0 0
129 3 0 0 4 0 0 0 0 0
fl=./elf/./elf/dl-cache.c
fn=_dl_cache_libcmp
357 190 8 8 0 0 0 190 0 0
358 1122 0 0 561 0 0 0 0 0
360 2192 0 0 0 0 0 0 0 0
362 1674 23 16 548 83 83 0 0 0
368 15 0 0 0 0 0 0 0 0
369 30 0 0 0 0 0 0 0 0
370 75 0 0 15 0 0 0 0 0
372 75 13 8 15 0 0 0 0 0
374 30 0 0 0 0 0 0 0 0
380 1066 0 0 0 0 0 0 0 0
381 1 0 0 0 0 0 0 0 0
382 1064 0 0 0 0 0 0 0 0
383 81 10 8 0 0 0 0 0 0
386 451 0 0 0 0 0 0 0 0
387 451 0 0 0 0 0 0 0 0
390 26 0 0 13 0 0 0 0 0
391 190 0 0 190 0 0 0 0 0
fn=_dl_load_cache_lookup
403 78 13 8 0 0 0 78 5 5
405 39 0 0 13 0 0 0 0 0
408 52 10 8 13 8 7 0 0 0
411 48 8 8 0 0 0 0 0 0
419 40 8 8 8 0 0 0 0 0
420 152 8 8 24 8 8 0 0 0
423 48 8 8 0 0 0 0 0 0
424 8 0 0 8 0 0 0 0 0
431 8 0 0 0 0 0 0 0 0
432 16 0 0 0 0 0 16 0 0
477 10 0 0 0 0 0 0 0 0
482 52 0 0 13 0 0 0 0 0
485 91 0 0 26 2 0 0 0 0
500 26 0 0 13 0 0 0 0 0
504 13 10 8 0 0 0 0 0 0
512 39 0 0 0 0 0 0 0 0
513 156 13 8 0 0 0 13 0 0
514 39 0 0 0 0 0 0 0 0
515 13 0 0 0 0 0 0 0 0
516 65 0 0 78 0 0 0 0 0
fn=_dl_unload_cache
525 69 23 23 0 0 0 92 21 4
526 138 0 0 23 23 19 0 0 0
528 16 0 0 8 0 0 0 0 0
529 8 0 0 0 0 0 8 0 0
533 23 8 8 0 0 0 23 4 1
535 69 0 0 92 0 0 0 0 0
fn=search_cache
203 182 8 8 0 0 0 169 0 0
208 91 8 8 13 0 0 13 0 0
210 104 10 8 0 0 0 39 0 0
211 52 0 0 13 0 0 0 0 0
213 26 0 0 0 0 0 0 0 0
220 164 0 0 0 0 0 0 0 0
222 298 8 8 0 0 0 0 0 0
223 259 0 0 82 65 63 0 0 0
227 164 0 0 0 0 0 0 0 0
231 246 0 0 0 0 0 0 0 0
232 164 0 0 0 0 0 0 0 0
240 52 10 8 0 0 0 0 0 0
242 26 0 0 13 1 1 0 0 0
245 26 0 0 0 0 0 0 0 0
247 65 0 0 0 0 0 0 0 0
249 13 0 0 0 0 0 0 0 0
259 26 0 0 0 0 0 0 0 0
269 39 10 8 13 0 0 0 0 0
270 39 0 0 13 2 2 0 0 0
277 39 0 0 13 0 0 0 0 0
295 65 0 0 0 0 0 0 0 0
298 39 10 8 13 0 0 0 0 0
309 39 10 8 0 0 0 0 0 0
330 13 0 0 0 0 0 0 0 0
346 69 0 0 0 0 0 0 0 0
347 36 0 0 0 0 0 0 0 0
349 33 0 0 0 0 0 0 0 0
353 117 18 16 156 0 0 0 0 0
fl=./elf/./elf/dl-call-libc-early-init.c
fn=_dl_call_libc_early_init
27 5 0 0 0 0 0 4 0 0
29 1 1 1 0 0 0 0 0 0
33 9 0 0 0 0 0 0 0 0
37 1 0 0 0 0 0 0 0 0
39 7 1 1 3 0 0 0 0 0
40 3 0 0 0 0 0 0 0 0
41 2 0 0 4 0 0 0 0 0
fl=./elf/./elf/dl-call_fini.c
fn=_dl_call_fini
24 148 1 1 0 0 0 148 0 0
28 111 0 0 37 1 0 0 0 0
32 111 1 1 37 0 0 37 0 0
34 37 0 0 37 37 37 0 0 0
35 37 0 0 0 0 0 0 0 0
38 105 0 0 70 62 39 0 0 0
39 140 0 0 70 22 21 35 0 0
42 257 1 1 35 0 0 0 0 0
43 78 0 0 39 35 34 0 0 0
47 37 0 0 37 37 36 0 0 0
48 37 0 0 0 0 0 0 0 0
49 175 0 0 70 24 23 0 0 0
50 76 0 0 148 0 0 0 0 0
fl=./elf/./elf/dl-catch.c
fn=_dl_catch_error
254 1287 266 48 0 0 0 715 0 0
256 286 0 0 0 0 0 0 0 0
257 143 0 0 0 0 0 143 17 3
258 286 21 4 286 0 0 143 4 2
259 572 0 0 143 0 0 143 0 0
261 572 123 27 715 21 4 0 0 0
fn=_dl_catch_exception
58 1029 0 0 343 139 24 0 0 0
59 39 7 2 13 0 0 13 0 0
62 969 0 0 330 132 23 309 0 0
69 1029 163 39 343 31 5 0 0 0
70 78 0 0 13 0 0 26 0 0
73 1608 165 50 309 69 12 660 28 4
74 330 0 0 0 0 0 0 0 0
204 1715 172 32 0 0 0 2058 101 31
207 343 0 0 0 0 0 0 0 0
211 42 0 0 42 0 0 0 0 0
214 343 1 0 0 0 0 0 0 0
228 322 123 19 322 0 0 0 0 0
229 644 0 0 0 0 0 644 26 8
235 1288 0 0 0 0 0 0 0 0
237 644 0 0 644 0 0 0 0 0
239 966 0 0 322 1 0 966 70 12
248 1029 0 0 1029 1 0 0 0 0
fn=_dl_receive_error
58 3 0 0 1 0 0 0 0 0
59 1 0 0 1 0 0 0 0 0
69 2 0 0 1 0 0 0 0 0
70 2 0 0 0 0 0 2 0 0
186 6 2 2 0 0 0 6 2 0
188 3 0 0 1 0 0 0 0 0
192 2 0 0 0 0 0 1 0 0
194 1 0 0 0 0 0 0 0 0
197 2 1 1 0 0 0 1 0 0
198 4 0 0 6 1 0 0 0 0
fl=./elf/./elf/dl-debug.c
fn=_dl_debug_initialize
56 69 23 23 0 0 0 46 0 0
57 1 0 0 0 0 0 0 0 0
59 23 23 23 0 0 0 0 0 0
61 23 0 0 0 0 0 0 0 0
63 46 0 0 23 23 23 0 0 0
64 2 0 0 0 0 0 1 0 0
85 92 22 22 46 23 18 0 0 0
90 1 0 0 0 0 0 0 0 0
91 3 1 1 0 0 0 1 0 0
92 1 0 0 0 0 0 2 0 0
95 24 0 0 1 0 0 0 0 0
96 9 1 1 1 0 0 1 0 0
99 1 0 0 0 0 0 0 0 0
107 46 0 0 46 0 0 0 0 0
fn=_dl_debug_state
116 88 30 22 0 0 0 88 0 0
117 88 0 0 88 0 0 0 0 0
fn=_dl_debug_update
38 240 63 27 0 0 0 160 0 0
40 80 0 0 0 0 0 0 0 0
41 160 31 4 0 0 0 0 0 0
44 160 0 0 80 13 0 0 0 0
48 160 0 0 160 0 0 0 0 0
fl=./elf/./elf/dl-deps.c
fn=_dl_map_object_deps
128 23 0 0 0 0 0 23 0 0
130 49 0 0 0 0 0 46 0 0
132 42 0 0 0 0 0 21 0 0
136 91 22 22 23 0 0 23 0 0
143 242 44 44 0 0 0 308 10 3
144 330 22 22 0 0 0 22 1 1
160 70 43 40 0 0 0 21 2 0
161 1 0 0 1 0 0 0 0 0
164 44 0 0 22 0 0 22 0 0
182 66 0 0 22 0 0 22 0 0
183 44 0 0 0 0 0 0 0 0
184 44 0 0 0 0 0 22 0 0
186 22 0 0 0 0 0 22 0 0
188 135 0 0 131 0 0 2 1 1
190 87 0 0 0 0 0 0 0 0
193 261 0 0 87 0 0 87 0 0
197 174 0 0 87 55 48 0 0 0
198 416 22 22 121 45 37 0 0 0
201 14 0 0 0 0 0 0 0 0
205 28 0 0 14 0 0 0 0 0
208 266 6 2 133 22 19 0 0 0
210 192 40 40 128 14 2 0 0 0
215 64 0 0 0 0 0 64 0 0
216 64 0 0 0 0 0 64 1 0
217 128 0 0 64 0 0 64 0 0
218 128 0 0 64 4 0 64 0 0
219 128 0 0 64 0 0 64 0 0
221 3534 0 0 1799 279 172 0 0 0
222 3405 0 0 0 0 0 0 0 0
228 1073 20 20 135 3 0 0 0 0
230 135 0 0 0 0 0 135 0 0
232 741 41 41 135 3 0 22 0 0
233 270 0 0 135 0 0 0 0 0
242 135 23 20 135 0 0 0 0 0
244 405 0 0 135 0 0 0 0 0
249 192 0 0 0 0 0 64 8 0
253 64 0 0 0 0 0 64 0 0
254 64 0 0 0 0 0 128 7 0
255 128 0 0 64 0 0 64 5 0
256 64 0 0 0 0 0 64 0 0
257 192 26 19 64 0 0 64 0 0
259 256 0 0 64 0 0 64 0 0
263 135 0 0 0 0 0 0 0 0
264 66 0 0 0 0 0 33 3 0
266 7680 23 21 0 0 0 0 0 0
417 87 21 20 0 0 0 0 0 0
419 28 0 0 0 0 0 14 1 0
422 28 0 0 0 0 0 0 0 0
423 14 0 0 0 0 0 0 0 0
429 14 0 0 0 0 0 14 4 4
430 56 1 0 0 0 0 0 0 0
431 70 0 0 0 0 0 0 0 0
433 14 0 0 0 0 0 0 0 0
434 14 0 0 0 0 0 14 1 0
435 42 0 0 14 0 0 14 0 0
439 261 30 22 174 4 0 0 0 0
441 261 9 2 174 1 0 87 0 0
442 217 0 0 65 1 0 0 0 0
448 132 0 0 44 2 0 0 0 0
449 4 1 1 1 0 0 1 0 0
452 66 22 22 22 4 0 22 0 0
463 66 0 0 22 0 0 0 0 0
465 22 0 0 0 0 0 0 0 0
470 88 22 22 22 0 0 22 1 0
471 22 0 0 0 0 0 22 7 0
472 22 0 0 0 0 0 0 0 0
474 218 0 0 87 2 0 0 0 0
478 261 0 0 174 1 0 0 0 0
484 174 0 0 0 0 0 0 0 0
485 174 0 0 0 0 0 87 13 13
490 261 22 22 87 4 0 87 0 0
495 44 0 0 22 0 0 0 0 0
532 44 22 22 0 0 0 0 0 0
533 22 0 0 0 0 0 0 0 0
536 22 0 0 22 0 0 0 0 0
547 110 21 21 0 0 0 0 0 0
552 154 0 0 22 4 0 0 0 0
553 154 44 44 44 5 0 0 0 0
557 22 0 0 0 0 0 22 0 0
558 22 0 0 0 0 0 0 0 0
559 22 0 0 0 0 0 22 0 0
560 66 0 0 22 0 0 22 0 0
561 22 0 0 0 0 0 0 0 0
568 44 22 22 22 0 0 0 0 0
571 22 0 0 0 0 0 0 0 0
574 198 0 0 264 11 0 0 0 0
fn=openaux
61 675 21 20 0 0 0 405 16 6
64 1210 9 0 675 4 0 135 8 0
65 135 0 0 135 3 0 0 0 0
66 130 0 0 130 0 0 0 0 0
69 405 0 0 405 7 0 0 0 0
fl=./elf/./elf/dl-environ.c
fn=_dl_next_ld_env_entry
28 9 1 1 0 0 0 6 0 0
29 3 0 0 3 0 0 0 0 0
32 33 0 0 16 0 0 0 0 0
34 45 0 0 15 0 0 0 0 0
35 15 1 1 5 0 0 0 0 0
37 2 0 0 0 0 0 0 0 0
40 4 0 0 0 0 0 2 0 0
49 6 0 0 6 0 0 0 0 0
fl=./elf/./elf/dl-find_object.c
fn=_dl_find_object
293 18 0 0 0 0 0 0 0 0
312 36 0 0 18 2 2 0 0 0
321 18 2 2 0 0 0 0 0 0
325 82 0 0 0 0 0 0 0 0
327 82 0 0 0 0 0 0 0 0
328 82 0 0 0 0 0 0 0 0
329 246 0 0 82 14 14 0 0 0
331 136 0 0 0 0 0 0 0 0
332 68 0 0 0 0 0 0 0 0
335 14 2 2 0 0 0 0 0 0
338 66 0 0 10 0 0 0 0 0
349 36 0 0 0 0 0 0 0 0
350 72 2 2 18 0 0 0 0 0
360 108 0 0 0 0 0 108 6 0
363 90 2 2 18 2 2 0 0 0
372 72 0 0 18 2 2 0 0 0
375 18 0 0 0 0 0 0 0 0
379 90 8 2 36 2 2 0 0 0
380 54 2 2 18 0 0 0 0 0
419 18 0 0 0 0 0 0 0 0
422 36 2 2 18 2 2 0 0 0
423 18 0 0 0 0 0 0 0 0
426 72 0 0 18 0 0 0 0 0
440 36 0 0 0 0 0 0 0 0
443 18 0 0 0 0 0 0 0 0
465 72 0 0 108 0 0 0 0 0
fn=_dl_find_object_init
561 4 1 1 0 0 0 6 0 0
564 2 0 0 1 1 0 0 0 0
566 2 0 0 1 0 0 0 0 0
573 4 0 0 0 0 0 1 1 0
579 2 0 0 0 0 0 0 0 0
580 3 1 1 1 0 0 1 0 0
582 1 0 0 0 0 0 0 0 0
585 1 0 0 0 0 0 0 0 0
590 1 0 0 0 0 0 1 0 0
591 1 0 0 0 0 0 0 0 0
594 2 0 0 1 0 0 0 0 0
596 2 1 1 0 0 0 0 0 0
599 5 1 1 3 0 0 1 0 0
601 1 0 0 0 0 0 0 0 0
604 4 0 0 6 0 0 0 0 0
fn=_dl_find_object_update
136 21 0 0 0 0 0 0 0 0
137 142 0 0 40 20 19 0 0 0
138 968 20 20 0 0 0 0 0 0
140 1264 0 0 316 152 152 0 0 0
149 38 0 0 0 0 0 0 0 0
150 59 0 0 19 0 0 0 0 0
151 38 0 0 19 19 18 0 0 0
201 4 0 0 0 0 0 0 0 0
204 4 2 2 0 0 0 0 0 0
214 2 0 0 0 0 0 0 0 0
216 2 0 0 0 0 0 0 0 0
218 2 0 0 0 0 0 0 0 0
224 4 0 0 0 0 0 0 0 0
225 4 2 2 0 0 0 0 0 0
229 2 0 0 0 0 0 4 2 2
233 4 0 0 0 0 0 4 0 0
234 2 0 0 0 0 0 0 0 0
235 2 0 0 0 0 0 0 0 0
236 4 0 0 0 0 0 0 0 0
270 21 19 19 0 0 0 0 0 0
271 19 0 0 0 0 0 0 0 0
279 21 21 21 0 0 0 0 0 0
610 42 21 21 0 0 0 0 0 0
612 46 0 0 0 0 0 0 0 0
616 27 0 0 18 1 0 0 0 0
617 78 0 0 0 0 0 0 0 0
618 22 0 0 22 3 0 0 0 0
620 33 7 7 0 0 0 0 0 0
625 18 0 0 9 0 0 0 0 0
626 9 0 0 0 0 0 9 0 0
627 9 0 0 0 0 0 9 0 0
639 63 40 40 21 0 0 0 0 0
644 42 0 0 0 0 0 21 0 0
654 21 0 0 0 0 0 0 0 0
656 42 21 21 21 19 4 0 0 0
660 83 1 1 21 0 0 0 0 0
662 42 0 0 0 0 0 0 0 0
668 39 20 20 0 0 0 0 0 0
670 2 1 1 0 0 0 0 0 0
682 8 0 0 0 0 0 2 0 0
697 21 0 0 0 0 0 0 0 0
698 21 0 0 0 0 0 0 0 0
700 20 0 0 20 0 0 0 0 0
703 1054 0 0 0 0 0 0 0 0
706 24 0 0 0 0 0 0 0 0
707 20 0 0 20 0 0 0 0 0
708 20 0 0 0 0 0 0 0 0
717 343 20 20 0 0 0 0 0 0
718 1372 20 19 343 0 0 0 0 0
725 30 1 1 0 0 0 0 0 0
730 346 1 1 0 0 0 0 0 0
731 346 0 0 0 0 0 0 0 0
740 346 0 0 0 0 0 0 0 0
741 346 0 0 0 0 0 0 0 0
743 346 0 0 0 0 0 0 0 0
744 49 0 0 0 0 0 0 0 0
745 331 0 0 141 1 0 0 0 0
746 46 0 0 0 0 0 0 0 0
749 316 20 20 0 0 0 0 0 0
751 316 0 0 0 0 0 0 0 0
758 30 0 0 0 0 0 0 0 0
759 120 0 0 60 0 0 30 0 0
760 60 0 0 0 0 0 0 0 0
766 710 1 1 0 0 0 0 0 0
770 21 0 0 0 0 0 0 0 0
773 21 0 0 0 0 0 0 0 0
776 42 0 0 21 0 0 0 0 0
780 21 0 0 0 0 0 0 0 0
785 63 21 21 0 0 0 84 0 0
787 42 0 0 0 0 0 0 0 0
788 144 0 0 30 0 0 42 0 0
790 210 21 21 60 1 0 0 0 0
791 21 0 0 0 0 0 0 0 0
795 21 21 21 0 0 0 0 0 0
798 63 0 0 0 0 0 21 0 0
799 81 0 0 30 0 0 0 0 0
800 150 0 0 60 0 0 0 0 0
801 60 0 0 0 0 0 30 0 0
807 84 20 20 147 0 0 0 0 0
808 84 0 0 84 0 0 0 0 0
fn=_dlfo_process_initial
474 4 1 1 0 0 0 4 0 0
475 4 0 0 2 0 0 0 0 0
477 2 0 0 0 0 0 0 0 0
478 6 0 0 2 0 0 0 0 0
481 8 2 2 0 0 0 0 0 0
485 2 0 0 2 0 0 0 0 0
486 6 0 0 2 0 0 0 0 0
487 64 0 0 0 0 0 0 0 0
488 60 1 1 20 1 1 0 0 0
490 8 0 0 2 0 0 0 0 0
493 12 0 0 4 0 0 4 2 2
495 8 0 0 4 0 0 2 0 0
497 8 0 0 2 0 0 2 0 0
499 4 0 0 0 0 0 0 0 0
504 22 1 1 4 1 0 0 0 0
505 18 0 0 2 0 0 0 0 0
506 14 0 0 14 1 0 0 0 0
508 64 0 0 12 5 0 0 0 0
511 48 1 1 12 6 0 0 0 0
513 24 0 0 12 0 0 0 0 0
515 18 0 0 0 0 0 0 0 0
517 24 0 0 0 0 0 0 0 0
521 4 0 0 0 0 0 0 0 0
529 4 0 0 0 0 0 2 0 0
531 6 0 0 4 0 0 0 0 0
fn=_dlfo_sort_mappings
536 2 0 0 0 0 0 2 0 0
537 2 1 1 0 0 0 0 0 0
540 25 1 1 0 0 0 0 0 0
544 14 0 0 7 0 0 0 0 0
545 112 1 1 0 0 0 0 0 0
546 56 0 0 28 0 0 0 0 0
548 84 0 0 0 0 0 0 0 0
553 21 0 0 14 0 0 14 0 0
554 14 0 0 14 0 0 14 0 0
555 7 0 0 0 0 0 14 0 0
557 2 0 0 2 0 0 0 0 0
fl=./elf/./elf/dl-fini.c
fn=_dl_fini
26 11 1 1 0 0 0 13 0 0
43 1 0 0 0 0 0 0 0 0
46 17 2 2 2 2 1 0 0 0
49 4 1 1 1 1 1 0 0 0
51 1 0 0 1 1 1 0 0 0
54 1 0 0 0 0 0 0 0 0
56 5 0 0 2 1 0 0 0 0
59 1 0 0 0 0 0 0 0 0
61 2 0 0 0 0 0 1 0 0
63 3 0 0 0 0 0 0 0 0
68 13 1 1 0 0 0 1 1 0
73 77 2 2 38 12 12 0 0 0
75 111 0 0 37 37 31 0 0 0
77 74 0 0 0 0 0 0 0 0
79 37 0 0 0 0 0 37 1 0
80 37 0 0 0 0 0 37 37 36
81 37 0 0 0 0 0 0 0 0
85 111 0 0 37 36 31 37 0 0
87 5 0 0 0 0 0 0 0 0
88 8 0 0 0 0 0 0 0 0
94 4 1 1 0 0 0 0 0 0
103 3 0 0 1 1 0 0 0 0
108 114 0 0 0 0 0 0 0 0
110 37 0 0 37 3 1 0 0 0
112 74 1 1 37 27 0 0 0 0
114 74 0 0 0 0 0 0 0 0
117 74 0 0 0 0 0 0 0 0
122 111 0 0 37 0 0 37 0 0
126 3 0 0 0 0 0 0 0 0
132 7 0 0 2 0 0 0 0 0
134 3 0 0 0 0 0 1 0 0
138 2 1 1 1 0 0 0 0 0
145 8 0 0 12 0 0 0 0 0
fl=./elf/./elf/dl-hwcaps-subdirs.c
fn=_dl_hwcaps_subdirs_active
27 2 1 1 0 0 0 2 0 0
29 3 0 0 2 0 0 0 0 0
fl=./elf/./elf/dl-hwcaps.c
fn=_dl_important_hwcaps
52 6 2 2 0 0 0 0 0 0
100 5 0 0 0 0 0 2 1 1
102 1 0 0 0 0 0 0 0 0
105 1 0 0 0 0 0 1 0 0
108 1 0 0 0 0 0 0 0 0
112 3 0 0 0 0 0 0 0 0
125 3 0 0 0 0 0 0 0 0
133 2 1 1 0 0 0 0 0 0
142 6 0 0 1 0 0 1 0 0
172 10 2 2 0 0 0 12 3 3
174 2 0 0 0 0 0 1 0 0
175 3 0 0 0 0 0 0 0 0
185 1 0 0 0 0 0 0 0 0
186 3 0 0 0 0 0 0 0 0
189 3 0 0 1 0 0 1 1 1
193 2 0 0 1 0 0 0 0 0
194 1 0 0 0 0 0 0 0 0
202 4 0 0 3 0 0 2 0 0
203 4 1 1 0 0 0 0 0 0
204 6 0 0 2 0 0 0 0 0
208 1 0 0 2 0 0 0 0 0
209 1 0 0 0 0 0 2 1 1
213 2 1 1 1 0 0 1 0 0
216 6 0 0 8 0 0 0 0 0
fn=copy_hwcaps
74 12 1 1 0 0 0 12 0 0
77 6 0 0 0 0 0 0 0 0
80 4 0 0 0 0 0 0 0 0
84 2 0 0 0 0 0 0 0 0
90 8 0 0 12 0 0 0 0 0
fl=./elf/./elf/dl-hwcaps_split.c
fn=_dl_hwcaps_split
25 24 0 0 0 0 0 24 1 1
26 12 0 0 6 0 0 0 0 0
27 6 0 0 0 0 0 0 0 0
30 9 1 1 3 0 0 3 0 0
34 9 0 0 3 0 0 0 0 0
36 3 0 0 0 0 0 0 0 0
47 18 1 1 24 0 0 0 0 0
fn=_dl_hwcaps_split_masked
51 20 1 1 0 0 0 15 1 1
54 20 0 0 0 0 0 0 0 0
62 20 1 1 15 0 0 0 0 0
fl=./elf/./elf/dl-init.c
fn=_dl_init
81 220 22 22 0 0 0 220 1 1
83 22 0 0 44 21 3 0 0 0
86 88 22 22 22 5 1 0 0 0
88 1 1 1 0 0 0 0 0 0
89 2 0 0 0 0 0 1 0 0
94 66 0 0 0 0 0 0 0 0
119 22 0 0 22 0 0 0 0 0
120 327 25 22 0 0 0 0 0 0
121 522 0 0 174 22 1 0 0 0
127 132 21 21 220 2 0 0 0 0
fn=call_init
27 352 23 22 0 0 0 352 0 0
29 264 23 22 88 5 2 0 0 0
35 704 0 0 88 3 1 176 0 0
37 88 0 0 0 0 0 0 0 0
43 111 24 22 37 0 0 37 0 0
46 111 0 0 74 37 12 0 0 0
47 2 0 0 0 0 0 0 0 0
51 108 0 0 36 0 0 0 0 0
59 72 0 0 36 29 9 0 0 0
60 238 22 22 68 34 11 0 0 0
63 36 0 0 36 35 8 0 0 0
64 36 0 0 0 0 0 0 0 0
70 108 0 0 72 13 5 0 0 0
72 144 0 0 72 20 8 36 0 0
73 576 2 0 0 0 0 0 0 0
74 540 3 3 108 43 15 0 0 0
76 388 39 39 564 1 0 0 0 0
fl=./elf/./elf/dl-load.c
fn=_dl_dst_count
238 477 50 22 0 0 0 636 33 23
239 1 0 0 0 0 0 0 0 0
241 318 0 0 0 0 0 0 0 0
244 159 0 0 0 0 0 0 0 0
245 159 0 0 0 0 0 0 0 0
251 1 0 0 0 0 0 0 0 0
253 6 0 0 0 0 0 0 0 0
254 5 0 0 0 0 0 1 0 0
255 2 0 0 0 0 0 0 0 0
256 1 1 1 0 0 0 0 0 0
259 4 0 0 0 0 0 0 0 0
261 2 0 0 2 0 0 0 0 0
264 639 2 2 637 0 0 2 0 0
fn=_dl_dst_substitute
276 10 1 1 0 0 0 11 0 0
283 1 0 0 0 0 0 0 0 0
285 1 0 0 0 0 0 0 0 0
289 5 0 0 1 0 0 0 0 0
294 1 0 0 0 0 0 0 0 0
295 7 1 1 0 0 0 0 0 0
317 3 0 0 1 0 0 0 0 0
322 2 0 0 1 0 0 0 0 0
332 3 0 0 0 0 0 0 0 0
334 3 0 0 0 0 0 0 0 0
335 1 1 1 0 0 0 0 0 0
354 2 0 0 1 0 0 0 0 0
365 1 1 1 0 0 0 0 0 0
372 1 0 0 0 0 0 1 0 0
375 8 0 0 11 0 0 0 0 0
fn=_dl_init_paths
706 9 1 1 0 0 0 14 0 0
720 9 1 1 0 0 0 1 0 0
725 1 0 0 0 0 0 1 0 0
727 1 0 0 0 0 0 0 0 0
734 4 0 0 0 0 0 0 0 0
735 4 0 0 1 0 0 0 0 0
739 2 1 1 0 0 0 1 0 0
741 3 0 0 2 0 0 0 0 0
747 1 0 0 0 0 0 1 1 1
748 4 0 0 0 0 0 1 0 0
756 4 0 0 0 0 0 4 0 0
758 2 0 0 0 0 0 0 0 0
759 4 0 0 0 0 0 8 4 4
761 3 0 0 0 0 0 1 0 0
762 8 0 0 3 1 1 7 1 1
763 7 0 0 0 0 0 0 0 0
766 15 0 0 3 1 1 0 0 0
767 5 0 0 1 0 0 0 0 0
768 18 0 0 4 0 0 1 0 0
770 18 2 2 0 0 0 4 0 0
776 3 0 0 0 0 0 1 0 0
777 1 0 0 0 0 0 1 0 0
782 2 0 0 1 0 0 0 0 0
785 4 1 1 0 0 0 0 0 0
787 4 0 0 1 0 0 0 0 0
789 2 0 0 1 0 0 0 0 0
806 2 0 0 0 0 0 1 0 0
808 2 1 1 1 0 0 0 0 0
822 2 1 1 0 0 0 1 0 0
825 4 2 2 2 0 0 0 0 0
827 18 1 1 2 0 0 1 0 0
831 2 0 0 0 0 0 0 0 0
832 31 0 0 15 0 0 0 0 0
833 28 1 1 0 0 0 0 0 0
834 28 0 0 0 0 0 0 0 0
836 3 0 0 0 0 0 1 0 0
837 2 0 0 0 0 0 0 0 0
838 1 0 0 0 0 0 0 0 0
844 7 1 1 1 0 0 0 0 0
847 3 0 0 2 0 0 0 0 0
853 3 0 0 0 0 0 1 0 0
857 8 0 0 12 0 0 0 0 0
fn=_dl_map_object
1967 1264 51 23 0 0 0 1896 103 97
1969 35 0 0 0 0 0 35 0 0
1975 316 0 0 0 0 0 0 0 0
1976 1106 32 23 158 3 1 0 0 0
1979 3896 0 0 1474 6 0 0 0 0
1984 7195 24 23 1439 571 408 0 0 0
1986 5756 0 0 0 0 0 0 0 0
1990 2632 0 0 1316 0 0 0 0 0
1991 2632 0 0 1316 676 452 0 0 0
1994 2828 0 0 1414 671 351 0 0 0
1995 2121 23 23 707 354 211 0 0 0
1996 2828 0 0 0 0 0 0 0 0
2009 35 22 22 0 0 0 0 0 0
2010 140 0 0 35 24 0 0 0 0
2011 70 0 0 0 0 0 35 21 16
2019 105 22 22 35 5 0 0 0 0
2034 35 0 0 0 0 0 35 30 29
2036 140 0 0 0 0 0 0 0 0
2040 52 8 8 0 0 0 13 3 2
2042 26 0 0 13 0 0 0 0 0
2049 39 8 8 13 6 0 0 0 0
2053 12 7 7 12 3 0 0 0 0
2054 132 7 7 0 0 0 48 0 0
2058 26 0 0 13 7 0 0 0 0
2059 103 0 0 0 0 0 0 0 0
2061 72 0 0 0 0 0 36 0 0
2073 96 17 14 60 0 0 0 0 0
2074 60 12 7 12 0 0 0 0 0
2075 120 9 7 24 0 0 24 0 0
2084 12 0 0 0 0 0 0 0 0
2099 78 0 0 13 11 7 13 0 0
2100 220 8 8 26 0 0 26 0 0
2106 39 0 0 13 0 0 0 0 0
2107 117 10 8 13 0 0 13 0 0
2109 16 3 3 2 0 0 2 0 0
2113 3 0 0 0 0 0 0 0 0
2115 13 0 0 0 0 0 13 0 0
2129 13 0 0 0 0 0 0 0 0
2131 39 13 8 13 8 5 0 0 0
2135 39 1 0 0 0 0 0 0 0
2137 13 0 0 0 0 0 0 0 0
2141 13 0 0 0 0 0 0 0 0
2149 26 0 0 13 2 0 0 0 0
2172 130 8 8 0 0 0 26 0 0
2176 39 0 0 13 0 0 0 0 0
2177 13 0 0 0 0 0 13 0 0
2194 39 0 0 26 0 0 0 0 0
2200 22 0 0 0 0 0 22 4 3
2201 88 0 0 0 0 0 0 0 0
2202 22 0 0 0 0 0 0 0 0
2203 22 22 22 0 0 0 0 0 0
2207 220 0 0 0 0 0 22 0 0
2210 66 0 0 22 0 0 0 0 0
2222 96 0 0 13 0 0 0 0 0
2267 105 1 0 35 0 0 35 0 0
2268 420 22 22 70 0 0 70 1 0
2270 1422 1 1 1896 31 0 0 0 0
fn=_dl_map_object_from_fd
944 595 45 37 35 0 0 455 54 54
959 105 0 0 0 0 0 35 0 0
989 1540 0 0 700 208 0 0 0 0
990 1330 22 22 665 163 0 0 0 0
1008 35 35 22 0 0 0 0 0 0
1036 105 0 0 0 0 0 35 0 0
1046 105 0 0 35 0 0 0 0 0
1053 245 23 21 0 0 0 0 0 0
1054 35 0 0 0 0 0 0 0 0
1065 70 31 21 0 0 0 35 3 3
1066 70 0 0 35 1 0 35 0 0
1067 70 0 0 35 4 0 35 0 0
1069 70 0 0 0 0 0 0 0 0
1070 175 0 0 105 5 0 0 0 0
1071 70 0 0 0 0 0 35 0 0
1086 35 0 0 0 0 0 0 0 0
1088 70 0 0 0 0 0 35 4 3
1090 525 35 18 35 0 0 35 28 28
1091 35 0 0 0 0 0 0 0 0
1092 35 0 0 0 0 0 0 0 0
1093 35 0 0 0 0 0 0 0 0
1094 35 0 0 0 0 0 0 0 0
1100 937 62 44 70 0 0 0 0 0
1101 2188 22 19 254 113 101 0 0 0
1107 70 22 22 35 22 20 0 0 0
1114 75 0 0 40 0 0 35 0 0
1115 105 0 0 35 0 0 35 0 0
1116 245 21 21 70 0 0 35 0 0
1121 2 0 0 1 0 0 1 0 0
1122 1 0 0 0 0 0 0 0 0
1127 393 0 0 179 21 17 0 0 0
1135 144 0 0 0 0 0 0 0 0
1136 179 0 0 0 0 0 72 17 16
1137 216 0 0 0 0 0 0 0 0
1138 72 0 0 0 0 0 144 0 0
1139 360 0 0 144 14 11 72 3 3
1141 504 23 17 72 6 5 0 0 0
1143 288 29 19 0 0 0 72 2 2
1156 181 0 0 37 0 0 0 0 0
1157 74 0 0 0 0 0 0 0 0
1162 216 0 0 0 0 0 72 1 1
1163 428 22 18 72 0 0 35 0 0
1176 10 1 1 5 1 0 0 0 0
1180 5 0 0 0 0 0 5 1 1
1181 10 0 0 5 1 1 5 1 1
1185 25 0 0 0 0 0 5 0 0
1186 10 0 0 5 0 0 5 0 0
1189 5 0 0 0 0 0 5 0 0
1194 20 5 4 5 0 0 0 0 0
1195 12 0 0 4 4 1 0 0 0
1209 35 22 22 35 0 0 0 0 0
1210 35 0 0 0 0 0 0 0 0
1213 70 0 0 35 5 3 35 2 2
1214 70 0 0 35 8 6 35 0 0
1218 105 0 0 35 0 0 0 0 0
1228 251 0 0 0 0 0 0 0 0
1229 144 0 0 0 0 0 72 0 0
1235 105 0 0 35 0 0 0 0 0
1245 105 31 17 35 0 0 0 0 0
1252 210 0 0 70 0 0 0 0 0
1268 140 31 22 70 0 0 0 0 0
1269 105 0 0 35 0 0 35 0 0
1275 54 23 21 27 1 1 0 0 0
1276 140 0 0 0 0 0 0 0 0
1278 140 29 21 35 0 0 0 0 0
1288 70 0 0 35 0 0 0 0 0
1307 105 0 0 35 0 0 35 0 0
1309 175 0 0 35 24 20 0 0 0
1361 70 0 0 35 4 4 0 0 0
1362 15 2 1 5 0 0 5 0 0
1368 718 21 18 70 0 0 0 0 0
1369 867 31 22 254 217 217 0 0 0
1380 105 0 0 0 0 0 0 0 0
1393 105 0 0 35 0 0 0 0 0
1395 140 23 22 70 0 0 35 0 0
1397 70 0 0 35 0 0 0 0 0
1413 70 0 0 0 0 0 0 0 0
1417 35 0 0 0 0 0 0 0 0
1418 70 0 0 35 0 0 0 0 0
1435 70 0 0 35 0 0 0 0 0
1436 2 0 0 0 0 0 1 0 0
1439 105 24 22 70 4 0 70 0 0
1444 70 0 0 35 0 0 0 0 0
1449 105 0 0 35 26 1 0 0 0
1461 245 0 0 35 0 0 0 0 0
1462 10 2 1 5 0 0 0 0 0
1463 36 0 0 8 0 0 0 0 0
1464 8 1 1 4 0 0 0 0 0
1465 6 0 0 0 0 0 1 0 0
1471 70 0 0 35 0 0 0 0 0
1472 20 4 1 5 0 0 0 0 0
1475 12 4 3 4 0 0 0 0 0
1477 10 0 0 0 0 0 0 0 0
1484 105 28 21 0 0 0 0 0 0
1487 35 0 0 0 0 0 0 0 0
1491 105 0 0 0 0 0 0 0 0
1492 70 0 0 35 0 0 0 0 0
1498 21 17 17 0 0 0 0 0 0
1499 84 0 0 0 0 0 0 0 0
1505 42 0 0 0 0 0 21 0 0
1506 21 0 0 0 0 0 0 0 0
1507 42 0 0 0 0 0 0 0 0
1510 28 0 0 0 0 0 0 0 0
1514 245 0 0 105 8 0 0 0 0
1515 140 0 0 0 0 0 0 0 0
1519 315 23 22 420 8 0 0 0 0
fn=cache_rpath
681 76 8 8 0 0 0 76 0 0
682 114 8 8 38 7 0 0 0 0
683 74 5 0 0 0 0 0 0 0
685 30 0 0 0 0 0 0 0 0
686 15 0 0 0 0 0 0 0 0
688 45 0 0 15 0 0 0 0 0
691 28 7 6 0 0 0 14 0 0
696 8 1 1 2 0 0 0 0 0
697 2 0 0 1 1 0 0 0 0
699 75 0 0 76 0 0 0 0 0
fn=decompose_rpath
580 9 2 2 0 0 0 8 0 0
582 1 0 0 1 0 0 0 0 0
591 3 0 0 1 1 1 0 0 0
622 2 0 0 1 1 1 0 0 0
629 2 1 1 0 0 0 0 0 0
630 1 0 0 0 0 0 0 0 0
637 1 0 0 0 0 0 0 0 0
638 17 0 0 8 0 0 0 0 0
640 14 0 0 0 0 0 0 0 0
644 2 0 0 0 0 0 0 0 0
646 1 0 0 0 0 0 0 0 0
654 8 0 0 0 0 0 0 0 0
661 2 0 0 1 0 0 0 0 0
668 1 0 0 0 0 0 1 0 0
670 2 0 0 0 0 0 1 0 0
671 1 0 0 0 0 0 0 0 0
672 5 0 0 8 0 0 0 0 0
fn=expand_dynamic_string_token
385 144 22 22 0 0 0 144 0 0
395 48 0 0 0 0 0 0 0 0
398 24 0 0 0 0 0 0 0 0
399 46 0 0 0 0 0 0 0 0
402 18 2 2 2 1 0 0 0 0
405 1 0 0 0 0 0 0 0 0
406 1 0 0 0 0 0 0 0 0
409 3 0 0 0 0 0 0 0 0
410 72 0 0 144 0 0 0 0 0
fn=fillin_rpath.isra.0
468 22 2 2 0 0 0 34 0 0
472 2 0 0 0 0 0 0 0 0
474 20 0 0 4 0 0 0 0 0
481 4 2 2 2 0 0 0 0 0
483 10 0 0 2 0 0 0 0 0
487 2 0 0 0 0 0 0 0 0
492 4 0 0 0 0 0 0 0 0
493 2 0 0 0 0 0 0 0 0
500 12 2 2 2 0 0 0 0 0
505 8 1 1 0 0 0 2 0 0
509 28 4 4 11 1 1 0 0 0
510 27 0 0 9 4 4 0 0 0
528 9 2 2 2 0 0 3 0 0
532 14 2 2 4 0 0 0 0 0
534 2 0 0 0 0 0 0 0 0
538 2 0 0 0 0 0 2 0 0
539 6 0 0 2 0 0 0 0 0
540 8 0 0 0 0 0 2 0 0
541 2 0 0 0 0 0 2 0 0
543 8 2 2 2 0 0 0 0 0
544 1 0 0 0 0 0 1 0 0
549 10 0 0 2 0 0 0 0 0
550 14 0 0 2 0 0 0 0 0
551 2 0 0 0 0 0 2 0 0
553 4 2 2 2 0 0 2 0 0
554 4 0 0 2 0 0 0 0 0
555 6 0 0 2 0 0 2 0 0
556 2 0 0 0 0 0 0 0 0
561 4 0 0 2 0 0 2 0 0
562 2 0 0 0 0 0 2 0 0
565 6 0 0 0 0 0 2 0 0
571 2 0 0 0 0 0 2 0 0
574 14 0 0 24 0 0 0 0 0
fn=is_dst
202 12 1 1 0 0 0 10 0 0
206 6 0 0 2 0 0 0 0 0
215 6 1 1 0 0 0 0 0 0
216 10 0 0 0 0 0 0 0 0
218 10 2 2 2 0 0 0 0 0
229 10 0 0 10 0 0 0 0 0
fn=open_path
1536 28 0 0 0 0 0 0 0 0
1812 154 20 16 0 0 0 210 22 21
1813 28 0 0 14 0 0 14 8 8
1817 70 0 0 0 0 0 42 0 0
1819 14 0 0 0 0 0 0 0 0
1822 28 0 0 0 0 0 0 0 0
1824 322 18 16 28 18 14 28 9 8
1827 42 0 0 42 12 7 0 0 0
1831 14 0 0 0 0 0 0 0 0
1835 28 0 0 0 0 0 0 0 0
1842 84 8 8 42 5 0 0 0 0
1843 114 7 7 28 0 0 0 0 0
1846 42 0 0 14 0 0 0 0 0
1851 182 8 8 70 9 7 0 0 0
1854 14 0 0 0 0 0 0 0 0
1860 28 0 0 14 0 0 0 0 0
1863 112 8 8 42 0 0 0 0 0
1865 28 0 0 14 0 0 0 0 0
1867 4 0 0 0 0 0 0 0 0
1872 2 2 2 0 0 0 0 0 0
1873 16 0 0 6 2 0 0 0 0
1879 4 2 2 0 0 0 2 0 0
1881 8 0 0 0 0 0 0 0 0
1882 14 2 2 2 0 0 2 0 0
1884 2 0 0 0 0 0 0 0 0
1891 36 15 15 0 0 0 0 0 0
1893 66 0 0 14 0 0 14 0 0
1894 42 0 0 0 0 0 28 3 3
1937 126 2 2 14 0 0 0 0 0
1941 42 0 0 14 0 0 14 0 0
1943 56 0 0 28 0 0 14 0 0
1946 56 0 0 14 0 0 0 0 0
1960 126 10 8 168 0 0 0 0 0
fn=open_verify.constprop.0
1572 539 65 44 0 0 0 490 9 8
1604 147 0 0 49 0 0 0 0 0
1609 28 10 7 0 0 0 0 0 0
1623 196 0 0 0 0 0 0 0 0
1625 98 0 0 0 0 0 0 0 0
1633 105 0 0 0 0 0 35 21 21
1634 70 32 22 0 0 0 35 6 5
1639 210 0 0 0 0 0 0 0 0
1641 70 0 0 0 0 0 0 0 0
1643 105 0 0 35 0 0 35 0 0
1645 70 31 22 0 0 0 0 0 0
1651 70 0 0 0 0 0 0 0 0
1668 578 70 47 175 16 16 0 0 0
1749 105 0 0 35 5 5 0 0 0
1754 105 24 22 35 0 0 0 0 0
1760 175 0 0 35 0 0 0 0 0
1766 105 0 0 35 10 8 0 0 0
1772 70 0 0 35 0 0 0 0 0
1773 140 22 22 35 0 0 0 0 0
1799 392 9 0 490 0 0 0 0 0
fl=./elf/./elf/dl-lookup-direct.c
fn=_dl_lookup_direct
74 33 1 1 0 0 0 30 0 0
75 3 0 0 3 0 0 0 0 0
76 3 0 0 0 0 0 0 0 0
78 15 1 1 9 2 0 0 0 0
79 3 0 0 0 0 0 0 0 0
81 6 1 1 3 0 0 0 0 0
84 20 0 0 5 2 1 0 0 0
86 5 0 0 0 0 0 0 0 0
87 28 0 0 0 0 0 0 0 0
90 3 0 0 0 0 0 0 0 0
93 4 0 0 0 0 0 0 0 0
115 3 0 0 0 0 0 0 0 0
116 18 1 1 30 0 0 0 0 0
fn=check_match
31 30 2 2 0 0 0 21 0 0
32 9 0 0 6 0 0 0 0 0
33 6 0 0 0 0 0 0 0 0
36 12 0 0 6 4 4 0 0 0
40 6 0 0 0 0 0 0 0 0
48 9 1 1 0 0 0 0 0 0
51 9 0 0 6 0 0 0 0 0
53 12 0 0 3 0 0 0 0 0
57 6 0 0 6 2 0 0 0 0
58 24 1 1 6 1 0 0 0 0
59 9 0 0 3 0 0 0 0 0
64 18 0 0 21 0 0 0 0 0
fl=./elf/./elf/dl-lookup.c
fn=_dl_lookup_symbol_x
204 4115 0 0 1177 0 0 587 0 0
535 26056 121 22 0 0 0 0 0 0
548 405 0 0 405 66 0 0 0 0
551 405 0 0 0 0 0 0 0 0
555 405 7 7 405 1 0 0 0 0
556 405 0 0 0 0 0 0 0 0
558 3825 0 0 1275 127 1 0 0 0
559 2428 0 0 0 0 0 0 0 0
565 2 1 1 0 0 0 0 0 0
566 61 0 0 0 0 0 0 0 0
569 60 0 0 60 53 0 0 0 0
570 180 0 0 0 0 0 0 0 0
571 180 0 0 60 0 0 0 0 0
576 2 1 1 1 1 0 1 0 0
579 3 0 0 0 0 0 1 0 0
630 8 1 1 2 1 0 1 0 0
637 6 0 0 2 1 0 0 0 0
638 105 0 0 0 0 0 0 0 0
639 34 0 0 34 28 1 0 0 0
641 1 0 0 0 0 0 0 0 0
647 4 1 1 2 0 0 0 0 0
658 4 0 0 1 1 0 0 0 0
678 3 1 1 1 0 0 0 0 0
685 4 1 1 0 0 0 0 0 0
691 4 0 0 0 0 0 2 0 0
692 3 0 0 2 0 0 0 0 0
711 2 1 1 0 0 0 0 0 0
714 2 0 0 0 0 0 1 0 0
715 2 0 0 0 0 0 1 0 0
716 1 0 0 0 0 0 0 0 0
717 1 0 0 1 0 0 0 0 0
718 1 0 0 0 0 0 1 0 0
719 1 0 0 0 0 0 1 0 0
720 1 0 0 0 0 0 0 0 0
732 3 0 0 1 0 0 0 0 0
746 4 0 0 1 0 0 0 0 0
748 2 1 1 1 0 0 0 0 0
772 156930 356 106 0 0 0 125544 160 40
774 20924 0 0 0 0 0 10462 37 8
775 10462 0 0 0 0 0 20924 4 1
776 52310 179 52 20924 0 0 10462 0 0
778 73234 172 50 20924 192 30 31386 405 23
782 17770 0 0 0 0 0 0 0 0
785 10462 0 0 0 0 0 0 0 0
787 20924 0 0 20924 203 31 0 0 0
791 40973 0 0 6683 39 0 10462 0 0
792 203904 204 49 33984 12 0 67968 40 9
797 20924 0 0 10462 3 0 0 0 0
799 765 22 22 153 14 0 0 0 0
816 10462 0 0 0 0 0 10462 0 0
817 459 22 22 0 0 0 0 0 0
820 20924 0 0 10462 18 0 0 0 0
821 61358 0 0 10185 71 0 0 0 0
828 10309 0 0 10309 0 0 0 0 0
856 41236 182 45 10309 0 0 0 0 0
859 13028 0 0 0 0 0 0 0 0
870 20618 0 0 10309 562 74 0 0 0
871 3 2 2 0 0 0 1 0 0
873 20618 0 0 10309 0 0 0 0 0
890 20618 0 0 10309 0 0 0 0 0
892 94158 195 58 125544 91 0 0 0 0
fn=check_match
70 125568 168 67 20928 680 547 73248 225 31
73 62784 0 0 20928 5456 4355 0 0 0
78 310 2 2 0 0 0 0 0 0
86 52320 171 55 0 0 0 0 0 0
89 43323 0 0 4513 0 0 0 0 0
93 10373 0 0 10373 447 70 0 0 0
94 10373 0 0 0 0 0 0 0 0
96 4895 56 36 0 0 0 0 0 0
115 4895 0 0 4895 1921 991 0 0 0
116 44055 0 0 14685 970 144 0 0 0
117 19084 63 46 9542 81 11 0 0 0
118 372 0 0 124 0 0 0 0 0
119 124 0 0 0 0 0 0 0 0
144 5478 115 14 0 0 0 0 0 0
146 21904 0 0 5476 2000 898 0 0 0
147 16428 0 0 0 0 0 0 0 0
150 1 0 0 0 0 0 0 0 0
151 6 0 0 3 0 0 1 0 0
153 2 0 0 1 0 0 1 0 0
161 10309 116 17 0 0 0 0 0 0
162 52320 54 31 73248 0 0 0 0 0
fn=do_lookup_x
170 228 1 1 0 0 0 0 0 0
171 239 1 1 10 0 0 0 0 0
172 720 0 0 250 0 0 0 0 0
174 98 0 0 0 0 0 0 0 0
175 294 0 0 0 0 0 0 0 0
176 93069 196 53 72163 0 0 0 0 0
179 152 0 0 0 0 0 152 0 0
181 152 0 0 0 0 0 304 15 0
182 152 0 0 0 0 0 152 0 0
191 3 1 1 0 0 0 1 0 0
204 492 0 0 246 0 0 0 0 0
222 504 1 1 84 0 0 252 0 0
224 1176 1 1 84 16 1 252 0 0
226 84 0 0 0 0 0 0 0 0
227 84 0 0 168 17 3 0 0 0
228 420 0 0 336 0 0 0 0 0
230 1091 2 2 0 0 0 0 0 0
231 747 0 0 0 0 0 498 0 0
234 537 0 0 179 102 6 0 0 0
235 185 0 0 179 0 0 0 0 0
237 6 0 0 4 0 0 0 0 0
247 2 0 0 2 1 1 0 0 0
248 2 0 0 0 0 0 0 0 0
250 12 0 0 6 0 0 2 0 0
251 2 0 0 0 0 0 0 0 0
254 177 0 0 0 0 0 0 0 0
257 96 0 0 0 0 0 0 0 0
258 288 0 0 0 0 0 0 0 0
259 94 1 1 0 0 0 0 0 0
262 1620 1 1 729 0 0 0 0 0
269 12 1 1 0 0 0 8 0 0
272 2 0 0 0 0 0 0 0 0
279 290 2 2 12 0 0 0 0 0
280 184 0 0 92 25 0 0 0 0
281 140 0 0 210 1 0 0 0 0
285 26 1 1 4 0 0 10 0 0
286 2 0 0 0 0 0 4 0 0
287 2 0 0 0 0 0 0 0 0
288 2 0 0 0 0 0 0 0 0
289 6 0 0 2 0 0 2 0 0
300 1 0 0 0 0 0 0 0 0
302 1 0 0 0 0 0 0 0 0
306 5 0 0 4 0 0 2 0 0
307 3 1 1 1 0 0 1 0 0
310 82 0 0 0 0 0 0 0 0
311 164 0 0 82 0 0 0 0 0
318 328 1 1 82 0 0 0 0 0
322 2 0 0 1 0 0 0 0 0
329 738 1 1 164 0 0 82 0 0
331 410 0 0 164 0 0 82 0 0
333 164 0 0 164 0 0 0 0 0
334 164 0 0 0 0 0 164 0 0
347 305856 364 107 67968 0 0 288864 539 66
348 16992 0 0 16992 761 34 0 0 0
354 16992 0 0 16992 3 0 0 0 0
358 142642 174 57 142642 11932 269 0 0 0
361 142642 0 0 0 0 0 0 0 0
365 88406 0 0 31 5 0 0 0 0
386 142632 171 48 71316 9462 168 0 0 0
390 244584 0 0 71316 68 32 16992 0 0
396 142632 0 0 71316 2151 176 0 0 0
400 71316 178 57 0 0 0 71316 132 8
401 71316 0 0 0 0 0 71316 0 0
404 285264 0 0 142632 39019 473 0 0 0
405 213948 0 0 142632 7797 90 0 0 0
408 71316 0 0 71316 0 0 0 0 0
409 71316 0 0 0 0 0 0 0 0
411 71316 0 0 71316 33950 2476 0 0 0
412 16992 0 0 0 0 0 0 0 0
413 142632 0 0 71316 0 0 0 0 0
415 16992 0 0 0 0 0 0 0 0
416 142632 0 0 71316 0 0 0 0 0
419 285264 0 0 0 0 0 0 0 0
422 40071 0 0 26714 11007 3253 0 0 0
423 13357 142 44 0 0 0 0 0 0
424 13357 0 0 0 0 0 0 0 0
426 150984 174 50 12582 0 0 88074 40 0
429 103456 0 0 25864 12026 4652 0 0 0
431 20928 0 0 10464 0 0 0 0 0
432 129804 183 52 41856 16 0 31392 105 10
433 20928 0 0 0 0 0 0 0 0
436 10464 0 0 0 0 0 0 0 0
439 31420 0 0 155 0 0 0 0 0
448 18184 61 52 15911 0 0 0 0 0
470 6819 31 26 2273 0 0 0 0 0
476 20618 0 0 0 0 0 0 0 0
483 70964 0 0 10309 0 0 0 0 0
487 8505 47 33 2835 153 14 0 0 0
499 10225 0 0 10225 0 0 0 0 0
500 10225 0 0 0 0 0 20450 19 0
501 10309 0 0 0 0 0 0 0 0
518 183036 0 0 0 0 0 0 0 0
521 6683 0 0 0 0 0 0 0 0
522 135936 44 44 203904 101 0 0 0 0
fl=./elf/./elf/dl-minimal-malloc.c
fn=__minimal_calloc
80 42 3 1 0 0 0 28 2 2
84 14 0 0 0 0 0 0 0 0
87 14 0 0 0 0 0 0 0 0
88 56 0 0 0 0 0 0 0 0
92 14 0 0 28 0 0 0 0 0
fn=__minimal_free
97 3 0 0 0 0 0 4 0 0
99 5 0 0 1 0 0 0 0 0
106 3 1 1 4 0 0 0 0 0
fn=__minimal_malloc
36 156 2 1 0 0 0 156 0 0
37 155 0 0 39 2 1 0 0 0
42 4 0 0 0 0 0 1 0 0
43 4 2 2 1 0 0 0 0 0
44 2 0 0 0 0 0 0 0 0
48 155 0 0 38 0 0 39 0 0
49 39 0 0 0 0 0 0 0 0
51 234 6 1 0 0 0 0 0 0
56 10 0 0 2 0 0 0 0 0
57 6 0 0 0 0 0 0 0 0
59 4 2 1 0 0 0 4 0 0
60 16 0 0 0 0 0 0 0 0
62 4 0 0 0 0 0 0 0 0
64 8 0 0 0 0 0 0 0 0
65 10 0 0 2 0 0 0 0 0
67 6 0 0 4 0 0 2 0 0
70 78 0 0 0 0 0 78 0 0
71 2 0 0 0 0 0 0 0 0
73 117 0 0 156 0 0 0 0 0
fl=./elf/./elf/dl-minimal.c
fn=__rtld_malloc_init_real
76 5 2 2 0 0 0 6 0 0
86 3 0 0 0 0 0 1 0 0
87 1 0 0 0 0 0 1 0 0
89 1 0 0 0 0 0 1 0 0
91 7 0 0 0 0 0 0 0 0
92 6 0 0 0 0 0 0 0 0
93 7 1 1 0 0 0 0 0 0
94 5 0 0 0 0 0 0 0 0
99 3 0 0 0 0 0 1 1 0
101 1 0 0 0 0 0 2 0 0
102 1 1 1 0 0 0 1 0 0
103 4 0 0 6 0 0 0 0 0
fn=__rtld_malloc_init_stubs
42 2 1 1 0 0 0 2 1 1
43 5 0 0 0 0 0 1 1 1
44 2 0 0 0 0 0 0 0 0
45 3 0 0 0 0 0 2 1 1
46 3 0 0 0 0 0 1 0 0
47 2 1 1 2 0 0 0 0 0
fn=lookup_malloc_symbol
61 20 1 1 0 0 0 24 0 0
63 4 0 0 0 0 0 4 0 0
64 36 1 1 4 1 0 0 0 0
68 20 0 0 8 0 0 0 0 0
69 44 1 1 12 0 0 0 0 0
71 4 0 0 0 0 0 4 0 0
72 20 1 1 28 0 0 0 0 0
fn=strsep
239 4 2 2 0 0 0 0 0 0
242 8 0 0 4 2 2 0 0 0
244 4 0 0 4 0 0 0 0 0
245 4 0 0 0 0 0 0 0 0
247 4 2 2 0 0 0 0 0 0
249 48 0 0 23 0 0 0 0 0
251 42 0 0 0 0 0 0 0 0
254 105 0 0 35 0 0 0 0 0
256 70 0 0 35 0 0 0 0 0
267 2 0 0 0 0 0 2 0 0
270 2 2 2 0 0 0 0 0 0
271 2 0 0 0 0 0 0 0 0
fl=./elf/./elf/dl-misc.c
fn=_dl_higher_prime_number
87 4 0 0 0 0 0 4 0 0
125 6 0 0 0 0 0 0 0 0
127 26 1 1 0 0 0 0 0 0
129 40 0 0 0 0 0 0 0 0
130 30 0 0 10 4 3 0 0 0
131 6 0 0 0 0 0 0 0 0
133 7 0 0 0 0 0 0 0 0
146 6 0 0 6 0 0 0 0 0
fn=_dl_name_match_p
68 10425 47 46 0 0 0 8340 51 42
69 6255 0 0 2085 608 384 0 0 0
70 211 0 0 0 0 0 0 0 0
72 2084 0 0 2084 546 313 0 0 0
74 4107 0 0 0 0 0 0 0 0
75 8932 0 0 2233 775 441 0 0 0
80 4046 0 0 2023 0 0 0 0 0
82 1874 0 0 0 0 0 0 0 0
83 6255 24 23 8340 0 0 0 0 0
fn=_dl_sysdep_read_whole_file
36 48 8 8 0 0 0 40 0 0
39 16 0 0 0 0 0 0 0 0
40 8 0 0 0 0 0 0 0 0
42 32 8 8 0 0 0 0 0 0
44 16 0 0 8 0 0 8 0 0
47 8 0 0 0 0 0 0 0 0
49 64 0 0 0 0 0 0 0 0
60 16 0 0 0 0 0 0 0 0
63 40 0 0 40 0 0 0 0 0
fl=./elf/./elf/dl-object.c
fn=_dl_add_to_namespace_list
31 216 23 22 0 0 0 180 0 0
33 180 0 0 36 1 0 0 0 0
35 323 28 22 36 0 0 0 0 0
38 1995 0 0 665 158 0 0 0 0
40 35 0 0 0 0 0 35 0 0
42 35 0 0 0 0 0 35 0 0
45 2 1 1 0 0 0 1 0 0
46 252 0 0 36 0 0 36 0 0
47 72 0 0 36 32 16 36 0 0
48 72 0 0 0 0 0 36 0 0
50 180 0 0 36 0 0 0 0 0
51 108 23 21 180 0 0 0 0 0
fn=_dl_new_object
59 468 30 22 0 0 0 432 28 27
62 108 0 0 0 0 0 0 0 0
64 1 1 1 0 0 0 0 0 0
66 1 1 1 0 0 0 0 0 0
67 2 0 0 0 0 0 0 0 0
71 4 1 1 0 0 0 0 0 0
77 4 0 0 0 0 0 1 0 0
80 70 29 21 35 0 0 0 0 0
83 175 0 0 0 0 0 35 0 0
87 35 0 0 0 0 0 0 0 0
92 70 0 0 0 0 0 0 0 0
95 36 0 0 0 0 0 0 0 0
98 36 0 0 0 0 0 36 5 5
99 36 0 0 0 0 0 36 6 6
100 72 30 22 0 0 0 0 0 0
102 72 0 0 0 0 0 72 2 2
103 36 0 0 0 0 0 0 0 0
104 180 0 0 36 0 0 36 2 2
106 108 0 0 36 0 0 36 0 0
119 107 57 43 36 3 0 0 0 0
123 35 30 21 0 0 0 0 0 0
125 1 0 0 0 0 0 0 0 0
127 108 0 0 36 6 6 36 0 0
130 144 0 0 36 0 0 36 0 0
131 108 1 1 0 0 0 36 6 6
132 36 0 0 0 0 0 36 1 1
136 36 0 0 0 0 0 36 0 0
139 105 1 1 0 0 0 0 0 0
141 16 0 0 0 0 0 16 4 4
149 72 0 0 0 0 0 36 1 1
150 72 22 22 0 0 0 36 6 6
153 1 1 1 0 0 0 0 0 0
155 216 21 21 36 1 1 0 0 0
157 98 0 0 0 0 0 35 3 3
160 38 0 0 0 0 0 0 0 0
161 42 21 21 0 0 0 0 0 0
164 45 0 0 15 3 0 0 0 0
168 147 0 0 14 0 0 0 0 0
170 30 0 0 0 0 0 0 0 0
176 91 0 0 0 0 0 31 1 1
179 72 0 0 0 0 0 36 0 0
189 72 23 22 36 0 0 0 0 0
191 140 0 0 0 0 0 0 0 0
195 70 0 0 0 0 0 0 0 0
200 35 0 0 0 0 0 0 0 0
245 140 25 22 0 0 0 0 0 0
250 1140 0 0 0 0 0 0 0 0
251 3420 0 0 1140 0 0 0 0 0
255 70 0 0 0 0 0 0 0 0
256 35 0 0 0 0 0 35 0 0
259 35 0 0 0 0 0 35 0 0
263 288 0 0 432 0 0 0 0 0
fl=./elf/./elf/dl-open.c
fn=_dl_find_dso_for_object
214 110 22 22 0 0 0 132 2 1
218 154 22 20 22 0 0 22 0 0
219 92 2 2 46 24 20 0 0 0
220 276 0 0 92 51 48 0 0 0
221 44 0 0 22 21 21 0 0 0
222 80 20 20 0 0 0 0 0 0
224 66 22 19 22 21 21 0 0 0
228 132 0 0 154 0 0 0 0 0
fn=_dl_open
845 198 22 22 0 0 0 242 39 6
846 44 0 0 0 0 0 0 0 0
851 220 22 22 22 22 21 0 0 0
853 44 0 0 0 0 0 0 0 0
880 66 0 0 0 0 0 0 0 0
893 22 22 22 0 0 0 22 1 0
894 22 0 0 0 0 0 22 0 0
896 22 0 0 0 0 0 44 0 0
897 22 0 0 0 0 0 22 0 0
900 22 0 0 0 0 0 22 0 0
902 22 0 0 0 0 0 44 0 0
905 154 21 4 0 0 0 0 0 0
909 22 0 0 0 0 0 0 0 0
921 44 0 0 22 0 0 0 0 0
923 154 22 22 22 1 0 22 9 0
926 44 0 0 22 0 0 0 0 0
952 22 0 0 0 0 0 0 0 0
953 44 0 0 22 0 0 0 0 0
956 88 0 0 22 1 0 0 0 0
959 176 22 22 264 21 5 0 0 0
fn=_dl_open_relocate_one_object.part.0
474 90 0 0 0 0 0 0 0 0
481 60 42 42 30 9 2 0 0 0
484 21 0 0 0 0 0 0 0 0
485 42 0 0 0 0 0 21 0 0
489 90 0 0 30 16 0 0 0 0
498 30 0 0 30 16 4 0 0 0
511 60 0 0 0 0 0 0 0 0
fn=call_dl_init
527 63 21 21 0 0 0 42 0 0
529 84 0 0 84 0 0 0 0 0
530 21 0 0 42 0 0 0 0 0
fn=dl_open_worker
793 110 44 42 0 0 0 110 22 17
796 22 0 0 0 0 0 22 0 0
800 110 0 0 22 0 0 0 0 0
803 176 43 26 0 0 0 0 0 0
805 88 0 0 22 0 0 0 0 0
807 44 0 0 22 0 0 0 0 0
812 44 0 0 22 0 0 0 0 0
815 21 0 0 21 1 0 0 0 0
816 21 0 0 21 4 2 0 0 0
822 84 0 0 21 0 0 63 0 0
826 21 0 0 21 0 0 0 0 0
829 105 21 21 0 0 0 0 0 0
833 21 1 0 0 0 0 0 0 0
837 63 0 0 21 0 0 0 0 0
840 88 1 0 110 1 0 0 0 0
fn=dl_open_worker_begin
236 96 3 3 38 6 6 0 0 0
237 44 3 3 0 0 0 0 0 0
247 44 0 0 22 0 0 0 0 0
248 44 0 0 0 0 0 0 0 0
260 324 0 0 21 7 0 0 0 0
262 160 0 0 160 17 0 0 0 0
266 362 21 21 80 21 0 0 0 0
273 16 0 0 4 0 0 0 0 0
280 2 0 0 0 0 0 1 1 1
281 3 1 1 0 0 0 0 0 0
293 2 0 0 0 0 0 1 0 0
296 2 0 0 1 0 0 0 0 0
302 5 1 1 1 0 0 0 0 0
304 1 0 0 1 0 0 0 0 0
306 1 0 0 0 0 0 1 0 0
308 4 0 0 1 0 0 0 0 0
311 4 0 0 2 0 0 1 0 0
325 303 42 42 21 0 0 0 0 0
327 160 0 0 160 0 0 0 0 0
328 80 0 0 0 0 0 0 0 0
330 362 0 0 80 0 0 0 0 0
339 20 0 0 4 0 0 0 0 0
344 4 0 0 0 0 0 4 1 1
345 4 0 0 0 0 0 0 0 0
346 29 3 2 4 0 0 4 0 0
348 4 0 0 0 0 0 0 0 0
352 240 0 0 160 0 0 0 0 0
364 42 0 0 0 0 0 0 0 0
365 282 21 21 0 0 0 0 0 0
367 160 0 0 160 0 0 0 0 0
371 220 21 21 110 9 4 0 0 0
373 8 0 0 0 0 0 0 0 0
374 12 0 0 4 0 0 0 0 0
386 6 3 3 3 0 0 0 0 0
387 70 3 3 0 0 0 0 0 0
389 40 0 0 40 0 0 0 0 0
393 56 0 0 28 2 0 0 0 0
395 12 0 0 0 0 0 0 0 0
397 14 3 3 4 0 0 0 0 0
398 4 0 0 4 0 0 0 0 0
403 6 0 0 3 0 0 0 0 0
404 6 0 0 0 0 0 0 0 0
408 9 0 0 0 0 0 3 0 0
413 48 3 3 3 0 0 0 0 0
415 18 0 0 18 0 0 0 0 0
417 24 0 0 0 0 0 0 0 0
418 21 0 0 9 0 0 0 0 0
419 6 0 0 3 0 0 0 0 0
423 9 3 3 3 0 0 3 0 0
434 9 0 0 3 0 0 0 0 0
438 12 0 0 6 0 0 0 0 0
452 619 0 0 42 27 3 0 0 0
453 493 0 0 493 379 59 0 0 0
454 986 0 0 493 355 45 0 0 0
456 4 0 0 2 0 0 0 0 0
463 25 0 0 0 0 0 2 0 0
478 309 0 0 106 4 0 0 0 0
534 154 22 22 0 0 0 220 4 1
536 22 22 22 22 0 0 0 0 0
537 22 0 0 22 0 0 0 0 0
544 66 0 0 0 0 0 0 0 0
545 89 22 22 22 0 0 0 0 0
546 6 0 0 0 0 0 0 0 0
552 88 0 0 22 22 22 0 0 0
554 44 0 0 22 0 0 0 0 0
559 66 22 22 22 0 0 0 0 0
560 42 0 0 21 0 0 21 0 0
566 176 0 0 22 0 0 22 0 0
570 44 0 0 22 0 0 22 0 0
574 66 22 22 0 0 0 0 0 0
578 198 0 0 22 0 0 22 9 0
583 22 0 0 0 0 0 0 0 0
589 22 0 0 0 0 0 0 0 0
594 88 22 22 22 0 0 22 0 0
597 44 0 0 22 1 1 0 0 0
600 3 1 1 1 0 0 0 0 0
607 2 0 0 0 0 0 0 0 0
612 1 1 1 0 0 0 0 0 0
626 2 0 0 1 0 0 0 0 0
627 2 0 0 1 0 0 0 0 0
634 42 0 0 0 0 0 42 17 0
638 168 0 0 0 0 0 0 0 0
642 303 7 0 21 0 0 0 0 0
643 400 21 21 320 37 4 0 0 0
646 90 0 0 30 5 0 0 0 0
661 63 21 21 21 2 0 0 0 0
665 63 0 0 21 10 0 0 0 0
666 21 0 0 0 0 0 21 0 0
667 21 0 0 0 0 0 0 0 0
668 21 0 0 0 0 0 0 0 0
673 63 0 0 21 1 0 0 0 0
677 105 21 21 0 0 0 0 0 0
678 42 0 0 21 21 14 0 0 0
685 21 0 0 0 0 0 0 0 0
686 21 0 0 0 0 0 0 0 0
687 42 0 0 0 0 0 0 0 0
688 42 0 0 42 2 0 0 0 0
691 320 0 0 160 2 0 0 0 0
694 60 0 0 0 0 0 0 0 0
695 110 21 21 0 0 0 0 0 0
697 80 0 0 80 0 0 0 0 0
699 80 0 0 0 0 0 0 0 0
701 21 0 0 0 0 0 21 19 0
717 147 0 0 42 0 0 0 0 0
722 317 22 22 0 0 0 0 0 0
723 64 21 21 64 15 3 0 0 0
736 21 21 21 0 0 0 0 0 0
756 63 0 0 0 0 0 0 0 0
768 21 0 0 0 0 0 0 0 0
774 42 0 0 21 21 2 0 0 0
775 21 0 0 0 0 0 0 0 0
781 42 0 0 21 20 4 0 0 0
788 63 0 0 42 19 3 21 0 0
789 132 2 2 220 17 2 0 0 0
fl=./elf/./elf/dl-reloc.c
fn=_dl_protect_relro
355 148 22 22 0 0 0 111 6 0
356 259 22 22 111 10 2 0 0 0
359 111 0 0 37 0 0 0 0 0
363 74 0 0 0 0 0 0 0 0
364 148 22 22 0 0 0 0 0 0
370 111 0 0 111 0 0 0 0 0
fn=_dl_relocate_object
170 37167 0 0 12389 8011 5301 0 0 0
171 24742 20 20 0 0 0 0 0 0
174 83627 0 0 12371 28 6 0 0 0
175 15050 10 10 2150 0 0 0 0 0
177 10750 5 5 2150 3 0 2150 0 0
178 6450 0 0 2150 0 0 2150 0 0
183 10406 0 0 0 0 0 10332 2 0
184 10221 0 0 0 0 0 10221 0 0
186 71459 23 23 30663 405 3 0 0 0
187 30399 0 0 0 0 0 0 0 0
188 20266 0 0 10133 828 39 0 0 0
190 71760 23 23 10221 0 0 0 0 0
193 20442 0 0 10221 0 0 10221 150 2
194 10221 0 0 0 0 0 10221 94 3
196 2150 0 0 2150 0 0 0 0 0
207 380 22 22 0 0 0 494 5 2
208 76 0 0 38 0 0 0 0 0
220 67 0 0 0 0 0 0 0 0
221 111 0 0 0 0 0 74 0 0
224 74 22 22 0 0 0 0 0 0
226 74 0 0 0 0 0 0 0 0
228 111 22 22 37 34 4 0 0 0
229 74 0 0 37 2 0 0 0 0
251 37 22 22 0 0 0 0 0 0
252 74 0 0 37 23 3 0 0 0
253 14 6 6 0 0 0 0 0 0
255 74 23 23 37 0 0 0 0 0
262 74 0 0 37 9 1 0 0 0
301 1953 155 153 553 115 26 340 0 0
304 259 22 21 74 2 0 0 0 0
328 111 22 19 37 1 0 37 0 0
331 37 0 0 0 0 0 0 0 0
348 74 0 0 37 31 6 0 0 0
349 74 23 22 0 0 0 0 0 0
350 304 1 1 456 32 3 0 0 0
fn=_dl_try_allocate_static_tls
53 16 3 3 0 0 0 12 1 0
56 12 0 0 4 0 0 0 0 0
57 24 3 3 8 4 4 0 0 0
60 2 0 0 0 0 0 0 0 0
87 40 0 0 8 4 3 0 0 0
91 8 0 0 4 0 0 0 0 0
93 12 0 0 4 0 0 0 0 0
97 3 0 0 0 0 0 0 0 0
98 15 3 3 3 0 0 0 0 0
101 9 0 0 0 0 0 3 0 0
103 3 0 0 0 0 0 3 0 0
104 3 0 0 0 0 0 3 0 0
105 6 0 0 0 0 0 3 0 0
112 9 0 0 6 0 0 0 0 0
125 9 3 3 3 0 0 3 0 0
127 6 3 3 0 0 0 0 0 0
128 12 0 0 12 0 0 0 0 0
fl=./elf/./elf/dl-runtime.c
fn=_dl_fixup
46 936 109 53 0 0 0 1170 38 18
48 468 0 0 351 182 86 0 0 0
49 351 0 0 234 147 59 0 0 0
54 117 0 0 117 51 28 0 0 0
55 468 64 29 117 61 34 0 0 0
56 702 0 0 117 14 11 117 0 0
58 234 0 0 117 117 81 0 0 0
63 234 0 0 0 0 0 0 0 0
67 351 0 0 117 117 112 0 0 0
69 349 0 0 0 0 0 0 0 0
71 234 64 30 117 57 30 0 0 0
75 348 0 0 232 170 114 0 0 0
76 464 0 0 116 1 0 0 0 0
77 116 0 0 116 61 38 0 0 0
84 117 0 0 0 0 0 0 0 0
85 468 58 30 117 53 27 0 0 0
95 1053 0 0 234 56 28 0 0 0
99 234 0 0 117 0 0 0 0 0
109 1404 57 29 468 1 1 117 0 0
124 468 0 0 117 0 0 0 0 0
125 10 0 0 0 0 0 5 0 0
133 234 0 0 117 0 0 0 0 0
159 351 0 0 117 25 17 0 0 0
162 117 58 33 117 0 0 0 0 0
163 702 53 32 1170 2 0 0 0 0
fl=./elf/./elf/dl-setup_hash.c
fn=_dl_setup_hash
28 74 31 21 37 0 0 0 0 0
31 74 0 0 37 0 0 0 0 0
32 74 0 0 37 37 37 37 0 0
34 37 0 0 74 1 1 0 0 0
36 111 0 0 0 0 0 0 0 0
37 37 0 0 0 0 0 37 0 0
38 111 23 18 37 0 0 37 0 0
40 37 0 0 0 0 0 37 0 0
41 74 0 0 0 0 0 0 0 0
43 37 0 0 0 0 0 37 0 0
44 37 0 0 0 0 0 0 0 0
45 111 0 0 0 0 0 37 0 0
50 37 0 0 0 0 0 0 0 0
fl=./elf/./elf/dl-sort-maps.c
fn=_dl_sort_maps
140 954 1 1 161 3 0 0 0 0
181 23 0 0 0 0 0 0 0 0
182 23 23 23 23 0 0 0 0 0
183 340 23 23 0 0 0 0 0 0
184 496 0 0 248 0 0 124 0 0
211 299 23 23 0 0 0 23 5 0
216 46 0 0 0 0 0 23 0 0
218 23 0 0 0 0 0 23 1 0
219 115 0 0 0 0 0 0 0 0
221 225 0 0 0 0 0 0 0 0
223 124 23 23 124 0 0 0 0 0
226 372 0 0 124 0 0 0 0 0
244 47 0 0 23 0 0 0 0 0
246 74 1 1 0 0 0 0 0 0
247 148 0 0 74 0 0 37 0 0
249 3 0 0 0 0 0 1 0 0
250 73 0 0 0 0 0 0 0 0
252 37 0 0 37 0 0 0 0 0
257 111 0 0 37 0 0 0 0 0
263 110 22 22 0 0 0 0 0 0
276 92 22 22 23 0 0 0 0 0
283 23 23 22 0 0 0 0 0 0
298 276 45 45 0 0 0 276 2 0
306 69 0 0 23 23 2 0 0 0
310 207 23 23 276 0 0 0 0 0
fn=_dl_sort_maps_init
289 2 1 1 0 0 0 2 0 0
290 5 0 0 1 0 0 0 0 0
291 2 0 0 0 0 0 1 0 0
292 2 1 1 0 0 0 0 0 0
293 2 0 0 2 0 0 0 0 0
fn=dfs_traversal.part.0
135 1127 23 22 0 0 0 966 9 1
140 1288 1 1 389 0 0 0 0 0
143 483 0 0 161 0 0 161 0 0
145 322 0 0 161 31 15 0 0 0
147 1746 2 2 621 98 73 117 0 0
156 235 22 22 37 0 0 0 0 0
160 2 0 0 0 0 0 1 0 0
162 6 1 1 1 1 1 0 0 0
164 3 0 0 1 0 0 1 0 0
171 483 0 0 161 0 0 161 0 0
172 161 0 0 0 0 0 161 4 0
173 699 22 22 977 0 0 0 0 0
fl=./elf/./elf/dl-sym.c
fn=_dl_sym
194 240 120 21 0 0 0 240 0 0
195 360 0 0 0 0 0 0 0 0
196 120 120 23 240 0 0 0 0 0
fn=do_sym
51 240 0 0 120 0 0 0 0 0
87 1800 240 44 240 0 0 1080 25 1
88 120 0 0 0 0 0 120 6 0
93 120 0 0 0 0 0 0 0 0
95 240 0 0 0 0 0 0 0 0
129 240 0 0 0 0 0 0 0 0
153 1560 120 21 240 97 2 0 0 0
157 240 0 0 120 0 0 0 0 0
162 360 120 22 120 0 0 0 0 0
168 960 0 0 240 0 0 0 0 0
170 120 0 0 0 0 0 120 0 0
174 1680 120 21 1320 0 0 0 0 0
fl=./elf/./elf/dl-tls.c
fn=__tls_get_addr
942 2 0 0 0 0 0 2 1 1
943 2 1 1 1 0 0 0 0 0
949 3 1 1 1 1 1 0 0 0
950 3 0 0 1 0 0 0 0 0
958 3 0 0 2 0 0 0 0 0
960 2 0 0 0 0 0 0 0 0
961 2 0 0 0 0 0 0 0 0
964 1 1 1 2 0 0 0 0 0
fn=_dl_add_to_slotinfo
1017 70 4 4 0 0 0 80 2 0
1023 10 0 0 10 2 2 0 0 0
1026 30 4 4 10 7 2 0 0 0
1027 10 0 0 0 0 0 0 0 0
1031 30 0 0 10 3 2 0 0 0
1065 10 0 0 0 0 0 0 0 0
1068 18 1 1 0 0 0 6 4 2
1069 30 0 0 6 4 2 6 0 0
1072 50 7 7 80 0 0 0 0 0
fn=_dl_allocate_tls_init
523 6 1 1 0 0 0 5 0 0
524 1 0 0 0 0 0 0 0 0
528 1 0 0 1 1 0 0 0 0
530 1 0 0 0 0 0 1 0 0
531 1 0 0 0 0 0 0 0 0
534 9 1 1 1 1 0 8 0 0
537 6 0 0 2 1 0 0 0 0
549 2 0 0 1 0 0 0 0 0
554 20 1 1 2 0 0 0 0 0
560 6 1 1 0 0 0 0 0 0
563 2 0 0 2 0 0 0 0 0
564 2 0 0 0 0 0 0 0 0
570 8 0 0 4 0 0 0 0 0
571 4 1 1 0 0 0 0 0 0
573 12 0 0 4 2 0 2 0 0
576 4 0 0 0 0 0 0 0 0
577 4 0 0 2 0 0 0 0 0
580 4 0 0 0 0 0 0 0 0
581 8 0 0 4 1 0 0 0 0
586 2 0 0 0 0 0 0 0 0
593 2 0 0 0 0 0 2 0 0
601 10 1 1 4 2 0 0 0 0
603 20 0 0 8 0 0 0 0 0
609 2 0 0 2 0 0 0 0 0
615 5 0 0 1 0 0 0 0 0
618 5 1 1 8 0 0 1 0 0
621 4 0 0 4 0 0 0 0 0
fn=_dl_allocate_tls_storage
417 4 1 1 0 0 0 5 0 0
430 3 0 0 1 0 0 0 0 0
431 2 0 0 1 0 0 0 0 0
432 1 0 0 0 0 0 0 0 0
452 5 1 1 0 0 0 0 0 0
459 4 0 0 0 0 0 0 0 0
464 2 0 0 0 0 0 1 0 0
466 3 0 0 0 0 0 0 0 0
467 1 0 0 0 0 0 0 0 0
470 5 1 1 5 0 0 0 0 0
fn=_dl_assign_tls_modid
128 15 5 4 5 0 0 0 0 0
141 15 4 4 5 0 0 0 0 0
181 15 0 0 5 0 0 0 0 0
183 15 0 0 0 0 0 5 0 0
186 10 0 0 0 0 0 5 0 0
fn=_dl_count_modids
192 2 1 1 0 0 0 2 0 0
194 5 1 1 1 0 0 0 0 0
195 1 0 0 1 0 0 0 0 0
210 2 0 0 2 0 0 0 0 0
fn=_dl_determine_tlsoffset
216 2 0 0 0 0 0 2 0 0
217 2 0 0 0 0 0 0 0 0
218 1 0 0 0 0 0 0 0 0
219 1 0 0 0 0 0 0 0 0
222 4 1 1 1 0 0 0 0 0
225 2 0 0 1 0 0 0 0 0
307 1 0 0 0 0 0 0 0 0
309 11 1 1 3 0 0 0 0 0
311 5 1 1 1 0 0 0 0 0
313 6 1 1 2 0 0 0 0 0
314 4 0 0 2 1 0 0 0 0
316 4 0 0 0 0 0 0 0 0
318 10 0 0 2 0 0 0 0 0
325 2 0 0 0 0 0 2 0 0
332 8 0 0 0 0 0 0 0 0
333 2 0 0 0 0 0 0 0 0
334 6 0 0 0 0 0 0 0 0
336 2 0 0 0 0 0 0 0 0
337 2 0 0 0 0 0 0 0 0
340 6 0 0 0 0 0 0 0 0
343 2 0 0 0 0 0 0 0 0
346 2 0 0 0 0 0 1 0 0
347 6 2 2 1 0 0 0 0 0
354 1 0 0 0 0 0 2 0 0
355 2 0 0 2 0 0 0 0 0
fn=_dl_init_static_tls
1081 6 3 3 3 0 0 0 0 0
1087 30 0 0 12 0 0 0 0 0
1093 18 3 3 0 0 0 21 0 0
1094 21 3 3 0 0 0 0 0 0
1098 21 0 0 3 0 0 0 0 0
1102 30 3 3 6 3 1 0 0 0
1105 18 3 3 0 0 0 0 0 0
1106 15 0 0 21 0 0 0 0 0
fn=_dl_tls_static_surplus_init
83 4 0 0 0 0 0 0 0 0
97 4 1 1 0 0 0 4 0 0
100 6 1 1 1 0 0 0 0 0
101 5 0 0 1 0 0 0 0 0
102 3 0 0 0 0 0 0 0 0
104 3 0 0 0 0 0 0 0 0
107 1 0 0 0 0 0 0 0 0
109 2 0 0 0 0 0 1 0 0
111 4 0 0 0 0 0 1 1 1
112 3 0 0 4 0 0 0 0 0
fn=_dl_update_slotinfo
720 21 6 6 0 0 0 21 0 0
721 3 0 0 0 0 0 3 0 0
722 9 0 0 3 3 3 3 0 0
768 9 0 0 3 3 3 0 0 0
770 3 0 0 0 0 0 0 0 0
771 18 0 0 3 0 0 18 0 0
772 6 3 3 0 0 0 0 0 0
775 9 0 0 3 0 0 0 0 0
778 41 3 3 3 0 0 0 0 0
780 16 0 0 0 0 0 0 0 0
783 77 3 3 0 0 0 0 0 0
786 13 0 0 13 2 2 0 0 0
789 26 0 0 0 0 0 0 0 0
793 39 0 0 13 0 0 0 0 0
800 11 3 3 4 0 0 3 0 0
802 12 0 0 4 0 0 0 0 0
822 12 0 0 0 0 0 4 0 0
823 12 0 0 4 3 3 4 0 0
826 16 0 0 12 0 0 0 0 0
830 3 0 0 0 0 0 0 0 0
831 6 3 3 0 0 0 0 0 0
844 12 0 0 18 0 0 3 0 0
848 15 0 0 21 0 0 0 0 0
fn=allocate_dtv
360 4 1 1 0 0 0 4 0 0
365 3 0 0 1 0 0 0 0 0
369 1 0 0 0 0 0 0 0 0
371 1 0 0 0 0 0 0 0 0
374 3 0 0 0 0 0 1 1 1
380 1 0 0 0 0 0 1 0 0
386 3 0 0 4 0 0 0 0 0
fn=tls_get_addr_tail
676 4 0 0 0 0 0 0 0 0
680 2 0 0 0 0 0 0 0 0
704 2 0 0 2 1 1 0 0 0
706 1 1 1 0 0 0 0 0 0
710 10 1 1 4 0 0 0 0 0
854 7 2 2 0 0 0 6 0 0
856 1 0 0 0 0 0 0 0 0
859 1 0 0 1 0 0 0 0 0
860 2 1 1 1 1 1 0 0 0
862 3 0 0 1 1 1 0 0 0
868 2 1 1 1 1 1 0 0 0
875 3 0 0 1 1 1 0 0 0
878 5 0 0 1 1 1 0 0 0
879 2 0 0 1 0 0 0 0 0
881 2 0 0 0 0 0 1 0 0
882 6 1 1 1 0 0 2 0 0
905 5 0 0 1 0 0 2 0 0
906 1 0 0 0 0 0 0 0 0
908 3 0 0 3 0 0 0 0 0
909 4 0 0 6 0 0 0 0 0
fl=./elf/./elf/dl-tunables.c
fn=__GI___tunable_set_val
153 2 0 0 0 0 0 2 0 0
154 3 0 0 0 0 0 0 0 0
156 2 0 0 0 0 0 0 0 0
157 1 0 0 2 0 0 0 0 0
fn=__GI___tunables_init
42 49 1 1 18 0 0 0 0 0
45 15 0 0 0 0 0 0 0 0
48 801 1 1 136 9 9 0 0 0
52 15 0 0 0 0 0 0 0 0
56 62 0 0 0 0 0 0 0 0
261 4 2 2 0 0 0 4 0 0
267 3 0 0 1 0 0 0 0 0
281 1920 0 0 0 0 0 0 0 0
283 3 0 0 0 0 0 2 0 0
287 3015 1 1 960 31 31 0 0 0
304 3 0 0 4 0 0 0 0 0
fn=__tunable_get_val
387 74 0 0 0 0 0 74 0 0
390 332 30 18 37 32 30 0 0 0
399 46 0 0 36 29 13 10 0 0
409 30 1 1 0 0 0 27 2 2
416 296 4 2 37 0 0 0 0 0
418 74 0 0 74 0 0 0 0 0
fn=do_tunable_update_val
69 2 1 1 0 0 0 2 0 0
72 4 1 1 1 0 0 0 0 0
79 1 1 1 1 0 0 0 0 0
93 2 0 0 0 0 0 0 0 0
94 3 2 2 2 0 0 0 0 0
100 2 0 0 0 0 0 0 0 0
104 3 0 0 0 0 0 0 0 0
111 2 0 0 0 0 0 0 0 0
112 2 0 0 0 0 0 0 0 0
115 1 0 0 0 0 0 1 0 0
117 1 0 0 0 0 0 2 0 0
118 2 0 0 0 0 0 1 0 0
119 2 0 0 2 0 0 0 0 0
fl=./elf/./elf/dl-tunables.h
fn=__GI___tunables_init
160 428 1 1 184 1 1 0 0 0
161 516 0 0 0 0 0 0 0 0
fn=do_tunable_update_val
141 2 0 0 0 0 0 0 0 0
fl=./elf/./elf/dl-version.c
fn=_dl_check_all_versions
392 3 1 1 0 0 0 4 1 0
394 5 0 0 0 0 0 2 0 0
396 17 0 0 9 0 0 0 0 0
397 14 0 0 7 1 0 0 0 0
398 49 1 1 0 0 0 0 0 0
401 4 0 0 4 0 0 0 0 0
fn=_dl_check_map_versions
36 1262 20 20 176 9 0 0 0 0
37 558 0 0 558 0 0 0 0 0
38 2672 0 0 0 0 0 0 0 0
56 501 0 0 334 51 8 0 0 0
64 501 0 0 167 15 0 0 0 0
70 334 20 19 167 60 49 0 0 0
86 167 0 0 167 43 20 0 0 0
87 167 0 0 0 0 0 0 0 0
89 334 0 0 167 0 0 0 0 0
94 3555 20 20 1185 154 139 0 0 0
108 3555 0 0 1185 66 63 0 0 0
110 167 20 20 167 0 0 0 0 0
113 835 0 0 167 14 14 0 0 0
120 2036 0 0 1018 39 36 0 0 0
124 1018 0 0 0 0 0 0 0 0
147 165 0 0 0 0 0 99 7 0
155 148 22 21 0 0 0 148 32 0
156 37 2 2 0 0 0 37 19 0
164 37 0 0 0 0 0 0 0 0
170 74 0 0 37 8 0 0 0 0
172 111 0 0 37 16 1 0 0 0
174 37 0 0 37 17 1 0 0 0
175 37 0 0 37 4 0 0 0 0
177 37 0 0 0 0 0 0 0 0
180 99 0 0 66 18 0 0 0 0
184 99 0 0 33 32 32 0 0 0
198 55 0 0 0 0 0 0 0 0
200 264 0 0 176 6 6 0 0 0
208 88 0 0 0 0 0 0 0 0
213 440 0 0 88 12 12 352 2 0
215 79 0 0 0 0 0 0 0 0
217 501 0 0 334 41 41 0 0 0
218 1356 40 37 880 9 0 88 0 0
221 334 0 0 167 0 0 167 0 0
224 835 0 0 167 0 0 0 0 0
231 668 20 20 167 0 0 0 0 0
234 510 20 20 431 0 0 0 0 0
239 79 0 0 0 0 0 0 0 0
243 176 20 20 88 0 0 0 0 0
248 55 0 0 0 0 0 0 0 0
257 172 20 20 66 0 0 0 0 0
260 40 0 0 20 0 0 0 0 0
263 608 0 0 152 17 13 0 0 0
266 304 0 0 152 7 7 0 0 0
270 142 0 0 0 0 0 0 0 0
274 34 20 20 0 0 0 0 0 0
279 34 20 20 0 0 0 34 7 0
280 34 0 0 0 0 0 0 0 0
281 68 0 0 34 0 0 0 0 0
291 34 0 0 0 0 0 34 0 0
294 138 0 0 69 31 0 34 12 0
296 34 0 0 0 0 0 0 0 0
299 132 0 0 66 2 0 0 0 0
301 55 0 0 0 0 0 0 0 0
303 264 20 20 88 1 0 0 0 0
306 334 0 0 167 0 0 0 0 0
308 334 0 0 0 0 0 0 0 0
310 534 0 0 167 0 0 0 0 0
311 334 20 20 0 0 0 334 10 10
312 501 0 0 167 1 0 167 3 3
313 501 0 0 167 1 0 167 1 1
316 334 0 0 167 0 0 0 0 0
321 79 0 0 0 0 0 0 0 0
324 176 0 0 88 0 0 0 0 0
329 55 0 0 0 0 0 0 0 0
334 34 0 0 0 0 0 0 0 0
337 30 0 0 10 0 0 0 0 0
341 142 0 0 284 0 0 0 0 0
343 304 0 0 152 0 0 0 0 0
347 142 0 0 142 0 0 0 0 0
348 578 0 0 0 0 0 142 14 14
349 426 0 0 142 0 0 142 0 0
350 142 0 0 0 0 0 142 6 6
353 304 0 0 152 0 0 0 0 0
357 142 0 0 0 0 0 0 0 0
365 10 0 0 0 0 0 0 0 0
366 66 20 20 33 0 0 0 0 0
367 66 20 20 33 21 0 0 0 0
368 148 2 2 296 2 0 0 0 0
387 148 0 0 185 0 0 0 0 0
fl=./elf/./elf/do-rel.h
fn=_dl_relocate_object
49 222 0 0 74 0 0 0 0 0
50 148 0 0 148 32 5 0 0 0
51 74 0 0 37 18 1 0 0 0
53 370 22 22 148 15 0 0 0 0
80 74 0 0 0 0 0 0 0 0
83 1692 0 0 0 0 0 0 0 0
114 177 22 22 0 0 0 0 0 0
123 84424 0 0 0 0 0 0 0 0
126 140 0 0 70 47 7 0 0 0
129 130 0 0 65 35 4 0 0 0
131 37218 2 2 148 21 0 0 0 0
133 49204 20 20 36903 8462 3655 0 0 0
134 36903 0 0 0 0 0 24602 5 1
135 12301 0 0 0 0 0 0 0 0
136 36903 0 0 12301 94 1 0 0 0
150 50650 21 21 12296 61 0 0 0 0
151 20085 20 20 13390 345 4 0 0 0
180 277 3 3 0 0 0 0 0 0
182 440 0 0 176 23 23 176 0 0
183 88 0 0 0 0 0 0 0 0
196 492 9 9 88 1 0 0 0 0
197 116 0 0 58 1 0 0 0 0
fn=_dl_start
49 6 0 0 2 0 0 0 0 0
50 4 0 0 4 0 0 0 0 0
51 2 0 0 1 0 0 0 0 0
53 11 1 1 4 0 0 0 0 0
56 74 0 0 0 0 0 0 0 0
61 17 0 0 0 0 0 0 0 0
63 8 1 1 8 1 1 0 0 0
64 8 0 0 0 0 0 0 0 0
65 4 0 0 0 0 0 0 0 0
fl=./elf/./elf/get-dynamic-info.h
fn=_dl_map_object_from_fd
39 35 0 0 0 0 0 0 0 0
43 35 0 0 0 0 0 0 0 0
45 1874 0 0 937 262 262 0 0 0
49 1804 0 0 0 0 0 0 0 0
51 400 0 0 0 0 0 0 0 0
52 270 34 21 0 0 0 0 0 0
53 70 0 0 0 0 0 0 0 0
54 635 29 20 0 0 0 0 0 0
55 349 0 0 0 0 0 0 0 0
56 172 24 22 0 0 0 0 0 0
59 215 22 22 0 0 0 0 0 0
62 172 0 0 0 0 0 0 0 0
64 129 18 16 0 0 0 0 0 0
68 902 0 0 0 0 0 902 34 33
72 70 0 0 0 0 0 0 0 0
84 70 0 0 35 0 0 0 0 0
85 175 0 0 70 0 0 35 0 0
86 175 24 22 70 0 0 35 0 0
87 175 0 0 70 0 0 35 0 0
88 70 0 0 35 4 4 0 0 0
89 175 0 0 70 0 0 35 0 0
90 166 35 22 67 1 1 32 0 0
91 175 0 0 70 0 0 35 0 0
103 210 22 22 70 0 0 35 0 0
110 70 0 0 35 0 0 0 0 0
115 105 0 0 35 0 0 0 0 0
122 70 0 0 35 0 0 0 0 0
123 140 0 0 70 0 0 0 0 0
129 70 0 0 35 0 0 0 0 0
147 70 22 19 35 0 0 0 0 0
152 14 0 0 7 0 0 7 0 0
154 7 0 0 0 0 0 0 0 0
156 7 0 0 0 0 0 0 0 0
158 7 0 0 0 0 0 0 0 0
159 14 0 0 0 0 0 7 0 0
162 70 0 0 35 0 0 0 0 0
164 24 1 1 8 0 0 8 0 0
165 8 0 0 0 0 0 0 0 0
166 2 0 0 0 0 0 1 0 0
174 16 0 0 8 0 0 0 0 0
180 8 0 0 0 0 0 0 0 0
181 21 0 0 7 0 0 7 0 0
184 70 21 21 35 0 0 0 0 0
186 1 0 0 0 0 0 1 0 0
fl=./elf/./elf/libc-dl-profstub.c
fn=_dl_mcount_wrapper_check
36 1575 0 0 0 0 0 0 0 0
37 6300 662 211 3150 1157 415 0 0 0
38 1575 0 0 0 0 0 0 0 0
fl=./elf/./elf/libc-dl_find_object.c
fn=_dl_find_object
24 36 2 2 0 0 0 36 0 0
25 90 0 0 36 4 2 0 0 0
26 18 0 0 36 0 0 0 0 0
fl=./elf/./elf/libc_early_init.c
fn=__libc_early_init
33 10 2 2 2 2 1 4 0 0
35 1 0 0 0 0 0 0 0 0
38 3 0 0 1 0 0 1 0 0
41 4 0 0 0 0 0 2 2 2
49 11 1 1 6 0 0 0 0 0
fl=./elf/./elf/rtld.c
fn=_dl_start
458 5 0 0 0 0 0 1 0 0
476 3 0 0 0 0 0 0 0 0
477 2 0 0 0 0 0 1 0 0
478 1 0 0 0 0 0 1 1 1
479 3 0 0 0 0 0 1 0 0
488 2 1 1 0 0 0 1 0 0
494 4 0 0 1 0 0 0 0 0
496 2 1 0 1 0 0 0 0 0
517 9 2 2 0 0 0 13 2 2
543 3 0 0 0 0 0 1 1 1
546 3 0 0 0 0 0 1 0 0
547 3 1 1 1 1 1 1 0 0
563 48 4 4 10 0 0 9 2 2
565 4 2 2 1 0 0 1 0 0
578 1 0 0 0 0 0 0 0 0
585 7 0 0 12 2 2 0 0 0
fn=dl_main
197 2 1 1 0 0 0 1 0 0
199 1 0 0 0 0 0 1 0 0
224 2 1 1 2 0 0 0 0 0
225 3 0 0 2 0 0 0 0 0
226 3 1 1 0 0 0 0 0 0
296 4 0 0 0 0 0 3 0 0
302 1 0 0 0 0 0 1 0 0
303 1 0 0 0 0 0 1 0 0
837 2 1 1 1 0 0 0 0 0
841 3 0 0 1 0 0 1 0 0
850 4 0 0 2 1 0 1 1 0
855 1 0 0 0 0 0 1 0 0
1115 1 0 0 1 0 0 0 0 0
1116 1 0 0 1 0 0 0 0 0
1118 1 0 0 0 0 0 0 0 0
1122 6 0 0 1 1 1 2 0 0
1124 3 1 1 1 0 0 1 0 0
1125 3 0 0 1 0 0 1 0 0
1140 1 0 0 0 0 0 0 0 0
1143 36 2 2 0 0 0 0 0 0
1144 84 2 2 10 4 4 0 0 0
1148 4 1 1 2 0 0 1 0 0
1149 1 0 0 0 0 0 0 0 0
1153 4 0 0 2 0 0 1 0 0
1154 6 0 0 2 0 0 1 0 0
1155 1 0 0 0 0 0 0 0 0
1163 4 1 1 0 0 0 1 1 1
1164 3 2 2 2 1 1 0 0 0
1166 1 0 0 0 0 0 1 0 0
1173 2 0 0 1 0 0 0 0 0
1191 2 0 0 0 0 0 0 0 0
1199 4 0 0 2 0 0 0 0 0
1200 7 0 0 3 1 1 0 0 0
1201 6 0 0 2 0 0 0 0 0
1202 1 0 0 0 0 0 1 0 0
1204 4 0 0 2 0 0 0 0 0
1205 6 0 0 0 0 0 0 0 0
1206 3 1 1 0 0 0 1 0 0
1209 6 0 0 2 1 1 0 0 0
1210 6 0 0 2 0 0 0 0 0
1211 2 0 0 0 0 0 2 0 0
1215 4 0 0 0 0 0 0 0 0
1221 2 0 0 1 0 0 0 0 0
1227 1 0 0 0 0 0 1 1 1
1228 2 0 0 1 1 1 1 0 0
1233 5 0 0 0 0 0 1 0 0
1234 2 0 0 1 0 0 1 0 0
1235 1 0 0 0 0 0 1 1 1
1238 6 0 0 1 0 0 2 1 1
1243 4 0 0 2 0 0 1 0 0
1244 1 0 0 0 0 0 0 0 0
1247 2 0 0 1 1 1 1 0 0
1248 2 0 0 1 0 0 1 0 0
1249 1 0 0 0 0 0 0 0 0
1253 21 1 1 0 0 0 0 0 0
1254 34 0 0 10 0 0 0 0 0
1266 2 0 0 1 0 0 0 0 0
1268 3 0 0 1 0 0 1 0 0
1269 2 0 0 1 0 0 0 0 0
1271 4 0 0 2 0 0 0 0 0
1346 12 1 1 0 0 0 13 3 3
1351 1 0 0 0 0 0 0 0 0
1352 1 0 0 0 0 0 0 0 0
1357 1 0 0 0 0 0 0 0 0
1373 5 0 0 2 0 0 1 0 0
1374 5 0 0 1 0 0 0 0 0
1637 9 1 1 0 0 0 1 0 0
1639 1 0 0 0 0 0 0 0 0
1640 1 1 1 0 0 0 1 0 0
1641 3 0 0 1 0 0 2 1 1
1642 2 0 0 1 0 0 1 0 0
1646 2 0 0 0 0 0 0 0 0
1647 6 0 0 2 0 0 1 0 0
1672 4 1 1 2 0 0 0 0 0
1673 6 1 1 3 0 0 0 0 0
1674 4 0 0 2 0 0 0 0 0
1675 4 0 0 1 0 0 1 0 0
1678 3 0 0 0 0 0 0 0 0
1680 1 0 0 0 0 0 2 0 0
1681 2 0 0 0 0 0 1 0 0
1683 2 0 0 1 0 0 0 0 0
1684 1 0 0 0 0 0 1 0 0
1688 4 0 0 2 0 0 0 0 0
1690 1 0 0 0 0 0 0 0 0
1698 2 1 1 1 0 0 0 0 0
1705 4 1 1 1 0 0 1 0 0
1708 3 0 0 1 0 0 0 0 0
1733 6 0 0 2 0 0 0 0 0
1735 1 1 1 0 0 0 1 0 0
1740 3 0 0 2 0 0 0 0 0
1743 4 1 1 2 0 0 1 0 0
1744 6 0 0 2 0 0 1 0 0
1745 3 0 0 1 0 0 1 0 0
1746 1 0 0 0 0 0 1 0 0
1747 3 0 0 1 0 0 1 0 0
1748 3 0 0 1 0 0 1 0 0
1759 5 1 1 1 1 1 0 0 0
1760 3 0 0 1 0 0 0 0 0
1762 2 0 0 1 0 0 0 0 0
1764 1 0 0 0 0 0 1 0 0
1765 4 1 1 1 0 0 1 1 1
1770 3 0 0 0 0 0 0 0 0
1771 8 0 0 1 1 1 0 0 0
1773 4 0 0 2 0 0 1 1 1
1774 2 1 1 1 0 0 1 0 0
1779 4 0 0 2 0 0 0 0 0
1788 3 1 1 0 0 0 0 0 0
1792 1 1 1 0 0 0 0 0 0
1793 2 0 0 1 0 0 0 0 0
1817 3 0 0 0 0 0 2 0 0
1823 2 0 0 0 0 0 1 0 0
1824 2 0 0 0 0 0 1 0 0
1825 1 0 0 0 0 0 0 0 0
1829 4 1 1 1 0 0 0 0 0
1834 3 0 0 2 0 0 0 0 0
1836 1 0 0 0 0 0 0 0 0
1838 2 0 0 1 0 0 0 0 0
1842 8 2 2 1 0 0 1 0 0
1847 2 0 0 1 0 0 0 0 0
1863 8 1 1 1 0 0 1 0 0
1939 2 0 0 1 0 0 0 0 0
1943 14 3 3 0 0 0 1 0 0
1944 1 0 0 0 0 0 0 0 0
1947 3 0 0 0 0 0 1 0 0
1948 1 0 0 1 0 0 0 0 0
1949 1 1 1 0 0 0 0 0 0
1950 2 0 0 0 0 0 0 0 0
1955 3 0 0 1 0 0 0 0 0
1965 9 1 1 1 0 0 1 0 0
1971 24 1 0 2 1 1 0 0 0
1972 32 1 1 15 0 0 7 0 0
1975 5 0 0 3 0 0 1 0 0
1976 1 0 0 0 0 0 0 0 0
1977 1 0 0 0 0 0 1 0 0
1979 19 0 0 0 0 0 0 0 0
1980 26 1 1 7 1 1 0 0 0
1984 2 0 0 0 0 0 0 0 0
1990 1 0 0 0 0 0 0 0 0
1992 5 0 0 2 0 0 1 0 0
1993 1 0 0 0 0 0 0 0 0
1995 4 1 1 1 0 0 1 0 0
1997 3 0 0 0 0 0 0 0 0
1999 3 0 0 1 0 0 0 0 0
2000 1 0 0 1 0 0 0 0 0
2001 3 0 0 0 0 0 0 0 0
2013 2 1 1 0 0 0 0 0 0
2014 3 0 0 1 0 0 1 0 0
2015 4 0 0 2 0 0 0 0 0
2026 4 0 0 1 1 0 1 1 1
2027 3 1 1 0 0 0 1 0 0
2028 8 0 0 0 0 0 1 0 0
2038 2 1 0 1 0 0 0 0 0
2039 2 0 0 1 0 0 0 0 0
2040 5 1 1 1 0 0 0 0 0
2042 1 0 0 0 0 0 0 0 0
2047 2 0 0 1 0 0 0 0 0
2246 4 1 1 1 0 0 1 0 0
2250 4 0 0 3 0 0 2 1 0
2256 2 0 0 1 0 0 1 1 0
2259 2 0 0 1 0 0 0 0 0
2267 2 0 0 1 0 0 0 0 0
2279 4 1 1 1 0 0 0 0 0
2282 3 0 0 1 0 0 1 0 0
2284 4 0 0 3 0 0 0 0 0
2285 7 1 1 2 2 0 1 0 0
2292 1 0 0 1 0 0 0 0 0
2293 24 0 0 0 0 0 0 0 0
2295 14 0 0 14 1 0 0 0 0
2300 14 1 1 14 7 0 0 0 0
2302 8 0 0 0 0 0 0 0 0
2304 8 1 0 0 0 0 1 1 0
2305 1 0 0 1 0 0 0 0 0
2308 21 0 0 7 0 0 7 0 0
2310 18 0 0 1 1 0 0 0 0
2311 43 0 0 12 6 1 0 0 0
2315 20 1 1 9 3 0 0 0 0
2316 6 0 0 0 0 0 0 0 0
2325 4 0 0 2 2 0 0 0 0
2329 5 1 1 2 0 0 0 0 0
2331 6 0 0 2 0 0 2 0 0
2338 3 0 0 0 0 0 0 0 0
2341 4 1 1 2 0 0 0 0 0
2345 7 0 0 3 2 0 0 0 0
2347 1 0 0 0 0 0 0 0 0
2357 2 1 0 0 0 0 1 0 0
2362 3 1 1 1 1 0 0 0 0
2365 1 0 0 0 0 0 0 0 0
2371 3 0 0 1 0 0 1 0 0
2372 8 0 0 3 1 1 0 0 0
2380 5 0 0 2 0 0 0 0 0
2387 1 0 0 0 0 0 0 0 0
2390 3 1 1 0 0 0 0 0 0
2394 3 0 0 0 0 0 0 0 0
2395 1 0 0 0 0 0 1 0 0
2396 1 0 0 0 0 0 0 0 0
2397 1 0 0 0 0 0 0 0 0
2401 1 0 0 0 0 0 0 0 0
2406 9 1 1 12 2 2 0 0 0
2598 5 0 0 1 0 0 2 0 0
2600 1 0 0 0 0 0 0 0 0
2602 10 0 0 0 0 0 0 0 0
2604 2 0 0 0 0 0 0 0 0
2606 84 0 0 21 0 0 0 0 0
2607 19 1 1 0 0 0 0 0 0
2609 4 0 0 0 0 0 0 0 0
2615 15 2 2 0 0 0 0 0 0
2640 5 1 1 1 0 0 0 0 0
2650 11 2 2 2 0 0 0 0 0
2652 2 0 0 0 0 0 1 0 0
2653 1 0 0 0 0 0 0 0 0
2687 12 1 1 2 0 0 0 0 0
2689 2 0 0 0 0 0 1 0 0
2690 3 1 1 0 0 0 1 0 0
2691 1 0 0 0 0 0 0 0 0
2727 5 2 2 1 0 0 0 0 0
2749 3 1 1 1 0 0 0 0 0
fn=do_preload
804 7 1 1 0 0 0 6 0 0
810 1 0 0 0 0 0 2 0 0
811 1 0 0 0 0 0 1 0 0
812 2 0 0 0 0 0 1 0 0
814 3 0 0 1 0 0 0 0 0
816 7 1 1 0 0 0 0 0 0
817 2 0 0 1 0 0 0 0 0
825 3 0 0 1 0 0 0 0 0
831 4 0 0 6 0 0 0 0 0
fn=handle_preload_list
183 7 0 0 1 0 0 2 0 0
869 7 1 1 0 0 0 6 2 2
870 4 1 1 0 0 0 2 0 0
874 4 0 0 2 0 0 0 0 0
877 5 1 1 0 0 0 0 0 0
878 3 0 0 0 0 0 0 0 0
880 5 0 0 0 0 0 0 0 0
881 1 0 0 0 0 0 1 0 0
887 1 1 1 0 0 0 0 0 0
888 1 0 0 1 0 0 0 0 0
889 2 0 0 0 0 0 0 0 0
891 2 0 0 1 0 0 0 0 0
892 5 0 0 0 0 0 0 0 0
895 9 1 1 10 0 0 0 0 0
fn=init_tls
734 5 1 1 0 0 0 6 0 0
736 4 1 1 1 0 0 1 0 0
740 2 0 0 1 0 0 0 0 0
746 1 0 0 0 0 0 0 0 0
749 1 1 1 0 0 0 1 0 0
751 1 0 0 0 0 0 0 0 0
755 1 0 0 0 0 0 0 0 0
756 1 0 0 0 0 0 1 0 0
757 1 0 0 0 0 0 1 0 0
761 2 0 0 1 1 1 0 0 0
762 2 0 0 0 0 0 0 0 0
763 9 0 0 1 1 0 0 0 0
764 7 0 0 7 1 0 0 0 0
765 14 0 0 7 7 0 0 0 0
769 6 0 0 0 0 0 2 1 1
773 5 1 1 1 0 0 0 0 0
776 2 0 0 0 0 0 0 0 0
779 1 0 0 0 0 0 0 0 0
786 2 0 0 0 0 0 0 0 0
787 1 0 0 0 0 0 0 0 0
793 2 0 0 1 0 0 1 0 0
797 3 0 0 0 0 0 1 0 0
800 5 1 1 6 0 0 0 0 0
fn=map_doit
641 4 1 1 0 0 0 3 1 1
643 3 0 0 1 0 0 0 0 0
644 6 1 1 2 0 0 1 0 0
646 3 0 0 3 0 0 0 0 0
fn=version_check_doit
674 4 1 1 0 0 0 3 0 0
676 6 1 1 2 0 0 0 0 0
680 3 0 0 3 0 0 0 0 0
fl=./elf/./get-dynamic-info.h
fn=_dl_start
45 44 0 0 22 6 6 0 0 0
49 42 0 0 0 0 0 0 0 0
51 12 0 0 0 0 0 0 0 0
52 8 0 0 0 0 0 0 0 0
53 1 0 0 0 0 0 0 0 0
54 19 1 1 0 0 0 0 0 0
55 12 0 0 0 0 0 0 0 0
56 4 1 1 0 0 0 0 0 0
59 5 0 0 0 0 0 0 0 0
62 4 1 1 0 0 0 0 0 0
64 3 0 0 0 0 0 0 0 0
68 23 1 1 0 0 0 21 8 8
72 2 0 0 0 0 0 0 0 0
84 2 0 0 1 0 0 0 0 0
85 6 1 1 2 0 0 1 0 0
86 6 0 0 2 0 0 1 0 0
87 6 0 0 2 0 0 1 0 0
88 3 1 1 1 1 1 0 0 0
89 6 0 0 2 0 0 1 0 0
90 6 1 1 2 0 0 1 0 0
91 6 0 0 2 0 0 1 0 0
103 8 1 1 2 0 0 1 0 0
110 2 0 0 1 0 0 0 0 0
115 3 0 0 1 0 0 0 0 0
122 2 1 1 1 0 0 0 0 0
123 5 0 0 2 0 0 0 0 0
129 2 0 0 1 0 0 0 0 0
133 3 1 1 1 0 0 0 0 0
134 2 0 0 1 0 0 0 0 0
139 5 0 0 2 0 0 0 0 0
142 6 0 0 2 0 0 0 0 0
fn=dl_main
39 2 1 1 1 0 0 0 0 0
43 1 0 0 0 0 0 0 0 0
45 56 0 0 28 8 8 0 0 0
49 54 0 0 0 0 0 0 0 0
51 8 0 0 0 0 0 0 0 0
52 6 0 0 0 0 0 0 0 0
53 1 0 0 0 0 0 0 0 0
54 13 1 1 0 0 0 0 0 0
55 7 1 1 0 0 0 0 0 0
56 4 1 1 0 0 0 0 0 0
59 5 0 0 0 0 0 0 0 0
62 4 1 1 0 0 0 0 0 0
64 3 0 0 0 0 0 0 0 0
68 27 1 1 0 0 0 27 6 6
72 2 0 0 1 0 0 0 0 0
110 2 0 0 1 0 0 0 0 0
115 3 0 0 1 0 0 0 0 0
122 2 1 1 1 0 0 0 0 0
123 4 0 0 2 0 0 0 0 0
129 2 1 1 1 1 1 0 0 0
147 2 0 0 1 0 0 0 0 0
162 2 1 1 1 1 1 0 0 0
184 2 0 0 1 0 0 0 0 0
fl=./elf/./setup-vdso.h
fn=dl_main
24 3 0 0 1 0 0 0 0 0
fl=./elf/./tlsdeschtab.h
fn=_dl_make_tlsdesc_dynamic
49 1 0 0 1 0 0 0 0 0
50 4 0 0 1 0 0 0 0 0
56 3 1 1 1 1 1 0 0 0
62 4 0 0 1 1 1 0 0 0
77 3 0 0 1 1 1 0 0 0
86 6 1 1 0 0 0 6 0 0
91 1 0 0 1 0 0 0 0 0
92 1 0 0 0 0 0 0 0 0
97 2 0 0 0 0 0 1 0 0
100 1 1 1 1 0 0 0 0 0
112 1 0 0 0 0 0 1 0 0
113 1 0 0 0 0 0 0 0 0
118 3 0 0 3 0 0 1 0 0
119 1 0 0 0 0 0 2 0 0
121 4 1 1 6 0 0 0 0 0
fl=./iconv/../iconv/loop.c
fn=__gconv_transform_ascii_internal
230 264 1 1 0 0 0 0 0 0
232 132 0 0 0 0 0 0 0 0
238 448 0 0 0 0 0 0 0 0
251 660 0 0 0 0 0 0 0 0
252 220 0 0 0 0 0 0 0 0
265 1704 2 2 348 0 0 92 2 2
269 132 0 0 0 0 0 132 0 0
fn=__gconv_transform_internal_utf8
230 5 5 1 0 0 0 0 0 0
232 5 0 0 0 0 0 10 0 0
238 50 5 1 0 0 0 0 0 0
243 30 0 0 0 0 0 0 0 0
244 15 0 0 0 0 0 0 0 0
251 30 0 0 0 0 0 0 0 0
265 135 0 0 15 0 0 45 0 0
269 5 0 0 0 0 0 5 0 0
270 15 0 0 30 0 0 0 0 0
297 65 5 1 5 0 0 35 0 0
fn=__gconv_transform_utf8_internal
230 2620 0 0 0 0 0 0 0 0
231 1310 0 0 0 0 0 0 0 0
232 1310 0 0 0 0 0 0 0 0
238 70424 0 0 0 0 0 0 0 0
251 67804 0 0 0 0 0 0 0 0
252 33902 0 0 0 0 0 0 0 0
265 237314 655 211 33902 0 0 33902 1406 400
269 1310 655 209 0 0 0 1310 0 0
297 2620 655 210 1310 0 0 0 0 0
fl=./iconv/../iconv/skeleton.c
fn=__gconv_transform_ascii_internal
331 2376 2 2 264 0 0 1584 0 0
332 264 0 0 0 0 0 264 0 0
333 132 0 0 0 0 0 0 0 0
334 132 0 0 0 0 0 0 0 0
337 264 0 0 132 0 0 0 0 0
347 132 1 1 0 0 0 0 0 0
443 528 1 1 132 0 0 264 0 0
444 132 0 0 132 0 0 0 0 0
448 132 0 0 0 0 0 132 0 0
449 660 0 0 0 0 0 132 0 0
493 132 0 0 132 0 0 0 0 0
499 264 0 0 132 0 0 0 0 0
500 132 0 0 0 0 0 0 0 0
518 132 0 0 0 0 0 0 0 0
525 396 0 0 264 0 0 132 0 0
529 132 0 0 0 0 0 0 0 0
532 132 0 0 0 0 0 132 0 0
536 528 1 1 264 0 0 132 0 0
538 264 0 0 264 0 0 0 0 0
547 264 0 0 0 0 0 132 0 0
663 2108 2 2 1716 0 0 0 0 0
fn=__gconv_transform_internal_utf8
331 95 10 2 10 0 0 55 4 0
332 5 0 0 0 0 0 0 0 0
333 5 0 0 0 0 0 0 0 0
334 5 0 0 0 0 0 0 0 0
337 10 0 0 5 0 0 0 0 0
347 5 5 1 0 0 0 0 0 0
443 20 0 0 5 0 0 10 0 0
444 5 0 0 5 0 0 0 0 0
448 5 0 0 0 0 0 5 1 0
449 15 0 0 0 0 0 0 0 0
459 5 0 0 0 0 0 0 0 0
462 20 5 1 10 0 0 0 0 0
518 5 0 0 0 0 0 0 0 0
525 15 0 0 10 0 0 5 0 0
529 5 0 0 0 0 0 0 0 0
532 5 0 0 0 0 0 5 0 0
536 55 10 2 25 0 0 5 0 0
637 25 0 0 10 0 0 0 0 0
663 75 10 2 65 0 0 0 0 0
fn=__gconv_transform_utf8_internal
331 23580 1310 417 2620 0 0 18340 1500 14
332 2620 0 0 0 0 0 2620 0 0
333 2620 0 0 0 0 0 1310 0 0
334 1310 0 0 0 0 0 0 0 0
337 2620 0 0 1310 0 0 0 0 0
347 1310 655 209 0 0 0 0 0 0
443 3930 0 0 1310 0 0 0 0 0
444 1310 0 0 1310 0 0 0 0 0
448 1310 0 0 0 0 0 2620 0 0
449 5240 0 0 1310 0 0 0 0 0
459 2620 0 0 1310 0 0 0 0 0
462 5240 655 210 2620 0 0 0 0 0
518 1310 0 0 0 0 0 0 0 0
525 3930 0 0 2620 0 0 1310 0 0
529 1310 655 211 0 0 0 0 0 0
532 1310 0 0 0 0 0 1310 0 0
536 6550 1309 415 3930 0 0 1310 0 0
637 5240 0 0 1310 0 0 0 0 0
663 20960 1310 418 19650 0 0 0 0 0
fl=./iconv/../sysdeps/unix/sysv/linux/not-cancel.h
fn=__gconv_load_cache
75 2 0 0 0 0 0 0 0 0
fl=./iconv/./iconv/gconv_builtin.c
fn=__gconv_get_builtin_trans
62 16 1 1 0 0 0 14 0 0
65 29 0 0 0 0 0 0 0 0
66 57 1 1 11 4 4 0 0 0
71 6 1 1 2 0 0 2 0 0
73 4 0 0 0 0 0 2 0 0
75 2 0 0 0 0 0 2 0 0
78 2 0 0 2 0 0 0 0 0
79 4 0 0 2 0 0 4 0 0
80 2 0 0 2 0 0 0 0 0
81 4 0 0 2 0 0 4 0 0
84 2 0 0 0 0 0 2 0 0
85 10 0 0 14 0 0 0 0 0
fl=./iconv/./iconv/gconv_cache.c
fn=__gconv_compare_alias_cache
223 48 12 2 12 0 0 18 0 0
227 18 0 0 6 0 0 0 0 0
230 48 0 0 0 0 0 18 0 0
231 24 5 1 0 0 0 0 0 0
232 6 0 0 12 0 0 0 0 0
234 24 3 1 12 0 0 6 0 0
236 12 0 0 6 0 0 0 0 0
237 60 0 0 30 0 0 0 0 0
fn=__gconv_load_cache
49 8 1 1 2 0 0 3 0 0
56 5 1 1 0 0 0 1 0 0
57 1 0 0 0 0 0 0 0 0
61 7 1 1 0 0 0 2 0 0
62 2 0 0 0 0 0 0 0 0
67 3 0 0 0 0 0 0 0 0
70 3 0 0 1 0 0 0 0 0
78 4 0 0 0 0 0 3 0 0
80 7 1 1 0 0 0 1 0 0
81 2 0 0 0 0 0 0 0 0
113 2 0 0 1 0 0 0 0 0
114 5 0 0 1 1 1 0 0 0
115 4 1 1 2 0 0 0 0 0
116 3 0 0 1 0 0 0 0 0
117 2 0 0 1 0 0 0 0 0
118 2 0 0 0 0 0 0 0 0
119 1 0 0 0 0 0 0 0 0
121 3 0 0 1 0 0 0 0 0
122 5 1 1 5 0 0 0 0 0
139 1 0 0 0 0 0 0 0 0
140 10 0 0 5 0 0 0 0 0
fn=__gconv_lookup_cache
243 22 2 2 4 0 0 18 0 0
253 6 0 0 2 1 1 0 0 0
258 10 0 0 2 1 1 0 0 0
259 2 0 0 0 0 0 0 0 0
260 2 1 1 2 0 0 0 0 0
262 14 0 0 0 0 0 8 0 0
263 22 0 0 6 0 0 2 0 0
266 2 0 0 0 0 0 0 0 0
268 10 2 2 0 0 0 0 0 0
269 18 0 0 6 0 0 0 0 0
272 6 0 0 0 0 0 2 0 0
275 10 1 1 2 0 0 0 0 0
279 3 0 0 0 0 0 0 0 0
354 2 0 0 1 1 1 0 0 0
355 4 1 1 1 0 0 0 0 0
361 8 1 1 0 0 0 3 0 0
362 2 0 0 0 0 0 0 0 0
365 3 0 0 1 0 0 2 0 0
366 3 0 0 0 0 0 3 0 0
369 1 0 0 0 0 0 0 0 0
371 3 0 0 3 0 0 0 0 0
372 3 0 0 0 0 0 2 0 0
374 2 0 0 0 0 0 1 0 0
375 1 1 1 0 0 0 1 1 1
378 4 0 0 2 0 0 0 0 0
381 1 0 0 0 0 0 0 0 0
382 1 0 0 1 0 0 0 0 0
394 6 1 1 1 0 0 1 0 0
397 2 0 0 1 0 0 0 0 0
401 4 0 0 4 0 0 0 0 0
403 1 0 0 0 0 0 0 0 0
405 4 0 0 0 0 0 0 0 0
406 3 0 0 1 0 0 2 0 0
408 2 0 0 0 0 0 1 1 1
409 1 0 0 0 0 0 1 1 1
412 5 1 1 3 0 0 0 0 0
415 1 0 0 0 0 0 0 0 0
416 1 0 0 1 0 0 0 0 0
430 2 0 0 0 0 0 0 0 0
433 6 1 1 5 0 0 1 0 0
437 28 0 0 22 0 0 0 0 0
fn=find_module_idx
145 144 2 2 0 0 0 192 1 0
154 48 0 0 16 0 0 0 0 0
155 16 0 0 16 1 0 0 0 0
157 16 0 0 16 0 0 0 0 0
159 16 0 0 0 0 0 0 0 0
160 48 0 0 16 0 0 0 0 0
161 64 0 0 0 0 0 0 0 0
163 48 2 2 32 0 0 0 0 0
164 144 2 2 32 7 6 0 0 0
165 64 0 0 0 0 0 0 0 0
166 160 0 0 0 0 0 0 0 0
168 32 4 2 16 1 1 16 0 0
172 16 0 0 0 0 0 0 0 0
173 64 0 0 0 0 0 0 0 0
177 112 0 0 192 0 0 0 0 0
fl=./iconv/./iconv/gconv_conf.c
fn=__gconv_load_conf
527 16 7 2 0 0 0 16 0 0
528 48 0 0 0 0 0 0 0 0
529 8 7 2 16 0 0 0 0 0
fn=__gconv_read_conf
463 8 2 2 2 0 0 3 0 0
464 6 0 0 2 0 0 3 0 0
468 2 0 0 0 0 0 0 0 0
471 3 0 0 3 0 0 1 0 0
514 10 1 1 5 0 0 0 0 0
fl=./iconv/./iconv/gconv_db.c
fn=__gconv_compare_alias
688 66 6 1 12 0 0 30 0 0
692 6 0 0 0 0 0 0 0 0
694 30 4 1 0 0 0 0 0 0
698 6 0 0 6 0 0 0 0 0
699 66 0 0 42 0 0 0 0 0
fn=__gconv_find_transform
706 34 2 2 4 0 0 22 0 0
712 2 0 0 0 0 0 0 0 0
715 16 0 0 0 0 0 0 0 0
717 14 1 1 0 0 0 0 0 0
718 4 0 0 0 0 0 0 0 0
721 14 1 1 0 0 0 0 0 0
763 30 1 1 26 0 0 0 0 0
fl=./iconv/./iconv/gconv_simple.c
fn=__gconv_btwoc_ascii
49 384 1 1 0 0 0 256 0 0
51 128 0 0 0 0 0 0 0 0
54 384 0 0 256 0 0 0 0 0
fl=./intl/../include/../locale/localeinfo.h
fn=__dcigettext
222 3918 653 209 653 653 214 0 0 0
fl=./intl/../string/argz.h
fn=_nl_make_l10nflist
138 20 0 0 5 0 0 5 0 0
139 20 0 0 0 0 0 0 0 0
141 20 0 0 5 0 0 0 0 0
144 20 1 1 0 0 0 0 0 0
fl=./intl/../string/bits/string_fortified.h
fn=__dcigettext
45 4571 0 0 653 0 0 653 0 0
fn=_nl_make_l10nflist
29 48 4 1 0 0 0 0 0 0
fl=./intl/./intl/dcgettext.c
fn=dcgettext
46 1306 653 209 0 0 0 1306 0 0
47 3265 0 0 0 0 0 0 0 0
48 653 0 0 1306 0 0 0 0 0
fl=./intl/./intl/dcigettext.c
fn=__dcigettext
485 9795 1306 417 1306 649 5 10448 705 0
494 653 0 0 0 0 0 653 10 0
508 653 0 0 0 0 0 0 0 0
512 3265 0 0 0 0 0 0 0 0
517 653 653 203 0 0 0 0 0 0
521 4571 653 208 1306 0 0 1959 199 0
525 1959 0 0 0 0 0 0 0 0
528 2612 0 0 0 0 0 0 0 0
534 2612 653 209 653 276 206 0 0 0
544 653 0 0 0 0 0 653 0 0
545 653 0 0 0 0 0 653 0 0
546 653 0 0 0 0 0 653 0 0
547 653 0 0 0 0 0 653 0 0
551 2612 0 0 0 0 0 653 13 0
560 653 0 0 0 0 0 653 0 0
567 1959 0 0 0 0 0 0 0 0
569 5224 653 208 0 0 0 653 0 0
571 1306 0 0 0 0 0 0 0 0
573 653 0 0 0 0 0 0 0 0
601 3265 653 209 1306 652 209 0 0 0
616 1959 653 207 0 0 0 0 0 0
650 3265 653 208 0 0 0 653 0 0
651 9795 653 207 0 0 0 653 0 0
655 3918 653 206 0 0 0 653 0 0
660 9142 653 208 0 0 0 653 0 0
669 1959 0 0 653 0 0 0 0 0
671 653 0 0 0 0 0 0 0 0
682 653 653 204 0 0 0 0 0 0
683 2612 0 0 653 0 0 0 0 0
684 653 653 203 0 0 0 653 0 0
685 653 0 0 0 0 0 653 0 0
689 4571 0 0 1959 895 412 653 0 0
696 1959 0 0 653 0 0 0 0 0
697 2612 653 207 653 0 0 0 0 0
698 1959 0 0 0 0 0 653 0 0
710 1306 0 0 0 0 0 653 0 0
832 653 0 0 0 0 0 0 0 0
834 1306 653 207 653 0 0 0 0 0
836 2612 0 0 0 0 0 0 0 0
838 1959 0 0 0 0 0 0 0 0
853 1959 0 0 1959 0 0 653 0 0
857 3265 653 207 1306 0 0 0 0 0
858 10448 0 0 9795 0 0 0 0 0
1536 1959 0 0 0 0 0 0 0 0
1569 4571 653 208 1306 652 208 0 0 0
1570 653 0 0 0 0 0 0 0 0
fl=./intl/./intl/explodename.c
fn=_nl_explode_name
46 126 6 1 12 0 0 12 0 0
47 6 0 0 0 0 0 0 0 0
58 30 6 1 0 0 0 36 0 0
62 6 0 0 0 0 0 6 0 0
63 6 0 0 0 0 0 6 0 0
64 6 0 0 0 0 0 6 0 0
65 6 0 0 0 0 0 6 0 0
69 12 6 1 0 0 0 0 0 0
70 6 0 0 0 0 0 6 0 0
73 12 0 0 0 0 0 0 0 0
91 18 0 0 6 0 0 0 0 0
94 12 4 1 0 0 0 6 0 0
95 18 0 0 0 0 0 6 0 0
97 150 0 0 36 0 0 6 0 0
98 30 1 1 0 0 0 0 0 0
100 6 0 0 0 0 0 0 0 0
102 12 0 0 0 0 0 0 0 0
104 42 0 0 6 0 0 18 0 0
106 6 0 0 0 0 0 0 0 0
108 30 2 1 12 0 0 0 0 0
111 12 0 0 6 0 0 0 0 0
116 42 0 0 18 0 0 0 0 0
126 12 0 0 6 0 0 0 0 0
129 18 4 1 12 0 0 0 0 0
130 18 0 0 0 0 0 0 0 0
133 30 0 0 36 0 0 0 0 0
fl=./intl/./intl/hash-string.c
fn=__hash_string
32 32 5 2 0 0 0 32 0 0
37 16 0 0 0 0 0 0 0 0
38 276 0 0 130 1 1 0 0 0
41 228 4 2 0 0 0 0 0 0
42 114 0 0 0 0 0 0 0 0
46 342 0 0 0 0 0 0 0 0
50 32 0 0 32 0 0 0 0 0
fl=./intl/./intl/l10nflist.c
fn=_nl_make_l10nflist
73 4 0 0 0 0 0 0 0 0
74 39 0 0 0 0 0 0 0 0
76 36 1 1 0 0 0 0 0 0
77 24 1 1 0 0 0 0 0 0
79 12 0 0 0 0 0 0 0 0
96 36 0 0 0 0 0 0 0 0
98 24 0 0 0 0 0 0 0 0
99 24 0 0 0 0 0 0 0 0
101 24 0 0 0 0 0 0 0 0
102 36 0 0 0 0 0 0 0 0
140 20 0 0 0 0 0 0 0 0
141 20 0 0 0 0 0 0 0 0
142 12 1 1 0 0 0 0 0 0
143 4 0 0 0 0 0 0 0 0
157 192 5 2 0 0 0 192 0 0
166 60 0 0 0 0 0 0 0 0
167 48 0 0 0 0 0 0 0 0
169 48 0 0 0 0 0 12 0 0
171 72 3 1 8 0 0 0 0 0
173 84 0 0 8 0 0 12 0 0
175 60 3 1 0 0 0 12 0 0
176 36 0 0 12 0 0 0 0 0
178 12 0 0 0 0 0 0 0 0
188 36 2 1 0 0 0 12 0 0
189 24 0 0 0 0 0 0 0 0
191 24 0 0 12 0 0 0 0 0
196 12 0 0 0 0 0 0 0 0
198 16 0 0 0 0 0 8 0 0
199 16 6 1 8 0 0 0 0 0
201 24 6 1 12 0 0 0 0 0
203 16 0 0 0 0 0 8 0 0
204 16 0 0 8 0 0 0 0 0
206 24 0 0 12 0 0 0 0 0
212 24 0 0 0 0 0 12 0 0
213 36 0 0 12 0 0 0 0 0
217 12 6 1 0 0 0 0 0 0
218 80 0 0 40 1 1 12 0 0
219 52 0 0 26 0 0 0 0 0
221 52 0 0 0 0 0 0 0 0
222 52 0 0 0 0 0 0 0 0
225 19 0 0 0 0 0 0 0 0
232 16 0 0 0 0 0 0 0 0
235 10 1 1 5 0 0 0 0 0
237 16 5 0 0 0 0 0 0 0
238 8 0 0 0 0 0 0 0 0
242 12 0 0 0 0 0 0 0 0
243 16 0 0 0 0 0 4 0 0
244 12 1 1 4 0 0 0 0 0
245 4 0 0 0 0 0 0 0 0
251 12 0 0 0 0 0 4 1 1
255 4 0 0 0 0 0 4 0 0
256 36 0 0 0 0 0 0 0 0
258 4 0 0 0 0 0 4 1 1
260 8 1 1 0 0 0 0 0 0
262 6 0 0 3 0 0 3 0 0
263 6 0 0 3 0 0 3 0 0
267 2 0 0 1 0 0 1 0 0
268 1 0 0 0 0 0 1 0 0
275 12 0 0 0 0 0 0 0 0
276 25 0 0 0 0 0 0 0 0
277 20 0 0 0 0 0 0 0 0
284 5 0 0 0 0 0 0 0 0
285 95 1 1 35 0 0 30 0 0
290 24 1 1 4 0 0 0 0 0
291 4 0 0 0 0 0 0 0 0
292 8 0 0 0 0 0 0 0 0
300 8 0 0 0 0 0 4 0 0
303 108 4 1 144 0 0 0 0 0
fn=_nl_normalize_codeset
311 72 7 1 0 0 0 72 0 0
312 12 6 1 0 0 0 0 0 0
313 12 0 0 0 0 0 0 0 0
323 192 0 0 0 0 0 0 0 0
324 300 0 0 132 5 2 0 0 0
326 48 0 0 0 0 0 0 0 0
328 60 0 0 0 0 0 0 0 0
329 96 0 0 0 0 0 0 0 0
332 48 7 1 0 0 0 0 0 0
334 12 0 0 0 0 0 0 0 0
341 180 0 0 0 0 0 0 0 0
342 264 7 1 120 0 0 0 0 0
343 192 0 0 60 3 2 36 0 0
344 108 0 0 0 0 0 0 0 0
345 24 0 0 0 0 0 12 0 0
347 12 0 0 0 0 0 12 0 0
351 48 0 0 72 0 0 0 0 0
fl=./intl/./intl/localealias.c
fn=_nl_expand_alias
146 42 1 1 0 0 0 60 0 0
149 6 0 0 0 0 0 0 0 0
152 48 0 0 0 0 0 0 0 0
154 24 1 1 6 0 0 0 0 0
155 4 1 1 0 0 0 1 0 0
163 24 0 0 6 1 0 0 0 0
181 28 2 0 7 1 1 0 0 0
185 5 2 2 0 0 0 0 0 0
189 30 0 0 24 0 0 0 0 0
190 53 0 0 0 0 0 0 0 0
191 17 0 0 0 0 0 0 0 0
193 2 1 1 0 0 0 0 0 0
194 4 0 0 0 0 0 1 0 0
199 42 0 0 0 0 0 0 0 0
202 43 1 0 60 0 0 0 0 0
413 6 0 0 0 0 0 0 0 0
fn=read_alias_file
207 15 2 2 2 0 0 13 0 0
213 12 1 1 0 0 0 1 0 0
215 11 0 0 2 0 0 2 0 0
225 4 1 1 0 0 0 0 0 0
230 1 0 0 0 0 0 0 0 0
231 2 1 1 0 0 0 0 0 0
387 16 2 2 15 0 0 0 0 0
fl=./io/../sysdeps/posix/isatty.c
fn=isatty
24 6960 870 865 1740 19 0 2610 0 0
27 3480 0 0 0 0 0 0 0 0
28 8700 870 857 4350 0 0 0 0 0
fl=./io/../sysdeps/unix/syscall-template.S
fn=chdir
120 10 2 2 0 0 0 0 0 0
122 2 0 0 0 0 0 0 0 0
fl=./io/../sysdeps/unix/sysv/linux/access.c
fn=access
25 3 1 1 0 0 0 2 1 0
29 9 1 1 0 0 0 1 0 0
31 3 0 0 2 0 0 0 0 0
fl=./io/../sysdeps/unix/sysv/linux/close.c
fn=close
26 2592 864 861 0 0 0 2592 0 0
27 8640 864 864 864 0 0 0 0 0
28 3456 0 0 2592 0 0 0 0 0
fl=./io/../sysdeps/unix/sysv/linux/close_nocancel.c
fn=__GI___close_nocancel
25 86 33 22 0 0 0 86 0 0
26 215 0 0 0 0 0 0 0 0
27 86 22 22 86 0 0 0 0 0
fn=__close_nocancel
25 426 212 196 0 0 0 426 0 0
26 1065 211 170 0 0 0 0 0 0
27 426 0 0 426 0 0 0 0 0
fl=./io/../sysdeps/unix/sysv/linux/fcntl64.c
fn=fcntl
38 40 4 2 8 6 0 24 0 0
42 24 0 0 0 0 0 20 0 0
48 12 4 2 0 0 0 0 0 0
51 12 4 2 0 0 0 0 0 0
52 48 4 2 28 0 0 0 0 0
fl=./io/../sysdeps/unix/sysv/linux/fcntl_nocancel.c
fn=__fcntl64_nocancel_adjusted
51 32 4 2 8 0 0 12 0 0
52 8 0 0 0 0 0 0 0 0
55 4 0 0 0 0 0 0 0 0
63 20 4 2 0 0 0 0 0 0
64 40 0 0 20 0 0 0 0 0
fl=./io/../sysdeps/unix/sysv/linux/fstat64.c
fn=fstat
30 3976 1977 900 0 0 0 3976 22 21
39 9940 0 0 0 0 0 0 0 0
72 3976 1939 13 3976 0 0 0 0 0
fl=./io/../sysdeps/unix/sysv/linux/fstatat64.c
fn=fstatat
91 16072 4016 890 0 0 0 0 0 0
146 8036 4018 885 0 0 0 8036 0 0
160 3906 0 0 651 636 0 651 147 0
161 12054 0 0 0 0 0 0 0 0
162 8036 0 0 8036 0 0 0 0 0
fl=./io/../sysdeps/unix/sysv/linux/getcwd.c
fn=getcwd
49 33 3 3 6 3 1 15 2 2
55 3 0 0 0 0 0 0 0 0
66 6 3 3 6 0 0 0 0 0
76 3 0 0 0 0 0 3 0 0
80 15 3 3 3 0 0 0 0 0
81 18 3 3 6 0 0 0 0 0
84 9 3 3 6 0 0 0 0 0
88 15 3 3 6 0 0 3 0 0
131 33 3 3 18 0 0 0 0 0
fl=./io/../sysdeps/unix/sysv/linux/lseek64.c
fn=lseek
28 3474 873 781 0 0 0 3474 0 0
40 10440 3 1 3 0 0 3 0 0
42 3474 871 693 3474 0 0 0 0 0
fl=./io/../sysdeps/unix/sysv/linux/lstat64.c
fn=lstat
28 4 2 2 0 0 0 4 0 0
29 10 0 0 0 0 0 0 0 0
30 2 2 2 4 0 0 0 0 0
fl=./io/../sysdeps/unix/sysv/linux/open64.c
fn=open
30 11375 874 742 1750 866 856 6125 0 0
33 6119 873 720 0 0 0 0 0 0
36 6 1 1 0 0 0 5 0 0
41 11424 875 823 884 3 0 8 1 0
43 11375 8 4 7000 0 0 0 0 0
fl=./io/../sysdeps/unix/sysv/linux/open64_nocancel.c
fn=__open_nocancel
28 2639 444 424 428 211 180 1027 27 25
31 1897 0 0 0 0 0 0 0 0
39 1446 33 33 5 0 0 19 3 0
41 2254 210 200 1184 0 0 0 0 0
fl=./io/../sysdeps/unix/sysv/linux/read.c
fn=read
25 5220 872 507 0 0 0 6960 1 0
26 17400 875 700 1740 0 0 0 0 0
27 6960 0 0 6960 0 0 0 0 0
fl=./io/../sysdeps/unix/sysv/linux/read_nocancel.c
fn=__read_nocancel
25 74 36 23 0 0 0 74 0 0
26 185 33 23 0 0 0 0 0 0
27 74 0 0 74 0 0 0 0 0
fl=./io/../sysdeps/unix/sysv/linux/readlink.c
fn=readlink
28 24 2 2 0 0 0 12 0 0
32 72 2 2 5 1 0 5 1 0
34 12 2 2 12 0 0 0 0 0
fl=./io/../sysdeps/unix/sysv/linux/stat64.c
fn=stat
28 8032 4014 874 0 0 0 8032 0 0
29 20080 0 0 0 0 0 0 0 0
30 4016 0 0 8032 0 0 0 0 0
fl=./io/../sysdeps/unix/sysv/linux/statfs64.c
fn=statfs
30 2 1 1 0 0 0 2 0 0
34 10 1 1 1 0 0 1 0 0
36 2 0 0 2 0 0 0 0 0
fl=./io/../sysdeps/unix/sysv/linux/write.c
fn=write
25 282 94 87 0 0 0 376 0 0
26 940 94 87 94 0 0 0 0 0
27 376 0 0 376 0 0 0 0 0
fl=./libio/../include/printf_buffer.h
fn=__vsnprintf_internal
125 1256 0 0 0 0 0 2512 238 6
127 1256 0 0 0 0 0 2512 0 0
128 2512 0 0 0 0 0 1256 16 3
137 1256 0 0 0 0 0 0 0 0
fn=__vsprintf_internal
125 123030 0 0 0 0 0 246060 34733 0
127 123030 0 0 0 0 0 246060 0 0
128 246060 0 0 0 0 0 123030 0 0
fl=./libio/../libio/libioP.h
fn=_IO_seekoff_unlocked
1025 12 0 0 0 0 0 0 0 0
1026 8 0 0 0 0 0 0 0 0
fn=ftello
979 2 1 1 0 0 0 0 0 0
fl=./libio/../string/bits/string_fortified.h
fn=_IO_file_xsgetn
29 39 2 2 0 0 0 0 0 0
fn=_IO_getline_info
29 2742 4 0 0 0 0 0 0 0
fn=getdelim
29 336 1 1 0 0 0 0 0 0
fl=./libio/./libio/filedoalloc.c
fn=_IO_file_doallocate
78 50 4 4 10 0 0 25 1 0
84 40 0 0 15 0 0 0 0 0
86 20 0 0 5 1 1 0 0 0
97 25 0 0 5 0 0 0 0 0
98 5 4 4 0 0 0 0 0 0
101 15 0 0 0 0 0 0 0 0
102 5 0 0 0 0 0 0 0 0
104 20 4 4 0 0 0 0 0 0
105 5 0 0 0 0 0 0 0 0
106 55 0 0 35 0 0 0 0 0
fl=./libio/./libio/fileno.c
fn=fileno
32 22 7 5 0 0 0 22 0 0
35 44 0 0 22 12 12 0 0 0
42 22 0 0 22 0 0 0 0 0
fl=./libio/./libio/fileops.c
fn=_IO_file_close
1165 10 4 4 0 0 0 10 0 0
1168 10 0 0 5 0 0 0 0 0
1169 5 0 0 10 0 0 0 0 0
fn=_IO_file_close_it@@GLIBC_2.17
128 15 4 4 0 0 0 15 0 0
130 15 4 4 5 0 0 0 0 0
133 10 0 0 0 0 0 0 0 0
134 25 0 0 5 0 0 10 0 0
137 5 0 0 0 0 0 0 0 0
139 10 0 0 0 0 0 0 0 0
141 5 0 0 5 0 0 0 0 0
142 35 0 0 10 2 0 0 0 0
145 15 0 0 5 0 0 0 0 0
153 25 5 4 0 0 0 0 0 0
154 20 0 0 0 0 0 15 0 0
157 10 5 4 0 0 0 0 0 0
158 15 0 0 0 0 0 5 0 0
159 10 0 0 0 0 0 5 0 0
160 15 0 0 10 0 0 5 0 0
162 10 0 0 0 0 0 0 0 0
163 20 5 4 15 0 0 0 0 0
fn=_IO_file_finish@@GLIBC_2.17
168 20 5 4 0 0 0 20 0 0
169 15 0 0 5 0 0 0 0 0
175 15 5 4 0 0 0 0 0 0
176 10 4 1 20 0 0 0 0 0
fn=_IO_file_fopen@@GLIBC_2.17
213 110 11 6 22 0 0 55 0 0
214 11 10 6 0 0 0 0 0 0
222 33 10 6 11 0 0 0 0 0
223 6 6 2 0 0 0 0 0 0
224 44 0 0 11 5 5 0 0 0
227 11 0 0 0 0 0 0 0 0
228 55 0 0 22 0 0 22 0 0
238 22 0 0 0 0 0 0 0 0
245 22 0 0 0 0 0 0 0 0
247 184 19 11 22 0 0 0 0 0
268 6 2 2 2 0 0 2 0 0
269 2 0 0 0 0 0 0 0 0
271 2 0 0 0 0 0 0 0 0
272 6 0 0 2 0 0 2 0 0
273 2 0 0 0 0 0 0 0 0
281 55 10 6 0 0 0 0 0 0
284 11 0 0 0 0 0 0 0 0
287 20 0 0 0 0 0 0 0 0
288 5 0 0 0 0 0 0 0 0
357 132 12 8 77 0 0 0 0 0
fn=_IO_file_open
182 99 10 6 0 0 0 55 0 0
184 22 11 6 11 0 0 0 0 0
185 6 0 0 0 0 0 0 0 0
188 18 0 0 0 0 0 0 0 0
189 11 0 0 0 0 0 0 0 0
190 12 6 2 0 0 0 0 0 0
191 5 0 0 0 0 0 5 0 0
192 35 0 0 5 0 0 5 0 0
195 15 4 4 0 0 0 0 0 0
205 10 5 4 0 0 0 0 0 0
206 5 0 0 0 0 0 0 0 0
207 44 0 0 55 0 0 0 0 0
fn=_IO_file_read
1131 34 7 1 0 0 0 34 0 0
1133 19 0 0 34 0 0 0 0 0
1134 32 0 0 0 0 0 0 0 0
1135 17 0 0 34 0 0 0 0 0
fn=_IO_file_seek
1140 6 1 1 0 0 0 6 0 0
1141 6 0 0 3 0 0 0 0 0
1142 3 0 0 6 0 0 0 0 0
fn=_IO_file_seekoff@@GLIBC_2.17
843 1 0 0 0 0 0 0 0 0
847 4 2 2 2 1 0 0 0 0
849 3 0 0 6 0 0 0 0 0
851 1 1 1 1 0 0 0 0 0
856 3 0 0 0 0 0 0 0 0
866 2 0 0 0 0 0 0 0 0
867 3 0 0 2 0 0 0 0 0
880 7 3 3 2 0 0 2 0 0
883 6 0 0 2 1 1 0 0 0
885 3 0 0 2 0 0 0 0 0
890 4 2 2 0 0 0 0 0 0
901 40 2 2 8 2 0 20 0 0
909 8 2 2 0 0 0 4 0 0
914 2 0 0 0 0 0 0 0 0
915 10 0 0 4 0 0 4 0 0
918 8 0 0 2 0 0 0 0 0
930 4 0 0 2 0 0 0 0 0
943 6 1 1 0 0 0 0 0 0
947 3 2 2 2 0 0 0 0 0
949 3 0 0 1 0 0 0 0 0
976 2 1 1 0 0 0 0 0 0
981 3 0 0 1 0 0 0 0 0
982 4 1 1 1 0 0 0 0 0
998 1 0 0 0 0 0 0 0 0
1002 3 1 1 2 0 0 0 0 0
1003 1 0 0 0 0 0 0 0 0
1004 1 0 0 0 0 0 0 0 0
1007 3 0 0 0 0 0 0 0 0
1009 6 1 1 2 0 0 0 0 0
1010 1 0 0 0 0 0 0 0 0
1012 1 0 0 0 0 0 0 0 0
1027 4 1 1 1 0 0 2 0 0
1029 2 0 0 0 0 0 4 0 0
1030 1 0 0 0 0 0 1 0 0
1031 3 0 0 1 0 0 1 0 0
1032 4 1 1 4 0 0 0 0 0
1035 2 0 0 0 0 0 0 0 0
1036 6 0 0 2 0 0 0 0 0
1037 2 0 0 0 0 0 0 0 0
1039 5 0 0 5 0 0 1 0 0
1040 1 0 0 0 0 0 1 0 0
1041 2 0 0 1 0 0 2 0 0
1042 2 0 0 0 0 0 4 0 0
1055 44 1 1 28 0 0 0 0 0
fn=_IO_file_stat
1147 10 3 3 0 0 0 10 1 1
1148 10 4 4 5 0 0 0 0 0
1149 5 0 0 10 0 0 0 0 0
fn=_IO_file_sync@@GLIBC_2.17
793 48 2 2 0 0 0 48 0 0
798 36 0 0 24 2 1 0 0 0
800 12 0 0 24 0 0 0 0 0
801 24 0 0 0 0 0 0 0 0
812 36 1 1 0 0 0 12 0 0
816 36 1 1 48 0 0 0 0 0
fn=_IO_file_underflow@@GLIBC_2.17
462 76 8 5 0 0 0 76 2 0
466 38 0 0 19 0 0 0 0 0
467 12 1 0 0 0 0 0 0 0
469 17 0 0 0 0 0 0 0 0
475 51 0 0 34 0 0 0 0 0
478 68 8 5 17 0 0 68 0 0
481 6 2 2 3 0 0 0 0 0
486 6 0 0 0 0 0 0 0 0
490 57 2 2 3 0 0 0 0 0
499 34 7 5 0 0 0 0 0 0
506 34 0 0 0 0 0 0 0 0
512 17 0 0 17 0 0 0 0 0
513 17 0 0 0 0 0 34 0 0
514 17 0 0 0 0 0 34 0 0
515 17 0 0 0 0 0 34 0 0
517 102 0 0 51 5 1 0 0 0
519 34 11 5 0 0 0 0 0 0
522 20 1 1 4 0 0 4 0 0
526 39 0 0 13 0 0 13 0 0
532 8 0 0 0 0 0 4 0 0
533 8 0 0 16 0 0 0 0 0
535 39 0 0 13 0 0 0 0 0
536 6 0 0 0 0 0 3 0 0
537 52 0 0 78 4 1 0 0 0
538 57 3 0 76 0 0 0 0 0
fn=_IO_file_xsgetn
1273 104 2 2 0 0 0 104 0 0
1280 26 0 0 13 0 0 0 0 0
1283 4 2 2 2 0 0 0 0 0
1288 6 2 2 0 0 0 0 0 0
1291 52 0 0 0 0 0 0 0 0
1293 32 0 0 32 0 0 0 0 0
1294 32 0 0 0 0 0 0 0 0
1297 39 0 0 13 0 0 13 0 0
1302 3 0 0 0 0 0 0 0 0
1310 6 0 0 3 0 0 0 0 0
1319 6 0 0 3 0 0 0 0 0
1320 12 0 0 3 0 0 0 0 0
1322 12 0 0 0 0 0 0 0 0
1361 65 2 2 104 0 0 0 0 0
fn=_IO_new_file_init_internal
106 44 10 6 0 0 0 44 0 0
110 22 0 0 0 0 0 11 0 0
111 44 0 0 11 0 0 11 0 0
113 11 0 0 0 0 0 0 0 0
114 11 0 0 0 0 0 11 0 0
115 33 10 6 44 0 0 0 0 0
fl=./libio/./libio/fseek.c
fn=fseek
32 8 2 2 0 0 0 7 0 0
35 2 0 0 1 0 0 0 0 0
36 7 1 1 0 0 0 0 0 0
39 6 1 1 7 0 0 0 0 0
fl=./libio/./libio/ftello.c
fn=ftello
38 5 1 1 0 0 0 5 0 0
41 2 0 0 1 0 0 0 0 0
42 6 1 1 0 0 0 0 0 0
43 2 1 1 1 0 0 0 0 0
49 2 0 0 0 0 0 0 0 0
61 5 0 0 5 0 0 0 0 0
fl=./libio/./libio/genops.c
fn=_IO_cleanup
776 6 0 0 0 0 0 2 0 0
777 12 1 1 2 0 0 2 0 0
780 10 2 2 6 0 0 0 0 0
784 3 0 0 0 0 0 3 0 0
785 30 0 0 12 0 0 6 0 0
792 4 0 0 0 0 0 0 0 0
794 4 1 1 2 0 0 0 0 0
808 2 0 0 2 0 0 0 0 0
814 5 0 0 0 0 0 3 0 0
816 25 2 2 6 0 0 6 0 0
817 3 0 0 0 0 0 3 0 0
821 10 1 1 3 0 0 2 0 0
822 2 1 1 0 0 0 0 0 0
842 12 2 2 2 2 2 11 0 0
843 2 0 0 0 0 0 0 0 0
855 15 0 0 13 0 0 0 0 0
fn=_IO_default_finish
54 10 0 0 5 0 0 0 0 0
601 20 5 4 0 0 0 15 0 0
603 10 0 0 5 0 0 0 0 0
609 10 0 0 5 0 0 0 0 0
612 10 5 4 5 0 0 0 0 0
624 15 0 0 15 0 0 0 0 0
fn=_IO_default_uflow
361 40 5 4 0 0 0 40 0 0
362 40 0 0 20 8 3 0 0 0
363 20 0 0 0 0 0 0 0 0
365 24 0 0 12 0 0 6 0 0
366 30 0 0 40 0 0 0 0 0
fn=_IO_doallocbuf
343 20 4 4 0 0 0 20 1 0
344 10 0 0 5 0 0 0 0 0
346 15 0 0 5 0 0 5 0 0
347 30 4 4 10 3 3 0 0 0
350 20 4 4 25 0 0 0 0 0
fn=_IO_flush_all
686 12 1 1 2 0 0 11 0 0
687 2 1 1 0 0 0 0 0 0
691 6 2 2 0 0 0 2 0 0
692 12 0 0 2 1 1 2 0 0
695 10 2 2 6 3 3 0 0 0
697 3 0 0 0 0 0 3 0 0
698 34 1 1 12 6 5 6 0 0
700 18 1 1 9 4 4 0 0 0
705 2 0 0 0 0 0 2 0 0
708 30 1 1 12 0 0 6 0 0
709 3 0 0 0 0 0 3 0 0
713 10 1 1 3 0 0 2 0 0
714 2 1 1 0 0 0 0 0 0
718 15 1 1 13 0 0 0 0 0
fn=_IO_free_backup_area
187 4 1 1 0 0 0 3 0 0
188 2 0 0 1 0 0 0 0 0
190 2 0 0 1 0 0 0 0 0
191 1 0 0 0 0 0 2 0 0
192 1 0 0 0 0 0 1 0 0
194 3 0 0 3 0 0 0 0 0
fn=_IO_link_in
87 160 7 6 32 0 0 80 0 0
88 32 0 0 16 0 0 0 0 0
90 33 11 6 0 0 0 33 0 0
92 66 0 0 0 0 0 22 1 0
93 143 21 12 22 9 6 44 0 0
94 11 0 0 0 0 0 11 0 0
95 88 20 12 33 0 0 22 0 0
97 33 0 0 11 6 5 11 0 0
98 11 0 0 0 0 0 11 0 0
100 44 0 0 11 0 0 22 0 0
101 22 0 0 0 0 0 11 0 0
102 77 10 6 11 0 0 22 0 0
103 22 10 6 0 0 0 0 0 0
106 209 0 0 156 0 0 0 0 0
fn=_IO_no_init
563 88 11 6 0 0 0 66 0 0
564 11 0 0 0 0 0 0 0 0
565 11 0 0 0 0 0 11 8 6
566 11 0 0 0 0 0 0 0 0
568 11 0 0 0 0 0 11 0 0
572 44 11 6 0 0 0 55 0 0
579 11 0 0 0 0 0 11 10 6
581 11 0 0 0 0 0 11 9 5
587 11 0 0 0 0 0 11 0 0
588 44 0 0 66 0 0 0 0 0
fn=_IO_old_init
531 22 10 6 0 0 0 22 0 0
532 33 11 6 0 0 0 11 0 0
534 55 0 0 11 9 6 0 0 0
539 66 0 0 0 0 0 66 7 6
544 22 0 0 0 0 0 22 0 0
550 11 0 0 0 0 0 11 0 0
555 22 0 0 11 0 0 0 0 0
556 22 0 0 0 0 0 22 10 6
558 22 0 0 22 0 0 0 0 0
fn=_IO_setb
329 80 11 10 0 0 0 60 0 0
330 35 0 0 20 0 0 0 0 0
331 5 0 0 0 0 0 0 0 0
333 10 0 0 0 0 0 20 0 0
335 60 2 1 5 0 0 10 0 0
338 40 0 0 60 0 0 0 0 0
fn=_IO_sgetn
409 39 2 2 0 0 0 39 0 0
411 52 0 0 26 1 1 0 0 0
412 26 2 2 39 0 0 0 0 0
fn=_IO_sputbackc
635 4 1 1 0 0 0 4 0 0
638 4 0 0 2 1 0 0 0 0
639 3 0 0 1 0 0 0 0 0
641 3 1 1 0 0 0 1 0 0
647 1 0 0 0 0 0 0 0 0
648 3 1 1 1 0 0 1 0 0
651 3 0 0 4 0 0 0 0 0
fn=_IO_switch_to_get_mode
164 68 7 5 0 0 0 68 1 0
165 68 0 0 34 0 0 0 0 0
168 34 7 5 17 0 0 0 0 0
172 34 0 0 17 0 0 17 0 0
173 51 0 0 17 0 0 0 0 0
176 17 0 0 0 0 0 17 0 0
178 34 0 0 0 0 0 34 0 0
180 34 7 5 0 0 0 17 0 0
181 17 0 0 0 0 0 0 0 0
182 51 0 0 68 0 0 0 0 0
fn=_IO_un_link
53 32 11 6 0 0 0 32 0 0
54 32 0 0 16 0 0 0 0 0
82 32 3 1 32 0 0 0 0 0
fn=_IO_unsave_markers
937 24 4 4 0 0 0 18 0 0
939 12 0 0 6 0 0 0 0 0
944 12 6 4 6 1 0 0 0 0
946 18 0 0 18 0 0 0 0 0
fn=__GI__IO_un_link.part.0
52 132 21 12 22 4 2 99 1 0
58 66 0 0 0 0 0 22 0 0
59 132 10 6 22 2 1 22 0 0
60 11 0 0 0 0 0 11 0 0
61 82 11 6 31 2 0 20 0 0
63 44 21 11 11 2 1 0 0 0
65 32 1 1 0 0 0 0 0 0
66 33 11 6 11 0 0 11 0 0
74 22 11 6 0 0 0 11 0 0
76 81 0 0 20 0 0 20 0 0
77 22 0 0 0 0 0 11 0 0
78 67 10 5 11 0 0 22 0 0
79 22 11 6 0 0 0 0 0 0
82 143 0 0 121 0 0 0 0 0
fn=__uflow
299 40 9 4 0 0 0 40 0 0
300 40 6 4 10 5 1 0 0 0
305 20 0 0 10 0 0 0 0 0
308 30 9 4 20 0 0 0 0 0
310 20 0 0 10 0 0 0 0 0
316 20 0 0 10 0 0 0 0 0
321 20 0 0 10 6 1 0 0 0
323 50 0 0 20 8 2 0 0 0
324 20 0 0 40 0 0 0 0 0
fn=__underflow
269 36 3 3 0 0 0 36 0 0
270 36 0 0 9 0 0 4 0 0
275 18 0 0 9 0 0 0 0 0
278 27 0 0 18 0 0 0 0 0
280 18 0 0 9 0 0 0 0 0
286 18 3 3 9 0 0 0 0 0
291 18 3 3 9 0 0 0 0 0
293 45 0 0 18 3 3 0 0 0
294 18 0 0 36 0 0 0 0 0
fl=./libio/./libio/getc.c
fn=getc
34 5 1 1 0 0 0 5 0 0
37 2 0 0 1 1 0 0 0 0
38 4 1 1 2 0 0 0 0 0
43 3 1 1 5 0 0 0 0 0
fl=./libio/./libio/iofclose.c
fn=fclose@@GLIBC_2.17
34 30 9 8 0 0 0 35 1 0
48 10 0 0 5 1 0 0 0 0
49 5 5 4 0 0 0 0 0 0
51 59 8 6 17 0 0 8 0 0
52 9 5 4 0 0 0 0 0 0
53 15 5 4 0 0 0 0 0 0
57 25 0 0 10 1 0 0 0 0
58 15 5 4 5 0 0 0 0 0
71 10 0 0 5 0 0 0 0 0
76 30 0 0 35 0 0 0 0 0
fl=./libio/./libio/iofflush.c
fn=fflush
32 60 2 1 0 0 0 60 0 0
33 12 2 1 0 0 0 0 0 0
39 168 4 3 48 8 5 24 0 0
40 72 0 0 24 3 2 0 0 0
44 60 0 0 60 0 0 0 0 0
fl=./libio/./libio/iofgets.c
fn=fgets
32 1564 1 1 0 0 0 1955 0 0
37 1564 0 0 0 0 0 0 0 0
39 782 0 0 0 0 0 0 0 0
47 6256 2 2 1564 0 0 1564 0 0
51 391 0 0 0 0 0 0 0 0
52 782 26 1 0 0 0 391 0 0
53 2737 0 0 0 0 0 0 0 0
56 1172 2 1 391 0 0 0 0 0
57 391 0 0 0 0 0 0 0 0
60 390 0 0 0 0 0 390 0 0
61 390 0 0 0 0 0 0 0 0
63 1172 0 0 390 0 0 391 0 0
66 1955 0 0 1955 0 0 0 0 0
fl=./libio/./libio/iofopen.c
fn=__fopen_internal
37 10 0 0 5 0 0 0 0 0
57 88 10 6 0 0 0 77 1 0
65 22 10 6 0 0 0 0 0 0
67 11 0 0 0 0 0 0 0 0
68 6 0 0 0 0 0 0 0 0
70 22 0 0 0 0 0 11 8 6
72 88 0 0 0 0 0 0 0 0
73 33 0 0 0 0 0 11 0 0
74 22 10 6 0 0 0 0 0 0
75 66 0 0 0 0 0 0 0 0
78 12 6 2 0 0 0 0 0 0
79 12 0 0 0 0 0 0 0 0
81 66 4 4 77 0 0 0 0 0
fn=fopen@@GLIBC_2.17
85 22 10 6 0 0 0 22 0 0
86 22 0 0 0 0 0 0 0 0
87 11 0 0 22 0 0 0 0 0
fl=./libio/./libio/iofread.c
fn=fread
31 4 1 1 0 0 0 5 0 0
32 1 0 0 0 0 0 0 0 0
35 1 0 0 0 0 0 0 0 0
37 20 2 2 4 0 0 6 0 0
38 5 1 1 0 0 0 0 0 0
40 4 1 1 2 0 0 0 0 0
41 6 0 0 7 0 0 0 0 0
fl=./libio/./libio/iofread_u.c
fn=fread_unlocked
34 36 1 1 0 0 0 48 0 0
35 12 0 0 0 0 0 0 0 0
38 12 0 0 0 0 0 0 0 0
40 72 0 0 0 0 0 12 0 0
41 48 1 1 12 0 0 0 0 0
42 60 0 0 48 0 0 0 0 0
fl=./libio/./libio/ioftell.c
fn=ftell
34 5 1 1 0 0 0 5 0 0
37 14 2 2 4 3 0 2 0 0
38 6 1 1 0 0 0 0 0 0
39 2 0 0 1 0 0 0 0 0
45 2 0 0 0 0 0 0 0 0
57 5 0 0 5 0 0 0 0 0
fl=./libio/./libio/iogetdelim.c
fn=getdelim
41 1006 1 1 0 0 0 1008 0 0
47 1092 2 2 336 0 0 168 0 0
48 84 0 0 0 0 0 0 0 0
50 2 0 0 0 0 0 0 0 0
54 252 1 1 0 0 0 0 0 0
62 332 0 0 166 0 0 0 0 0
64 4 1 1 0 0 0 2 0 0
65 4 0 0 0 0 0 2 0 0
66 2 0 0 0 0 0 0 0 0
74 168 1 1 168 0 0 0 0 0
75 168 0 0 0 0 0 0 0 0
77 16 1 1 0 0 0 0 0 0
82 6 0 0 4 0 0 0 0 0
89 420 1 1 0 0 0 0 0 0
91 252 0 0 0 0 0 0 0 0
92 416 1 1 0 0 0 0 0 0
100 168 0 0 0 0 0 0 0 0
101 252 0 0 84 0 0 0 0 0
105 3 0 0 0 0 0 0 0 0
107 86 0 0 84 0 0 0 0 0
108 1 0 0 0 0 0 0 0 0
114 1 0 0 0 0 0 1 0 0
115 1 0 0 0 0 0 1 0 0
117 1 0 0 1 0 0 0 0 0
118 252 0 0 84 0 0 84 0 0
119 2 0 0 0 0 0 0 0 0
120 92 0 0 0 0 0 0 0 0
122 4 0 0 4 0 0 0 0 0
124 164 1 1 82 0 0 82 0 0
130 672 0 0 1008 0 0 0 0 0
fl=./libio/./libio/iogetline.c
fn=_IO_getline
33 782 1 1 0 0 0 782 0 0
34 782 0 0 0 0 0 0 0 0
35 391 0 0 782 0 0 0 0 0
fn=_IO_getline_info
49 4692 23 2 0 0 0 3910 0 0
51 391 0 0 0 0 0 0 0 0
53 782 0 0 391 0 0 0 0 0
54 3 1 1 0 0 0 1 0 0
55 1572 0 0 2 0 0 782 0 0
57 796 0 0 796 0 0 0 0 0
58 796 0 0 0 0 0 0 0 0
60 10 1 1 0 0 0 0 0 0
61 10 0 0 0 0 0 0 0 0
63 1 1 1 0 0 0 0 0 0
67 8 0 0 0 0 0 0 0 0
77 13 1 1 0 0 0 4 0 0
78 5 0 0 0 0 0 0 0 0
83 786 0 0 0 0 0 0 0 0
85 1975 21 1 0 0 0 0 0 0
86 393 0 0 0 0 0 0 0 0
88 390 0 0 0 0 0 0 0 0
89 390 0 0 0 0 0 0 0 0
90 780 0 0 0 0 0 0 0 0
92 390 0 0 0 0 0 0 0 0
94 390 0 0 0 0 0 0 0 0
97 390 0 0 0 0 0 390 0 0
98 780 0 0 780 0 0 0 0 0
101 9 0 0 3 0 0 3 0 0
102 3 3 0 0 0 0 0 0 0
103 3 0 0 0 0 0 0 0 0
106 1 0 0 0 0 0 0 0 0
107 2346 0 0 3910 0 0 0 0 0
fl=./libio/./libio/ioseekoff.c
fn=_IO_seekoff_unlocked
33 36 2 2 0 0 0 28 0 0
34 8 2 2 0 0 0 0 0 0
43 14 1 1 4 0 0 0 0 0
59 32 2 2 8 1 1 0 0 0
60 16 1 1 28 0 0 0 0 0
fl=./libio/./libio/ioungetc.c
fn=ungetc
31 4 1 1 0 0 0 4 0 0
34 2 0 0 0 0 0 0 0 0
36 4 1 1 1 0 0 2 0 0
37 4 1 1 2 0 0 0 0 0
42 2 0 0 4 0 0 0 0 0
fl=./libio/./libio/iovsprintf.c
fn=__vsprintf_internal
37 1722420 100551 30190 246060 0 0 492120 41482 28
45 123030 0 0 0 0 0 0 0 0
47 123030 0 0 0 0 0 123030 5 0
52 246060 0 0 0 0 0 0 0 0
62 738180 0 0 246060 0 0 246060 1759 0
66 369090 49813 15277 246060 0 0 0 0 0
68 123080 19 4 0 0 0 123030 0 0
70 246060 0 0 0 0 0 0 0 0
71 1353330 49820 14470 738180 0 0 0 0 0
fl=./libio/./libio/libioP.h
fn=_IO_cleanup
1025 3 1 1 0 0 0 2 0 0
fn=_IO_default_uflow
1025 30 5 4 0 0 0 0 0 0
1026 20 0 0 0 0 0 0 0 0
fn=_IO_doallocbuf
1025 15 0 0 0 0 0 0 0 0
1026 10 0 0 0 0 0 0 0 0
fn=_IO_file_close_it@@GLIBC_2.17
1025 15 5 4 0 0 0 0 0 0
1026 10 0 0 0 0 0 0 0 0
fn=_IO_file_doallocate
1025 15 0 0 0 0 0 0 0 0
1026 10 4 4 0 0 0 0 0 0
fn=_IO_file_seekoff@@GLIBC_2.17
1025 9 2 2 0 0 0 0 0 0
1026 6 1 1 0 0 0 0 0 0
fn=_IO_file_underflow@@GLIBC_2.17
1025 34 11 5 0 0 0 0 0 0
1026 34 0 0 0 0 0 0 0 0
fn=_IO_file_xsgetn
1025 26 2 2 0 0 0 0 0 0
fn=_IO_flush_all
1025 3 0 0 0 0 0 0 0 0
fn=_IO_sgetn
1025 39 0 0 0 0 0 0 0 0
1026 26 0 0 0 0 0 0 0 0
fn=__uflow
1025 30 0 0 0 0 0 0 0 0
1026 20 0 0 0 0 0 0 0 0
fn=__underflow
1025 27 0 0 0 0 0 0 0 0
1026 18 0 0 0 0 0 0 0 0
fn=fclose@@GLIBC_2.17
952 50 5 4 15 7 6 0 0 0
958 10 0 0 0 0 0 0 0 0
979 15 0 0 5 0 0 0 0 0
980 40 0 0 15 0 0 10 0 0
1025 15 0 0 0 0 0 0 0 0
1026 10 1 1 0 0 0 0 0 0
fn=fflush
979 24 0 0 12 0 0 0 0 0
980 96 0 0 36 0 0 24 0 0
1025 36 0 0 0 0 0 0 0 0
1026 24 0 0 0 0 0 0 0 0
fn=fgets
979 781 0 0 0 0 0 0 0 0
980 3910 46 1 1955 0 0 782 0 0
fn=fread
979 2 0 0 1 0 0 0 0 0
980 8 1 1 3 0 0 2 0 0
fn=fseek
979 2 0 0 1 0 0 0 0 0
fn=ftell
979 2 1 1 0 0 0 0 0 0
980 8 1 1 3 0 0 2 0 0
fn=getdelim
979 168 2 1 84 0 0 0 0 0
980 672 0 0 252 0 0 168 0 0
fn=rewind
979 1 0 0 0 0 0 0 0 0
980 8 1 1 3 0 0 2 0 0
fl=./libio/./libio/rewind.c
fn=rewind
32 5 1 1 0 0 0 5 0 0
34 14 3 3 4 0 0 2 0 0
35 5 1 1 0 0 0 0 0 0
36 3 0 0 1 0 0 1 0 0
38 4 0 0 5 0 0 0 0 0
fl=./libio/./libio/vsnprintf.c
fn=__vsnprintf_internal
63 1256 0 0 0 0 0 0 0 0
66 1256 0 0 0 0 0 1256 4 2
75 3768 0 0 2512 0 0 0 0 0
76 1256 0 0 0 0 0 1256 0 0
87 2512 0 0 0 0 0 0 0 0
93 16328 1345 46 2512 1 0 5024 15 2
96 7536 25 23 2512 0 0 2512 126 2
98 13816 40 23 7536 0 0 0 0 0
fl=./libio/./libio/vtables.c
fn=check_stdfiles_vtables
545 2 0 0 0 0 0 2 0 0
546 8 1 1 2 1 0 0 0 0
547 5 1 1 2 1 0 0 0 0
548 6 0 0 2 1 0 0 0 0
550 2 0 0 2 0 0 0 0 0
fl=./locale/../iconv/gconv_charset.h
fn=_nl_find_locale
58 12 0 0 0 0 0 0 0 0
60 144 6 1 72 0 0 0 0 0
62 396 6 1 72 1 0 0 0 0
63 570 6 1 0 0 0 0 0 0
64 240 0 0 60 5 4 60 0 0
74 36 12 2 0 0 0 0 0 0
75 84 0 0 0 0 0 0 0 0
77 12 0 0 0 0 0 12 0 0
78 6 0 0 0 0 0 0 0 0
85 504 10 2 198 1 1 96 0 0
fl=./locale/../string/bits/string_fortified.h
fn=_nl_find_locale
29 24 0 0 0 0 0 0 0 0
fn=_nl_intern_locale_data
59 11 0 0 0 0 0 2 0 0
fn=_nl_load_locale_from_archive
29 24 0 0 0 0 0 0 0 0
fl=./locale/../sysdeps/unix/sysv/linux/not-cancel.h
fn=_nl_load_locale
75 2 0 0 0 0 0 0 0 0
fl=./locale/./locale/findlocale.c
fn=_nl_find_locale
65 162 0 0 8 0 0 0 0 0
74 18 0 0 0 0 0 0 0 0
77 12 0 0 0 0 0 0 0 0
81 42 4 1 0 0 0 0 0 0
84 12 0 0 0 0 0 0 0 0
86 6 0 0 0 0 0 0 0 0
87 42 0 0 12 0 0 0 0 0
95 30 0 0 0 0 0 0 0 0
103 901 6 2 106 0 0 583 0 0
106 106 0 0 53 0 0 53 0 0
114 106 0 0 53 0 0 0 0 0
118 200 5 1 0 0 0 50 0 0
120 150 0 0 0 0 0 50 0 0
122 184 0 0 0 0 0 46 0 0
123 4 1 0 4 0 0 0 0 0
124 230 1 1 0 0 0 46 0 0
131 220 4 1 4 0 0 0 0 0
132 30 0 0 0 0 0 0 0 0
136 94 0 0 0 0 0 47 0 0
137 188 5 1 47 3 1 0 0 0
145 12 0 0 6 0 0 6 0 0
149 6 0 0 0 0 0 0 0 0
152 18 0 0 0 0 0 0 0 0
153 6 0 0 0 0 0 0 0 0
158 18 6 1 6 0 0 6 0 0
159 6 6 1 0 0 0 0 0 0
167 12 0 0 0 0 0 0 0 0
168 6 0 0 0 0 0 0 0 0
178 18 0 0 6 0 0 6 0 0
181 84 6 1 0 0 0 6 0 0
196 42 3 1 0 0 0 0 0 0
198 12 0 0 0 0 0 0 0 0
204 90 0 0 30 0 0 18 0 0
210 6 0 0 0 0 0 0 0 0
214 15 1 1 5 0 0 3 0 0
219 1 0 0 0 0 0 0 0 0
225 6 0 0 0 0 0 0 0 0
226 18 4 1 6 0 0 0 0 0
228 12 3 1 6 0 0 0 0 0
231 12 0 0 6 0 0 0 0 0
234 26 4 1 7 0 0 0 0 0
236 14 0 0 7 0 0 0 0 0
237 6 0 0 0 0 0 0 0 0
238 21 0 0 14 0 0 0 0 0
243 6 0 0 0 0 0 6 0 0
244 12 0 0 0 0 0 0 0 0
256 12 0 0 6 0 0 0 0 0
279 6 0 0 0 0 0 0 0 0
280 18 0 0 12 2 1 0 0 0
281 12 0 0 0 0 0 0 0 0
282 6 0 0 0 0 0 0 0 0
285 84 3 1 0 0 0 6 0 0
288 84 6 1 0 0 0 6 0 0
291 24 0 0 0 0 0 0 0 0
301 18 0 0 12 0 0 0 0 0
305 4 1 1 1 0 0 0 0 0
306 1 0 0 0 0 0 0 0 0
307 18 0 0 6 0 0 0 0 0
308 5 0 0 0 0 0 0 0 0
310 4 0 0 0 0 0 1 0 0
314 12 6 1 6 0 0 0 0 0
316 12 6 1 6 0 0 0 0 0
319 18 0 0 6 0 0 0 0 0
321 3 0 0 0 0 0 1 0 0
324 742 6 2 689 0 0 0 0 0
fl=./locale/./locale/freelocale.c
fn=freelocale
36 84 21 4 0 0 0 0 0 0
51 21 21 3 0 0 0 0 0 0
fl=./locale/./locale/lc-ctype.c
fn=_nl_postload_ctype
33 18 1 1 0 0 0 18 0 0
38 27 1 1 9 0 0 0 0 0
57 9 0 0 0 0 0 0 0 0
58 9 0 0 0 0 0 18 1 0
59 18 0 0 9 0 0 0 0 0
60 9 0 0 0 0 0 9 0 0
61 18 0 0 18 1 0 0 0 0
65 54 0 0 18 6 0 0 0 0
67 27 1 1 9 1 0 9 0 0
69 27 0 0 9 0 0 9 0 0
71 27 0 0 9 1 0 9 0 0
112 18 0 0 18 0 0 0 0 0
fl=./locale/./locale/loadarchive.c
fn=_nl_load_locale_from_archive
134 90 3 1 12 0 0 84 0 0
135 6 3 1 6 0 0 0 0 0
153 12 0 0 0 0 0 0 0 0
159 24 0 0 6 4 0 0 0 0
169 18 4 1 0 0 0 0 0 0
170 30 0 0 6 0 0 0 0 0
172 30 1 1 0 0 0 0 0 0
173 30 0 0 0 0 0 0 0 0
174 6 1 1 0 0 0 0 0 0
175 12 1 1 0 0 0 0 0 0
176 24 0 0 0 0 0 0 0 0
181 18 0 0 0 0 0 0 0 0
182 18 0 0 0 0 0 0 0 0
183 90 3 2 0 0 0 6 0 0
184 48 0 0 0 0 0 0 0 0
187 6 0 0 0 0 0 0 0 0
189 18 1 1 0 0 0 0 0 0
194 24 2 1 6 0 0 0 0 0
202 2 0 0 0 0 0 1 0 0
205 5 0 0 0 0 0 0 0 0
206 1 0 0 0 0 0 0 0 0
265 10 0 0 5 0 0 0 0 0
499 90 2 1 90 0 0 0 0 0
fl=./locale/./locale/loadlocale.c
fn=_nl_intern_locale_data
69 1 0 0 1 0 0 0 0 0
72 1 0 0 0 0 0 0 0 0
74 33 1 1 6 0 0 0 0 0
76 10 0 0 10 0 0 0 0 0
79 60 2 2 20 0 0 0 0 0
81 1 0 0 0 0 0 0 0 0
86 10 0 0 0 0 0 0 0 0
87 10 0 0 0 0 0 10 0 0
88 10 0 0 0 0 0 0 0 0
89 1 0 0 0 0 0 1 0 0
90 27 0 0 9 0 0 0 0 0
99 3 1 1 0 0 0 0 0 0
112 1 0 0 0 0 0 0 0 0
115 2 0 0 0 0 0 0 0 0
123 3 1 1 0 0 0 4 0 0
133 7 1 1 0 0 0 4 0 0
134 12 1 1 1 1 1 0 0 0
141 8 0 0 2 1 1 2 0 0
143 2 0 0 0 0 0 0 0 0
144 1 0 0 0 0 0 0 0 0
152 1 0 0 0 0 0 0 0 0
153 1 0 0 0 0 0 0 0 0
156 4 1 1 0 0 0 0 0 0
157 1 0 0 0 0 0 0 0 0
161 1 0 0 0 0 0 2 1 1
166 2 0 0 0 0 0 1 0 0
169 1 1 1 0 0 0 1 0 0
171 2 0 0 1 0 0 1 0 0
172 270 0 0 0 0 0 0 0 0
174 176 1 1 89 5 5 0 0 0
175 179 1 1 1 0 0 0 0 0
186 7 1 1 0 0 0 0 0 0
206 1 0 0 0 0 0 0 0 0
210 174 0 0 0 0 0 0 0 0
213 430 1 1 86 6 6 0 0 0
214 207 1 1 69 0 0 69 9 9
217 40 0 0 0 0 0 0 0 0
219 20 0 0 0 0 0 20 2 2
220 40 0 0 40 5 5 0 0 0
228 4 0 0 4 0 0 0 0 0
fn=_nl_load_locale
232 30 2 2 4 0 0 26 0 0
240 4 0 0 0 0 0 2 0 0
241 2 0 0 0 0 0 2 0 0
243 6 0 0 2 0 0 0 0 0
244 2 0 0 0 0 0 0 0 0
248 5 1 1 0 0 0 0 0 0
254 4 0 0 1 0 0 0 0 0
279 4 0 0 2 0 0 0 0 0
289 8 1 1 1 0 0 0 0 0
291 2 0 0 0 0 0 0 0 0
328 1 0 0 0 0 0 0 0 0
332 4 0 0 1 0 0 0 0 0
333 2 0 0 0 0 0 0 0 0
344 1 0 0 0 0 0 1 0 0
345 1 0 0 0 0 0 1 0 0
347 1 0 0 0 0 0 1 0 0
348 30 2 2 30 0 0 0 0 0
fl=./locale/./locale/localeinfo.h
fn=_nl_find_locale
222 286 8 2 56 3 1 0 0 0
fn=new_composite_name
222 84 0 0 72 0 0 0 0 0
fl=./locale/./locale/localename.c
fn=__current_locale_name
24 2612 653 209 0 0 0 2612 232 0
25 6530 653 208 2612 0 0 0 0 0
26 3918 0 0 3918 0 0 0 0 0
fl=./locale/./locale/newlocale.c
fn=newlocale
43 352 44 9 44 13 2 286 4 0
55 44 0 0 0 0 0 0 0 0
56 1 0 0 0 0 0 0 0 0
59 63 0 0 0 0 0 0 0 0
63 22 1 1 0 0 0 0 0 0
66 88 1 1 0 0 0 0 0 0
72 84 21 3 0 0 0 0 0 0
73 146 39 7 42 20 2 0 0 0
75 42 21 3 0 0 0 0 0 0
277 352 22 4 330 0 0 0 0 0
fl=./locale/./locale/nl_langinfo.c
fn=nl_langinfo
30 10 5 3 0 0 0 10 0 0
31 25 0 0 10 2 1 0 0 0
32 5 0 0 10 0 0 0 0 0
fn=nl_langinfo_l
31 5 5 3 0 0 0 10 0 0
fl=./locale/./locale/nl_langinfo_l.c
fn=nl_langinfo_l
31 5 0 0 0 0 0 0 0 0
32 5 0 0 0 0 0 0 0 0
36 15 0 0 0 0 0 0 0 0
42 20 0 0 0 0 0 0 0 0
58 5 0 0 5 2 1 0 0 0
61 15 2 2 5 2 1 0 0 0
66 10 0 0 5 4 2 0 0 0
67 10 0 0 10 0 0 0 0 0
fl=./locale/./locale/setlocale.c
fn=new_composite_name
139 108 9 2 0 0 0 108 0 0
144 9 0 0 0 0 0 0 0 0
146 756 4 1 0 0 0 0 0 0
150 312 2 1 48 0 0 0 0 0
151 203 2 1 60 1 0 0 0 0
152 324 0 0 0 0 0 0 0 0
153 441 0 0 108 0 0 0 0 0
154 318 0 0 48 0 0 0 0 0
158 9 0 0 0 0 0 0 0 0
161 21 0 0 3 0 0 0 0 0
170 18 3 1 0 0 0 0 0 0
171 12 0 0 0 0 0 0 0 0
174 432 0 0 0 0 0 0 0 0
179 216 4 1 36 0 0 0 0 0
180 129 2 1 36 0 0 0 0 0
181 144 0 0 0 0 0 0 0 0
182 84 0 0 0 0 0 72 0 0
183 216 0 0 0 0 0 0 0 0
184 144 0 0 0 0 0 72 0 0
186 6 0 0 0 0 0 6 0 0
188 72 0 0 108 0 0 0 0 0
fn=setlocale
195 205 1 1 62 0 0 0 0 0
198 60 1 0 0 0 0 0 0 0
199 8 0 0 0 0 0 0 0 0
201 30 2 1 0 0 0 14 0 0
210 106 0 0 48 0 0 53 3 0
211 168 0 0 53 7 1 0 0 0
212 9 0 0 0 0 0 0 0 0
218 150 11 2 30 5 0 75 0 0
225 30 0 0 0 0 0 0 0 0
230 45 0 0 0 0 0 30 0 0
231 36 3 2 18 2 0 0 0 0
234 36 0 0 0 0 0 0 0 0
236 81 8 1 9 0 0 36 0 0
250 9 0 0 0 0 0 18 0 0
252 36 0 0 0 0 0 0 0 0
253 9 0 0 0 0 0 0 0 0
265 34 6 1 0 0 0 12 0 0
277 160 1 1 0 0 0 0 0 0
278 96 0 0 0 0 0 0 0 0
279 48 0 0 0 0 0 48 1 0
281 20 0 0 0 0 0 4 0 0
327 176 1 1 0 0 0 0 0 0
334 104 0 0 0 0 0 0 0 0
335 96 0 0 0 0 0 0 0 0
337 336 3 1 96 0 0 48 0 0
341 48 0 0 0 0 0 0 0 0
355 144 0 0 48 17 2 0 0 0
359 240 5 1 48 0 0 0 0 0
361 21 0 0 3 1 0 0 0 0
363 4 0 0 0 0 0 2 0 0
366 3 1 1 0 0 0 1 0 0
367 1 0 0 0 0 0 0 0 0
375 16 4 0 0 0 0 0 0 0
376 12 0 0 0 0 0 0 0 0
379 204 6 1 0 0 0 0 0 0
380 96 0 0 0 0 0 0 0 0
382 96 4 1 0 0 0 0 0 0
383 96 0 0 48 0 0 0 0 0
389 20 4 1 8 0 0 4 0 0
398 8 0 0 0 0 0 0 0 0
401 8 0 0 4 0 0 0 0 0
402 8 0 0 4 0 0 0 0 0
404 20 0 0 32 0 0 0 0 0
409 5 0 0 0 0 0 5 0 0
414 30 5 1 10 0 0 0 0 0
416 5 0 0 0 0 0 0 0 0
424 15 1 1 5 1 0 0 0 0
425 2 0 0 0 0 0 1 0 0
429 25 0 0 5 0 0 0 0 0
431 6 0 0 0 0 0 3 0 0
432 3 0 0 0 0 0 0 0 0
437 20 0 0 0 0 0 0 0 0
438 5 3 1 0 0 0 0 0 0
452 5 0 0 5 0 0 0 0 0
457 25 5 1 10 2 1 5 0 0
461 10 0 0 0 0 0 0 0 0
464 10 0 0 5 0 0 0 0 0
466 25 0 0 35 0 0 0 0 0
468 180 6 0 105 4 0 0 0 0
fl=./locale/./locale/uselocale.c
fn=uselocale
30 3924 0 0 0 0 0 2616 0 0
31 5232 654 209 2616 1 1 0 0 0
33 1308 0 0 0 0 0 0 0 0
36 3924 0 0 0 0 0 0 0 0
37 1308 0 0 0 0 0 1308 0 0
65 3924 0 0 1308 0 0 1308 0 0
66 5232 0 0 3924 1643 422 1308 0 0
68 5232 654 210 2616 534 205 1308 0 0
72 2616 0 0 0 0 0 0 0 0
73 3924 0 0 2616 0 0 0 0 0
fl=./malloc/../string/bits/string_fortified.h
fn=_int_realloc
29 4812 0 0 0 0 0 0 0 0
fn=calloc
59 4742 176 96 4740 0 0 0 0 0
fn=tcache_init.part.0
59 4 0 0 0 0 0 0 0 0
fl=./malloc/../sysdeps/unix/sysv/linux/not-cancel.h
fn=ptmalloc_init.part.0
97 6 0 0 0 0 0 0 0 0
fl=./malloc/./malloc/alloc_buffer_alloc_array.c
fn=__libc_alloc_buffer_alloc_array
25 18 1 1 0 0 0 12 0 0
26 6 0 0 6 0 0 0 0 0
28 24 1 1 0 0 0 0 0 0
30 24 0 0 0 0 0 0 0 0
31 6 0 0 0 0 0 0 0 0
32 6 0 0 0 0 0 0 0 0
33 12 0 0 0 0 0 0 0 0
34 24 0 0 0 0 0 0 0 0
35 18 0 0 6 0 0 0 0 0
38 12 1 1 0 0 0 6 0 0
45 12 0 0 12 0 0 0 0 0
fl=./malloc/./malloc/arena.c
fn=calloc
153 1584 0 0 792 0 0 0 0 0
fn=free
153 5420928 116192 2313 0 0 0 0 0 0
fn=malloc
153 879244 0 0 439622 0 0 0 0 0
264 1 1 1 0 0 0 0 0 0
fn=ptmalloc_init.part.0
262 10 2 2 2 1 0 7 0 0
267 4 0 0 0 0 0 1 0 0
274 6 2 2 1 0 0 0 0 0
292 3 0 0 1 0 0 0 0 0
296 8 1 1 1 1 0 1 1 0
300 5 0 0 0 0 0 0 0 0
301 5 0 0 0 0 0 0 0 0
302 5 1 1 0 0 0 0 0 0
303 5 0 0 0 0 0 0 0 0
304 5 0 0 0 0 0 0 0 0
305 5 1 1 0 0 0 0 0 0
306 5 0 0 0 0 0 0 0 0
308 5 0 0 0 0 0 0 0 0
309 5 0 0 0 0 0 0 0 0
310 5 1 1 0 0 0 0 0 0
313 5 0 0 0 0 0 0 0 0
314 5 1 1 0 0 0 0 0 0
316 4 0 0 1 1 1 0 0 0
326 12 0 0 9 0 0 0 0 0
fn=realloc
153 29880 0 0 3735 0 0 0 0 0
fl=./malloc/./malloc/malloc.c
fn=_int_free
1792 795561 0 0 795561 5325 293 0 0 0
1992 24987 0 0 8329 0 0 0 0 0
3163 2252252 113187 3052 563063 0 0 1126126 0 0
3165 1126126 70929 2132 563063 85653 1405 0 0 0
3166 563063 0 0 0 0 0 563063 0 0
3167 1126126 0 0 0 0 0 563063 0 0
4495 8151744 115492 32946 0 0 0 8151744 22390 206
4499 2717248 0 0 1358624 12 0 0 0 0
4505 5434496 0 0 0 0 0 2717248 8 0
4506 2717248 0 0 0 0 0 0 0 0
4510 5434496 113906 47393 0 0 0 0 0 0
4517 2717248 0 0 0 0 0 0 0 0
4518 16303488 117227 1266 4075872 22753 102 0 0 0
4521 1299684 0 0 0 0 0 0 0 0
4527 7857044 0 0 2599368 141221 2428 0 0 0
4547 6498420 0 0 2599368 111837 17467 0 0 0
4550 563063 0 0 0 0 0 0 0 0
4561 1591122 0 0 0 0 0 0 0 0
4572 33316 551 430 8329 2560 1289 0 0 0
4574 33316 0 0 8329 150 6 0 0 0
4593 8329 0 0 0 0 0 0 0 0
4595 24987 0 0 0 0 0 8329 164 12
4596 8329 0 0 0 0 0 0 0 0
4600 8329 0 0 8329 2 0 0 0 0
4602 41645 565 210 8329 114 3 0 0 0
4606 16658 0 0 0 0 0 0 0 0
4608 16658 0 0 0 0 0 8329 0 0
4609 8329 0 0 0 0 0 8329 0 0
4628 33316 0 0 0 0 0 0 0 0
4629 36 8 0 12 9 1 0 0 0
4637 1574464 47625 1223 787232 0 0 0 0 0
4640 2361696 0 0 787232 4705 61 0 0 0
4643 787232 0 0 0 0 0 0 0 0
4646 3936160 47057 35820 1574464 0 0 0 0 0
4658 5218656 70951 2054 9294528 0 0 0 0 0
fn=_int_free_create_chunk
4713 6297856 50708 43646 0 0 0 4723392 2377 40
4714 2361696 0 0 787232 0 0 0 0 0
4717 1564792 47475 40798 782396 600542 266861 0 0 0
4720 782396 0 0 0 0 0 0 0 0
4721 473624 41560 35234 0 0 0 0 0 0
4722 473624 0 0 0 0 0 0 0 0
4724 2182336 0 0 545584 0 0 545584 0 0
4732 782396 0 0 0 0 0 0 0 0
4733 782396 0 0 782396 5621 831 0 0 0
4734 2347188 0 0 782396 5265 433 0 0 0
4737 782396 0 0 0 0 0 1564792 2846 223
4738 1564792 0 0 0 0 0 0 0 0
4740 97360 0 0 0 0 0 194720 9624 685
4743 782396 0 0 0 0 0 782396 0 0
4744 782396 3591 1337 0 0 0 782396 0 0
4746 1564792 0 0 0 0 0 782396 0 0
4747 782396 0 0 0 0 0 782396 0 0
4756 4836 4032 2294 0 0 0 0 0 0
4757 9672 0 0 0 0 0 4836 0 0
4758 4836 0 0 0 0 0 4836 0 0
4763 3148928 4402 2888 4723392 0 0 0 0 0
fn=_int_free_maybe_consolidate.part.0
4769 51630 8890 3519 10326 9079 629 25815 0 0
4778 15489 0 0 5163 0 0 0 0 0
4779 15 13 12 0 0 0 0 0 0
4781 20652 0 0 0 0 0 0 0 0
4784 41304 4372 1013 15489 5203 1515 0 0 0
4785 1053 110 44 468 0 0 0 0 0
4798 55857 4273 705 35790 10 0 0 0 0
fn=_int_free_merge_chunk
1992 2361696 0 0 787232 0 0 0 0 0
4665 4723392 48604 3856 0 0 0 5510624 9 0
4666 787232 0 0 0 0 0 0 0 0
4670 2361696 0 0 787232 17714 9278 0 0 0
4673 4691704 0 0 787232 46724 938 0 0 0
4675 2314164 86773 72004 771388 46460 19865 0 0 0
4678 1574464 49805 29095 787232 354967 12262 0 0 0
4681 787232 0 0 0 0 0 0 0 0
4682 1574464 0 0 0 0 0 0 0 0
4683 2361696 0 0 787232 11229 360 0 0 0
4689 1574464 0 0 787232 0 0 0 0 0
4691 76318 0 0 76318 0 0 0 0 0
4692 76318 0 0 0 0 0 0 0 0
4693 76318 0 0 0 0 0 0 0 0
4694 305272 880 60 76318 14590 2696 0 0 0
4696 152636 0 0 0 0 0 0 0 0
4700 4723392 48668 39956 0 0 0 0 0 0
4702 3941323 6152 1195 5510624 1 0 0 0 0
4776 2361696 0 0 0 0 0 0 0 0
fn=_int_malloc
1326 442036 0 0 0 0 0 0 0 0
1336 4420360 49446 38134 442036 40 1 2652216 45981 460
1345 1768144 0 0 0 0 0 0 0 0
1794 441689 0 0 441689 0 0 0 0 0
1985 1731658 46391 33736 2098236 1314 0 0 0 0
3159 352453 0 0 0 0 0 0 0 0
3163 1118753 1817 1641 364765 26 0 729439 0 0
3165 729712 3 2 364856 2326 36 91 0 0
3166 364765 204 194 0 0 0 364765 0 0
3167 1082165 0 0 91 0 0 364765 0 0
3168 352453 0 0 0 0 0 0 0 0
3178 20412 0 0 10206 8 0 0 0 0
3182 20412 0 0 0 0 0 0 0 0
3186 51030 2041 1089 10206 12 0 10206 0 0
3190 30618 1863 1483 10206 3 0 10206 0 0
3191 10206 0 0 0 0 0 10206 0 0
3199 20412 2128 1302 10206 2 0 0 0 0
3846 1326108 50662 33301 0 0 0 1768144 127977 1125
3887 442036 121 31 0 0 0 0 0 0
3914 886154 242 25 347 0 0 694 0 0
3916 15074 0 0 0 0 0 0 0 0
3917 19 0 0 0 0 0 0 0 0
3919 15421 0 0 7884 703 301 0 0 0
3921 7884 0 0 0 0 0 0 0 0
3923 38 0 0 0 0 0 0 0 0
3926 57 0 0 19 0 0 0 0 0
3927 76 0 0 19 18 6 19 0 0
3930 39325 802 466 15730 0 0 0 0 0
3932 19 6 3 19 5 1 0 0 0
3933 38 0 0 0 0 0 0 0 0
3934 157296 5915 2826 0 0 0 0 0 0
3939 38 0 0 0 0 0 0 0 0
3940 209 0 0 57 0 0 0 0 0
3945 292 0 0 110 0 0 0 0 0
3946 518 11 5 204 3 1 0 0 0
3948 182 0 0 0 0 0 0 0 0
3950 369 0 0 182 0 0 32 0 0
3951 455 0 0 91 85 44 91 0 0
3977 868304 51812 4749 0 0 0 0 0 0
3979 1516038 814 558 0 0 0 15074 0 0
3980 766212 43590 36777 0 0 0 0 0 0
3982 1149318 0 0 383106 15598 6360 0 0 0
3984 59818 0 0 59818 28265 3428 0 0 0
3985 179454 0 0 59818 44419 12383 0 0 0
3987 239272 0 0 59818 42197 12948 59818 0 0
3988 59818 0 0 0 0 0 59818 0 0
3989 59818 0 0 0 0 0 59818 0 0
3991 239272 38872 35773 0 0 0 0 0 0
3997 119636 0 0 0 0 0 0 0 0
3998 717816 38869 35419 179454 9 0 0 0 0
4003 1003996 0 0 119636 39912 23691 0 0 0
4004 1979920 38863 14516 385126 0 0 0 0 0
4006 352453 0 0 0 0 0 0 0 0
4008 352453 0 0 352453 0 0 0 0 0
4009 1409812 35755 34887 352453 253698 77980 352453 0 0
4010 1057359 38461 12963 0 0 0 0 0 0
4012 704906 6277 4778 0 0 0 352453 0 0
4013 352453 0 0 0 0 0 352453 239653 75152
4020 59818 0 0 0 0 0 0 0 0
4039 493712 5719 1719 0 0 0 117822 0 0
4040 176733 0 0 58911 50457 36429 0 0 0
4041 1359 158 96 0 0 0 0 0 0
4058 1146595 0 0 0 0 0 0 0 0
4059 764398 0 0 0 0 0 0 0 0
4060 3057590 50963 4116 1146596 488 1 0 0 0
4069 685580 0 0 0 0 0 0 0 0
4070 4624365 135444 33002 1161381 66863 36283 0 0 0
4072 918916 0 0 918916 11877 3899 0 0 0
4073 1837832 0 0 918916 181624 49876 0 0 0
4074 918916 0 0 0 0 0 0 0 0
4076 1837832 0 0 0 0 0 0 0 0
4077 2756748 0 0 918916 68676 901 0 0 0
4079 918916 0 0 918916 598433 253332 0 0 0
4080 2756748 0 0 0 0 0 0 0 0
4081 646576 6558 874 0 0 0 646576 0 0
4082 3675664 49321 1787 918916 0 0 0 0 0
4084 2756748 0 0 918916 527904 231873 0 0 0
4085 2756748 0 0 918916 0 0 0 0 0
4087 918916 0 0 0 0 0 0 0 0
4098 2756748 0 0 0 0 0 0 0 0
4099 861726 31761 27397 287242 32277 25406 0 0 0
4100 499954 2788 810 0 0 0 0 0 0
4101 249977 0 0 0 0 0 0 0 0
4104 139383 0 0 0 0 0 0 0 0
4105 139383 3184 1479 0 0 0 0 0 0
4106 139383 0 0 0 0 0 278766 0 0
4107 139383 0 0 0 0 0 139383 0 0
4108 139383 0 0 0 0 0 278766 127860 89114
4109 278766 0 0 0 0 0 0 0 0
4111 85430 0 0 0 0 0 170860 20575 12455
4115 975681 3146 1473 0 0 0 139383 0 0
4117 278766 0 0 0 0 0 139383 34492 24349
4118 139383 0 0 0 0 0 139383 0 0
4121 151956 0 0 0 0 0 0 0 0
4122 418149 0 0 0 0 0 0 0 0
4127 779533 0 0 0 0 0 779533 0 0
4128 779533 50172 2034 0 0 0 779533 0 0
4132 1559066 0 0 0 0 0 0 0 0
4134 25146 1798 1669 0 0 0 12573 0 0
4135 50292 1935 1714 0 0 0 0 0 0
4140 12573 0 0 0 0 0 0 0 0
4141 98160 52 1 36810 1955 90 0 0 0
4144 5194 0 0 0 0 0 0 0 0
4161 1533926 0 0 0 0 0 0 0 0
4163 680962 6903 3761 0 0 0 0 0 0
4164 2723848 0 0 0 0 0 0 0 0
4165 680962 0 0 680962 73282 56394 0 0 0
4169 921355 32066 19271 0 0 0 0 0 0
4170 165605 43024 32127 0 0 0 0 0 0
4171 85998 42890 9266 85998 74293 34080 0 0 0
4174 171996 0 0 0 0 0 0 0 0
4177 6391 0 0 0 0 0 0 0 0
4179 19173 0 0 12782 5029 2748 0 0 0
4180 12782 0 0 0 0 0 0 0 0
4187 5816 0 0 2908 1769 789 5816 483 277
4188 8724 0 0 0 0 0 5816 136 102
4192 6966 2778 1041 3483 598 343 0 0 0
4193 7430 0 0 0 0 0 0 0 0
4195 232 0 0 232 23 9 0 0 0
4196 464 0 0 232 7 2 0 0 0
4199 3483 0 0 0 0 0 0 0 0
4202 1880 515 475 940 110 44 0 0 0
4206 5086 0 0 2543 814 541 5086 617 232
4207 7629 2032 1786 2543 14 7 0 0 0
4209 2543 0 0 0 0 0 2543 0 0
4210 7629 0 0 2543 0 0 2543 0 0
4212 3483 498 461 3483 33 28 0 0 0
4213 10449 0 0 3483 0 0 0 0 0
4218 159214 41154 33418 0 0 0 159214 16255 7771
4221 4601760 88488 70072 766960 83611 1816 766960 0 0
4222 766960 0 0 0 0 0 1533920 0 0
4224 766960 0 0 0 0 0 766960 54339 24403
4225 766960 0 0 0 0 0 766960 5 5
4230 1533920 0 0 0 0 0 0 0 0
4231 766960 0 0 0 0 0 0 0 0
4232 23448 0 0 11724 0 0 0 0 0
4233 35172 0 0 0 0 0 0 0 0
4240 3067840 95972 74051 0 0 0 0 0 0
4246 193431 0 0 0 0 0 0 0 0
4248 51030 2347 1354 81648 220 0 0 0 0
4257 464518 2685 142 0 0 0 0 0 0
4259 175824 0 0 0 0 0 0 0 0
4262 234432 0 0 58608 42843 29784 0 0 0
4263 35217 0 0 11739 5864 3901 0 0 0
4266 6981 6826 1452 6981 1146 803 0 0 0
4267 38857 0 0 7969 500 340 0 0 0
4269 988 0 0 988 217 113 0 0 0
4273 20943 0 0 6981 0 0 0 0 0
4274 968 0 0 968 1 0 0 0 0
4275 968 0 0 968 0 0 0 0 0
4276 1936 0 0 0 0 0 0 0 0
4278 6981 0 0 0 0 0 0 0 0
4279 13962 6827 6582 0 0 0 0 0 0
4282 13962 0 0 0 0 0 0 0 0
4284 1656 401 377 414 0 0 414 0 0
4285 1656 0 0 0 0 0 0 0 0
4291 6567 0 0 0 0 0 0 0 0
4295 6567 0 0 6567 0 0 0 0 0
4296 19701 0 0 6567 0 0 0 0 0
4298 6567 0 0 0 0 0 13134 6337 1943
4300 6567 0 0 0 0 0 6567 0 0
4301 6567 0 0 0 0 0 6567 0 0
4302 13134 0 0 0 0 0 0 0 0
4304 227 0 0 0 0 0 454 80 53
4307 45969 6451 5678 0 0 0 6567 0 0
4309 13134 0 0 0 0 0 6567 756 418
4310 6567 0 0 0 0 0 6567 0 0
4313 6981 378 299 0 0 0 0 0 0
4314 20943 0 0 0 0 0 0 0 0
4330 225278 0 0 0 0 0 0 0 0
4331 1126390 51768 37678 0 0 0 0 0 0
4332 225278 0 0 0 0 0 0 0 0
4333 675834 0 0 225278 6700 425 0 0 0
4334 450556 0 0 0 0 0 0 0 0
4339 977910 0 0 0 0 0 0 0 0
4343 196707 0 0 0 0 0 0 0 0
4346 185599 0 0 53118 0 0 0 0 0
4348 134365 14884 4143 0 0 0 0 0 0
4349 53746 0 0 0 0 0 0 0 0
4353 2786962 748 230 0 0 0 0 0 0
4355 1114966 0 0 0 0 0 0 0 0
4356 1114966 0 0 0 0 0 0 0 0
4357 1114966 0 0 0 0 0 0 0 0
4361 278515 0 0 278515 39241 13804 0 0 0
4364 557030 0 0 0 0 0 0 0 0
4366 262752 0 0 0 0 0 65688 0 0
4367 65688 0 0 0 0 0 0 0 0
4368 65688 0 0 0 0 0 0 0 0
4373 425654 47339 37649 212827 87269 34265 0 0 0
4376 425654 0 0 0 0 0 0 0 0
4378 212827 0 0 0 0 0 0 0 0
4381 425654 0 0 0 0 0 0 0 0
4384 425654 0 0 0 0 0 0 0 0
4386 172644 26646 2122 43161 0 0 43161 0 0
4387 172644 0 0 0 0 0 0 0 0
4394 169666 42529 32281 0 0 0 0 0 0
4399 169666 0 0 169666 0 0 0 0 0
4400 508998 0 0 169666 0 0 0 0 0
4402 169666 0 0 0 0 0 339332 132179 88233
4404 169666 0 0 0 0 0 169666 0 0
4405 169666 0 0 0 0 0 169666 0 0
4408 339332 0 0 0 0 0 0 0 0
4409 124901 0 0 0 0 0 124901 780 88
4410 339332 0 0 0 0 0 0 0 0
4412 45894 0 0 0 0 0 91788 11580 7502
4415 1187662 42162 30964 0 0 0 169666 0 0
4417 339332 0 0 0 0 0 169666 41475 26786
4418 169666 0 0 0 0 0 169666 0 0
4421 212827 0 0 0 0 0 0 0 0
4443 12451 0 0 12451 5771 2269 0 0 0
4444 24902 0 0 12451 6176 2211 0 0 0
4446 37353 6042 1781 12451 2740 379 0 0 0
4449 37353 0 0 0 0 0 0 0 0
4451 12364 0 0 0 0 0 0 0 0
4452 12364 0 0 0 0 0 0 0 0
4453 12364 0 0 0 0 0 12364 0 0
4454 86548 6421 1364 0 0 0 12364 0 0
4456 24728 0 0 0 0 0 12364 11416 8564
4459 12364 6637 1363 0 0 0 0 0 0
4460 24728 0 0 0 0 0 0 0 0
4466 348 0 0 87 3 1 174 0 0
4468 2 0 0 0 0 0 0 0 0
4470 3 1 0 2 0 0 0 0 0
4471 1 0 0 0 0 0 0 0 0
4481 344 78 63 0 0 0 0 0 0
4482 86 0 0 0 0 0 0 0 0
4483 953056 9862 2360 1270512 219 0 0 0 0
4487 1887780 13136 7983 2007416 1 0 0 0 0
fn=_int_realloc
441 5664 0 0 1944 0 0 0 0 0
461 8020 0 0 1604 2 0 1604 2 0
1461 6393 610 416 2131 0 0 0 0 0
4914 18675 1451 968 0 0 0 22410 380 28
4925 11205 0 0 3735 0 0 0 0 0
4926 18675 1396 970 3735 2270 24 0 0 0
4927 11205 0 0 0 0 0 0 0 0
4933 11205 0 0 0 0 0 14940 43 3
4935 3735 0 0 0 0 0 0 0 0
4936 7470 0 0 3735 0 0 0 0 0
4938 14940 0 0 0 0 0 0 0 0
4941 11205 1342 931 0 0 0 0 0 0
4951 9155 1634 982 2927 1592 16 0 0 0
4952 187 107 66 0 0 0 0 0 0
4953 187 0 0 0 0 0 0 0 0
4955 9272 0 0 0 0 0 187 0 0
4956 374 0 0 0 0 0 187 0 0
4957 561 91 66 0 0 0 187 187 182
4959 187 0 0 0 0 0 0 0 0
4963 2740 0 0 0 0 0 0 0 0
4964 10960 0 0 2740 1805 425 0 0 0
4965 5012 1273 438 0 0 0 0 0 0
4969 2272 0 0 0 0 0 0 0 0
4975 6416 0 0 0 0 0 0 0 0
4976 1604 0 0 0 0 0 0 0 0
4979 1604 0 0 0 0 0 0 0 0
4980 3208 631 467 1604 7 6 0 0 0
4985 3208 0 0 0 0 0 0 0 0
4992 1604 0 0 0 0 0 0 0 0
4993 9624 0 0 1604 1 0 0 0 0
4997 6416 593 468 0 0 0 0 0 0
4999 1604 0 0 1604 10 0 0 0 0
5006 1136 0 0 0 0 0 0 0 0
5008 1944 0 0 0 0 0 0 0 0
5010 3888 0 0 0 0 0 0 0 0
5012 2784 115 77 168 0 0 168 0 0
5013 672 0 0 168 0 0 168 0 0
5017 1776 1261 778 0 0 0 0 0 0
5020 8880 0 0 1776 0 0 1776 0 0
5021 5328 0 0 0 0 0 1776 1194 1004
5024 7104 0 0 1776 0 0 1776 0 0
5025 7104 596 390 0 0 0 0 0 0
5029 1944 0 0 0 0 0 0 0 0
5030 26145 0 0 37350 36 1 0 0 0
fn=alloc_perturb
1984 317628 16350 10749 0 0 0 317628 769 30
1985 476442 16241 4100 158814 109 0 0 0 0
1987 317628 0 0 317628 0 0 0 0 0
fn=calloc
461 4758 371 151 1586 0 0 0 0 0
463 792 0 0 0 0 0 0 0 0
3699 2382 410 149 0 0 0 3176 85 40
3709 4764 0 0 0 0 0 0 0 0
3717 5558 413 103 794 46 3 4764 0 0
3720 4764 0 0 1588 288 1 0 0 0
3722 2382 0 0 794 58 1 0 0 0
3732 2382 245 139 794 112 10 0 0 0
3733 2382 420 132 794 165 32 0 0 0
3754 3176 0 0 0 0 0 0 0 0
3756 6344 361 150 794 21 12 0 0 0
3759 1588 1 1 794 0 0 0 0 0
3784 1586 508 145 794 0 0 0 0 0
3787 794 0 0 0 0 0 0 0 0
3789 1599 0 0 812 0 0 0 0 0
3796 1584 442 133 0 0 0 0 0 0
3799 2376 459 158 0 0 0 0 0 0
3807 792 0 0 0 0 0 0 0 0
3809 1584 0 0 0 0 0 0 0 0
3811 1584 0 0 0 0 0 0 0 0
3816 4 0 0 0 0 0 2 0 0
3818 2 0 0 0 0 0 2 0 0
3819 4 0 0 0 0 0 0 0 0
3821 2 0 0 0 0 0 2 0 0
3823 4 0 0 0 0 0 0 0 0
3825 1 0 0 0 0 0 1 0 0
3827 2 0 0 0 0 0 0 0 0
3829 2 0 0 0 0 0 1 0 0
3830 3 0 0 6 0 0 0 0 0
3837 1596 0 0 3176 0 0 0 0 0
fn=free
3359 6776235 0 0 0 0 0 9486729 29265 28
3363 2088246 544460 21987 0 0 0 0 0 0
3368 5420988 115688 43049 1355247 17198 118 0 0 0
3371 5420988 0 0 2710494 222809 1398 0 0 0
3373 1355247 0 0 0 0 0 0 0 0
3375 2710494 0 0 1355247 594370 90577 0 0 0
3379 60 9 4 15 9 5 0 0 0
3381 75 0 0 15 11 9 0 0 0
3383 24 4 3 0 0 0 12 0 0
3384 24 0 0 0 0 0 12 0 0
3385 733023 464332 48827 0 0 0 0 0 0
3388 30 0 0 0 0 0 0 0 0
3392 6776160 232309 41783 2710464 33059 247 0 0 0
3395 4065696 0 0 1355232 0 0 0 0 0
3398 4065696 0 0 0 0 0 0 0 0
3401 1355247 0 0 0 0 0 1355247 5 0
3402 6776235 0 0 9486729 11 2 0 0 0
fn=malloc
461 1318911 0 0 439637 0 0 0 0 0
1326 1356826 0 0 0 0 0 0 0 0
1336 5427304 0 0 1356826 104552 5510 0 0 0
1345 1356826 0 0 0 0 0 0 0 0
1461 4070478 95144 39010 1356826 1148 0 0 0 0
3178 1834378 0 0 917189 198140 78294 0 0 0
3182 1834378 0 0 0 0 0 0 0 0
3186 2751567 0 0 917189 550576 266817 917189 0 0
3190 1834378 0 0 0 0 0 917189 0 0
3191 917189 0 0 0 0 0 917189 0 0
3248 3 1 1 1 0 0 0 0 0
3294 8140956 107442 602 0 0 0 10854608 134817 452
3301 5427304 104573 1540 1356826 111358 40400 0 0 0
3311 6784130 109173 3499 0 0 0 0 0 0
3313 8140956 0 0 2713652 223754 39839 0 0 0
3316 5427304 0 0 1356826 105859 36017 0 0 0
3317 2598684 101942 38381 1 0 0 0 0 0
3318 2598682 0 0 1299341 146960 5517 0 0 0
3326 1318911 0 0 439637 55750 297 0 0 0
3328 2198185 62078 4849 0 0 0 0 0 0
3329 1758548 0 0 439637 10222 3382 0 0 0
3354 8140956 107405 43524 10854608 256 0 0 0 0
fn=malloc_consolidate
4811 2814 459 435 0 0 0 3752 658 25
4826 938 0 0 0 0 0 469 0 0
4828 469 0 0 0 0 0 0 0 0
4839 469 0 0 0 0 0 0 0 0
4841 15621 0 0 0 0 0 1034 0 0
4842 4690 0 0 0 0 0 0 0 0
4845 10430 461 428 0 0 0 0 0 0
4849 10430 0 0 5215 3605 708 0 0 0
4850 26075 461 427 0 0 0 0 0 0
4855 20860 0 0 5215 861 131 0 0 0
4858 5215 0 0 0 0 0 0 0 0
4859 5215 0 0 0 0 0 0 0 0
4860 10430 0 0 5215 1852 404 0 0 0
4862 5215 0 0 0 0 0 0 0 0
4863 1946 0 0 1946 0 0 0 0 0
4864 1946 17 17 0 0 0 0 0 0
4865 1946 0 0 0 0 0 0 0 0
4866 7784 0 0 1946 848 146 0 0 0
4868 7784 0 0 1946 0 0 1946 0 0
4871 15645 444 422 5215 100 33 0 0 0
4872 10422 0 0 5211 3508 1293 0 0 0
4874 5211 0 0 0 0 0 0 0 0
4875 1857 0 0 0 0 0 0 0 0
4876 9285 32 30 1857 0 0 1857 1 0
4878 6708 0 0 0 0 0 3354 0 0
4880 5211 0 0 5211 149 48 0 0 0
4881 5211 0 0 0 0 0 5211 0 0
4882 5211 0 0 0 0 0 5211 107 24
4884 10422 0 0 0 0 0 0 0 0
4885 415 0 0 0 0 0 830 34 4
4889 5211 0 0 0 0 0 0 0 0
4890 5211 0 0 0 0 0 5211 0 0
4891 5211 0 0 0 0 0 10422 0 0
4892 5211 0 0 0 0 0 5211 0 0
4896 4 0 0 0 0 0 0 0 0
4897 8 0 0 0 0 0 4 0 0
4898 4 0 0 0 0 0 4 0 0
4901 16679 429 422 2068 8 0 0 0 0
4904 14070 433 187 0 0 0 0 0 0
4905 2862 26 23 3752 3 0 1034 0 0
fn=munmap_chunk
3024 60 8 3 0 0 0 75 3 3
3025 45 0 0 30 21 19 0 0 0
3026 15 0 0 15 0 0 0 0 0
3028 15 11 10 0 0 0 0 0 0
3030 15 0 0 0 0 0 0 0 0
3031 45 0 0 15 0 0 0 0 0
3032 15 0 0 0 0 0 0 0 0
3038 45 0 0 0 0 0 0 0 0
3039 75 0 0 0 0 0 0 0 0
3042 75 12 11 0 0 0 0 0 0
3043 45 0 0 0 0 0 0 0 0
3048 45 0 0 0 0 0 0 0 0
3049 45 0 0 75 0 0 0 0 0
fn=ptmalloc_init.part.0
1946 382 0 0 0 0 0 0 0 0
1949 127 0 0 0 0 0 254 32 32
1957 2 0 0 0 0 0 1 0 0
1958 3 1 1 0 0 0 1 1 0
1960 2 0 0 0 0 0 1 1 1
3143 2 0 0 0 0 0 0 0 0
fn=realloc
461 11233 1374 890 3755 23 0 0 0 0
463 4634 0 0 0 0 0 0 0 0
1326 3739 0 0 0 0 0 0 0 0
1336 18695 0 0 3739 0 0 0 0 0
1345 18695 0 0 0 0 0 0 0 0
2008 28 0 0 8 4 4 0 0 0
3056 12 4 4 8 0 0 0 0 0
3057 4 0 0 4 0 0 0 0 0
3058 4 0 0 0 0 0 0 0 0
3063 8 4 4 0 0 0 8 0 0
3064 4 0 0 0 0 0 0 0 0
3065 4 0 0 0 0 0 0 0 0
3066 16 0 0 0 0 0 0 0 0
3067 24 0 0 0 0 0 0 0 0
3071 16 0 0 0 0 0 8 0 0
3074 8 4 4 0 0 0 0 0 0
3077 20 0 0 0 0 0 0 0 0
3080 8 0 0 0 0 0 0 0 0
3085 4 4 4 0 0 0 0 0 0
3087 12 0 0 0 0 0 0 0 0
3089 12 0 0 4 0 0 0 0 0
3090 12 0 0 0 0 0 4 0 0
3093 24 4 4 0 0 0 0 0 0
3095 16 0 0 4 0 0 0 0 0
3407 32480 2911 1324 0 0 0 37120 283 8
3413 18560 3013 1276 4640 1446 17 0 0 0
3417 13920 0 0 0 0 0 0 0 0
3424 4640 0 0 0 0 0 0 0 0
3425 12 0 0 0 0 0 0 0 0
3429 18536 0 0 4634 1732 9 9268 0 0
3433 4634 0 0 0 0 0 0 0 0
3441 10163 4101 995 1790 0 0 0 0 0
3443 1707 0 0 0 0 0 0 0 0
3444 3414 0 0 0 0 0 0 0 0
3445 1700 728 528 841 10 8 0 0 0
3446 895 0 0 0 0 0 0 0 0
3450 6673 0 0 2927 0 0 0 0 0
3452 2927 0 0 0 0 0 0 0 0
3453 4 2 2 0 0 0 0 0 0
3456 22410 2040 463 7470 3608 12 0 0 0
3464 11217 2434 890 0 0 0 0 0 0
3465 7478 0 0 0 0 0 0 0 0
3475 3739 3189 858 0 0 0 0 0 0
3506 11205 0 0 3735 1755 15 0 0 0
3508 22410 2179 938 0 0 0 0 0 0
3509 22410 0 0 3735 14 0 0 0 0
3538 31563 1439 894 44590 54 1 0 0 0
5238 9268 0 0 4634 2072 177 0 0 0
5239 4645 11 9 0 0 0 0 0 0
5240 13869 2964 1118 4623 1229 159 0 0 0
5241 32361 3996 1344 4623 0 0 0 0 0
fn=sysmalloc
2008 292 0 0 58 0 0 0 0 0
2532 1204 164 160 172 104 42 774 68 17
2552 258 0 0 172 78 75 0 0 0
2553 207 0 0 0 0 0 345 7 2
2563 86 0 0 0 0 0 0 0 0
2564 344 83 82 86 84 74 0 0 0
2565 51 14 12 34 0 0 0 0 0
2568 85 14 13 17 0 0 0 0 0
2576 85 0 0 0 0 0 17 0 0
2577 34 0 0 0 0 0 0 0 0
2588 138 0 0 69 0 0 0 0 0
2589 138 0 0 69 0 0 0 0 0
2590 69 0 0 0 0 0 0 0 0
2599 546 68 68 0 0 0 0 0 0
2605 207 1 1 0 0 0 0 0 0
2608 276 0 0 0 0 0 0 0 0
2669 276 68 68 69 0 0 0 0 0
2677 69 0 0 69 0 0 0 0 0
2678 207 0 0 0 0 0 0 0 0
2691 138 68 68 69 0 0 0 0 0
2695 1 1 1 0 0 0 0 0 0
2699 345 0 0 0 0 0 69 0 0
2707 138 0 0 0 0 0 0 0 0
2709 276 68 68 0 0 0 138 0 0
2710 138 0 0 138 0 0 0 0 0
2711 57 0 0 0 0 0 0 0 0
2712 69 68 68 0 0 0 0 0 0
2715 69 0 0 0 0 0 0 0 0
2727 48 0 0 12 0 0 0 0 0
2732 108 12 12 0 0 0 24 0 0
2734 36 0 0 24 0 0 0 0 0
2738 24 12 12 12 0 0 0 0 0
2742 12 0 0 0 0 0 0 0 0
2744 320 0 0 69 0 0 0 0 0
2745 3 1 1 0 0 0 1 0 0
2746 333 12 12 126 0 0 69 0 0
2752 183 57 56 0 0 0 0 0 0
2753 224 0 0 0 0 0 56 0 0
2755 42 1 1 13 0 0 0 0 0
2782 12 0 0 0 0 0 0 0 0
2783 2 0 0 0 0 0 0 0 0
2789 1 0 0 0 0 0 0 0 0
2795 2 0 0 0 0 0 0 0 0
2817 2 1 1 0 0 0 0 0 0
2818 7 0 0 0 0 0 0 0 0
2820 1 0 0 0 0 0 0 0 0
2821 4 0 0 0 0 0 2 0 0
2833 2 1 1 2 0 0 0 0 0
2847 24 12 12 0 0 0 0 0 0
2866 12 0 0 0 0 0 0 0 0
2875 26 0 0 0 0 0 13 0 0
2876 52 13 13 0 0 0 13 13 13
2877 39 0 0 13 0 0 13 0 0
2888 13 0 0 0 0 0 0 0 0
2895 24 0 0 0 0 0 0 0 0
2896 24 0 0 0 0 0 12 0 0
2904 36 0 0 0 0 0 12 12 12
2906 12 0 0 0 0 0 12 0 0
2911 24 12 12 0 0 0 0 0 0
2913 48 0 0 0 0 0 0 0 0
2921 231 69 69 81 0 0 0 0 0
2922 69 0 0 0 0 0 69 0 0
2926 68 0 0 68 0 0 0 0 0
2927 138 0 0 69 0 0 0 0 0
2930 138 69 69 0 0 0 0 0 0
2932 69 0 0 0 0 0 0 0 0
2933 69 0 0 0 0 0 0 0 0
2934 69 0 0 0 0 0 69 0 0
2935 414 0 0 0 0 0 69 0 0
2936 138 0 0 0 0 0 69 68 68
2938 207 0 0 276 0 0 0 0 0
2944 1118 69 69 946 0 0 0 0 0
fn=sysmalloc_mmap.isra.0
2008 85 28 26 17 0 0 0 0 0
2400 68 13 12 0 0 0 102 8 5
2413 68 13 12 0 0 0 0 0 0
2418 34 0 0 0 0 0 0 0 0
2421 204 12 11 17 0 0 0 0 0
2424 34 0 0 0 0 0 0 0 0
2428 51 0 0 0 0 0 51 0 0
2432 85 13 12 0 0 0 0 0 0
2448 51 0 0 0 0 0 0 0 0
2467 34 0 0 0 0 0 34 17 16
2471 102 0 0 0 0 0 0 0 0
2472 104 14 13 17 0 0 0 0 0
2475 85 0 0 0 0 0 0 0 0
2476 158 0 0 17 0 0 0 0 0
2481 119 0 0 153 0 0 0 0 0
fn=sysmalloc_mmap_fallback.constprop.0
2008 60 12 12 12 0 0 0 0 0
2490 84 12 12 0 0 0 96 0 0
2494 12 0 0 12 0 0 0 0 0
2497 60 0 0 12 0 0 0 0 0
2498 6 1 1 0 0 0 0 0 0
2502 48 11 11 0 0 0 0 0 0
2505 24 0 0 0 0 0 0 0 0
2506 12 0 0 0 0 0 0 0 0
2508 132 12 12 12 0 0 0 0 0
2511 24 0 0 0 0 0 0 0 0
2515 12 0 0 0 0 0 0 0 0
2519 60 0 0 0 0 0 0 0 0
2524 48 0 0 12 0 0 12 0 0
2526 12 0 0 0 0 0 12 0 0
2528 72 0 0 96 0 0 0 0 0
fn=systrim.constprop.0
2957 468 114 40 0 0 0 702 0 0
2966 585 102 29 234 0 0 0 0 0
2968 117 0 0 0 0 0 0 0 0
2969 234 0 0 0 0 0 0 0 0
2970 114 0 0 0 0 0 0 0 0
2974 351 0 0 117 0 0 0 0 0
2975 117 0 0 0 0 0 0 0 0
2978 585 0 0 234 93 45 0 0 0
2980 117 0 0 0 0 0 0 0 0
2987 336 0 0 0 0 0 0 0 0
2988 560 83 25 112 0 0 0 0 0
3000 6 0 0 0 0 0 0 0 0
3001 6 0 0 0 0 0 0 0 0
3003 3 0 0 0 0 0 0 0 0
3005 3 0 0 0 0 0 0 0 0
3009 6 0 0 0 0 0 0 0 0
3012 9 0 0 3 0 0 3 0 0
3013 12 0 0 3 0 0 3 0 0
3015 6 0 0 0 0 0 0 0 0
3020 468 5 5 702 0 0 0 0 0
fn=tcache_init.part.0
3242 4 1 1 0 0 0 6 0 0
3251 10 1 1 2 0 0 0 0 0
3252 4 0 0 0 0 0 0 0 0
3253 1 0 0 0 0 0 0 0 0
3261 5 1 1 0 0 0 0 0 0
3270 2 0 0 0 0 0 1 0 0
3274 3 0 0 6 0 0 0 0 0
fn=unlink_chunk.isra.0
1608 1075754 53714 38317 0 0 0 1075754 7273 223
1610 2689385 64058 13134 1075754 155148 73233 0 0 0
1614 537877 0 0 1075754 25800 7380 0 0 0
1616 3227262 0 0 1075754 256010 55793 0 0 0
1619 537877 0 0 0 0 0 537877 0 0
1620 537877 0 0 0 0 0 537877 0 0
1621 1351322 0 0 137784 7525 1953 0 0 0
1623 255411 45912 13763 85137 402 114 0 0 0
1624 340548 0 0 170274 34 9 0 0 0
1627 170274 0 0 85137 20752 7957 0 0 0
1629 194 0 0 0 0 0 0 0 0
1630 164 64 64 0 0 0 164 0 0
1634 15 0 0 0 0 0 30 0 0
1635 15 11 11 0 0 0 15 0 0
1636 45 0 0 15 0 0 15 0 0
1641 85040 0 0 0 0 0 85040 0 0
1642 85040 0 0 0 0 0 85040 0 0
1645 1075754 9153 1225 1075754 0 0 0 0 0
fl=./malloc/./malloc/morecore.c
fn=__glibc_morecore
25 376 0 0 0 0 0 376 8 1
26 564 176 81 188 0 0 0 0 0
27 12 0 0 0 0 0 0 0 0
29 188 0 0 0 0 0 0 0 0
30 376 69 68 0 0 0 0 0 0
34 376 0 0 376 0 0 0 0 0
fl=./malloc/./malloc/scratch_buffer_set_array_size.c
fn=__libc_scratch_buffer_set_array_size
30 56 9 8 0 0 0 56 0 0
31 14 0 0 0 0 0 0 0 0
34 14 0 0 0 0 0 0 0 0
35 42 9 8 0 0 0 0 0 0
45 42 0 0 14 0 0 0 0 0
46 14 9 8 0 0 0 0 0 0
63 42 0 0 56 0 0 0 0 0
fl=./math/../sysdeps/aarch64/fpu/fenv_private.h
fn=fetestexcept
107 1546544 0 0 0 0 0 0 0 0
108 1546544 0 0 0 0 0 0 0 0
fl=./math/../sysdeps/aarch64/fpu/ftestexcept.c
fn=fetestexcept
24 3093088 600377 4073 0 0 0 3093088 22290 0
26 4639632 0 0 3093088 0 0 0 0 0
fl=./math/../sysdeps/aarch64/fpu/math_private.h
fn=exp@@GLIBC_2.29
31 1 0 0 0 0 0 0 0 0
37 1 0 0 0 0 0 0 0 0
fn=pow@@GLIBC_2.29
31 1106 0 0 0 0 0 0 0 0
37 1106 0 0 0 0 0 0 0 0
fn=powf@@GLIBC_2.27
31 2 0 0 0 0 0 0 0 0
37 2 0 0 0 0 0 0 0 0
fl=./math/../sysdeps/ieee754/dbl-64/e_exp.c
fn=exp@@GLIBC_2.29
98 2 0 0 0 0 0 2 0 0
104 1 0 0 0 0 0 0 0 0
105 3 0 0 0 0 0 0 0 0
129 4 0 0 1 1 1 0 0 0
139 3 0 0 2 0 0 0 0 0
141 1 0 0 0 0 0 0 0 0
143 1 0 0 0 0 0 0 0 0
145 3 0 0 1 0 0 0 0 0
148 1 0 0 0 0 0 0 0 0
151 8 2 2 4 1 1 0 0 0
152 1 0 0 0 0 0 0 0 0
157 1 0 0 0 0 0 0 0 0
158 2 0 0 2 0 0 0 0 0
fl=./math/../sysdeps/ieee754/dbl-64/e_log.c
fn=log@@GLIBC_2.29
49 10 0 0 0 0 0 10 0 0
61 35 0 0 0 0 0 0 0 0
85 20 4 4 0 0 0 0 0 0
102 10 0 0 0 0 0 0 0 0
104 5 0 0 0 0 0 0 0 0
105 10 0 0 0 0 0 0 0 0
106 30 0 0 0 0 0 0 0 0
114 20 0 0 5 5 5 0 0 0
119 5 0 0 0 0 0 0 0 0
122 15 0 0 10 4 4 0 0 0
123 5 0 0 0 0 0 0 0 0
124 15 4 4 0 0 0 0 0 0
127 5 0 0 0 0 0 0 0 0
130 50 4 4 30 0 0 0 0 0
132 10 0 0 10 0 0 0 0 0
fl=./math/../sysdeps/ieee754/dbl-64/e_log10.c
fn=__log10_finite@GLIBC_2.17
59 3 0 0 0 0 0 3 0 0
64 1 1 1 0 0 0 0 0 0
66 1 1 1 0 0 0 0 0 0
67 3 0 0 0 0 0 0 0 0
78 3 0 0 0 0 0 0 0 0
80 3 0 0 0 0 0 0 0 0
81 1 0 0 0 0 0 0 0 0
82 2 0 0 0 0 0 0 0 0
83 2 1 1 0 0 0 0 0 0
87 9 0 0 2 1 1 0 0 0
88 3 0 0 1 0 0 0 0 0
89 3 1 1 3 0 0 0 0 0
fl=./math/../sysdeps/ieee754/dbl-64/e_pow.c
fn=pow@@GLIBC_2.29
45 2212 0 0 0 0 0 0 0 0
62 3318 0 0 0 0 0 0 0 0
64 1106 0 0 0 0 0 0 0 0
65 2212 0 0 0 0 0 0 0 0
67 1106 0 0 0 0 0 0 0 0
70 1106 0 0 0 0 0 0 0 0
72 4424 6 6 1106 0 0 0 0 0
77 4424 0 0 1106 142 6 0 0 0
88 3318 6 6 2212 278 6 0 0 0
89 1106 0 0 0 0 0 0 0 0
90 2212 0 0 1106 0 0 0 0 0
91 2212 0 0 0 0 0 0 0 0
95 2212 0 0 1106 0 0 0 0 0
96 1106 0 0 0 0 0 0 0 0
97 1106 0 0 0 0 0 0 0 0
100 1106 0 0 0 0 0 0 0 0
101 1106 6 6 0 0 0 0 0 0
102 2212 0 0 0 0 0 0 0 0
112 9954 0 0 6636 278 6 0 0 0
113 4424 0 0 0 0 0 0 0 0
114 1106 0 0 0 0 0 0 0 0
115 2212 0 0 0 0 0 0 0 0
193 1106 0 0 0 0 0 0 0 0
194 3318 0 0 0 0 0 0 0 0
218 4424 0 0 1106 209 5 0 0 0
229 3318 6 6 2212 0 0 0 0 0
231 1106 0 0 0 0 0 0 0 0
233 1106 0 0 0 0 0 0 0 0
234 1106 0 0 0 0 0 0 0 0
235 1106 0 0 0 0 0 0 0 0
237 3318 0 0 1106 0 0 0 0 0
240 1106 0 0 0 0 0 0 0 0
243 8848 6 6 4424 144 5 0 0 0
244 1106 0 0 0 0 0 0 0 0
249 1106 0 0 0 0 0 0 0 0
283 3318 0 0 0 0 0 2212 138 0
284 1106 0 0 0 0 0 0 0 0
292 7742 0 0 0 0 0 0 0 0
369 1106 0 0 0 0 0 0 0 0
370 2212 0 0 0 0 0 0 0 0
380 2212 0 0 2212 0 0 0 0 0
fl=./math/../sysdeps/ieee754/dbl-64/math_config.h
fn=exp@@GLIBC_2.29
85 1 1 1 0 0 0 0 0 0
97 2 0 0 1 1 1 0 0 0
fn=log@@GLIBC_2.29
85 5 4 4 0 0 0 0 0 0
fn=pow@@GLIBC_2.29
85 3318 12 12 0 0 0 0 0 0
97 2212 0 0 1106 278 6 0 0 0
fl=./math/../sysdeps/ieee754/dbl-64/s_frexp.c
fn=frexp
36 605164 0 0 0 0 0 605164 0 0
38 302582 99519 11976 0 0 0 0 0 0
39 302582 0 0 0 0 0 0 0 0
40 60 0 0 0 0 0 0 0 0
42 1210328 0 0 0 0 0 0 0 0
45 302522 0 0 0 0 0 0 0 0
46 302522 0 0 0 0 0 0 0 0
56 605044 0 0 0 0 0 0 0 0
60 120 2 2 0 0 0 0 0 0
62 302582 0 0 0 0 0 302582 0 0
64 907746 0 0 605164 0 0 0 0 0
fl=./math/../sysdeps/ieee754/dbl-64/s_scalbn.c
fn=__scalbn
30 9 0 0 0 0 0 6 0 0
33 3 3 2 0 0 0 0 0 0
34 3 0 0 0 0 0 0 0 0
35 3 0 0 0 0 0 0 0 0
41 6 0 0 0 0 0 0 0 0
42 9 0 0 0 0 0 0 0 0
44 18 3 2 0 0 0 0 0 0
49 6 0 0 0 0 0 0 0 0
50 9 0 0 0 0 0 0 0 0
57 6 0 0 6 0 0 0 0 0
fl=./math/../sysdeps/ieee754/flt-32/e_exp2f.c
fn=exp2f@@GLIBC_2.27
49 10 0 0 0 0 0 10 0 0
55 5 0 0 0 0 0 0 0 0
56 5 5 1 0 0 0 0 0 0
57 10 0 0 0 0 0 0 0 0
75 15 0 0 0 0 0 0 0 0
77 5 0 0 0 0 0 0 0 0
78 5 0 0 0 0 0 0 0 0
81 10 0 0 5 5 1 0 0 0
82 5 0 0 0 0 0 0 0 0
84 10 0 0 10 4 2 0 0 0
85 5 4 2 0 0 0 0 0 0
86 15 0 0 10 5 2 0 0 0
87 5 0 0 0 0 0 0 0 0
88 10 0 0 0 0 0 0 0 0
89 5 0 0 0 0 0 0 0 0
90 10 0 0 10 0 0 0 0 0
fl=./math/../sysdeps/ieee754/flt-32/e_log10f.c
fn=__log10f_finite@GLIBC_2.17
28 6 2 1 0 0 0 6 0 0
32 2 2 1 0 0 0 0 0 0
34 2 2 1 0 0 0 0 0 0
35 6 0 0 0 0 0 0 0 0
43 6 0 0 0 0 0 0 0 0
44 6 0 0 0 0 0 0 0 0
45 2 0 0 0 0 0 0 0 0
46 4 0 0 0 0 0 0 0 0
47 4 0 0 0 0 0 0 0 0
51 22 2 1 0 0 0 0 0 0
52 8 0 0 0 0 0 0 0 0
53 6 0 0 6 0 0 0 0 0
fl=./math/../sysdeps/ieee754/flt-32/e_logf.c
fn=logf@@GLIBC_2.27
41 4 0 0 0 0 0 4 0 0
50 6 2 1 0 0 0 0 0 0
53 8 0 0 0 0 0 0 0 0
70 4 0 0 0 0 0 0 0 0
72 2 0 0 0 0 0 0 0 0
73 4 0 0 0 0 0 0 0 0
75 12 0 0 2 0 0 0 0 0
76 4 2 1 0 0 0 0 0 0
79 6 0 0 2 2 1 0 0 0
80 4 0 0 0 0 0 0 0 0
83 2 0 0 0 0 0 0 0 0
84 4 0 0 4 2 1 0 0 0
85 4 0 0 4 2 1 0 0 0
86 4 0 0 0 0 0 0 0 0
87 2 0 0 0 0 0 0 0 0
88 4 2 1 4 0 0 0 0 0
fl=./math/../sysdeps/ieee754/flt-32/e_powf.c
fn=powf@@GLIBC_2.27
55 4 0 0 0 0 0 0 0 0
57 2 0 0 0 0 0 0 0 0
58 2 0 0 0 0 0 0 0 0
59 2 2 1 0 0 0 0 0 0
61 12 0 0 2 0 0 0 0 0
62 4 0 0 0 0 0 0 0 0
65 6 0 0 2 2 2 0 0 0
66 4 0 0 0 0 0 0 0 0
69 2 0 0 0 0 0 0 0 0
70 4 0 0 4 0 0 0 0 0
71 4 0 0 4 2 2 0 0 0
72 2 0 0 0 0 0 0 0 0
73 4 0 0 2 0 0 0 0 0
74 2 0 0 0 0 0 0 0 0
75 2 2 1 0 0 0 0 0 0
108 2 0 0 0 0 0 0 0 0
111 8 0 0 2 2 2 0 0 0
112 2 0 0 0 0 0 0 0 0
113 2 0 0 0 0 0 0 0 0
115 4 0 0 4 0 0 0 0 0
116 2 0 0 0 0 0 0 0 0
117 6 2 1 2 2 0 0 0 0
118 2 0 0 0 0 0 0 0 0
119 4 0 0 0 0 0 0 0 0
143 4 0 0 0 0 0 0 0 0
148 6 0 0 0 0 0 4 0 0
149 2 2 1 0 0 0 0 0 0
154 12 0 0 0 0 0 0 0 0
158 2 0 0 0 0 0 0 0 0
206 4 0 0 0 0 0 0 0 0
207 10 0 0 0 0 0 0 0 0
230 2 0 0 0 0 0 0 0 0
231 4 0 0 4 0 0 0 0 0
fl=./math/../sysdeps/ieee754/flt-32/math_config.h
fn=exp2f@@GLIBC_2.27
67 5 5 1 0 0 0 0 0 0
89 5 0 0 0 0 0 0 0 0
fn=logf@@GLIBC_2.27
67 2 2 1 0 0 0 0 0 0
fn=powf@@GLIBC_2.27
67 4 2 1 0 0 0 0 0 0
fl=./math/../sysdeps/ieee754/flt-32/s_nextafterf.c
fn=nextafterf
27 3 0 0 0 0 0 2 0 0
30 1 0 0 0 0 0 0 0 0
31 1 1 1 0 0 0 0 0 0
33 2 0 0 0 0 0 0 0 0
35 4 0 0 0 0 0 0 0 0
38 3 1 1 0 0 0 0 0 0
39 1 0 0 0 0 0 0 0 0
41 3 1 1 0 0 0 0 0 0
42 1 0 0 0 0 0 0 0 0
43 1 0 0 0 0 0 0 0 0
73 2 0 0 2 0 0 0 0 0
fl=./math/../sysdeps/ieee754/ldbl-128/e_log10l.c
fn=__log10l_finite@GLIBC_2.17
151 21 3 3 3 0 0 0 0 0
154 75 0 0 30 6 6 0 0 0
156 33 0 0 0 0 0 0 0 0
169 24 0 0 6 0 0 0 0 0
172 75 0 0 30 6 6 0 0 0
174 36 0 0 0 0 0 0 0 0
182 27 3 3 6 3 1 12 1 1
189 3 0 0 6 0 0 0 0 0
190 9 3 3 0 0 0 0 0 0
192 3 0 0 0 0 0 0 0 0
194 9 0 0 0 0 0 0 0 0
197 15 0 0 3 3 0 0 0 0
198 3 0 0 0 0 0 0 0 0
205 21 3 3 3 0 0 18 0 0
211 12 0 0 3 0 0 0 0 0
213 18 3 3 6 3 3 0 0 0
215 3 0 0 0 0 0 0 0 0
216 15 3 3 3 3 3 3 0 0
217 15 3 3 6 0 0 0 0 0
223 18 3 3 3 0 0 0 0 0
225 12 0 0 3 0 0 3 0 0
226 6 0 0 0 0 0 3 0 0
227 24 3 3 9 0 0 3 0 0
228 3 0 0 0 0 0 0 0 0
252 21 3 3 3 3 3 6 0 0
253 24 0 0 9 0 0 3 0 0
254 33 3 3 6 0 0 6 0 0
255 27 3 3 9 0 0 3 0 0
256 27 0 0 9 0 0 3 0 0
257 30 0 0 24 3 2 0 0 0
258 3 0 0 0 0 0 0 0 0
259 30 3 3 15 0 0 0 0 0
fl=./math/../sysdeps/ieee754/ldbl-128/e_powl.c
fn=__powl_finite@GLIBC_2.17
151 33 3 3 9 0 0 30 6 0
162 3 3 2 0 0 0 0 0 0
166 12 0 0 0 0 0 0 0 0
170 6 0 0 0 0 0 0 0 0
175 15 3 3 3 3 0 0 0 0
177 36 3 2 6 3 1 0 0 0
182 9 3 3 0 0 0 0 0 0
183 3 0 0 0 0 0 0 0 0
185 12 0 0 0 0 0 0 0 0
186 9 3 3 0 0 0 0 0 0
195 3 0 0 0 0 0 0 0 0
196 3 0 0 0 0 0 0 0 0
214 3 0 0 0 0 0 0 0 0
226 9 0 0 0 0 0 0 0 0
233 9 3 3 0 0 0 0 0 0
237 12 0 0 0 0 0 0 0 0
242 6 0 0 0 0 0 6 0 0
244 15 3 2 6 0 0 0 0 0
246 21 6 6 0 0 0 0 0 0
265 12 3 3 0 0 0 0 0 0
269 12 0 0 3 0 0 3 0 0
270 9 0 0 0 0 0 0 0 0
271 12 0 0 3 0 0 3 0 0
276 12 3 3 0 0 0 0 0 0
293 15 3 3 3 0 0 0 0 0
294 21 3 3 6 3 2 0 0 0
299 9 3 3 0 0 0 0 0 0
306 12 3 3 0 0 0 0 0 0
309 3 0 0 0 0 0 0 0 0
310 9 0 0 0 0 0 0 0 0
312 9 0 0 0 0 0 0 0 0
321 3 3 3 6 0 0 0 0 0
322 3 0 0 0 0 0 0 0 0
323 6 0 0 0 0 0 0 0 0
326 12 0 0 3 0 0 6 0 0
327 33 3 3 9 0 0 3 0 0
328 12 0 0 3 0 0 3 0 0
331 9 0 0 0 0 0 3 0 0
332 3 0 0 0 0 0 0 0 0
333 12 3 3 0 0 0 0 0 0
334 6 0 0 0 0 0 0 0 0
337 6 0 0 0 0 0 0 0 0
338 3 0 0 0 0 0 0 0 0
339 15 0 0 3 0 0 0 0 0
340 6 3 3 0 0 0 0 0 0
341 21 0 0 9 0 0 0 0 0
342 57 3 2 12 0 0 12 0 0
344 12 0 0 3 0 0 3 0 0
345 81 6 5 24 3 3 3 0 0
346 87 6 6 30 6 6 0 0 0
347 33 0 0 9 0 0 6 0 0
348 24 3 3 12 0 0 3 0 0
349 15 0 0 3 0 0 3 0 0
350 21 3 3 6 3 3 0 0 0
351 6 0 0 0 0 0 0 0 0
352 3 0 0 0 0 0 0 0 0
353 12 0 0 0 0 0 0 0 0
354 6 0 0 0 0 0 0 0 0
355 30 0 0 12 0 0 0 0 0
357 15 3 3 3 0 0 6 0 0
358 33 3 3 12 0 0 3 0 0
360 12 0 0 3 0 0 3 0 0
361 6 0 0 0 0 0 0 0 0
362 3 0 0 0 0 0 0 0 0
363 12 3 3 0 0 0 0 0 0
364 6 0 0 0 0 0 0 0 0
365 21 3 3 9 0 0 0 0 0
366 21 0 0 3 0 0 6 0 0
367 51 3 3 15 0 0 6 0 0
369 9 0 0 0 0 0 3 0 0
370 21 0 0 12 0 0 0 0 0
371 6 0 0 0 0 0 0 0 0
372 3 0 0 0 0 0 0 0 0
373 12 0 0 0 0 0 0 0 0
374 6 0 0 0 0 0 0 0 0
375 33 6 6 12 0 0 3 0 0
379 3 0 0 6 0 0 0 0 0
380 3 0 0 0 0 0 0 0 0
381 9 3 3 0 0 0 0 0 0
382 3 0 0 0 0 0 6 0 0
383 39 3 3 15 0 0 6 0 0
384 18 0 0 6 0 0 3 0 0
385 9 0 0 3 0 0 3 0 0
387 3 0 0 3 0 0 0 0 0
388 12 0 0 0 0 0 0 0 0
399 12 0 0 0 0 0 0 0 0
414 3 0 0 0 0 0 0 0 0
415 54 6 6 9 3 3 9 0 0
417 24 3 3 6 3 0 0 0 0
418 3 0 0 0 0 0 0 0 0
419 18 3 3 3 0 0 3 0 0
421 9 0 0 3 0 0 3 0 0
422 3 0 0 6 0 0 0 0 0
423 3 0 0 0 0 0 0 0 0
424 12 3 3 3 0 0 0 0 0
425 6 0 0 0 0 0 0 0 0
426 18 0 0 3 3 3 6 0 0
427 63 3 3 21 3 0 3 0 0
428 15 3 3 3 0 0 6 0 0
429 21 0 0 6 0 0 3 0 0
431 12 0 0 3 0 0 3 0 0
432 78 6 5 24 3 3 0 0 0
433 69 6 5 24 3 3 0 0 0
434 30 0 0 9 0 0 3 0 0
435 72 3 3 24 3 3 9 0 0
436 27 3 3 6 0 0 0 0 0
438 3 0 0 0 0 0 0 0 0
439 6 0 0 0 0 0 0 0 0
440 9 0 0 0 0 0 0 0 0
448 3 0 0 0 0 0 0 0 0
449 6 3 3 0 0 0 0 0 0
451 15 0 0 3 0 0 3 0 0
452 18 3 0 27 0 0 0 0 0
fl=./math/../sysdeps/ieee754/ldbl-128/s_floorl.c
fn=floorl
34 6 3 1 0 0 0 0 0 0
42 15 0 0 0 0 0 0 0 0
43 6 0 0 0 0 0 0 0 0
45 3 0 0 0 0 0 0 0 0
60 6 0 0 0 0 0 0 0 0
61 9 3 1 0 0 0 0 0 0
62 6 0 0 0 0 0 0 0 0
64 15 0 0 0 0 0 0 0 0
95 12 0 0 0 0 0 0 0 0
98 6 0 0 0 0 0 0 0 0
fl=./math/../sysdeps/ieee754/ldbl-128/s_frexpl.c
fn=frexpl
37 36 6 0 6 0 0 24 3 0
40 6 0 0 0 0 0 0 0 0
42 36 6 3 6 0 0 0 0 0
43 18 0 0 0 0 0 0 0 0
49 18 0 0 0 0 0 6 0 0
50 6 6 3 0 0 0 0 0 0
51 24 0 0 6 0 0 0 0 0
53 18 0 0 18 0 0 0 0 0
fl=./math/../sysdeps/ieee754/ldbl-128/s_nextafterl.c
fn=nextafterl
33 27 6 6 12 0 0 24 0 0
40 3 0 0 0 0 0 0 0 0
42 19 2 2 0 0 0 0 0 0
45 13 3 2 7 0 0 0 0 0
46 4 0 0 0 0 0 0 0 0
48 10 0 0 0 0 0 2 0 0
49 4 0 0 0 0 0 0 0 0
50 4 0 0 0 0 0 0 0 0
52 2 0 0 2 0 0 0 0 0
54 1 0 0 0 0 0 0 0 0
55 2 0 0 0 0 0 0 0 0
64 1 0 0 0 0 0 0 0 0
65 1 0 0 0 0 0 0 0 0
71 1 0 0 0 0 0 0 0 0
72 3 0 0 0 0 0 0 0 0
77 1 0 0 0 0 0 0 0 0
82 2 1 0 0 0 0 0 0 0
84 15 2 1 18 0 0 0 0 0
fl=./math/../sysdeps/ieee754/ldbl-128/s_scalbnl.c
fn=__scalbnl
37 98 11 1 0 0 0 42 3 0
40 14 0 0 0 0 0 0 0 0
41 14 11 2 0 0 0 0 0 0
47 42 11 2 0 0 0 0 0 0
48 42 11 2 0 0 0 0 0 0
49 98 0 0 0 0 0 0 0 0
54 28 0 0 0 0 0 0 0 0
55 70 8 3 0 0 0 0 0 0
61 56 0 0 42 0 0 0 0 0
fl=./math/./e_exp2_template.c
fn=__exp2l_finite@GLIBC_2.17
26 24 0 0 0 0 0 24 0 0
27 88 16 6 24 8 1 0 0 0
29 96 0 0 32 0 0 0 0 0
32 32 8 3 8 0 0 8 0 0
33 40 0 0 8 0 0 8 0 0
35 88 8 3 32 8 1 16 0 0
36 64 8 3 16 5 2 8 0 0
39 56 8 3 24 8 1 0 0 0
54 24 0 0 24 0 0 0 0 0
fl=./math/./math/s_nextafter.c
fn=nextafter
36 14 2 2 0 0 0 4 0 0
40 4 2 1 0 0 0 0 0 0
43 2 0 0 0 0 0 0 0 0
45 10 2 1 0 0 0 0 0 0
48 6 0 0 0 0 0 0 0 0
49 4 2 1 0 0 0 0 0 0
51 12 0 0 0 0 0 0 0 0
52 2 0 0 0 0 0 0 0 0
53 2 0 0 0 0 0 0 0 0
87 4 0 0 4 0 0 0 0 0
fl=./math/./math/w_exp2l_compat.c
fn=exp2l
13 24 8 3 0 0 0 24 0 0
14 16 0 0 0 0 0 8 0 0
15 176 16 6 56 0 0 16 0 0
21 24 0 0 24 0 0 0 0 0
fl=./math/./math/w_log10_compat.c
fn=log10
30 2 1 1 0 0 0 0 0 0
44 1 1 1 0 0 0 0 0 0
fl=./math/./math/w_log10f_compat.c
fn=log10f
30 4 2 1 0 0 0 0 0 0
44 2 2 2 0 0 0 0 0 0
fl=./math/./math/w_log10l_compat.c
fn=log10l
29 9 0 0 0 0 0 9 0 0
30 24 6 5 3 0 0 0 0 0
44 6 0 0 3 0 0 0 0 0
45 3 0 0 6 0 0 0 0 0
fl=./math/./math/w_pow_compat.c
fn=pow@GLIBC_2.17
30 5520 4 4 0 0 0 4416 0 0
31 1104 0 0 0 0 0 0 0 0
32 5520 0 0 0 0 0 0 0 0
56 2208 4 4 0 0 0 0 0 0
63 3312 0 0 4416 0 0 0 0 0
fl=./math/./math/w_powl_compat.c
fn=powl
28 12 3 3 0 0 0 12 0 0
29 6 3 0 0 0 0 3 0 0
30 54 3 2 18 0 0 6 0 0
54 12 0 0 3 0 0 0 0 0
61 9 0 0 9 0 0 0 0 0
fl=./math/./s_ldexp_template.c
fn=ldexp
22 12 3 2 0 0 0 9 0 0
23 21 3 2 0 0 0 0 0 0
24 3 0 0 0 0 0 0 0 0
25 15 0 0 0 0 0 0 0 0
27 9 0 0 9 0 0 0 0 0
fn=ldexpl
22 30 6 6 0 0 0 24 0 0
23 132 3 3 42 0 0 12 0 0
24 24 3 3 6 0 0 6 0 0
25 132 3 3 42 0 0 12 0 0
27 24 0 0 24 0 0 0 0 0
fl=./misc/../sysdeps/unix/syscall-template.S
fn=epoll_create1
120 5 1 1 0 0 0 0 0 0
122 1 0 0 0 0 0 0 0 0
fn=mprotect
120 360 54 24 0 0 0 0 0 0
122 72 0 0 0 0 0 0 0 0
fn=munmap
120 545 63 39 0 0 0 0 0 0
122 109 0 0 0 0 0 0 0 0
fl=./misc/../sysdeps/unix/sysv/linux/aarch64/ioctl.S
fn=ioctl
22 1 1 1 0 0 0 0 0 0
23 1 0 0 0 0 0 0 0 0
24 1 0 0 0 0 0 0 0 0
25 1 0 0 0 0 0 0 0 0
26 1 0 0 0 0 0 0 0 0
27 1 0 0 0 0 0 0 0 0
28 1 0 0 0 0 0 0 0 0
fl=./misc/../sysdeps/unix/sysv/linux/aarch64/syscall.S
fn=syscall
29 2 2 2 0 0 0 0 0 0
30 2 0 0 0 0 0 0 0 0
31 2 0 0 0 0 0 0 0 0
32 2 0 0 0 0 0 0 0 0
33 2 0 0 0 0 0 0 0 0
34 2 0 0 0 0 0 0 0 0
35 2 0 0 0 0 0 0 0 0
36 2 0 0 0 0 0 0 0 0
37 2 0 0 0 0 0 0 0 0
38 2 0 0 0 0 0 0 0 0
39 2 0 0 0 0 0 0 0 0
40 2 0 0 0 0 0 0 0 0
41 2 0 0 0 0 0 0 0 0
fl=./misc/../sysdeps/unix/sysv/linux/brk.c
fn=brk
36 219 70 70 0 0 0 146 6 1
37 219 0 0 73 0 0 73 0 0
38 146 0 0 0 0 0 0 0 0
40 60 0 0 12 3 1 12 3 1
41 24 0 0 0 0 0 0 0 0
44 61 0 0 0 0 0 0 0 0
45 146 0 0 146 0 0 0 0 0
fl=./misc/../sysdeps/unix/sysv/linux/brk_call.h
fn=brk
24 146 71 71 0 0 0 0 0 0
fl=./misc/../sysdeps/unix/sysv/linux/getclktck.c
fn=__getclktck
29 2 0 0 0 0 0 2 0 0
30 5 1 1 2 0 0 0 0 0
31 3 1 1 2 0 0 0 0 0
fl=./misc/../sysdeps/unix/sysv/linux/getpagesize.c
fn=getpagesize
28 36 7 2 18 1 1 0 0 0
30 9 0 0 0 0 0 0 0 0
fl=./misc/../sysdeps/unix/sysv/linux/mmap64.c
fn=mmap
47 396 87 75 0 0 0 396 13 10
50 396 0 0 0 0 0 0 0 0
58 1386 63 52 0 0 0 0 0 0
60 396 29 22 396 0 0 0 0 0
fl=./misc/../sysdeps/unix/sysv/linux/mremap.c
fn=mremap
26 36 4 4 8 4 4 16 0 0
30 8 0 0 0 0 0 0 0 0
37 24 4 4 0 0 0 0 0 0
39 40 0 0 20 0 0 0 0 0
fl=./misc/../sysdeps/unix/sysv/linux/setvmaname.c
fn=__set_vma_name
33 298 49 47 58 0 0 153 15 6
35 124 0 0 31 28 27 0 0 0
40 18 2 2 2 0 0 4 0 0
47 4 2 2 0 0 0 2 0 0
48 3 0 0 4 0 0 0 0 0
49 325 24 23 211 0 0 0 0 0
fl=./misc/./misc/getauxval.c
fn=__getauxval2
25 2 1 1 0 0 0 2 0 0
30 2 0 0 0 0 0 0 0 0
32 2 0 0 1 0 0 0 0 0
33 2 1 1 0 0 0 0 0 0
37 1 0 0 0 0 0 1 0 0
51 2 0 0 2 0 0 0 0 0
fn=getauxval
30 28 0 0 0 0 0 0 0 0
32 33 8 6 22 8 0 0 0 0
35 6 0 0 0 0 0 0 0 0
37 6 1 1 4 2 0 0 0 0
42 45 0 0 23 8 7 0 0 0
43 40 0 0 0 0 0 0 0 0
56 30 10 8 0 0 0 30 0 0
59 3 0 0 0 0 0 0 0 0
60 1 1 1 1 0 0 0 0 0
62 5 1 1 1 0 0 1 0 0
63 1 0 0 0 0 0 0 0 0
64 30 0 0 30 0 0 0 0 0
fl=./misc/./misc/init-misc.c
fn=__init_misc
30 4 1 1 0 0 0 4 0 0
31 3 1 1 1 0 0 0 0 0
33 3 0 0 0 0 0 0 0 0
37 4 0 0 1 1 0 0 0 0
38 5 0 0 2 0 0 2 1 0
40 3 1 1 4 0 0 0 0 0
fl=./misc/./misc/sbrk.c
fn=sbrk
37 940 162 96 0 0 0 940 22 8
40 564 0 0 376 335 188 0 0 0
43 564 0 0 188 120 43 0 0 0
50 12 0 0 0 0 0 0 0 0
58 188 170 103 0 0 0 0 0 0
59 3 1 1 0 0 0 0 0 0
62 376 0 0 0 0 0 0 0 0
63 2 0 0 1 0 0 0 0 0
66 219 0 0 0 0 0 0 0 0
68 3 2 2 0 0 0 0 0 0
74 144 67 65 0 0 0 0 0 0
78 940 56 54 940 0 0 0 0 0
fl=./misc/./misc/tsearch.c
fn=maybe_split_for_insert.isra.0
204 8 0 0 0 0 0 8 0 0
207 4 2 1 0 0 0 0 0 0
211 4 0 0 8 0 0 0 0 0
213 4 0 0 0 0 0 0 0 0
216 8 0 0 0 0 0 0 0 0
217 6 2 1 0 0 0 0 0 0
220 4 0 0 0 0 0 2 0 0
221 2 0 0 0 0 0 0 0 0
223 4 0 0 0 0 0 0 0 0
228 10 2 1 4 0 0 0 0 0
284 8 2 1 8 0 0 0 0 0
fn=tfind
372 1971 656 204 0 0 0 2628 0 0
376 657 0 0 0 0 0 0 0 0
377 656 0 0 0 0 0 0 0 0
382 4602 0 0 659 0 0 657 0 0
384 3 3 2 0 0 0 0 0 0
387 9 0 0 3 1 0 0 0 0
388 7 0 0 1 0 0 0 0 0
391 8 0 0 0 0 0 0 0 0
394 3284 656 202 3284 0 0 0 0 0
fn=tsearch
291 24 6 4 0 0 0 12 0 0
302 9 3 2 0 0 0 6 0 0
306 20 0 0 3 0 0 18 0 0
307 6 0 0 0 0 0 0 0 0
308 6 0 0 2 0 0 2 0 0
313 6 3 2 0 0 0 0 0 0
315 3 0 0 0 0 0 0 0 0
316 9 0 0 2 0 0 0 0 0
317 2 0 0 0 0 0 0 0 0
320 14 0 0 2 0 0 0 0 0
325 7 0 0 2 0 0 0 0 0
326 4 0 0 0 0 0 0 0 0
329 2 0 0 0 0 0 0 0 0
333 2 1 0 0 0 0 0 0 0
337 9 2 2 0 0 0 0 0 0
338 3 0 0 0 0 0 0 0 0
349 13 0 0 5 0 0 3 0 0
350 4 0 0 2 0 0 3 0 0
352 10 1 1 5 3 2 3 0 0
353 1 0 0 2 0 0 0 0 0
355 4 2 1 0 0 0 0 0 0
358 16 0 0 6 0 0 0 0 0
362 18 2 1 24 0 0 0 0 0
fl=./nptl/../string/bits/string_fortified.h
fn=pthread_cond_init@@GLIBC_2.17
59 6 0 0 0 0 0 12 1 0
fn=pthread_mutex_init@@GLIBC_2.17
59 9 2 2 0 0 0 18 5 5
fn=pthread_rwlock_init@@GLIBC_2.34
59 240 0 0 0 0 0 240 0 0
fl=./nptl/../sysdeps/nptl/futex-internal.h
fn=__pthread_once_slow
209 160 7 4 0 0 0 0 0 0
fn=pthread_rwlock_wrlock@@GLIBC_2.34
213 210 43 6 0 0 0 0 0 0
fl=./nptl/../sysdeps/unix/sysv/linux/sigsetops.h
fn=pthread_sigmask@@GLIBC_2.32
96 2 0 0 2 0 0 0 0 0
fl=./nptl/./nptl/cleanup_compat.c
fn=_pthread_cleanup_pop@@GLIBC_2.34
40 40 0 0 0 0 0 40 0 0
41 20 2 0 0 0 0 0 0 0
43 60 13 4 20 5 1 20 4 0
47 20 0 0 0 0 0 0 0 0
49 40 0 0 40 0 0 0 0 0
fn=_pthread_cleanup_push@@GLIBC_2.34
25 40 0 0 0 0 0 40 0 0
26 20 6 4 0 0 0 0 0 0
29 20 0 0 0 0 0 40 0 0
30 60 0 0 20 5 1 20 0 0
32 20 0 0 0 0 0 20 0 0
33 40 0 0 40 0 0 0 0 0
fl=./nptl/./nptl/libc-cleanup.c
fn=__libc_cleanup_pop_restore
54 96 14 8 0 0 0 120 0 0
55 24 0 0 0 0 0 0 0 0
57 72 0 0 24 0 0 24 0 0
59 48 0 0 24 0 0 0 0 0
60 48 0 0 24 0 0 0 0 0
61 24 0 0 0 0 0 0 0 0
77 96 13 8 120 0 0 0 0 0
fn=__libc_cleanup_push_defer
24 120 14 8 0 0 0 144 1 0
25 24 0 0 0 0 0 0 0 0
27 72 0 0 24 8 3 24 0 0
29 48 0 0 24 0 0 0 0 0
32 24 0 0 0 0 0 0 0 0
44 24 0 0 0 0 0 24 0 0
46 24 0 0 0 0 0 0 0 0
48 24 0 0 0 0 0 24 0 0
49 96 14 8 144 0 0 0 0 0
fl=./nptl/./nptl/pthread_cond_init.c
fn=pthread_cond_init@@GLIBC_2.17
27 4 1 1 0 0 0 4 0 0
38 6 0 0 2 0 0 0 0 0
44 2 0 0 0 0 0 0 0 0
45 6 0 0 2 0 0 2 0 0
47 2 0 0 0 0 0 0 0 0
50 6 0 0 4 0 0 0 0 0
fl=./nptl/./nptl/pthread_cond_signal.c
fn=pthread_cond_signal@@GLIBC_2.17
35 2987260 310640 1960 0 0 0 3584712 16020 66
36 597452 0 0 0 0 0 0 0 0
41 1194904 0 0 597452 272395 35198 0 0 0
42 1194904 0 0 0 0 0 0 0 0
96 2987260 545526 65070 3584712 0 0 0 0 0
fl=./nptl/./nptl/pthread_condattr_init.c
fn=pthread_condattr_init
24 3 1 1 0 0 0 2 0 0
31 1 0 0 0 0 0 1 0 0
34 3 0 0 2 0 0 0 0 0
fl=./nptl/./nptl/pthread_condattr_setclock.c
fn=pthread_condattr_setclock@@GLIBC_2.34
28 2 0 0 0 0 0 2 0 0
30 2 0 0 0 0 0 0 0 0
38 1 0 0 0 0 0 0 0 0
40 3 0 0 1 0 0 1 0 0
41 1 1 1 0 0 0 0 0 0
43 1 0 0 0 0 0 0 0 0
44 2 0 0 2 0 0 0 0 0
fl=./nptl/./nptl/pthread_getspecific.c
fn=pthread_getspecific@@GLIBC_2.34
24 663 76 7 0 0 0 442 0 0
29 442 0 0 0 0 0 0 0 0
30 884 0 0 0 0 0 0 0 0
36 288 41 4 0 0 0 0 0 0
54 221 0 0 221 80 7 0 0 0
55 221 0 0 0 0 0 0 0 0
59 539 54 3 154 38 4 0 0 0
64 442 40 3 442 0 0 0 0 0
fl=./nptl/./nptl/pthread_key_create.c
fn=pthread_key_create@@GLIBC_2.34
25 72 4 3 0 0 0 64 1 0
27 120 3 2 0 0 0 0 0 0
29 36 0 0 36 10 7 0 0 0
31 144 0 0 0 0 0 0 0 0
33 48 1 1 0 0 0 0 0 0
37 24 0 0 0 0 0 8 0 0
40 8 0 0 0 0 0 8 3 3
43 8 0 0 0 0 0 0 0 0
48 40 4 3 64 0 0 0 0 0
fl=./nptl/./nptl/pthread_key_delete.c
fn=pthread_key_delete@@GLIBC_2.34
25 24 2 2 0 0 0 24 0 0
28 16 1 1 0 0 0 0 0 0
30 40 0 0 8 5 1 0 0 0
32 8 0 0 0 0 0 0 0 0
33 48 0 0 0 0 0 0 0 0
36 8 0 0 0 0 0 0 0 0
40 24 0 0 24 0 0 0 0 0
fl=./nptl/./nptl/pthread_mutex_conf.c
fn=__pthread_tunables_init
55 9 1 1 2 0 0 4 0 0
56 6 0 0 0 0 0 0 0 0
58 5 1 1 0 0 0 0 0 0
60 5 0 0 0 0 0 0 0 0
62 11 1 1 6 0 0 0 0 0
fl=./nptl/./nptl/pthread_mutex_destroy.c
fn=pthread_mutex_destroy@@GLIBC_2.17
26 10 1 1 0 0 0 10 0 0
27 5 0 0 0 0 0 0 0 0
31 15 0 0 5 0 0 0 0 0
33 10 0 0 5 0 0 0 0 0
34 5 0 0 0 0 0 0 0 0
39 10 0 0 0 0 0 5 0 0
41 5 0 0 0 0 0 0 0 0
42 10 0 0 10 0 0 0 0 0
fl=./nptl/./nptl/pthread_mutex_init.c
fn=pthread_mutex_init@@GLIBC_2.17
53 33 2 2 6 2 0 21 0 0
65 9 2 2 0 0 0 0 0 0
92 6 0 0 0 0 0 0 0 0
94 3 0 0 0 0 0 0 0 0
105 21 2 2 0 0 0 0 0 0
134 3 2 2 0 0 0 0 0 0
136 9 0 0 0 0 0 0 0 0
140 6 0 0 0 0 0 3 0 0
149 3 0 0 0 0 0 0 0 0
151 3 0 0 0 0 0 0 0 0
152 36 0 0 27 0 0 0 0 0
fl=./nptl/./nptl/pthread_mutex_lock.c
fn=pthread_mutex_lock@@GLIBC_2.17
44 896468 0 0 896468 0 0 0 0 0
45 6275276 575696 47620 1792936 264243 9834 0 0 0
46 2689124 0 0 0 0 0 896468 0 0
77 2689407 273852 2071 0 0 0 3585876 252 25
80 3585876 274486 35901 896469 527793 10661 0 0 0
82 896469 0 0 0 0 0 0 0 0
84 1792938 0 0 0 0 0 0 0 0
88 2689407 0 0 0 0 0 1792938 0 0
94 1792376 0 0 896188 0 0 0 0 0
108 1124 154 6 281 0 0 0 0 0
112 1792938 174 26 0 0 0 0 0 0
115 1124 0 0 562 156 3 0 0 0
118 3 0 0 1 0 0 0 0 0
122 2 0 0 0 0 0 1 0 0
124 896470 1 0 0 0 0 0 0 0
130 280 0 0 0 0 0 0 0 0
131 840 0 0 0 0 0 280 0 0
182 896468 0 0 896468 306218 842 0 0 0
184 2689404 151 4 896468 0 0 1792936 0 0
187 896468 0 0 0 0 0 0 0 0
190 3585876 0 0 5378814 0 0 0 0 0
fl=./nptl/./nptl/pthread_mutex_unlock.c
fn=__pthread_mutex_unlock_usercnt
39 896468 0 0 896468 0 0 0 0 0
40 4482340 314215 690 896468 15 2 0 0 0
41 896468 0 0 0 0 0 896468 0 0
48 4482345 0 0 0 0 0 3585876 1 0
51 3585876 276215 753 896469 42 9 0 0 0
52 1792938 0 0 0 0 0 0 0 0
57 896469 0 0 0 0 0 0 0 0
62 896468 0 0 0 0 0 896468 0 0
63 896468 0 0 0 0 0 0 0 0
65 3585872 312616 721 896468 0 0 896468 0 0
70 896468 0 0 0 0 0 0 0 0
72 896469 1 0 0 0 0 0 0 0
74 562 151 6 0 0 0 0 0 0
80 1124 129 24 281 0 0 0 0 0
84 1686 0 0 562 18 1 0 0 0
87 1404 125 27 281 0 0 281 0 0
104 2689407 0 0 3585876 0 0 0 0 0
fn=pthread_mutex_unlock@@GLIBC_2.17
367 1792938 274528 820 0 0 0 1792938 21 4
368 1792938 0 0 0 0 0 0 0 0
369 896469 272666 748 1792938 0 0 0 0 0
fl=./nptl/./nptl/pthread_once.c
fn=__pthread_once_slow
68 240 14 8 40 3 0 140 1 0
76 20 0 0 20 0 0 0 0 0
80 20 0 0 0 0 0 0 0 0
88 60 6 4 20 7 4 0 0 0
92 140 0 0 0 0 0 0 0 0
101 80 7 4 0 0 0 0 0 0
114 300 17 8 0 0 0 160 2 0
116 20 0 0 0 0 0 0 0 0
118 60 3 0 0 0 0 0 0 0
124 40 0 0 0 0 0 20 4 0
132 260 2 0 180 8 1 0 0 0
fn=pthread_once@@GLIBC_2.34
136 2380 212 9 0 0 0 2380 20 2
139 1190 0 0 1190 110 14 0 0 0
140 1190 0 0 0 0 0 0 0 0
143 20 0 0 0 0 0 0 0 0
144 3530 7 4 2380 0 0 0 0 0
fl=./nptl/./nptl/pthread_rwlock_common.c
fn=pthread_rwlock_rdlock@@GLIBC_2.34
298 22400 671 212 6400 1872 630 0 0 0
310 9600 0 0 3200 605 219 0 0 0
353 12800 0 0 0 0 0 0 0 0
370 3200 0 0 0 0 0 0 0 0
390 3200 0 0 0 0 0 0 0 0
391 3200 0 0 0 0 0 0 0 0
396 285 43 4 0 0 0 0 0 0
402 665 0 0 0 0 0 0 0 0
413 475 48 3 0 0 0 0 0 0
fn=pthread_rwlock_unlock@@GLIBC_2.34
221 18844 722 219 4711 0 0 0 0 0
232 3200 0 0 3200 0 0 0 0 0
236 3200 0 0 0 0 0 0 0 0
240 6400 0 0 0 0 0 0 0 0
243 9600 735 211 0 0 0 0 0 0
244 6400 0 0 0 0 0 0 0 0
254 25600 0 0 0 0 0 0 0 0
259 3200 0 0 0 0 0 0 0 0
275 6400 666 208 0 0 0 0 0 0
531 1511 0 0 0 0 0 1511 0 0
535 6044 0 0 0 0 0 0 0 0
536 1511 0 0 0 0 0 0 0 0
538 3022 43 7 1511 19 3 0 0 0
559 1511 0 0 1511 0 0 0 0 0
561 15110 0 0 0 0 0 0 0 0
569 3022 0 0 0 0 0 0 0 0
582 1511 79 5 0 0 0 0 0 0
fn=pthread_rwlock_wrlock@@GLIBC_2.34
603 10577 0 0 3022 64 11 0 0 0
622 7555 0 0 0 0 0 3022 0 0
624 3022 0 0 0 0 0 0 0 0
778 4533 61 6 0 0 0 1511 0 0
783 3022 0 0 0 0 0 0 0 0
789 420 0 0 0 0 0 0 0 0
795 1470 0 0 0 0 0 0 0 0
802 315 29 2 0 0 0 105 0 0
947 3022 48 5 1511 0 0 1511 0 0
949 3022 0 0 3022 0 0 0 0 0
fl=./nptl/./nptl/pthread_rwlock_destroy.c
fn=pthread_rwlock_destroy@@GLIBC_2.34
24 92 2 2 0 0 0 92 0 0
25 46 0 0 0 0 0 0 0 0
29 138 2 1 92 0 0 0 0 0
fl=./nptl/./nptl/pthread_rwlock_init.c
fn=pthread_rwlock_init@@GLIBC_2.34
34 180 25 2 0 0 0 120 0 0
46 240 0 0 0 0 0 0 0 0
50 120 1 1 120 27 2 60 0 0
53 180 0 0 0 0 0 60 0 0
56 180 0 0 120 0 0 0 0 0
fl=./nptl/./nptl/pthread_rwlock_rdlock.c
fn=pthread_rwlock_rdlock@@GLIBC_2.34
23 12800 667 210 0 0 0 12800 532 0
24 3200 0 0 0 0 0 0 0 0
27 3200 0 0 0 0 0 0 0 0
29 12800 872 209 12800 0 0 0 0 0
fl=./nptl/./nptl/pthread_rwlock_unlock.c
fn=pthread_rwlock_unlock@@GLIBC_2.34
30 28266 671 212 0 0 0 37688 152 1
31 4711 0 0 0 0 0 0 0 0
38 23555 0 0 9422 76 0 0 0 0
39 9422 0 0 0 0 0 0 0 0
44 28266 14 5 37688 0 0 0 0 0
fl=./nptl/./nptl/pthread_rwlock_wrlock.c
fn=pthread_rwlock_wrlock@@GLIBC_2.34
23 7555 659 11 0 0 0 9066 5 0
24 1511 0 0 0 0 0 0 0 0
27 1511 0 0 0 0 0 0 0 0
29 7555 0 0 9066 0 0 0 0 0
fl=./nptl/./nptl/pthread_self.c
fn=pthread_self
24 694321 613933 1123 0 0 0 0 0 0
25 1388642 0 0 0 0 0 0 0 0
fl=./nptl/./nptl/pthread_setspecific.c
fn=pthread_setspecific@@GLIBC_2.34
25 48 3 3 0 0 0 48 0 0
32 8 0 0 0 0 0 0 0 0
36 16 0 0 0 0 0 0 0 0
39 48 0 0 8 3 1 0 0 0
41 8 0 0 0 0 0 0 0 0
43 24 3 3 0 0 0 0 0 0
46 8 0 0 0 0 0 0 0 0
47 15 0 0 0 0 0 5 2 2
66 8 0 0 0 0 0 0 0 0
87 8 0 0 0 0 0 16 0 0
90 32 0 0 48 0 0 0 0 0
fl=./nptl/./nptl/pthread_sigmask.c
fn=pthread_sigmask@@GLIBC_2.32
25 20 1 1 4 0 0 6 0 0
30 2 0 0 0 0 0 0 0 0
32 4 1 1 0 0 0 0 0 0
40 10 0 0 0 0 0 0 0 0
45 4 0 0 0 0 0 0 0 0
46 20 1 1 10 0 0 0 0 0
fl=./nptl/./nptl/pthread_testcancel.c
fn=pthread_testcancel@@GLIBC_2.34
24 576 131 81 0 0 0 576 8 2
25 192 0 0 0 0 0 0 0 0
26 576 0 0 192 123 82 0 0 0
27 768 0 0 0 0 0 0 0 0
32 576 0 0 576 0 0 0 0 0
fl=./nptl/./nptl/sem_destroy.c
fn=sem_destroy@@GLIBC_2.34
25 5552 1817 1603 0 0 0 5552 1 0
30 8328 0 0 5552 0 0 0 0 0
fl=./nptl/./nptl/sem_init.c
fn=sem_init@@GLIBC_2.34
28 5568 1825 1791 0 0 0 5568 0 0
32 5568 0 0 0 0 0 0 0 0
50 5568 0 0 0 0 0 2784 0 0
58 2784 0 0 0 0 0 2784 0 0
59 8352 1825 1815 0 0 0 0 0 0
61 2784 0 0 0 0 0 0 0 0
62 5568 0 0 5568 0 0 0 0 0
fl=./nptl/./nptl/sem_post.c
fn=sem_post@@GLIBC_2.34
33 62225 10006 1528 0 0 0 74670 306 0
35 12445 0 0 12445 2626 9 0 0 0
43 12445 0 0 12445 0 0 0 0 0
46 37335 0 0 0 0 0 0 0 0
52 87115 10598 1623 0 0 0 0 0 0
55 24890 0 0 0 0 0 0 0 0
76 12445 0 0 0 0 0 0 0 0
77 49780 0 0 74670 0 0 0 0 0
fl=./nptl/./nptl/sem_wait.c
fn=sem_trywait@@GLIBC_2.34
78 49016 9193 1787 0 0 0 49016 0 0
82 12253 0 0 0 0 0 0 0 0
83 5 0 0 1 1 0 1 1 0
84 2 0 0 0 0 0 0 0 0
85 36762 0 0 49016 0 0 0 0 0
fn=sem_wait@@GLIBC_2.34
25 768 128 80 0 0 0 768 0 0
37 192 0 0 0 0 0 0 0 0
44 768 124 15 768 0 0 0 0 0
fl=./nptl/./nptl/sem_waitcommon.c
fn=sem_trywait@@GLIBC_2.34
136 12254 0 0 12254 6328 2056 0 0 0
139 12254 0 0 0 0 0 0 0 0
141 85774 9356 1276 0 0 0 0 0 0
fn=sem_wait@@GLIBC_2.34
136 192 0 0 192 123 91 0 0 0
139 192 0 0 0 0 0 0 0 0
141 1152 0 0 0 0 0 0 0 0
fl=./posix/../malloc/dynarray-skeleton.c
fn=__unregister_atfork
243 68 0 0 34 1 1 0 0 0
fl=./posix/../sysdeps/posix/sysconf.c
fn=sysconf
60 160 19 8 10 3 2 0 0 0
83 3 2 1 0 0 0 0 0 0
221 27 4 2 0 0 0 0 0 0
fl=./posix/../sysdeps/unix/syscall-template.S
fn=getegid
91 3 1 1 0 0 0 0 0 0
93 1 0 0 0 0 0 0 0 0
fn=geteuid
91 3 1 1 0 0 0 0 0 0
93 1 0 0 0 0 0 0 0 0
fn=getgid
91 3 1 1 0 0 0 0 0 0
93 1 0 0 0 0 0 0 0 0
fn=getuid
91 3 1 1 0 0 0 0 0 0
93 1 0 0 0 0 0 0 0 0
fn=uname
120 15 3 3 0 0 0 0 0 0
122 3 0 0 0 0 0 0 0 0
fl=./posix/../sysdeps/unix/sysv/linux/_exit.c
fn=_Exit
27 3 1 1 0 0 0 2 0 0
30 6 0 0 1 0 0 0 0 0
fl=./posix/../sysdeps/unix/sysv/linux/aarch64/sysconf.c
fn=sysconf
29 110 9 3 22 2 0 55 1 0
39 44 0 0 0 0 0 0 0 0
50 121 0 0 77 0 0 0 0 0
fl=./posix/../sysdeps/unix/sysv/linux/sysconf-sigstksz.h
fn=sysconf
24 3 1 1 2 1 0 0 0 0
25 1 0 0 0 0 0 0 0 0
28 3 0 0 0 0 0 0 0 0
31 1 0 0 0 0 0 0 0 0
fl=./posix/../sysdeps/unix/sysv/linux/sysconf.c
fn=sysconf
49 96 17 6 0 0 0 0 0 0
91 1 0 0 0 0 0 0 0 0
fl=./posix/./posix/confstr.c
fn=confstr
33 20 2 2 4 3 0 10 0 0
41 12 3 3 0 0 0 0 0 0
253 3 1 1 0 0 0 0 0 0
254 1 0 0 0 0 0 0 0 0
259 3 2 2 0 0 0 0 0 0
260 1 0 0 0 0 0 0 0 0
280 6 2 2 0 0 0 0 0 0
282 4 0 0 0 0 0 0 0 0
283 8 1 1 0 0 0 0 0 0
291 24 2 2 14 0 0 0 0 0
fl=./posix/./posix/register-atfork.c
fn=__unregister_atfork
71 34 0 0 0 0 0 0 0 0
82 170 1 1 0 0 0 170 0 0
83 238 1 1 0 0 0 0 0 0
109 204 1 1 0 0 0 0 0 0
110 136 0 0 170 0 0 0 0 0
fl=./resource/../sysdeps/unix/sysv/linux/getrlimit64.c
fn=getrlimit
38 2 1 1 0 0 0 2 0 0
39 8 0 0 0 0 0 0 0 0
40 2 0 0 2 0 0 0 0 0
fl=./setjmp/../sysdeps/aarch64/setjmp.S
fn=__sigsetjmp
36 322 168 28 0 0 0 0 0 0
40 323 1 1 0 0 0 646 1 0
41 323 0 0 0 0 0 646 42 13
42 323 0 0 0 0 0 646 5 3
43 323 0 0 0 0 0 646 15 3
44 323 0 0 0 0 0 646 15 3
47 970 0 0 324 141 22 0 0 0
48 323 0 0 0 0 0 646 41 17
55 323 0 0 0 0 0 0 0 0
56 323 0 0 0 0 0 646 31 6
57 323 0 0 0 0 0 646 1 0
58 323 0 0 0 0 0 646 40 18
59 323 0 0 0 0 0 646 2 1
61 323 1 1 0 0 0 0 0 0
62 970 169 28 324 0 0 0 0 0
63 323 0 0 0 0 0 323 0 0
70 322 0 0 0 0 0 0 0 0
71 322 0 0 0 0 0 0 0 0
73 1 0 0 0 0 0 0 0 0
fn=_setjmp
30 1 1 1 0 0 0 0 0 0
31 1 0 0 0 0 0 0 0 0
32 1 0 0 0 0 0 0 0 0
fl=./setjmp/./setjmp/sigjmp.c
fn=__sigjmp_save
28 4 0 0 0 0 0 3 0 0
29 1 0 0 0 0 0 1 0 0
30 1 0 0 0 0 0 0 0 0
34 4 1 1 3 0 0 0 0 0
fl=./signal/../string/bits/string_fortified.h
fn=__libc_sigaction
29 657 7 7 584 0 0 584 3 0
fl=./signal/../sysdeps/unix/sysv/linux/internal-signals.h
fn=sigaction
53 70 0 0 0 0 0 0 0 0
fn=sigdelset
53 5 0 0 0 0 0 0 0 0
fl=./signal/../sysdeps/unix/sysv/linux/libc_sigaction.c
fn=__libc_sigaction
43 612 4 3 136 5 0 204 0 0
48 68 0 0 0 0 0 0 0 0
50 12 0 0 6 0 0 0 0 0
52 18 0 0 6 0 0 12 1 0
53 6 0 0 0 0 0 0 0 0
58 555 6 5 0 0 0 0 0 0
63 204 0 0 0 0 0 0 0 0
65 201 0 0 67 0 0 67 0 0
67 67 0 0 0 0 0 67 0 0
68 134 0 0 134 0 0 67 0 0
71 680 3 3 340 0 0 0 0 0
fl=./signal/../sysdeps/unix/sysv/linux/sigprocmask.c
fn=sigprocmask
24 4 1 1 0 0 0 4 0 0
25 2 0 0 0 0 0 0 0 0
26 2 0 0 0 0 0 0 0 0
30 4 0 0 4 0 0 0 0 0
fl=./signal/../sysdeps/unix/sysv/linux/sigsetops.h
fn=sigdelset
110 10 0 0 0 0 0 0 0 0
112 15 0 0 5 0 0 5 0 0
fn=sigemptyset
54 4 0 0 0 0 0 4 0 0
fn=sigfillset
112 2 0 0 0 0 0 1 0 0
fl=./signal/./signal/allocrtsig.c
fn=__libc_current_sigrtmax
46 2 1 0 0 0 0 2 0 0
48 1 0 0 0 0 0 0 0 0
52 3 0 0 3 1 0 0 0 0
fn=__libc_current_sigrtmin
34 2 1 1 0 0 0 2 0 0
36 1 0 0 0 0 0 0 0 0
40 3 1 1 3 1 1 0 0 0
fl=./signal/./signal/sigaction.c
fn=sigaction
26 140 4 3 0 0 0 140 0 0
27 350 4 4 0 0 0 0 0 0
29 10 0 0 2 1 0 2 1 0
33 68 0 0 0 0 0 0 0 0
34 74 0 0 140 0 0 0 0 0
fl=./signal/./signal/sigdelset.c
fn=sigdelset
26 15 1 1 0 0 0 10 0 0
27 20 1 1 0 0 0 0 0 0
28 10 0 0 0 0 0 0 0 0
35 5 0 0 0 0 0 0 0 0
36 10 0 0 10 0 0 0 0 0
fl=./signal/./signal/sigempty.c
fn=sigemptyset
26 8 3 2 0 0 0 8 0 0
27 8 0 0 0 0 0 0 0 0
34 4 0 0 0 0 0 0 0 0
35 8 0 0 8 0 0 0 0 0
fl=./signal/./signal/sigfillset.c
fn=sigfillset
26 2 1 1 0 0 0 2 0 0
27 2 0 0 0 0 0 0 0 0
35 1 0 0 0 0 0 0 0 0
36 2 0 0 2 0 0 0 0 0
fl=./stdio-common/../include/printf_buffer.h
fn=__printf_buffer
148 54 15 1 36 0 0 0 0 0
149 87 0 0 0 0 0 36 0 0
163 492094 50715 24595 0 0 0 0 0 0
164 72 9 1 18 0 0 18 0 0
fl=./stdio-common/../string/bits/string_fortified.h
fn=__printf_buffer_pad_1
59 27 0 0 0 0 0 0 0 0
fn=__printf_buffer_write
29 377370 0 0 0 0 0 0 0 0
fl=./stdio-common/./stdio-common/Xprintf_buffer_done.c
fn=__printf_buffer_done
25 248572 50038 38741 0 0 0 248572 0 0
26 248572 0 0 124286 0 0 0 0 0
31 248572 0 0 248572 0 0 0 0 0
33 1118574 51003 48240 124286 0 0 0 0 0
40 248572 0 0 248572 0 0 0 0 0
fl=./stdio-common/./stdio-common/Xprintf_buffer_pad_1.c
fn=__printf_buffer_pad_1
24 36 9 1 0 0 0 36 0 0
25 18 0 0 9 0 0 0 0 0
33 72 9 1 18 0 0 18 0 0
35 9 9 1 18 0 0 0 0 0
36 9 0 0 0 0 0 0 0 0
37 18 0 0 0 0 0 0 0 0
40 27 0 0 9 0 0 9 0 0
43 18 0 0 0 0 0 0 0 0
44 27 0 0 36 0 0 0 0 0
fl=./stdio-common/./stdio-common/Xprintf_buffer_write.c
fn=__printf_buffer_write
27 1492360 49926 47774 0 0 0 1492360 25760 1112
28 1492360 50837 38421 373090 0 0 746180 0 0
31 624670 0 0 0 0 0 0 0 0
33 754740 51968 24610 251580 0 0 0 0 0
35 373090 50067 1828 746180 0 0 0 0 0
36 125790 0 0 0 0 0 0 0 0
37 251580 0 0 0 0 0 0 0 0
40 377370 0 0 125790 0 0 125790 0 0
41 125790 0 0 0 0 0 0 0 0
44 1119270 0 0 1492360 0 0 0 0 0
fl=./stdio-common/./stdio-common/_itoa.c
fn=_itoa_word
169 492092 50712 6089 0 0 0 246046 0 0
172 738138 0 0 0 0 0 0 0 0
174 275256 13311 2487 0 0 0 0 0 0
183 1301956 73001 37972 108512 36500 35310 108512 0 0
184 87630 13311 13008 14605 13325 2882 14605 0 0
192 246046 0 0 246046 0 0 0 0 0
fl=./stdio-common/./stdio-common/errlist.c
fn=__get_errlist
27 1306 653 208 0 0 0 1306 0 0
29 3918 0 0 653 567 207 0 0 0
30 1959 0 0 653 653 207 0 0 0
31 653 0 0 0 0 0 0 0 0
32 1306 0 0 1306 0 0 0 0 0
fl=./stdio-common/./stdio-common/flockfile.c
fn=flockfile
24 825 114 1 0 0 0 825 29 1
25 1815 229 2 495 175 0 330 0 0
26 660 0 0 825 0 0 0 0 0
fl=./stdio-common/./stdio-common/funlockfile.c
fn=funlockfile
25 495 116 1 0 0 0 495 0 0
26 1320 116 1 495 0 0 330 0 0
27 495 115 1 495 0 0 0 0 0
fl=./stdio-common/./stdio-common/printf-parse.h
fn=__printf_buffer
82 1119038 0 0 124286 0 0 124286 0 0
fn=read_int
52 438 122 104 0 0 0 292 0 0
53 584 0 0 292 0 0 0 0 0
55 2218 0 0 394 0 0 394 0 0
56 248 122 104 0 0 0 0 0 0
58 786 0 0 0 0 0 0 0 0
59 145 0 0 0 0 0 0 0 0
64 496 0 0 0 0 0 0 0 0
65 393 0 0 0 0 0 0 0 0
68 744 0 0 0 0 0 0 0 0
73 292 122 105 292 0 0 0 0 0
fl=./stdio-common/./stdio-common/vfprintf-internal.c
fn=__printf_buffer
600 2237148 100591 26783 372858 0 0 1367146 133478 44
627 994288 0 0 248572 92962 21 621430 86327 1564
631 124286 0 0 0 0 0 124286 0 0
634 745716 0 0 0 0 0 621430 0 0
638 870002 49833 1476 621430 0 0 497144 72760 1545
642 124286 0 0 0 0 0 0 0 0
649 248572 0 0 0 0 0 124286 48950 652
653 497144 0 0 0 0 0 0 0 0
655 248572 49812 5978 124286 0 0 0 0 0
659 248572 0 0 124286 0 0 0 0 0
663 1491432 0 0 372858 49920 1054 372858 0 0
683 124402 0 0 0 0 0 124402 0 0
684 124402 0 0 0 0 0 124402 0 0
685 124402 0 0 0 0 0 124402 0 0
686 124402 0 0 0 0 0 124402 0 0
687 124402 0 0 0 0 0 0 0 0
690 124402 0 0 0 0 0 0 0 0
691 124402 0 0 0 0 0 0 0 0
692 124402 0 0 0 0 0 0 0 0
693 124402 0 0 0 0 0 0 0 0
694 124402 0 0 0 0 0 124402 0 0
695 124402 0 0 0 0 0 0 0 0
698 124402 0 0 0 0 0 0 0 0
699 248804 0 0 0 0 0 124402 0 0
705 2860318 202602 64643 746412 135706 85923 497260 34935 390
714 36 0 0 0 0 0 18 0 0
715 306 36 2 90 0 0 18 0 0
813 438 244 210 146 0 0 146 0 0
814 438 0 0 146 21 21 0 0 0
840 438 0 0 0 0 0 0 0 0
842 730 244 171 0 0 0 292 0 0
846 292 0 0 0 0 0 0 0 0
854 146 0 0 0 0 0 0 0 0
855 2628 122 105 1022 128 108 0 0 0
870 71995 0 0 0 0 0 0 0 0
871 1223915 72078 71092 359975 36033 2313 71995 0 0
883 35 35 1 0 0 0 0 0 0
891 35 0 0 0 0 0 0 0 0
892 35 0 0 0 0 0 0 0 0
893 595 35 34 175 70 35 35 0 0
1018 124402 0 0 0 0 0 0 0 0
1024 373206 49897 35942 124402 0 0 124402 0 0
1028 497608 49870 47716 0 0 0 0 0 0
1031 1119038 0 0 870234 0 0 0 0 0
1044 1491432 50837 35946 1118574 0 0 0 0 0
fl=./stdio-common/./stdio-common/vfprintf-process-arg.c
fn=__printf_buffer
35 325254 15 1 0 0 0 108418 0 0
48 108418 0 0 0 0 0 0 0 0
49 900748 108569 72490 396538 0 0 72030 0 0
50 36388 36386 35575 0 0 0 0 0 0
52 36388 36386 15650 0 0 0 0 0 0
53 400268 109156 106051 145552 0 0 36388 0 0
57 108418 0 0 0 0 0 0 0 0
58 108433 0 0 0 0 0 0 0 0
78 29210 13340 12149 0 0 0 14605 0 0
79 14605 13318 2375 0 0 0 0 0 0
92 14605 0 0 0 0 0 0 0 0
93 14605 13340 4115 0 0 0 14605 0 0
126 14605 0 0 0 0 0 0 0 0
127 14605 0 0 14605 0 0 0 0 0
128 14605 0 0 0 0 0 0 0 0
130 14605 13312 1048 0 0 0 0 0 0
131 160655 27547 13663 58420 0 0 14605 0 0
136 369051 36497 8650 0 0 0 0 0 0
138 246010 0 0 0 0 0 0 0 0
147 18 0 0 0 0 0 0 0 0
155 1476276 49821 9547 246046 0 0 492092 0 0
161 861161 49808 36377 123023 0 0 0 0 0
166 369069 0 0 246046 0 0 0 0 0
170 123023 0 0 0 0 0 0 0 0
186 615115 49783 35514 0 0 0 0 0 0
187 887871 99393 5552 172934 0 0 0 0 0
195 492146 18 1 0 0 0 18 0 0
197 246046 0 0 123023 0 0 0 0 0
199 492092 50682 3257 123023 0 0 0 0 0
201 738138 99664 95630 246046 0 0 137628 0 0
206 123023 0 0 0 0 0 0 0 0
208 615115 0 0 246046 0 0 0 0 0
209 18 0 0 0 0 0 0 0 0
211 369069 49791 5834 123023 0 0 0 0 0
217 18 18 3 0 0 0 0 0 0
219 6 0 0 3 0 0 0 0 0
224 123023 15 1 0 0 0 0 0 0
233 123023 0 0 0 0 0 0 0 0
236 123023 0 0 0 0 0 0 0 0
240 615115 50668 14495 123023 0 0 0 0 0
403 16548 2646 428 6895 0 0 1379 0 0
408 1379 0 0 0 0 0 0 0 0
422 5516 139 108 0 0 0 0 0 0
430 2758 0 0 0 0 0 0 0 0
433 512 0 0 0 0 0 0 0 0
435 3753 119 4 0 0 0 0 0 0
455 6895 320 210 1379 0 0 0 0 0
461 4 0 0 2 0 0 0 0 0
463 5516 0 0 0 0 0 0 0 0
464 1379 0 0 0 0 0 0 0 0
fl=./stdlib/../include/rounding-mode.h
fn=round_and_return
46 68 0 0 0 0 0 0 0 0
52 17 0 0 0 0 0 0 0 0
fl=./stdlib/../include/scratch_buffer.h
fn=realpath@@GLIBC_2.17
77 5 1 1 0 0 0 2 2 2
78 4 0 0 0 0 0 4 1 1
85 9 1 1 3 0 0 0 0 0
101 7 0 0 0 0 0 3 0 0
fl=./stdlib/../stdlib/gmp.h
fn=str_to_mpn.part.0.constprop.0
452 17 0 0 0 0 0 0 0 0
fl=./stdlib/../stdlib/strtol.c
fn=__isoc23_strtol
125 23748 11849 2625 0 0 0 23748 0 0
126 83118 0 0 23748 23689 1150 0 0 0
128 11874 0 0 23748 0 0 0 0 0
fl=./stdlib/../stdlib/strtol_l.c
fn=____strtol_l_internal
238 106866 11850 4839 0 0 0 106866 0 0
252 11874 0 0 11874 11849 11837 0 0 0
257 11874 0 0 0 0 0 0 0 0
258 11874 0 0 0 0 0 0 0 0
264 11874 0 0 0 0 0 0 0 0
292 11874 0 0 0 0 0 0 0 0
295 35622 0 0 0 0 0 0 0 0
298 80 0 0 0 0 0 0 0 0
301 11874 0 0 0 0 0 0 0 0
304 59370 11850 887 35622 23709 2321 0 0 0
306 11874 0 0 0 0 0 0 0 0
310 11874 0 0 0 0 0 0 0 0
311 35622 11847 950 0 0 0 23748 0 0
317 35622 0 0 0 0 0 0 0 0
320 35622 0 0 11874 0 0 0 0 0
335 11874 0 0 0 0 0 0 0 0
342 23748 11849 2447 0 0 0 0 0 0
345 59370 0 0 0 0 0 0 0 0
393 11874 0 0 0 0 0 0 0 0
394 11874 0 0 0 0 0 0 0 0
449 23668 0 0 11834 0 0 0 0 0
451 82998 11860 808 0 0 0 0 0 0
453 47496 11872 905 0 0 0 0 0 0
460 40 0 0 0 0 0 0 0 0
477 23868 0 0 11914 11872 11842 0 0 0
478 35782 0 0 11914 18 6 0 0 0
481 23748 11862 911 0 0 0 0 0 0
484 47336 0 0 0 0 0 0 0 0
489 11874 0 0 0 0 0 0 0 0
490 11834 0 0 0 0 0 0 0 0
495 23748 0 0 0 0 0 0 0 0
500 11834 0 0 0 0 0 0 0 0
501 11834 0 0 0 0 0 11834 0 0
506 11834 0 0 0 0 0 0 0 0
507 23668 0 0 23668 0 0 0 0 0
509 23668 0 0 0 0 0 0 0 0
533 40 16 3 0 0 0 0 0 0
535 120 0 0 0 0 0 0 0 0
537 40 22 3 80 0 0 0 0 0
542 40 0 0 0 0 0 40 0 0
546 71244 0 0 106866 0 0 0 0 0
fl=./stdlib/../string/bits/string_fortified.h
fn=__add_to_environ
29 4 0 0 0 0 0 0 0 0
fn=msort_with_tmp.part.0
29 20431 4 3 6828 10 0 0 0 0
fn=realpath@@GLIBC_2.17
79 4 0 0 1 0 0 0 0 0
fl=./stdlib/../sysdeps/aarch64/fpu/get-rounding-mode.h
fn=round_and_return
34 17 0 0 0 0 0 0 0 0
35 17 0 0 0 0 0 0 0 0
fl=./stdlib/../sysdeps/ieee754/ldbl-128/mpn2ldbl.c
fn=__mpn_construct_long_double
30 34 17 1 0 0 0 34 0 0
34 85 0 0 0 0 0 0 0 0
42 68 17 1 17 0 0 0 0 0
43 17 0 0 0 0 0 0 0 0
44 34 0 0 17 0 0 0 0 0
45 34 0 0 0 0 0 0 0 0
51 34 0 0 0 0 0 0 0 0
52 34 0 0 34 0 0 0 0 0
fl=./stdlib/../sysdeps/unix/sysv/linux/getrandom.c
fn=getrandom
28 102 34 11 0 0 0 136 0 0
29 340 0 0 34 0 0 0 0 0
30 136 34 34 136 0 0 0 0 0
fl=./stdlib/./stdlib/canonicalize.c
fn=realpath@@GLIBC_2.17
118 14 0 0 3 0 0 0 0 0
122 2 0 0 0 0 0 0 0 0
123 6 0 0 2 0 0 0 0 0
125 8 0 0 0 0 0 0 0 0
195 1 0 0 0 0 0 0 0 0
205 6 0 0 1 0 0 2 0 0
213 1 0 0 0 0 0 0 0 0
221 2 0 0 0 0 0 0 0 0
223 3 0 0 0 0 0 0 0 0
225 5 1 1 1 0 0 0 0 0
234 3 2 2 0 0 0 0 0 0
252 20 2 2 8 0 0 2 0 0
255 17 2 2 2 0 0 1 0 0
259 181 0 0 35 0 0 2 0 0
266 9 0 0 3 0 0 0 0 0
268 6 1 1 0 0 0 0 0 0
270 9 0 0 0 0 0 0 0 0
283 9 1 1 3 0 0 0 0 0
284 12 0 0 0 0 0 3 0 0
286 9 0 0 3 0 0 0 0 0
287 12 1 1 0 0 0 0 0 0
296 18 1 1 3 0 0 3 0 0
297 3 0 0 0 0 0 3 0 0
303 3 0 0 3 0 0 0 0 0
305 21 0 0 3 0 0 3 0 0
306 9 0 0 3 0 0 0 0 0
311 3 1 1 0 0 0 0 0 0
343 1 0 0 0 0 0 2 0 0
372 21 1 1 6 0 0 0 0 0
378 6 1 1 1 0 0 0 0 0
386 2 0 0 0 0 0 1 0 0
387 2 0 0 1 0 0 0 0 0
392 3 0 0 0 0 0 0 0 0
395 1 0 0 0 0 0 0 0 0
426 13 2 2 2 1 0 11 2 2
436 14 0 0 11 0 0 0 0 0
fl=./stdlib/./stdlib/cxa_atexit.c
fn=__cxa_atexit
67 108 3 3 0 0 0 108 0 0
68 162 0 0 0 0 0 0 0 0
69 54 3 3 108 0 0 0 0 0
fn=__internal_atexit
36 216 3 3 0 0 0 324 0 0
41 54 0 0 0 0 0 0 0 0
43 540 3 3 54 1 0 0 0 0
44 162 0 0 0 0 0 0 0 0
46 54 0 0 0 0 0 0 0 0
52 216 0 0 108 4 2 0 0 0
53 54 0 0 0 0 0 108 0 0
55 54 0 0 0 0 0 108 15 14
56 54 0 0 0 0 0 0 0 0
57 324 3 3 54 0 0 0 0 0
58 54 0 0 0 0 0 0 0 0
59 216 0 0 324 0 0 0 0 0
fn=__new_exitfn
80 216 3 3 0 0 0 216 0 0
81 54 0 0 0 0 0 0 0 0
86 162 0 0 54 3 3 0 0 0
91 219 0 0 55 3 3 0 0 0
93 161 3 3 54 3 2 0 0 0
94 266 0 0 53 1 1 0 0 0
101 1 0 0 0 0 0 1 0 0
104 106 2 2 0 0 0 0 0 0
108 1 0 0 0 0 0 0 0 0
112 4 1 1 0 0 0 0 0 0
113 1 0 0 0 0 0 0 0 0
115 1 0 0 0 0 0 1 0 0
116 1 0 0 0 0 0 1 0 0
122 2 0 0 0 0 0 0 0 0
123 4 1 1 0 0 0 2 0 0
129 104 0 0 0 0 0 0 0 0
130 104 0 0 0 0 0 52 0 0
134 2 0 0 0 0 0 0 0 0
136 108 0 0 0 0 0 54 1 1
137 216 1 1 54 0 0 54 0 0
141 162 0 0 216 0 0 0 0 0
fl=./stdlib/./stdlib/cxa_finalize.c
fn=__cxa_finalize
30 272 0 0 0 0 0 408 0 0
33 204 2 2 34 1 0 0 0 0
36 170 1 1 68 1 0 0 0 0
40 204 0 0 34 3 0 0 0 0
43 34 0 0 0 0 0 0 0 0
78 68 0 0 34 3 1 0 0 0
81 68 0 0 34 0 0 0 0 0
93 170 0 0 68 0 0 0 0 0
97 204 1 1 34 2 1 0 0 0
104 34 0 0 0 0 0 0 0 0
105 68 0 0 0 0 0 0 0 0
106 204 1 1 34 0 0 0 0 0
107 238 0 0 408 0 0 0 0 0
fl=./stdlib/./stdlib/cxa_thread_atexit_impl.c
fn=__call_tls_dtors
148 4 1 1 0 0 0 6 1 1
149 5 0 0 2 0 0 0 0 0
165 4 2 2 6 0 0 0 0 0
fl=./stdlib/./stdlib/exit.c
fn=__run_exit_handlers
38 10 2 2 0 0 0 12 1 1
40 1 0 0 0 0 0 0 0 0
41 2 1 1 0 0 0 0 0 0
43 6 0 0 1 0 0 0 0 0
54 2 0 0 2 1 1 0 0 0
56 2 0 0 0 0 0 0 0 0
60 3 0 0 0 0 0 1 1 1
64 112 3 1 56 1 1 0 0 0
66 108 0 0 0 0 0 54 0 0
67 55 0 0 54 1 1 0 0 0
69 324 0 0 54 25 25 0 0 0
91 2 0 0 1 1 1 0 0 0
94 2 0 0 1 0 0 0 0 0
101 54 0 0 0 0 0 54 0 0
103 54 2 1 108 2 1 0 0 0
104 108 1 1 54 1 0 0 0 0
107 270 0 0 0 0 0 0 0 0
108 162 0 0 0 0 0 0 0 0
109 270 2 0 0 0 0 0 0 0
113 162 3 1 54 1 0 0 0 0
119 4 1 1 2 0 0 2 0 0
120 2 0 0 0 0 0 0 0 0
123 2 0 0 0 0 0 0 0 0
126 6 1 0 1 0 0 0 0 0
128 1 0 0 0 0 0 0 0 0
129 2 1 0 0 0 0 0 0 0
131 2 0 0 0 0 0 0 0 0
fn=exit
137 2 1 1 0 0 0 2 0 0
138 5 1 1 0 0 0 0 0 0
fl=./stdlib/./stdlib/getenv.c
fn=getenv
24 657 0 0 0 0 0 876 1 1
25 1971 33 21 657 62 39 657 0 0
28 438 0 0 0 0 0 0 0 0
29 7328 0 0 3664 43 30 0 0 0
31 10353 0 0 3451 139 87 0 0 0
32 3838 14 6 6 0 0 0 0 0
33 24 0 0 18 0 0 0 0 0
37 1302 19 12 1515 0 0 0 0 0
fl=./stdlib/./stdlib/grouping.c
fn=__correctly_grouped_prefixmb
54 21 3 0 0 0 0 21 6 4
55 3 0 0 0 0 0 0 0 0
56 3 3 2 0 0 0 3 0 0
185 15 0 0 21 0 0 0 0 0
fl=./stdlib/./stdlib/lshift.c
fn=__mpn_lshift
37 34 0 0 0 0 0 34 0 0
63 17 0 0 0 0 0 0 0 0
64 34 0 0 0 0 0 0 0 0
66 34 17 1 17 0 0 0 0 0
67 17 0 0 0 0 0 0 0 0
69 34 0 0 0 0 0 0 0 0
75 34 17 1 0 0 0 17 0 0
78 34 0 0 34 0 0 0 0 0
fl=./stdlib/./stdlib/mbstowcs.c
fn=mbstowcs
28 12978 1312 422 2884 1 0 5768 0 0
31 1442 0 0 0 0 0 1442 0 0
33 4326 0 0 0 0 0 0 0 0
34 14420 656 209 7210 0 0 0 0 0
fl=./stdlib/./stdlib/qsort.c
fn=msort_with_tmp.part.0
196 34140 38 27 0 0 0 44382 410 114
201 24658 0 0 0 0 0 0 0 0
204 3414 0 0 0 0 0 0 0 0
205 3414 0 0 0 0 0 0 0 0
206 3414 8 5 3414 3 0 0 0 0
207 6828 0 0 3414 4 0 0 0 0
212 3414 0 0 3414 0 0 0 0 0
213 3414 0 0 3414 0 0 0 0 0
215 3414 0 0 6828 0 0 0 0 0
216 20484 38 24 3414 2 0 0 0 0
237 54113 0 0 0 0 0 0 0 0
239 101826 5 5 0 0 0 0 0 0
241 8494 0 0 8494 0 0 0 0 0
243 16988 0 0 0 0 0 0 0 0
247 8477 0 0 8477 0 0 0 0 0
249 25448 0 0 0 0 0 16971 252 46
273 2400 0 0 0 0 0 0 0 0
275 4634 11 7 0 0 0 0 0 0
277 1845 0 0 0 0 0 0 0 0
278 615 10 8 0 0 0 0 0 0
279 615 0 0 0 0 0 0 0 0
283 2080 0 0 0 0 0 0 0 0
284 47 0 0 0 0 0 0 0 0
285 47 0 0 0 0 0 0 0 0
291 3414 0 0 0 0 0 0 0 0
293 3414 9 9 0 0 0 0 0 0
294 20484 19 13 40968 55 0 0 0 0
fn=qsort
404 86 17 10 0 0 0 86 0 0
405 86 0 0 0 0 0 0 0 0
406 43 0 0 86 0 0 0 0 0
fn=qsort_r
132 258 0 0 0 0 0 0 0 0
134 86 0 0 0 0 0 0 0 0
135 43 18 15 0 0 0 0 0 0
136 86 0 0 0 0 0 0 0 0
140 182 0 0 0 0 0 0 0 0
201 43 0 0 0 0 0 0 0 0
344 473 17 16 86 52 7 258 21 1
345 387 16 13 0 0 0 172 0 0
350 43 0 0 0 0 0 0 0 0
353 215 0 0 0 0 0 86 0 0
356 86 0 0 0 0 0 0 0 0
357 86 17 13 0 0 0 0 0 0
360 6 2 2 2 2 0 2 0 0
361 2 0 0 0 0 0 0 0 0
362 1 0 0 0 0 0 1 0 0
363 4 0 0 2 0 0 0 0 0
385 172 0 0 0 0 0 215 33 16
396 86 14 9 0 0 0 0 0 0
397 260 0 0 258 8 0 0 0 0
398 473 17 14 301 53 0 0 0 0
fl=./stdlib/./stdlib/secure-getenv.c
fn=secure_getenv
28 8 0 0 0 0 0 8 0 0
29 20 3 2 8 5 1 0 0 0
30 4 0 0 8 0 0 0 0 0
fl=./stdlib/./stdlib/setenv.c
fn=__add_to_environ
118 44 4 2 0 0 0 52 0 0
128 8 4 2 0 0 0 0 0 0
130 4 0 0 0 0 0 0 0 0
131 16 8 4 4 0 0 4 0 0
133 28 0 0 0 0 0 0 0 0
137 12 0 0 8 5 2 0 0 0
139 68 4 2 0 0 0 0 0 0
140 4 0 0 0 0 0 0 0 0
142 134 0 0 67 7 3 0 0 0
143 323 0 0 1 0 0 0 0 0
146 63 0 0 0 0 0 0 0 0
155 9 0 0 3 0 0 3 0 0
156 15 3 2 0 0 0 0 0 0
157 3 0 0 0 0 0 0 0 0
158 6 0 0 3 0 0 0 0 0
164 9 0 0 3 0 0 0 0 0
165 3 0 0 0 0 0 0 0 0
168 6 0 0 0 0 0 6 0 0
172 9 3 2 0 0 0 6 0 0
174 16 1 0 4 0 0 0 0 0
179 4 0 0 0 0 0 0 0 0
183 4 0 0 0 0 0 0 0 0
185 16 4 2 4 0 0 0 0 0
186 4 0 0 0 0 0 0 0 0
192 40 0 0 8 0 0 4 0 0
200 30 5 3 1 0 0 0 0 0
201 1 0 0 0 0 0 0 0 0
208 18 0 0 0 0 0 0 0 0
212 3 0 0 0 0 0 0 0 0
216 4 0 0 0 0 0 4 0 0
219 24 0 0 0 0 0 0 0 0
221 4 0 0 0 0 0 0 0 0
222 28 0 0 48 0 0 0 0 0
fn=setenv
226 20 0 0 0 0 0 16 0 0
227 32 8 4 4 1 1 4 0 0
233 24 0 0 4 0 0 0 0 0
234 8 0 0 16 0 0 0 0 0
fn=unsetenv
238 12 3 2 0 0 0 12 0 0
242 18 3 2 3 0 0 0 0 0
248 15 0 0 0 0 0 9 0 0
250 21 3 2 0 0 0 0 0 0
252 9 0 0 6 2 2 0 0 0
253 3 0 0 0 0 0 0 0 0
254 108 3 2 54 4 3 0 0 0
256 261 0 0 2 0 0 0 0 0
259 2 0 0 0 0 0 0 0 0
262 6 2 1 3 0 0 3 0 0
263 5 0 0 0 0 0 0 0 0
267 49 0 0 0 0 0 0 0 0
270 21 0 0 6 0 0 0 0 0
272 6 0 0 3 0 0 0 0 0
273 9 0 0 12 0 0 0 0 0
fl=./stdlib/./stdlib/srand48.c
fn=srand48
23 6 3 3 0 0 0 6 0 0
24 9 0 0 0 0 0 0 0 0
25 3 3 3 6 0 0 0 0 0
fl=./stdlib/./stdlib/srand48_r.c
fn=srand48_r
23 9 0 0 0 0 0 6 0 0
29 3 3 3 0 0 0 3 0 0
30 6 0 0 0 0 0 3 3 3
32 12 0 0 0 0 0 3 0 0
33 9 0 0 0 0 0 3 3 3
37 9 0 0 6 0 0 0 0 0
fl=./stdlib/./stdlib/wcstombs.c
fn=wcstombs
28 45 10 2 10 4 1 20 0 0
31 5 0 0 0 0 0 5 0 0
34 15 0 0 0 0 0 0 0 0
35 50 5 1 25 0 0 0 0 0
fl=./stdlib/./strtod_l.c
fn=____strtold_l_internal
378 17 17 1 0 0 0 17 5 3
379 204 17 1 0 0 0 0 0 0
508 360 32 3 40 0 0 280 20 5
514 26 0 0 0 0 0 0 0 0
553 20 0 0 0 0 0 0 0 0
561 20 0 0 20 18 8 0 0 0
563 20 0 0 0 0 0 0 0 0
587 20 0 0 0 0 0 0 0 0
595 20 0 0 20 16 1 0 0 0
596 60 0 0 0 0 0 0 0 0
597 20 0 0 0 0 0 0 0 0
601 20 0 0 0 0 0 20 18 5
602 12 0 0 0 0 0 12 0 0
607 20 0 0 0 0 0 0 0 0
610 40 0 0 20 0 0 0 0 0
611 80 16 2 40 27 6 0 0 0
614 40 0 0 0 0 0 0 0 0
616 24 0 0 0 0 0 8 0 0
617 16 8 1 8 0 0 0 0 0
619 24 0 0 0 0 0 0 0 0
632 100 0 0 20 0 0 0 0 0
633 60 16 1 20 0 0 0 0 0
641 80 0 0 0 0 0 0 0 0
685 3 3 0 0 0 0 6 0 0
689 52 6 4 6 3 0 0 0 0
708 74 0 0 0 0 0 0 0 0
709 6 0 0 0 0 0 0 0 0
710 3 0 0 3 0 0 0 0 0
723 34 15 2 0 0 0 0 0 0
732 29 0 0 23 0 0 0 0 0
733 18 0 0 0 0 0 0 0 0
734 21 3 2 0 0 0 0 0 0
739 18 6 3 0 0 0 0 0 0
740 9 3 0 3 0 0 0 0 0
752 3 0 0 0 0 0 0 0 0
760 21 6 5 0 0 0 6 5 4
765 27 0 0 9 0 0 3 0 0
773 38 17 1 0 0 0 0 0 0
775 203 15 3 0 0 0 0 0 0
776 34 0 0 0 0 0 0 0 0
779 76 17 2 0 0 0 0 0 0
788 17 0 0 0 0 0 0 0 0
801 76 0 0 38 0 0 0 0 0
804 51 0 0 0 0 0 0 0 0
846 51 0 0 0 0 0 0 0 0
855 17 0 0 0 0 0 0 0 0
856 68 17 2 17 0 0 0 0 0
874 17 0 0 0 0 0 0 0 0
880 51 0 0 34 13 2 0 0 0
881 119 0 0 0 0 0 0 0 0
882 51 17 2 0 0 0 0 0 0
980 17 17 2 0 0 0 0 0 0
1013 34 0 0 0 0 0 0 0 0
1023 85 17 1 17 0 0 0 0 0
1042 17 0 0 0 0 0 0 0 0
1043 17 0 0 0 0 0 17 0 0
1048 17 17 2 0 0 0 0 0 0
1072 34 0 0 17 0 0 0 0 0
1081 34 17 1 0 0 0 0 0 0
1175 68 34 7 0 0 0 0 0 0
1176 17 0 0 0 0 0 0 0 0
1177 34 0 0 0 0 0 17 0 0
1180 68 0 0 0 0 0 0 0 0
1192 51 0 0 0 0 0 0 0 0
1195 17 0 0 0 0 0 0 0 0
1204 34 0 0 0 0 0 0 0 0
1224 17 0 0 34 0 0 0 0 0
1248 51 17 3 17 0 0 0 0 0
1249 34 0 0 0 0 0 0 0 0
1253 34 0 0 0 0 0 0 0 0
1259 34 0 0 0 0 0 0 0 0
1291 34 0 0 0 0 0 0 0 0
1294 85 17 2 0 0 0 0 0 0
1296 34 0 0 0 0 0 0 0 0
1302 68 0 0 0 0 0 17 0 0
1304 34 0 0 0 0 0 0 0 0
1306 153 17 3 0 0 0 0 0 0
1310 34 0 0 0 0 0 0 0 0
1325 170 47 6 17 0 0 17 3 3
1770 340 20 1 320 0 0 0 0 0
fn=round_and_return
215 187 17 1 0 0 0 187 0 0
218 51 0 0 0 0 0 0 0 0
226 17 0 0 0 0 0 0 0 0
236 17 0 0 17 0 0 0 0 0
313 51 17 3 0 0 0 0 0 0
316 34 0 0 0 0 0 0 0 0
319 102 17 2 0 0 0 0 0 0
320 17 0 0 0 0 0 0 0 0
350 17 0 0 0 0 0 0 0 0
355 102 0 0 0 0 0 0 0 0
356 102 17 1 187 0 0 0 0 0
fn=str_to_mpn.part.0.constprop.0
365 255 34 4 0 0 0 221 33 9
374 17 0 0 0 0 0 0 0 0
375 17 0 0 0 0 0 0 0 0
382 76 17 2 0 0 0 0 0 0
387 17 0 0 0 0 0 0 0 0
392 51 17 1 0 0 0 0 0 0
413 190 0 0 38 0 0 0 0 0
426 190 0 0 0 0 0 0 0 0
427 38 0 0 0 0 0 0 0 0
429 76 0 0 0 0 0 0 0 0
431 68 17 1 34 0 0 0 0 0
438 51 0 0 34 25 8 0 0 0
440 34 17 1 17 0 0 0 0 0
442 17 0 0 0 0 0 17 3 0
443 34 0 0 0 0 0 17 0 0
458 136 17 1 204 0 0 0 0 0
fn=strtold_l
1782 60 16 3 0 0 0 40 0 0
1783 40 0 0 0 0 0 0 0 0
1784 20 16 3 40 0 0 0 0 0
fl=./string/../include/rtld-malloc.h
fn=strdup
56 148 31 22 37 30 0 0 0 0
fl=./string/../string/bits/string_fortified.h
fn=memmem
59 72 3 1 6 1 0 96 0 0
fn=strcspn
59 70 7 1 0 0 0 112 0 0
fn=strdup
29 40 0 0 0 0 0 0 0 0
fn=strndup
29 4 0 0 0 0 0 0 0 0
fl=./string/../sysdeps/aarch64/memcmp.S
fn=bcmp
46 1795259 680994 1883 0 0 0 0 0 0
51 1795259 0 0 0 0 0 0 0 0
52 1795259 0 0 0 0 0 0 0 0
53 821616 0 0 1643232 240913 85688 0 0 0
54 821616 0 0 1643232 358 165 0 0 0
55 821616 0 0 0 0 0 0 0 0
56 821616 0 0 0 0 0 0 0 0
57 821616 0 0 0 0 0 0 0 0
59 393666 0 0 0 0 0 0 0 0
60 393666 0 0 0 0 0 0 0 0
61 393666 0 0 0 0 0 0 0 0
62 393666 0 0 0 0 0 0 0 0
63 5695 0 0 0 0 0 0 0 0
64 5695 0 0 0 0 0 0 0 0
65 8352 0 0 0 0 0 0 0 0
69 6312 3950 2273 12624 173 46 0 0 0
70 6312 0 0 12624 143 54 0 0 0
71 6312 0 0 0 0 0 0 0 0
72 6312 0 0 0 0 0 0 0 0
73 6312 0 0 0 0 0 0 0 0
74 6312 0 0 0 0 0 0 0 0
75 6312 0 0 0 0 0 0 0 0
77 2302 0 0 4604 376 54 0 0 0
78 2302 0 0 4604 400 115 0 0 0
79 2302 0 0 0 0 0 0 0 0
80 2302 0 0 0 0 0 0 0 0
81 2302 0 0 0 0 0 0 0 0
82 2302 0 0 0 0 0 0 0 0
83 2302 0 0 0 0 0 0 0 0
85 3820 759 3 0 0 0 0 0 0
86 3820 0 0 0 0 0 0 0 0
90 393665 358466 1274 787330 357 186 0 0 0
91 393665 0 0 787330 111 56 0 0 0
93 1707225 232221 14 0 0 0 0 0 0
94 1707225 0 0 0 0 0 0 0 0
95 1707225 0 0 0 0 0 0 0 0
100 1723178 0 0 0 0 0 0 0 0
101 1723178 0 0 0 0 0 0 0 0
103 1723178 0 0 0 0 0 0 0 0
104 1723178 0 0 0 0 0 0 0 0
105 1723178 0 0 0 0 0 0 0 0
106 1723178 0 0 0 0 0 0 0 0
110 973643 135724 608 0 0 0 0 0 0
111 973643 0 0 0 0 0 0 0 0
112 973643 0 0 0 0 0 0 0 0
113 206861 0 0 206861 7913 2137 0 0 0
114 206861 14928 388 206861 2082 1396 0 0 0
115 206861 0 0 206861 11388 1121 0 0 0
116 206861 0 0 206861 1191 895 0 0 0
117 206861 0 0 0 0 0 0 0 0
121 766782 126510 11531 0 0 0 0 0 0
122 678749 0 0 678749 3805 1193 0 0 0
123 678749 0 0 678749 829 694 0 0 0
124 678749 0 0 678749 0 0 0 0 0
125 678749 0 0 678749 0 0 0 0 0
126 678749 0 0 0 0 0 0 0 0
129 88033 0 0 0 0 0 0 0 0
130 32672 0 0 32672 5 1 0 0 0
131 32672 0 0 32672 415 394 0 0 0
132 32672 0 0 0 0 0 0 0 0
133 32672 0 0 0 0 0 0 0 0
135 72080 0 0 0 0 0 0 0 0
136 72080 59059 1597 0 0 0 0 0 0
137 66025 0 0 66025 1190 301 0 0 0
138 66025 0 0 66025 481 181 0 0 0
139 66025 0 0 0 0 0 0 0 0
141 72080 0 0 0 0 0 0 0 0
144 1519 760 3 3038 0 0 0 0 0
145 1519 0 0 3038 0 0 0 0 0
146 1519 0 0 0 0 0 0 0 0
147 1519 0 0 0 0 0 0 0 0
148 1519 0 0 0 0 0 0 0 0
151 1519 0 0 0 0 0 0 0 0
152 1519 0 0 0 0 0 0 0 0
153 1519 0 0 0 0 0 0 0 0
154 1519 0 0 0 0 0 0 0 0
155 1519 0 0 0 0 0 0 0 0
156 1519 0 0 0 0 0 0 0 0
160 4555 761 4 4555 0 0 0 0 0
161 4555 0 0 4555 0 0 0 0 0
162 4555 0 0 0 0 0 0 0 0
163 4555 0 0 4555 286 0 0 0 0
164 4555 0 0 4555 0 0 0 0 0
165 4555 0 0 0 0 0 0 0 0
166 4555 0 0 0 0 0 0 0 0
167 4555 0 0 4555 1 0 0 0 0
168 4555 0 0 4555 0 0 0 0 0
169 4555 0 0 0 0 0 0 0 0
170 4555 0 0 4555 41 0 0 0 0
171 4555 0 0 4555 1 0 0 0 0
172 4555 0 0 0 0 0 0 0 0
173 4555 0 0 0 0 0 0 0 0
174 4555 0 0 0 0 0 0 0 0
175 4555 0 0 0 0 0 0 0 0
176 4555 762 4 0 0 0 0 0 0
177 4555 0 0 0 0 0 0 0 0
178 4555 0 0 0 0 0 0 0 0
179 4555 0 0 0 0 0 0 0 0
182 1519 0 0 0 0 0 0 0 0
183 1519 0 0 0 0 0 0 0 0
189 1 0 0 0 0 0 0 0 0
190 1 0 0 0 0 0 0 0 0
191 1 0 0 0 0 0 0 0 0
192 1 0 0 0 0 0 0 0 0
193 1 0 0 1 0 0 0 0 0
194 1 0 0 1 0 0 0 0 0
196 1 0 0 0 0 0 0 0 0
197 1 0 0 0 0 0 0 0 0
199 1 0 0 0 0 0 0 0 0
200 1 0 0 0 0 0 0 0 0
201 1 1 1 0 0 0 0 0 0
202 1 0 0 0 0 0 0 0 0
fl=./string/../sysdeps/aarch64/memrchr.S
fn=memrchr
57 19528 18553 1469 0 0 0 0 0 0
60 19528 0 0 0 0 0 0 0 0
61 19528 0 0 0 0 0 0 0 0
62 19528 0 0 0 0 0 0 0 0
63 19528 0 0 0 0 0 0 0 0
64 19528 0 0 19528 2145 40 0 0 0
65 19528 0 0 0 0 0 0 0 0
66 19528 0 0 0 0 0 0 0 0
67 19528 0 0 0 0 0 0 0 0
68 19528 0 0 0 0 0 0 0 0
69 19528 0 0 0 0 0 0 0 0
70 19528 0 0 0 0 0 0 0 0
71 19528 0 0 0 0 0 0 0 0
73 2220 0 0 0 0 0 0 0 0
74 2220 0 0 0 0 0 0 0 0
75 2220 0 0 0 0 0 0 0 0
76 2220 2218 338 0 0 0 0 0 0
77 2220 0 0 0 0 0 0 0 0
81 17308 17307 1695 0 0 0 0 0 0
82 17308 0 0 0 0 0 0 0 0
85 17308 0 0 0 0 0 0 0 0
86 17308 0 0 0 0 0 0 0 0
87 1222 0 0 0 0 0 0 0 0
91 1226 0 0 1226 81 0 0 0 0
92 1226 0 0 0 0 0 0 0 0
93 1226 0 0 0 0 0 0 0 0
94 1226 0 0 0 0 0 0 0 0
95 1226 0 0 0 0 0 0 0 0
98 16107 0 0 16107 3 0 0 0 0
99 16107 0 0 0 0 0 0 0 0
100 16107 0 0 0 0 0 0 0 0
101 16107 16096 778 0 0 0 0 0 0
102 16107 0 0 0 0 0 0 0 0
103 16107 0 0 0 0 0 0 0 0
104 16107 0 0 0 0 0 0 0 0
106 16103 0 0 0 0 0 0 0 0
108 17308 1191 291 0 0 0 0 0 0
109 17308 0 0 0 0 0 0 0 0
111 17308 0 0 0 0 0 0 0 0
115 17308 0 0 0 0 0 0 0 0
116 17308 0 0 0 0 0 0 0 0
117 17308 0 0 0 0 0 0 0 0
118 17308 0 0 0 0 0 0 0 0
119 17308 0 0 0 0 0 0 0 0
fl=./string/../sysdeps/aarch64/multiarch/../memchr.S
fn=__GI_memchr
59 16042 14876 12745 0 0 0 0 0 0
62 16042 0 0 0 0 0 0 0 0
63 16042 0 0 0 0 0 0 0 0
64 16028 0 0 16028 31 1 0 0 0
65 16028 0 0 0 0 0 0 0 0
66 16028 0 0 0 0 0 0 0 0
67 16028 0 0 0 0 0 0 0 0
68 16028 0 0 0 0 0 0 0 0
69 16028 0 0 0 0 0 0 0 0
70 16028 0 0 0 0 0 0 0 0
71 16028 0 0 0 0 0 0 0 0
73 14458 0 0 0 0 0 0 0 0
74 14458 0 0 0 0 0 0 0 0
75 14458 0 0 0 0 0 0 0 0
76 14458 0 0 0 0 0 0 0 0
77 14458 0 0 0 0 0 0 0 0
78 14458 14128 3057 0 0 0 0 0 0
82 1570 808 350 0 0 0 0 0 0
83 1570 0 0 0 0 0 0 0 0
84 1570 0 0 0 0 0 0 0 0
85 1570 0 0 0 0 0 0 0 0
88 1536 0 0 0 0 0 0 0 0
89 985 0 0 0 0 0 0 0 0
92 10194 0 0 10194 3653 55 0 0 0
93 10194 0 0 0 0 0 0 0 0
94 10194 0 0 0 0 0 0 0 0
95 10194 0 0 0 0 0 0 0 0
96 10194 0 0 0 0 0 0 0 0
99 10128 0 0 10128 168 35 0 0 0
100 10128 0 0 0 0 0 0 0 0
101 10128 0 0 0 0 0 0 0 0
102 10128 528 202 0 0 0 0 0 0
103 10128 0 0 0 0 0 0 0 0
104 10128 0 0 0 0 0 0 0 0
105 10128 0 0 0 0 0 0 0 0
107 919 0 0 0 0 0 0 0 0
109 1536 309 256 0 0 0 0 0 0
110 1536 0 0 0 0 0 0 0 0
111 1536 0 0 0 0 0 0 0 0
112 1536 0 0 0 0 0 0 0 0
114 1536 0 0 0 0 0 0 0 0
116 1536 0 0 0 0 0 0 0 0
117 1536 0 0 0 0 0 0 0 0
118 1536 0 0 0 0 0 0 0 0
119 1536 0 0 0 0 0 0 0 0
120 1536 0 0 0 0 0 0 0 0
123 48 43 21 0 0 0 0 0 0
124 48 44 28 0 0 0 0 0 0
fl=./string/../sysdeps/aarch64/multiarch/../memcpy.S
fn=__GI_memcpy
72 7669613 664619 555 0 0 0 0 0 0
77 7669613 0 0 0 0 0 0 0 0
78 7669613 0 0 0 0 0 0 0 0
79 7669613 0 0 0 0 0 0 0 0
80 7669613 0 0 0 0 0 0 0 0
81 6601318 0 0 0 0 0 0 0 0
82 6601318 0 0 0 0 0 0 0 0
85 6386003 0 0 0 0 0 0 0 0
86 6386003 0 0 0 0 0 0 0 0
87 4444267 0 0 4444267 304624 39289 0 0 0
88 4444267 0 0 4444267 132172 523 0 0 0
89 4444267 0 0 0 0 0 4444267 940239 442061
90 4444267 0 0 0 0 0 4444267 142370 102522
91 4444267 0 0 0 0 0 0 0 0
95 1956455 4085 0 0 0 0 0 0 0
96 1232387 0 0 1232387 76204 4871 0 0 0
97 1232387 311404 1700 1232387 1094 1076 0 0 0
98 1232387 0 0 0 0 0 1232387 205903 20960
99 1232387 0 0 0 0 0 1232387 240 122
100 1232387 0 0 0 0 0 0 0 0
104 724068 166719 343 0 0 0 0 0 0
105 241219 0 0 241219 634 485 0 0 0
106 241219 0 0 241219 61 58 0 0 0
107 241219 0 0 0 0 0 241219 315 177
108 241219 0 0 0 0 0 241219 134 93
109 241219 0 0 0 0 0 0 0 0
113 482849 0 0 0 0 0 0 0 0
114 473770 0 0 0 0 0 0 0 0
115 473770 0 0 473770 1129 717 0 0 0
116 473770 0 0 473770 133 133 0 0 0
117 473770 0 0 473770 0 0 0 0 0
118 473770 0 0 0 0 0 473770 269 192
119 473770 158567 1476 0 0 0 473770 17 17
120 473770 0 0 0 0 0 473770 19 19
122 482849 2514 29 0 0 0 0 0 0
127 280723 41542 215 561446 9491 5407 0 0 0
128 280723 0 0 561446 12460 6637 0 0 0
129 280723 0 0 0 0 0 0 0 0
130 280723 0 0 0 0 0 0 0 0
131 94060 0 0 0 0 0 188120 12751 2359
132 94060 0 0 0 0 0 188120 1336 402
133 94060 0 0 0 0 0 0 0 0
138 186663 0 0 373326 29 0 0 0 0
139 186663 0 0 0 0 0 0 0 0
140 186663 0 0 0 0 0 0 0 0
141 39728 0 0 79456 0 0 0 0 0
142 39728 12551 64 0 0 0 79456 12830 7523
144 186663 141247 395 0 0 0 373326 38158 11004
145 186663 0 0 0 0 0 373326 7680 4275
146 186663 0 0 0 0 0 373326 42095 2772
147 186663 0 0 0 0 0 0 0 0
155 1068330 84569 329 1068330 273895 49645 0 0 0
156 1068330 0 0 0 0 0 0 0 0
157 1068330 0 0 0 0 0 0 0 0
158 1068330 0 0 0 0 0 0 0 0
159 1068330 0 0 0 0 0 0 0 0
160 1068330 0 0 2136660 244331 45547 0 0 0
161 1068330 0 0 0 0 0 1068330 14137 5131
162 1068330 0 0 2136660 247619 9527 0 0 0
163 1068330 0 0 0 0 0 0 0 0
164 1068330 0 0 0 0 0 0 0 0
166 4965268 93030 47774 0 0 0 9930536 2618686 1699090
167 4965268 0 0 9930536 2999760 1375812 0 0 0
168 4965268 0 0 0 0 0 9930536 2272185 1556879
169 4965268 0 0 9930536 1246271 823492 0 0 0
170 4965268 0 0 0 0 0 0 0 0
171 4965268 0 0 0 0 0 0 0 0
172 4965268 0 0 0 0 0 0 0 0
173 4965268 0 0 0 0 0 0 0 0
177 1068330 4299 106 2136660 40491 1816 0 0 0
178 1068330 0 0 0 0 0 2136660 443309 255560
179 1068330 0 0 2136660 211911 15570 0 0 0
180 1068330 0 0 0 0 0 2136660 344507 182163
181 1068330 0 0 0 0 0 2136660 89790 36753
182 1068330 0 0 0 0 0 2136660 200203 119248
183 1068330 0 0 0 0 0 0 0 0
fn=__GI_memmove
189 153172 5151 2152 0 0 0 0 0 0
194 153172 0 0 0 0 0 0 0 0
195 153172 0 0 0 0 0 0 0 0
196 153172 0 0 0 0 0 0 0 0
197 153172 0 0 0 0 0 0 0 0
198 100841 0 0 0 0 0 0 0 0
199 100841 0 0 0 0 0 0 0 0
202 35433 0 0 0 0 0 0 0 0
203 35433 0 0 0 0 0 0 0 0
204 20714 0 0 20714 57 5 0 0 0
205 20714 0 0 20714 6 0 0 0 0
206 20714 0 0 0 0 0 20714 0 0
207 20714 0 0 0 0 0 20714 0 0
208 20714 0 0 0 0 0 0 0 0
212 52331 0 0 0 0 0 0 0 0
213 52331 0 0 0 0 0 0 0 0
214 52331 4159 1591 0 0 0 0 0 0
215 52331 0 0 0 0 0 0 0 0
220 52296 0 0 52296 0 0 0 0 0
221 52296 0 0 0 0 0 0 0 0
222 52296 0 0 0 0 0 0 0 0
223 52296 0 0 0 0 0 0 0 0
224 52296 0 0 104592 0 0 0 0 0
225 52296 0 0 0 0 0 52296 0 0
226 52296 0 0 104592 0 0 0 0 0
227 52296 0 0 0 0 0 0 0 0
228 52296 0 0 0 0 0 0 0 0
229 52296 0 0 0 0 0 0 0 0
232 71843 0 0 0 0 0 71843 0 0
233 71843 0 0 0 0 0 71843 0 0
234 71843 0 0 143686 1 0 0 0 0
235 71843 0 0 0 0 0 71843 0 0
236 71843 291 290 0 0 0 71843 0 0
237 71843 0 0 143686 0 0 0 0 0
238 71843 0 0 0 0 0 0 0 0
239 71843 0 0 0 0 0 0 0 0
240 71843 0 0 0 0 0 0 0 0
244 52296 3846 1290 104592 0 0 0 0 0
245 52296 0 0 0 0 0 104592 0 0
246 52296 0 0 104592 4 0 0 0 0
247 52296 0 0 0 0 0 104592 0 0
248 52296 0 0 0 0 0 104592 0 0
249 52296 0 0 0 0 0 104592 0 0
251 52296 0 0 0 0 0 0 0 0
fn=memcpy
72 252 41 23 0 0 0 0 0 0
77 252 0 0 0 0 0 0 0 0
78 252 0 0 0 0 0 0 0 0
79 252 0 0 0 0 0 0 0 0
80 252 0 0 0 0 0 0 0 0
81 252 0 0 0 0 0 0 0 0
82 252 0 0 0 0 0 0 0 0
85 127 0 0 0 0 0 0 0 0
86 127 0 0 0 0 0 0 0 0
87 54 0 0 54 1 0 0 0 0
88 54 0 0 54 0 0 0 0 0
89 54 0 0 0 0 0 54 3 3
90 54 0 0 0 0 0 54 2 2
91 54 0 0 0 0 0 0 0 0
95 73 0 0 0 0 0 0 0 0
96 53 0 0 53 2 1 0 0 0
97 53 10 9 53 0 0 0 0 0
98 53 0 0 0 0 0 53 15 14
99 53 0 0 0 0 0 53 0 0
100 53 0 0 0 0 0 0 0 0
104 20 5 3 0 0 0 0 0 0
113 20 0 0 0 0 0 0 0 0
114 1 0 0 0 0 0 0 0 0
115 1 0 0 1 1 1 0 0 0
116 1 0 0 1 0 0 0 0 0
117 1 0 0 1 0 0 0 0 0
118 1 0 0 0 0 0 1 1 1
119 1 1 1 0 0 0 1 0 0
120 1 0 0 0 0 0 1 0 0
122 20 2 2 0 0 0 0 0 0
127 125 21 21 250 0 0 0 0 0
128 125 0 0 250 0 0 0 0 0
129 125 0 0 0 0 0 0 0 0
130 125 0 0 0 0 0 0 0 0
131 61 0 0 0 0 0 122 9 9
132 61 0 0 0 0 0 122 9 7
133 61 0 0 0 0 0 0 0 0
138 64 0 0 128 0 0 0 0 0
139 64 0 0 0 0 0 0 0 0
140 64 0 0 0 0 0 0 0 0
144 64 21 21 0 0 0 128 14 12
145 64 0 0 0 0 0 128 10 10
146 64 0 0 0 0 0 128 10 9
147 64 0 0 0 0 0 0 0 0
fl=./string/../sysdeps/aarch64/multiarch/../strlen.S
fn=__GI_strlen
50 4623 877 303 0 0 0 0 0 0
52 4623 0 0 0 0 0 0 0 0
53 4623 0 0 4623 837 287 0 0 0
54 4623 0 0 0 0 0 0 0 0
55 4623 0 0 0 0 0 0 0 0
56 4623 0 0 0 0 0 0 0 0
57 4623 0 0 0 0 0 0 0 0
58 4623 0 0 0 0 0 0 0 0
59 4623 0 0 0 0 0 0 0 0
61 3622 0 0 0 0 0 0 0 0
62 3622 0 0 0 0 0 0 0 0
63 3622 0 0 0 0 0 0 0 0
64 3622 0 0 0 0 0 0 0 0
68 1010 679 216 1010 36 15 0 0 0
69 1010 0 0 0 0 0 0 0 0
70 1010 0 0 0 0 0 0 0 0
71 1010 0 0 0 0 0 0 0 0
72 1010 0 0 0 0 0 0 0 0
73 17 0 0 17 3 2 0 0 0
74 17 0 0 0 0 0 0 0 0
75 17 0 0 0 0 0 0 0 0
76 17 0 0 0 0 0 0 0 0
77 17 0 0 0 0 0 0 0 0
78 8 0 0 0 0 0 0 0 0
80 1001 0 0 0 0 0 0 0 0
81 1001 0 0 0 0 0 0 0 0
82 1001 0 0 0 0 0 0 0 0
84 1001 0 0 0 0 0 0 0 0
86 1001 0 0 0 0 0 0 0 0
87 1001 670 220 0 0 0 0 0 0
88 1001 0 0 0 0 0 0 0 0
89 1001 0 0 0 0 0 0 0 0
fn=strlen
50 142 22 22 0 0 0 0 0 0
52 142 0 0 0 0 0 0 0 0
53 142 0 0 142 9 6 0 0 0
54 142 0 0 0 0 0 0 0 0
55 142 0 0 0 0 0 0 0 0
56 142 0 0 0 0 0 0 0 0
57 142 0 0 0 0 0 0 0 0
58 142 0 0 0 0 0 0 0 0
59 142 0 0 0 0 0 0 0 0
61 9 0 0 0 0 0 0 0 0
62 9 0 0 0 0 0 0 0 0
63 9 0 0 0 0 0 0 0 0
64 9 0 0 0 0 0 0 0 0
68 242 22 22 242 3 0 0 0 0
69 242 0 0 0 0 0 0 0 0
70 242 0 0 0 0 0 0 0 0
71 242 0 0 0 0 0 0 0 0
72 242 0 0 0 0 0 0 0 0
73 172 0 0 172 3 0 0 0 0
74 172 0 0 0 0 0 0 0 0
75 172 0 0 0 0 0 0 0 0
76 172 0 0 0 0 0 0 0 0
77 172 0 0 0 0 0 0 0 0
78 63 0 0 0 0 0 0 0 0
80 133 0 0 0 0 0 0 0 0
81 133 0 0 0 0 0 0 0 0
82 133 0 0 0 0 0 0 0 0
84 133 0 0 0 0 0 0 0 0
86 133 0 0 0 0 0 0 0 0
87 133 22 22 0 0 0 0 0 0
88 133 0 0 0 0 0 0 0 0
89 133 0 0 0 0 0 0 0 0
fl=./string/../sysdeps/aarch64/multiarch/memchr.c
fn=memchr
34 84 12 12 28 13 2 14 4 0
fl=./string/../sysdeps/aarch64/multiarch/memcpy.c
fn=memcpy
41 75 17 17 50 24 5 0 0 0
43 50 0 0 25 20 3 0 0 0
46 50 0 0 25 0 0 0 0 0
48 25 0 0 0 0 0 0 0 0
53 50 0 0 0 0 0 0 0 0
56 50 17 17 0 0 0 0 0 0
59 50 17 17 0 0 0 0 0 0
62 100 17 17 50 0 0 50 4 2
fl=./string/../sysdeps/aarch64/multiarch/memmove.c
fn=memmove
41 72 18 18 48 10 0 0 0 0
43 48 0 0 24 10 1 0 0 0
46 48 0 0 24 0 0 0 0 0
48 24 18 18 0 0 0 0 0 0
53 48 0 0 0 0 0 0 0 0
56 48 0 0 0 0 0 0 0 0
59 48 0 0 0 0 0 0 0 0
62 96 18 18 48 0 0 48 3 0
fl=./string/../sysdeps/aarch64/multiarch/memset.c
fn=memset
41 84 15 15 63 18 0 0 0 0
43 42 0 0 21 15 0 0 0 0
46 42 0 0 21 0 0 0 0 0
48 63 0 0 0 0 0 0 0 0
52 42 0 0 0 0 0 0 0 0
55 84 15 15 0 0 0 0 0 0
61 126 0 0 0 0 0 0 0 0
64 84 0 0 42 0 0 42 3 0
fl=./string/../sysdeps/aarch64/multiarch/strlen.c
fn=strlen
34 182 20 18 56 6 0 28 3 0
fl=./string/../sysdeps/aarch64/multiarch/strlen_asimd.S
fn=__strlen_asimd
89 306162 165815 49003 0 0 0 0 0 0
91 306162 0 0 0 0 0 0 0 0
92 306162 0 0 0 0 0 0 0 0
93 306162 0 0 0 0 0 0 0 0
96 305971 0 0 611942 197355 118161 0 0 0
97 305971 0 0 0 0 0 0 0 0
107 305971 0 0 0 0 0 0 0 0
108 305971 0 0 0 0 0 0 0 0
109 305971 0 0 0 0 0 0 0 0
110 305971 0 0 0 0 0 0 0 0
111 305971 0 0 0 0 0 0 0 0
112 305971 0 0 0 0 0 0 0 0
113 305971 0 0 0 0 0 0 0 0
114 305971 0 0 0 0 0 0 0 0
118 174882 0 0 0 0 0 0 0 0
119 174882 0 0 0 0 0 0 0 0
120 174882 62676 4099 0 0 0 0 0 0
121 174882 0 0 0 0 0 0 0 0
122 174882 0 0 0 0 0 0 0 0
123 174882 0 0 0 0 0 0 0 0
124 174882 0 0 0 0 0 0 0 0
128 131089 116573 35658 262178 1074 685 0 0 0
133 131089 0 0 0 0 0 0 0 0
134 131089 0 0 0 0 0 0 0 0
135 131089 0 0 0 0 0 0 0 0
136 131089 0 0 0 0 0 0 0 0
137 131089 0 0 0 0 0 0 0 0
138 131089 0 0 0 0 0 0 0 0
139 131089 0 0 0 0 0 0 0 0
140 131089 0 0 0 0 0 0 0 0
144 11826 0 0 0 0 0 0 0 0
145 11826 0 0 0 0 0 0 0 0
146 11826 5835 622 0 0 0 0 0 0
147 11826 0 0 0 0 0 0 0 0
148 11826 0 0 0 0 0 0 0 0
149 11826 0 0 0 0 0 0 0 0
150 11826 0 0 0 0 0 0 0 0
151 11826 0 0 0 0 0 0 0 0
155 119263 112676 4694 0 0 0 0 0 0
159 148657 10 1 297314 44449 42759 0 0 0
160 148657 0 0 0 0 0 0 0 0
161 148657 0 0 0 0 0 0 0 0
162 148657 0 0 0 0 0 0 0 0
163 148657 0 0 0 0 0 0 0 0
164 148657 0 0 0 0 0 0 0 0
167 119319 0 0 0 0 0 0 0 0
168 119319 0 0 0 0 0 0 0 0
169 119319 113269 2920 0 0 0 0 0 0
170 111045 0 0 0 0 0 0 0 0
171 111045 0 0 0 0 0 0 0 0
174 119319 0 0 0 0 0 0 0 0
175 119319 0 0 0 0 0 0 0 0
177 119319 0 0 0 0 0 0 0 0
179 119319 0 0 0 0 0 0 0 0
180 119319 0 0 0 0 0 0 0 0
181 119319 0 0 0 0 0 0 0 0
184 191 69 15 0 0 0 0 0 0
185 191 0 0 0 0 0 0 0 0
186 191 0 0 0 0 0 0 0 0
187 191 0 0 382 17 6 0 0 0
188 191 0 0 0 0 0 0 0 0
189 191 0 0 0 0 0 0 0 0
190 191 0 0 0 0 0 0 0 0
191 191 140 110 0 0 0 0 0 0
192 191 0 0 0 0 0 0 0 0
193 191 0 0 0 0 0 0 0 0
194 191 0 0 0 0 0 0 0 0
195 191 0 0 0 0 0 0 0 0
196 191 0 0 0 0 0 0 0 0
197 191 0 0 0 0 0 0 0 0
198 191 0 0 0 0 0 0 0 0
200 135 0 0 0 0 0 0 0 0
201 135 0 0 0 0 0 0 0 0
202 135 0 0 0 0 0 0 0 0
203 135 0 0 0 0 0 0 0 0
fl=./string/../sysdeps/aarch64/nptl/../memset.S
fn=__GI_memset
32 8963884 1245227 202 0 0 0 0 0 0
37 8963884 0 0 0 0 0 0 0 0
38 8963884 0 0 0 0 0 0 0 0
40 8963884 0 0 0 0 0 0 0 0
41 8963884 0 0 0 0 0 0 0 0
42 8660878 0 0 0 0 0 0 0 0
43 8660878 0 0 0 0 0 0 0 0
44 2213007 0 0 0 0 0 0 0 0
47 2213007 0 0 0 0 0 0 0 0
48 2158540 0 0 0 0 0 2158540 550178 8083
49 2158540 0 0 0 0 0 2158540 432 122
50 2158540 0 0 0 0 0 0 0 0
52 54467 0 0 0 0 0 0 0 0
53 2334 0 0 0 0 0 2334 1 1
54 2334 0 0 0 0 0 2334 1 0
55 2334 2077 1 0 0 0 0 0 0
56 52133 35985 3 0 0 0 0 0 0
57 36736 0 0 0 0 0 36736 15 14
58 36736 0 0 0 0 0 0 0 0
59 77 0 0 0 0 0 77 0 0
60 52133 0 0 0 0 0 0 0 0
64 6447871 1979606 1349 0 0 0 6447871 1874995 88550
65 6447871 0 0 0 0 0 0 0 0
66 4447208 0 0 0 0 0 4447208 388446 64215
67 4447208 0 0 0 0 0 0 0 0
68 619130 0 0 0 0 0 619130 0 0
69 619130 0 0 0 0 0 619130 0 0
70 4447208 0 0 0 0 0 0 0 0
76 2000663 1470296 1633 0 0 0 2000663 647364 70631
77 2000663 0 0 0 0 0 4001326 425668 106085
78 2000663 0 0 0 0 0 4001326 717320 41518
79 2000663 0 0 0 0 0 0 0 0
84 303006 108740 1098 0 0 0 0 0 0
85 303006 0 0 0 0 0 0 0 0
86 303006 0 0 0 0 0 303006 55186 11767
87 303006 0 0 0 0 0 0 0 0
88 303006 0 0 0 0 0 0 0 0
89 303006 0 0 0 0 0 0 0 0
91 303006 0 0 0 0 0 0 0 0
92 303006 0 0 0 0 0 0 0 0
93 303006 0 0 0 0 0 0 0 0
94 678538 0 0 0 0 0 1357076 166504 83217
95 678538 0 0 0 0 0 1357076 345728 90239
97 678538 0 0 0 0 0 0 0 0
98 678538 0 0 0 0 0 0 0 0
99 303006 0 0 0 0 0 606012 17558 2727
100 303006 0 0 0 0 0 606012 147061 8184
101 606012 286494 29860 0 0 0 0 0 0
106 303006 0 0 0 0 0 0 0 0
107 303006 0 0 0 0 0 0 0 0
fn=memset
32 48 26 26 0 0 0 0 0 0
37 48 0 0 0 0 0 0 0 0
38 48 0 0 0 0 0 0 0 0
40 48 0 0 0 0 0 0 0 0
41 48 0 0 0 0 0 0 0 0
42 23 0 0 0 0 0 0 0 0
43 23 0 0 0 0 0 0 0 0
44 17 0 0 0 0 0 0 0 0
47 17 0 0 0 0 0 0 0 0
48 13 0 0 0 0 0 13 13 13
49 13 0 0 0 0 0 13 0 0
50 13 0 0 0 0 0 0 0 0
52 4 0 0 0 0 0 0 0 0
53 4 0 0 0 0 0 4 0 0
54 4 0 0 0 0 0 4 0 0
55 4 1 1 0 0 0 0 0 0
64 6 5 4 0 0 0 6 4 4
65 6 0 0 0 0 0 0 0 0
66 6 0 0 0 0 0 6 2 2
67 6 0 0 0 0 0 0 0 0
68 2 0 0 0 0 0 2 0 0
69 2 0 0 0 0 0 2 0 0
70 6 0 0 0 0 0 0 0 0
84 25 23 17 0 0 0 0 0 0
85 25 0 0 0 0 0 0 0 0
86 25 0 0 0 0 0 25 22 22
87 25 0 0 0 0 0 0 0 0
88 25 0 0 0 0 0 0 0 0
89 25 0 0 0 0 0 0 0 0
91 25 0 0 0 0 0 0 0 0
92 25 0 0 0 0 0 0 0 0
93 25 0 0 0 0 0 0 0 0
94 427 0 0 0 0 0 854 331 331
95 427 0 0 0 0 0 854 90 90
97 427 0 0 0 0 0 0 0 0
98 427 0 0 0 0 0 0 0 0
99 25 0 0 0 0 0 50 7 7
100 25 0 0 0 0 0 50 7 7
101 50 23 17 0 0 0 0 0 0
106 25 0 0 0 0 0 0 0 0
107 25 0 0 0 0 0 0 0 0
fl=./string/../sysdeps/aarch64/strchr.S
fn=index
54 165857 126655 37395 0 0 0 0 0 0
56 165857 0 0 0 0 0 0 0 0
57 165857 0 0 0 0 0 0 0 0
58 165857 0 0 165857 105864 36581 0 0 0
59 165857 0 0 0 0 0 0 0 0
60 165857 0 0 0 0 0 0 0 0
61 165857 0 0 0 0 0 0 0 0
62 165857 0 0 0 0 0 0 0 0
63 165857 0 0 0 0 0 0 0 0
64 165857 0 0 0 0 0 0 0 0
65 165857 0 0 0 0 0 0 0 0
66 165857 0 0 0 0 0 0 0 0
67 165857 0 0 0 0 0 0 0 0
69 153467 0 0 0 0 0 0 0 0
70 153467 0 0 0 0 0 0 0 0
73 153467 0 0 0 0 0 0 0 0
74 153467 82007 22457 0 0 0 0 0 0
75 153467 0 0 0 0 0 0 0 0
76 153467 0 0 0 0 0 0 0 0
80 12554 12077 1291 12554 42 27 0 0 0
81 12554 0 0 0 0 0 0 0 0
82 12554 0 0 0 0 0 0 0 0
83 12554 0 0 0 0 0 0 0 0
84 12554 0 0 0 0 0 0 0 0
85 12554 0 0 0 0 0 0 0 0
86 230 0 0 230 4 2 0 0 0
87 230 0 0 0 0 0 0 0 0
88 230 0 0 0 0 0 0 0 0
89 230 0 0 0 0 0 0 0 0
90 230 0 0 0 0 0 0 0 0
91 230 0 0 0 0 0 0 0 0
92 66 42 30 0 0 0 0 0 0
100 12390 12026 11908 0 0 0 0 0 0
101 12390 0 0 0 0 0 0 0 0
102 12390 0 0 0 0 0 0 0 0
103 12390 0 0 0 0 0 0 0 0
105 12390 0 0 0 0 0 0 0 0
106 12390 0 0 0 0 0 0 0 0
108 12390 0 0 0 0 0 0 0 0
109 12390 0 0 0 0 0 0 0 0
110 12390 0 0 0 0 0 0 0 0
111 12390 0 0 0 0 0 0 0 0
fl=./string/../sysdeps/aarch64/strchrnul.S
fn=strchrnul
53 248694 49868 26430 0 0 0 0 0 0
55 248694 0 0 0 0 0 0 0 0
56 248694 0 0 0 0 0 0 0 0
57 248694 0 0 248694 86106 65808 0 0 0
58 248694 0 0 0 0 0 0 0 0
59 248694 0 0 0 0 0 0 0 0
60 248694 0 0 0 0 0 0 0 0
61 248694 0 0 0 0 0 0 0 0
62 248694 0 0 0 0 0 0 0 0
63 248694 0 0 0 0 0 0 0 0
64 248694 0 0 0 0 0 0 0 0
66 247456 0 0 0 0 0 0 0 0
67 247456 0 0 0 0 0 0 0 0
68 247456 0 0 0 0 0 0 0 0
69 247456 0 0 0 0 0 0 0 0
73 1238 23 3 1238 0 0 0 0 0
74 1238 0 0 0 0 0 0 0 0
75 1238 0 0 0 0 0 0 0 0
76 1238 0 0 0 0 0 0 0 0
77 1238 0 0 0 0 0 0 0 0
78 1238 0 0 0 0 0 0 0 0
87 1238 0 0 0 0 0 0 0 0
88 1238 0 0 0 0 0 0 0 0
89 1238 0 0 0 0 0 0 0 0
91 1238 97 3 0 0 0 0 0 0
93 1238 0 0 0 0 0 0 0 0
94 1238 0 0 0 0 0 0 0 0
95 1238 0 0 0 0 0 0 0 0
fl=./string/../sysdeps/aarch64/strcmp.S
fn=strcmp
64 2905449 482755 1977 0 0 0 0 0 0
67 2905449 0 0 0 0 0 0 0 0
68 2905449 0 0 0 0 0 0 0 0
69 2905449 0 0 0 0 0 0 0 0
70 2905449 0 0 0 0 0 0 0 0
71 2905449 0 0 0 0 0 0 0 0
72 5788120 0 0 0 0 0 0 0 0
77 5784644 0 0 5784644 992549 41447 0 0 0
78 5784644 0 0 5784644 1673 1210 0 0 0
85 5788276 0 0 0 0 0 0 0 0
86 5788276 0 0 0 0 0 0 0 0
88 5788276 0 0 0 0 0 0 0 0
89 5788276 0 0 0 0 0 0 0 0
90 5788276 0 0 0 0 0 0 0 0
94 2895876 0 0 0 0 0 0 0 0
95 2895876 748974 1465 0 0 0 0 0 0
98 2902217 151 30 0 0 0 0 0 0
99 2902217 0 0 0 0 0 0 0 0
100 2902217 0 0 0 0 0 0 0 0
102 2902217 0 0 0 0 0 0 0 0
107 2902217 0 0 0 0 0 0 0 0
108 2902217 0 0 0 0 0 0 0 0
111 2902217 0 0 0 0 0 0 0 0
112 2902217 0 0 0 0 0 0 0 0
113 2902217 0 0 0 0 0 0 0 0
121 3632 7 3 0 0 0 0 0 0
122 3632 0 0 3632 619 20 0 0 0
123 3632 0 0 3632 575 376 0 0 0
124 3632 0 0 0 0 0 0 0 0
125 3632 6 3 0 0 0 0 0 0
126 3632 0 0 0 0 0 0 0 0
127 3632 0 0 0 0 0 0 0 0
128 3632 0 0 0 0 0 0 0 0
129 3632 0 0 0 0 0 0 0 0
134 9573 204 56 0 0 0 0 0 0
136 25297 0 0 25297 3739 2411 0 0 0
137 25297 0 0 25297 842 83 0 0 0
138 25297 0 0 0 0 0 0 0 0
139 25297 0 0 0 0 0 0 0 0
140 25297 0 0 0 0 0 0 0 0
141 22065 0 0 0 0 0 0 0 0
142 22065 0 0 0 0 0 0 0 0
145 6341 0 0 0 0 0 0 0 0
146 6341 0 0 0 0 0 0 0 0
147 6341 0 0 6341 241 207 0 0 0
151 6341 205 63 0 0 0 0 0 0
152 6341 0 0 0 0 0 0 0 0
153 6341 0 0 0 0 0 0 0 0
154 6341 0 0 0 0 0 0 0 0
155 6341 0 0 0 0 0 0 0 0
156 6341 0 0 0 0 0 0 0 0
158 11030 0 0 0 0 0 0 0 0
163 8248 0 0 8248 123 50 0 0 0
164 8248 0 0 8248 0 0 0 0 0
168 8248 0 0 0 0 0 0 0 0
169 8248 0 0 0 0 0 0 0 0
170 8248 0 0 8248 1092 899 0 0 0
171 8248 0 0 0 0 0 0 0 0
172 8248 0 0 0 0 0 0 0 0
173 8248 0 0 0 0 0 0 0 0
175 5515 160 47 0 0 0 0 0 0
179 5515 0 0 0 0 0 0 0 0
180 5515 0 0 0 0 0 0 0 0
181 5515 0 0 0 0 0 0 0 0
183 2387 40 13 2387 261 188 0 0 0
184 2387 0 0 0 0 0 0 0 0
185 2387 0 0 0 0 0 0 0 0
186 2387 0 0 0 0 0 0 0 0
191 2387 0 0 0 0 0 0 0 0
192 2387 0 0 0 0 0 0 0 0
193 2387 0 0 0 0 0 0 0 0
196 3232 30 4 0 0 0 0 0 0
197 3232 0 0 0 0 0 0 0 0
fl=./string/../sysdeps/aarch64/strcpy.S
fn=stpcpy
71 826 657 212 0 0 0 0 0 0
74 826 0 0 0 0 0 0 0 0
75 826 0 0 826 0 0 0 0 0
76 826 0 0 0 0 0 0 0 0
77 826 0 0 0 0 0 0 0 0
78 826 0 0 0 0 0 0 0 0
79 826 0 0 0 0 0 0 0 0
80 826 0 0 0 0 0 0 0 0
81 826 0 0 0 0 0 0 0 0
83 37 0 0 37 6 1 0 0 0
84 37 0 0 0 0 0 0 0 0
85 37 0 0 0 0 0 0 0 0
86 37 0 0 0 0 0 0 0 0
87 37 0 0 0 0 0 0 0 0
90 36 0 0 0 0 0 0 0 0
92 36 0 0 0 0 0 0 0 0
93 36 0 0 0 0 0 0 0 0
94 36 0 0 0 0 0 0 0 0
95 36 0 0 0 0 0 0 0 0
96 6 0 0 0 0 0 0 0 0
97 6 0 0 6 0 0 0 0 0
98 6 0 0 6 0 0 0 0 0
99 6 0 0 0 0 0 6 0 0
100 6 0 0 0 0 0 6 0 0
101 6 0 0 0 0 0 0 0 0
102 6 0 0 0 0 0 0 0 0
105 789 655 209 0 0 0 0 0 0
106 789 0 0 0 0 0 0 0 0
107 789 0 0 0 0 0 0 0 0
109 819 0 0 0 0 0 0 0 0
110 707 0 0 0 0 0 0 0 0
111 707 0 0 707 0 0 0 0 0
112 707 653 211 707 0 0 0 0 0
113 707 0 0 0 0 0 707 1 1
114 707 0 0 0 0 0 707 1 1
115 707 0 0 0 0 0 0 0 0
116 707 0 0 0 0 0 0 0 0
120 112 3 1 0 0 0 0 0 0
121 112 0 0 0 0 0 0 0 0
122 34 0 0 34 0 0 0 0 0
123 34 0 0 34 0 0 0 0 0
124 34 0 0 0 0 0 34 2 1
125 34 0 0 0 0 0 34 1 1
126 34 0 0 0 0 0 0 0 0
127 34 0 0 0 0 0 0 0 0
130 78 2 1 0 0 0 0 0 0
131 78 0 0 78 0 0 0 0 0
132 78 0 0 0 0 0 78 3 0
134 78 0 0 0 0 0 78 0 0
135 78 0 0 0 0 0 0 0 0
136 78 0 0 0 0 0 0 0 0
140 1 1 1 0 0 0 0 0 0
141 1 0 0 1 0 0 0 0 0
142 1 0 0 0 0 0 0 0 0
143 1 0 0 0 0 0 1 0 0
145 1 0 0 0 0 0 1 0 0
146 1 0 0 1 0 0 0 0 0
147 1 0 0 0 0 0 0 0 0
148 1 0 0 0 0 0 0 0 0
149 1 1 1 0 0 0 0 0 0
150 1 0 0 0 0 0 0 0 0
151 1 0 0 0 0 0 1 1 1
152 1 0 0 1 0 0 0 0 0
153 1 0 0 0 0 0 0 0 0
154 1 0 0 0 0 0 0 0 0
155 1 0 0 0 0 0 0 0 0
156 1 0 0 0 0 0 0 0 0
157 1 0 0 0 0 0 0 0 0
159 1 0 0 0 0 0 0 0 0
160 1 0 0 0 0 0 0 0 0
161 1 0 0 0 0 0 0 0 0
163 1 0 0 0 0 0 0 0 0
165 1 0 0 0 0 0 0 0 0
166 1 0 0 0 0 0 0 0 0
167 1 0 0 0 0 0 0 0 0
168 1 1 1 1 0 0 0 0 0
169 1 0 0 0 0 0 1 0 0
170 1 0 0 0 0 0 0 0 0
171 1 0 0 0 0 0 0 0 0
fn=strcpy
71 2234 380 94 0 0 0 0 0 0
74 2234 0 0 0 0 0 0 0 0
75 2234 0 0 2234 35 35 0 0 0
76 2234 0 0 0 0 0 0 0 0
77 2234 0 0 0 0 0 0 0 0
78 2234 0 0 0 0 0 0 0 0
79 2234 0 0 0 0 0 0 0 0
80 2234 0 0 0 0 0 0 0 0
81 2234 0 0 0 0 0 0 0 0
83 1814 0 0 1814 0 0 0 0 0
84 1814 0 0 0 0 0 0 0 0
85 1814 0 0 0 0 0 0 0 0
86 1814 0 0 0 0 0 0 0 0
87 1814 0 0 0 0 0 0 0 0
90 1147 0 0 0 0 0 0 0 0
92 1147 0 0 0 0 0 0 0 0
93 1147 89 4 0 0 0 0 0 0
94 1147 0 0 0 0 0 0 0 0
95 1147 0 0 0 0 0 0 0 0
96 715 0 0 0 0 0 0 0 0
97 715 0 0 715 0 0 0 0 0
98 715 0 0 715 0 0 0 0 0
99 715 0 0 0 0 0 715 0 0
100 715 0 0 0 0 0 715 8 1
102 715 0 0 0 0 0 0 0 0
105 420 266 90 0 0 0 0 0 0
106 420 0 0 0 0 0 0 0 0
107 420 0 0 0 0 0 0 0 0
109 852 0 0 0 0 0 0 0 0
110 497 0 0 0 0 0 0 0 0
111 497 0 0 497 0 0 0 0 0
112 497 0 0 497 0 0 0 0 0
113 497 75 3 0 0 0 497 0 0
114 497 0 0 0 0 0 497 0 0
116 497 0 0 0 0 0 0 0 0
120 355 210 90 0 0 0 0 0 0
121 355 0 0 0 0 0 0 0 0
122 138 0 0 138 0 0 0 0 0
123 138 0 0 138 0 0 0 0 0
124 138 0 0 0 0 0 138 0 0
125 138 0 0 0 0 0 138 0 0
127 138 0 0 0 0 0 0 0 0
130 217 0 0 0 0 0 0 0 0
131 217 0 0 217 0 0 0 0 0
132 217 0 0 0 0 0 217 0 0
134 217 0 0 0 0 0 217 0 0
136 217 0 0 0 0 0 0 0 0
140 667 72 4 0 0 0 0 0 0
141 667 0 0 667 0 0 0 0 0
142 667 0 0 0 0 0 0 0 0
143 667 0 0 0 0 0 667 1 1
145 673 0 0 0 0 0 673 4 3
146 673 0 0 673 0 0 0 0 0
147 673 0 0 0 0 0 0 0 0
148 673 0 0 0 0 0 0 0 0
149 673 0 0 0 0 0 0 0 0
150 673 0 0 0 0 0 0 0 0
151 11 0 0 0 0 0 11 3 1
152 11 0 0 11 0 0 0 0 0
153 11 0 0 0 0 0 0 0 0
154 11 0 0 0 0 0 0 0 0
155 11 0 0 0 0 0 0 0 0
156 11 0 0 0 0 0 0 0 0
157 5 4 0 0 0 0 0 0 0
159 667 76 4 0 0 0 0 0 0
160 667 0 0 0 0 0 0 0 0
161 667 0 0 0 0 0 0 0 0
163 667 0 0 0 0 0 0 0 0
165 667 0 0 0 0 0 0 0 0
166 667 0 0 0 0 0 0 0 0
167 667 0 0 0 0 0 0 0 0
168 667 0 0 667 0 0 0 0 0
169 667 0 0 0 0 0 667 3 0
171 667 0 0 0 0 0 0 0 0
fl=./string/../sysdeps/aarch64/strncmp.S
fn=strncmp
72 4728 629 118 0 0 0 0 0 0
73 4728 0 0 0 0 0 0 0 0
74 4728 0 0 0 0 0 0 0 0
75 4728 0 0 0 0 0 0 0 0
76 4728 0 0 0 0 0 0 0 0
77 4728 0 0 0 0 0 0 0 0
78 4728 0 0 0 0 0 0 0 0
79 1380 442 81 0 0 0 0 0 0
86 1377 0 0 1377 457 274 0 0 0
87 1377 0 0 1377 19 4 0 0 0
89 1414 0 0 0 0 0 0 0 0
90 1414 0 0 0 0 0 0 0 0
91 1414 0 0 0 0 0 0 0 0
92 1414 0 0 0 0 0 0 0 0
93 1414 0 0 0 0 0 0 0 0
94 1414 0 0 0 0 0 0 0 0
95 1414 0 0 0 0 0 0 0 0
96 1414 0 0 0 0 0 0 0 0
101 1435 8 1 0 0 0 0 0 0
102 1435 0 0 0 0 0 0 0 0
106 1499 9 8 0 0 0 0 0 0
107 1499 0 0 0 0 0 0 0 0
108 1499 0 0 0 0 0 0 0 0
109 1499 465 88 0 0 0 0 0 0
110 1499 0 0 0 0 0 0 0 0
111 1499 0 0 0 0 0 0 0 0
112 1499 0 0 0 0 0 0 0 0
115 1499 0 0 0 0 0 0 0 0
116 1499 0 0 0 0 0 0 0 0
117 1499 0 0 0 0 0 0 0 0
118 1499 0 0 0 0 0 0 0 0
175 37 1 1 0 0 0 0 0 0
176 37 0 0 0 0 0 0 0 0
177 37 0 0 37 0 0 0 0 0
178 37 0 0 0 0 0 0 0 0
179 37 0 0 37 0 0 0 0 0
180 37 0 0 0 0 0 0 0 0
181 37 0 0 0 0 0 0 0 0
183 37 0 0 0 0 0 0 0 0
184 37 7 2 0 0 0 0 0 0
185 37 0 0 0 0 0 0 0 0
186 37 0 0 0 0 0 0 0 0
187 37 0 0 0 0 0 0 0 0
192 3348 410 97 0 0 0 0 0 0
193 3348 0 0 0 0 0 0 0 0
197 5326 0 0 5326 967 321 0 0 0
198 5326 0 0 5326 64 23 0 0 0
199 5326 0 0 0 0 0 0 0 0
200 5326 0 0 0 0 0 0 0 0
201 5326 0 0 0 0 0 0 0 0
202 5326 0 0 0 0 0 0 0 0
204 3229 0 0 0 0 0 0 0 0
205 3229 0 0 0 0 0 0 0 0
209 190 0 0 0 0 0 0 0 0
211 89 0 0 0 0 0 0 0 0
212 89 0 0 0 0 0 0 0 0
213 89 0 0 0 0 0 0 0 0
216 99 0 0 99 27 16 0 0 0
217 99 0 0 99 0 0 0 0 0
218 99 7 3 0 0 0 0 0 0
219 99 0 0 0 0 0 0 0 0
220 99 0 0 0 0 0 0 0 0
221 28 0 0 0 0 0 0 0 0
222 28 0 0 0 0 0 0 0 0
241 119 14 10 0 0 0 0 0 0
242 119 0 0 0 0 0 0 0 0
243 119 0 0 0 0 0 0 0 0
244 119 0 0 0 0 0 0 0 0
245 119 0 0 119 7 0 0 0 0
246 119 0 0 238 0 0 0 0 0
247 119 0 0 0 0 0 0 0 0
248 119 0 0 0 0 0 0 0 0
250 119 0 0 0 0 0 0 0 0
254 65 0 0 0 0 0 0 0 0
255 65 0 0 0 0 0 0 0 0
256 65 11 6 0 0 0 0 0 0
257 65 0 0 0 0 0 0 0 0
258 65 0 0 0 0 0 0 0 0
259 65 0 0 0 0 0 0 0 0
260 65 0 0 0 0 0 0 0 0
261 65 0 0 0 0 0 0 0 0
262 65 0 0 0 0 0 0 0 0
263 65 0 0 0 0 0 0 0 0
264 65 0 0 0 0 0 0 0 0
266 10 0 0 10 0 0 0 0 0
269 73 10 7 0 0 0 0 0 0
279 73 0 0 0 0 0 0 0 0
280 73 0 0 0 0 0 0 0 0
281 73 0 0 0 0 0 0 0 0
282 73 0 0 0 0 0 0 0 0
286 73 0 0 0 0 0 0 0 0
287 73 18 11 0 0 0 0 0 0
288 73 0 0 0 0 0 0 0 0
289 73 0 0 0 0 0 0 0 0
290 73 0 0 0 0 0 0 0 0
293 28 0 0 56 2 2 0 0 0
294 28 0 0 0 0 0 0 0 0
295 28 0 0 0 0 0 0 0 0
296 28 0 0 0 0 0 0 0 0
297 28 0 0 0 0 0 0 0 0
298 28 0 0 0 0 0 0 0 0
299 28 0 0 0 0 0 0 0 0
300 28 0 0 0 0 0 0 0 0
302 9 0 0 9 2 0 0 0 0
303 9 0 0 0 0 0 0 0 0
304 9 0 0 0 0 0 0 0 0
fl=./string/../sysdeps/aarch64/strnlen.S
fn=strnlen
51 63651 14800 1076 0 0 0 0 0 0
54 63651 0 0 0 0 0 0 0 0
55 63651 0 0 0 0 0 0 0 0
56 63636 0 0 63636 17053 3430 0 0 0
57 63636 0 0 0 0 0 0 0 0
58 63636 0 0 0 0 0 0 0 0
59 63636 0 0 0 0 0 0 0 0
60 63636 0 0 0 0 0 0 0 0
61 63636 0 0 0 0 0 0 0 0
62 63636 0 0 0 0 0 0 0 0
64 54924 0 0 0 0 0 0 0 0
65 54924 0 0 0 0 0 0 0 0
66 54924 0 0 0 0 0 0 0 0
67 54924 0 0 0 0 0 0 0 0
68 54924 0 0 0 0 0 0 0 0
69 54924 0 0 0 0 0 0 0 0
72 2161 4 1 0 0 0 0 0 0
73 2161 0 0 0 0 0 0 0 0
76 8712 5435 1045 0 0 0 0 0 0
77 8712 0 0 0 0 0 0 0 0
78 8712 0 0 0 0 0 0 0 0
79 8712 0 0 0 0 0 0 0 0
82 6566 0 0 0 0 0 0 0 0
83 114 0 0 0 0 0 0 0 0
86 163 0 0 163 16 5 0 0 0
87 163 0 0 0 0 0 0 0 0
88 163 0 0 0 0 0 0 0 0
89 163 0 0 0 0 0 0 0 0
90 163 0 0 0 0 0 0 0 0
92 6530 0 0 6530 3127 985 0 0 0
93 6530 0 0 0 0 0 0 0 0
94 6530 0 0 0 0 0 0 0 0
95 6530 3440 959 0 0 0 0 0 0
96 6530 0 0 0 0 0 0 0 0
97 6530 0 0 0 0 0 0 0 0
98 6530 0 0 0 0 0 0 0 0
100 6481 0 0 0 0 0 0 0 0
102 6566 84 80 0 0 0 0 0 0
103 6566 0 0 0 0 0 0 0 0
104 6566 0 0 0 0 0 0 0 0
106 6566 0 0 0 0 0 0 0 0
108 6566 0 0 0 0 0 0 0 0
109 6566 0 0 0 0 0 0 0 0
110 6566 0 0 0 0 0 0 0 0
111 6566 0 0 0 0 0 0 0 0
112 6566 0 0 0 0 0 0 0 0
fl=./string/../sysdeps/aarch64/strrchr.S
fn=rindex
57 2206 920 477 0 0 0 0 0 0
59 2206 0 0 0 0 0 0 0 0
60 2206 0 0 0 0 0 0 0 0
61 2206 0 0 0 0 0 0 0 0
62 2206 0 0 2206 927 601 0 0 0
63 2206 0 0 0 0 0 0 0 0
64 2206 0 0 0 0 0 0 0 0
65 2206 0 0 0 0 0 0 0 0
66 2206 0 0 0 0 0 0 0 0
67 2206 0 0 0 0 0 0 0 0
68 2206 0 0 0 0 0 0 0 0
69 2206 0 0 0 0 0 0 0 0
70 2206 0 0 0 0 0 0 0 0
71 2206 0 0 0 0 0 0 0 0
72 2206 0 0 0 0 0 0 0 0
73 1962 0 0 0 0 0 0 0 0
77 132 117 21 132 22 15 0 0 0
78 132 0 0 0 0 0 0 0 0
79 132 0 0 0 0 0 0 0 0
80 132 0 0 0 0 0 0 0 0
81 132 0 0 0 0 0 0 0 0
82 132 0 0 0 0 0 0 0 0
83 1 0 0 1 1 0 0 0 0
84 1 0 0 0 0 0 0 0 0
85 1 0 0 0 0 0 0 0 0
86 1 0 0 0 0 0 0 0 0
87 1 0 0 0 0 0 0 0 0
88 1 0 0 0 0 0 0 0 0
89 1 0 0 0 0 0 0 0 0
91 132 0 0 0 0 0 0 0 0
92 132 0 0 0 0 0 0 0 0
99 132 0 0 0 0 0 0 0 0
100 132 93 13 0 0 0 0 0 0
101 132 0 0 0 0 0 0 0 0
103 132 0 0 0 0 0 0 0 0
104 132 0 0 0 0 0 0 0 0
106 370 154 20 0 0 0 0 0 0
107 370 0 0 0 0 0 0 0 0
108 370 0 0 0 0 0 0 0 0
109 370 0 0 0 0 0 0 0 0
110 370 0 0 0 0 0 0 0 0
111 370 0 0 0 0 0 0 0 0
112 370 0 0 0 0 0 0 0 0
113 370 0 0 0 0 0 0 0 0
119 1836 671 416 0 0 0 0 0 0
120 1836 0 0 0 0 0 0 0 0
123 1874 711 463 0 0 0 0 0 0
124 1874 0 0 0 0 0 0 0 0
125 1874 0 0 0 0 0 0 0 0
126 1874 0 0 1874 108 42 0 0 0
127 1874 0 0 0 0 0 0 0 0
128 1874 0 0 0 0 0 0 0 0
129 1874 0 0 0 0 0 0 0 0
130 1874 0 0 0 0 0 0 0 0
131 1874 0 0 0 0 0 0 0 0
132 1874 0 0 0 0 0 0 0 0
133 1874 0 0 0 0 0 0 0 0
135 1836 0 0 0 0 0 0 0 0
136 1836 0 0 0 0 0 0 0 0
137 1836 0 0 0 0 0 0 0 0
138 1836 0 0 0 0 0 0 0 0
139 1836 0 0 0 0 0 0 0 0
140 1836 710 449 0 0 0 0 0 0
141 1836 0 0 0 0 0 0 0 0
142 1836 0 0 0 0 0 0 0 0
143 1836 0 0 0 0 0 0 0 0
144 1836 0 0 0 0 0 0 0 0
145 1836 0 0 0 0 0 0 0 0
146 1836 0 0 0 0 0 0 0 0
147 1836 0 0 0 0 0 0 0 0
fl=./string/./string/memmem.c
fn=memmem
55 60 4 1 12 0 0 30 0 0
59 36 3 1 0 0 0 24 0 0
61 12 0 0 0 0 0 0 0 0
65 12 0 0 0 0 0 0 0 0
66 18 0 0 24 0 0 0 0 0
68 12 0 0 0 0 0 0 0 0
70 12 0 0 0 0 0 0 0 0
79 18 0 0 0 0 0 12 0 0
84 6 0 0 0 0 0 0 0 0
85 6 0 0 0 0 0 0 0 0
88 42 4 1 0 0 0 0 0 0
89 72 0 0 12 0 0 12 0 0
92 42 0 0 18 0 0 0 0 0
93 6 0 0 0 0 0 6 0 0
95 36 6 1 12 0 0 0 0 0
100 12 6 1 0 0 0 0 0 0
101 60 0 0 36 0 0 0 0 0
103 36 0 0 0 0 0 0 0 0
107 6 0 0 0 0 0 0 0 0
108 12 0 0 0 0 0 0 0 0
119 6 0 0 0 0 0 0 0 0
126 66 6 1 42 0 0 0 0 0
fl=./string/./string/strcat.c
fn=strcat
29 985 119 84 0 0 0 788 0 0
30 788 0 0 0 0 0 0 0 0
32 788 0 0 788 0 0 0 0 0
fl=./string/./string/strcspn.c
fn=strcspn
32 74 15 4 14 4 2 31 1 1
33 16 0 0 8 8 3 0 0 0
34 16 0 0 8 0 0 0 0 0
39 4 0 0 0 0 0 4 0 0
40 10 0 0 0 0 0 4 1 1
41 10 1 1 0 0 0 4 1 1
42 10 0 0 0 0 0 4 1 1
47 56 0 0 24 0 0 24 0 0
48 24 0 0 0 0 0 0 0 0
51 32 0 0 16 0 0 0 0 0
52 32 8 2 16 0 0 0 0 0
53 32 0 0 16 0 0 0 0 0
54 4 0 0 2 0 0 0 0 0
56 1 0 0 0 0 0 0 0 0
62 24 0 0 24 0 0 0 0 0
63 12 0 0 12 0 0 0 0 0
64 24 0 0 24 0 0 0 0 0
65 12 0 0 12 0 0 0 0 0
67 84 1 1 24 0 0 0 0 0
69 1 0 0 0 0 0 0 0 0
70 6 0 0 0 0 0 0 0 0
71 80 7 1 45 0 0 0 0 0
fl=./string/./string/strdup.c
fn=strdup
40 188 29 27 0 0 0 188 1 1
41 94 0 0 0 0 0 0 0 0
42 20 0 0 0 0 0 0 0 0
44 47 0 0 0 0 0 0 0 0
47 111 0 0 0 0 0 0 0 0
48 94 8 5 188 0 0 0 0 0
fl=./string/./string/strerror.c
fn=strerror
23 1306 653 208 0 0 0 1306 0 0
24 3265 0 0 1306 549 206 0 0 0
25 653 0 0 1306 0 0 0 0 0
fl=./string/./string/strerror_l.c
fn=strerror_l
28 1959 653 209 0 0 0 0 0 0
29 3918 0 0 0 0 0 0 0 0
30 1306 0 0 0 0 0 0 0 0
38 4571 653 208 0 0 0 5224 0 0
39 2612 0 0 1306 0 0 0 0 0
40 653 0 0 0 0 0 0 0 0
41 653 0 0 0 0 0 0 0 0
57 653 0 0 0 0 0 0 0 0
59 653 0 0 0 0 0 653 0 0
61 3918 0 0 5224 0 0 0 0 0
fl=./string/./string/strncpy.c
fn=strncpy
28 439159 52846 685 0 0 0 376422 9066 167
29 250948 0 0 0 0 0 0 0 0
30 125474 51533 702 0 0 0 0 0 0
31 232880 0 0 0 0 0 0 0 0
32 250948 0 0 0 0 0 0 0 0
33 188211 0 0 376422 0 0 0 0 0
fl=./string/./string/strndup.c
fn=strndup
41 5 2 2 0 0 0 5 0 0
42 2 0 0 0 0 0 0 0 0
43 3 0 0 0 0 0 0 0 0
45 1 0 0 0 0 0 0 0 0
48 1 0 0 0 0 0 1 0 0
50 3 0 0 5 0 0 0 0 0
fl=./string/./string/strpbrk.c
fn=strpbrk
29 28 7 2 0 0 0 21 0 0
30 7 0 0 0 0 0 0 0 0
31 21 0 0 7 0 0 0 0 0
32 28 0 0 21 0 0 0 0 0
fl=./string/./string/strstr.c
fn=strstr
77 65 4 4 10 0 0 45 0 0
82 10 0 0 5 4 4 0 0 0
84 15 4 4 0 0 0 0 0 0
85 5 0 0 0 0 0 0 0 0
86 10 5 4 0 0 0 0 0 0
161 70 5 4 55 0 0 0 0 0
fl=./termios/../string/bits/string_fortified.h
fn=tcgetattr
59 18 0 0 0 0 0 18 0 0
fl=./termios/../sysdeps/unix/sysv/linux/tcgetattr.c
fn=tcgetattr
34 7830 870 565 1740 0 0 2610 0 0
38 11274 1734 1480 864 5 0 864 0 0
40 870 0 0 0 0 0 0 0 0
42 12 0 0 6 0 0 6 0 0
46 12 6 1 6 0 0 6 0 0
51 18 0 0 0 0 0 0 0 0
58 6 0 0 0 0 0 12 0 0
63 36 0 0 18 0 0 18 0 0
77 8700 870 769 4350 0 0 0 0 0
fl=./time/../bits/byteswap.h
fn=__tzfile_read
52 30 0 0 18 0 0 0 0 0
73 472 0 0 236 0 0 0 0 0
fl=./time/../include/alloc_buffer.h
fn=__tzfile_read
129 3 0 0 1 0 0 0 0 0
fl=./time/../include/stdio.h
fn=__tzfile_read
341 150 1 1 75 1 1 25 0 0
fl=./time/../string/bits/string_fortified.h
fn=__tzstring_len
29 40 1 1 0 0 0 0 0 0
fl=./time/../sysdeps/unix/sysv/linux/clock_gettime.c
fn=clock_gettime@@GLIBC_2.17
38 37359 9838 1026 24906 11509 2624 0 0 0
40 12453 0 0 0 0 0 0 0 0
44 24906 0 0 0 0 0 0 0 0
68 37359 9604 1078 0 0 0 0 0 0
69 12453 0 0 0 0 0 0 0 0
fl=./time/../sysdeps/unix/sysv/linux/dl-vdso.h
fn=gettimeofday
40 6 2 2 4 4 2 0 0 0
41 2 0 0 0 0 0 0 0 0
fl=./time/../sysdeps/unix/sysv/linux/gettimeofday.c
fn=gettimeofday
42 6 2 2 0 0 0 0 0 0
fl=./time/../sysdeps/unix/sysv/linux/time.c
fn=time
58 40 4 4 8 6 1 16 0 0
60 12 0 0 0 0 0 0 0 0
62 4 0 0 0 0 0 0 0 0
63 4 0 0 4 0 0 0 0 0
65 44 4 4 24 0 0 0 0 0
fl=./time/./time/localtime.c
fn=localtime_r
29 4 2 1 0 0 0 4 0 0
30 8 0 0 2 0 0 0 0 0
31 2 0 0 4 0 0 0 0 0
fl=./time/./time/offtime.c
fn=__offtime
30 8 0 0 0 0 0 12 0 0
34 14 1 1 0 0 0 0 0 0
35 6 0 0 0 0 0 0 0 0
37 4 0 0 0 0 0 0 0 0
42 6 1 1 0 0 0 0 0 0
47 16 2 2 0 0 0 2 0 0
48 10 0 0 0 0 0 0 0 0
49 12 1 1 0 0 0 2 0 0
50 12 1 1 0 0 0 2 0 0
52 26 0 0 0 0 0 2 0 0
54 4 0 0 0 0 0 0 0 0
55 6 0 0 0 0 0 0 0 0
60 56 1 1 0 0 0 0 0 0
63 32 1 1 0 0 0 0 0 0
66 6 0 0 0 0 0 0 0 0
67 89 3 3 0 0 0 0 0 0
68 83 1 1 0 0 0 0 0 0
69 3 0 0 0 0 0 0 0 0
71 4 0 0 0 0 0 2 0 0
72 6 0 0 0 0 0 0 0 0
78 2 0 0 0 0 0 2 0 0
79 14 0 0 0 0 0 0 0 0
80 33 1 1 7 1 1 0 0 0
82 2 0 0 0 0 0 0 0 0
83 2 0 0 0 0 0 4 0 0
84 2 0 0 0 0 0 0 0 0
85 2 0 0 0 0 0 0 0 0
86 16 2 2 12 0 0 0 0 0
fl=./time/./time/tzfile.c
fn=__tzfile_compute
586 16 1 1 0 0 0 14 0 0
589 2 0 0 0 0 0 0 0 0
591 8 0 0 2 0 0 8 0 0
592 2 1 1 0 0 0 4 0 0
594 16 1 1 6 0 0 0 0 0
624 8 0 0 2 0 0 0 0 0
660 2 0 0 0 0 0 0 0 0
661 2 0 0 0 0 0 0 0 0
668 16 1 1 0 0 0 0 0 0
669 4 0 0 0 0 0 0 0 0
671 4 0 0 0 0 0 0 0 0
672 8 0 0 2 0 0 0 0 0
674 12 1 1 2 0 0 0 0 0
677 8 1 1 2 0 0 0 0 0
681 2 0 0 0 0 0 0 0 0
711 2 0 0 2 0 0 0 0 0
712 28 3 3 12 0 0 4 0 0
714 6 1 1 2 0 0 0 0 0
717 6 0 0 4 0 0 0 0 0
718 2 0 0 2 0 0 0 0 0
720 4 0 0 2 0 0 0 0 0
722 8 1 1 2 0 0 2 0 0
724 14 0 0 6 0 0 4 0 0
731 4 0 0 2 0 0 0 0 0
734 4 0 0 8 0 0 0 0 0
737 8 0 0 4 0 0 0 0 0
738 10 0 0 4 0 0 2 0 0
739 10 1 1 4 0 0 2 0 0
741 2 0 0 0 0 0 0 0 0
748 4 0 0 2 0 0 0 0 0
751 6 0 0 4 0 0 2 1 0
752 18 1 1 6 0 0 0 0 0
753 4 0 0 2 0 0 4 0 0
754 8 0 0 10 0 0 0 0 0
758 4 0 0 0 0 0 2 1 0
759 4 0 0 0 0 0 2 0 0
762 2 0 0 0 0 0 0 0 0
764 4 0 0 0 0 0 0 0 0
766 2 0 0 4 0 0 0 0 0
783 8 0 0 12 0 0 0 0 0
fn=__tzfile_read
107 13 2 2 2 0 0 9 0 0
114 2 0 0 1 0 0 0 0 0
116 1 0 0 0 0 0 1 0 0
121 1 0 0 0 0 0 1 0 0
123 1 0 0 0 0 0 0 0 0
126 3 0 0 1 0 0 0 0 0
135 4 1 1 2 2 2 0 0 0
136 1 0 0 0 0 0 0 0 0
145 1 1 1 0 0 0 0 0 0
159 1 1 1 0 0 0 0 0 0
167 5 0 0 0 0 0 0 0 0
168 1 0 0 0 0 0 0 0 0
172 4 0 0 0 0 0 0 0 0
175 5 1 1 1 1 1 4 0 0
176 1 0 0 0 0 0 1 0 0
179 1 0 0 0 0 0 2 0 0
180 2 1 1 2 0 0 1 0 0
181 2 0 0 1 0 0 1 0 0
184 5 0 0 1 0 0 1 0 0
187 16 0 0 2 0 0 0 0 0
189 8 1 1 2 0 0 0 0 0
192 2 0 0 0 0 0 0 0 0
193 4 0 0 0 0 0 4 0 0
194 2 0 0 0 0 0 0 0 0
195 4 0 0 0 0 0 2 0 0
196 2 0 0 0 0 0 0 0 0
197 2 0 0 0 0 0 0 0 0
199 8 1 1 0 0 0 0 0 0
202 6 2 2 1 0 0 0 0 0
208 5 0 0 0 0 0 0 0 0
209 2 0 0 0 0 0 0 0 0
214 8 0 0 1 0 0 1 0 0
225 3 0 0 1 0 0 0 0 0
226 4 0 0 0 0 0 0 0 0
227 1 0 0 0 0 0 0 0 0
228 3 1 1 2 0 0 0 0 0
229 1 0 0 0 0 0 0 0 0
231 1 0 0 0 0 0 0 0 0
234 7 0 0 1 0 0 0 0 0
235 3 0 0 0 0 0 0 0 0
237 1 0 0 0 0 0 0 0 0
238 2 1 1 0 0 0 0 0 0
241 5 0 0 0 0 0 0 0 0
243 1 0 0 0 0 0 0 0 0
244 5 0 0 0 0 0 1 0 0
274 4 1 1 0 0 0 1 0 0
276 2 0 0 0 0 0 0 0 0
280 5 0 0 0 0 0 1 0 0
281 1 0 0 0 0 0 0 0 0
283 1 0 0 0 0 0 2 0 0
288 5 1 1 0 0 0 0 0 0
289 8 0 0 1 0 0 1 0 0
290 7 0 0 1 0 0 1 0 0
291 7 1 1 1 0 0 1 0 0
292 6 0 0 0 0 0 1 0 0
293 4 1 1 1 0 0 0 0 0
294 8 1 1 0 0 0 1 1 1
297 1 0 0 0 0 0 0 0 0
299 2 0 0 1 0 0 0 0 0
302 10 1 1 4 0 0 0 0 0
305 7 0 0 2 0 0 0 0 0
311 712 0 0 1 0 0 0 0 0
312 708 1 1 236 0 0 0 0 0
315 5 1 1 1 0 0 0 0 0
323 2 0 0 1 0 0 0 0 0
329 472 0 0 0 0 0 0 0 0
330 236 0 0 0 0 0 236 0 0
333 25 1 1 7 0 0 0 0 0
337 42 1 1 6 0 0 0 0 0
342 12 0 0 0 0 0 0 0 0
344 28 0 0 6 0 0 7 0 0
346 12 0 0 0 0 0 0 0 0
349 18 0 0 6 0 0 6 0 0
350 6 0 0 0 0 0 6 0 0
353 8 0 0 1 0 0 0 0 0
356 2 0 0 1 0 0 0 0 0
372 20 1 1 0 0 0 0 0 0
377 31 1 1 6 0 0 6 0 0
379 4 1 1 1 0 0 0 0 0
380 3 0 0 1 0 0 0 0 0
382 16 1 1 0 0 0 0 0 0
387 37 0 0 6 0 0 6 0 0
389 4 1 1 1 0 0 0 0 0
390 3 1 1 1 0 0 0 0 0
393 3 0 0 1 0 0 0 0 0
395 1 0 0 0 0 0 0 0 0
397 2 1 1 0 0 0 0 0 0
398 9 1 1 1 0 0 0 0 0
402 2 0 0 1 0 0 1 0 0
406 3 1 1 1 0 0 0 0 0
409 2 0 0 0 0 0 0 0 0
412 30 1 1 7 0 0 0 0 0
413 42 0 0 18 0 0 0 0 0
419 3 0 0 1 0 0 2 0 0
421 4 0 0 1 0 0 0 0 0
423 4 0 0 4 0 0 0 0 0
424 7 1 1 4 0 0 0 0 0
426 6 0 0 4 0 0 0 0 0
430 10 0 0 4 0 0 2 0 0
432 7 0 0 2 0 0 0 0 0
436 2 0 0 1 0 0 0 0 0
443 2 0 0 1 0 0 0 0 0
444 2 1 1 0 0 0 0 0 0
446 2 0 0 0 0 0 1 0 0
447 2 1 1 1 0 0 0 0 0
449 1 0 0 1 0 0 0 0 0
452 1 0 0 0 0 0 1 0 0
456 2 0 0 0 0 0 0 0 0
458 10 2 2 3 0 0 0 0 0
460 3 0 0 1 0 0 1 0 0
461 5 0 0 1 0 0 0 0 0
465 1 0 0 0 0 0 0 0 0
470 12 1 1 0 0 0 1 0 0
471 4 0 0 2 0 0 0 0 0
474 5 0 0 2 1 1 1 0 0
475 8 0 0 6 0 0 1 0 0
478 2 0 0 0 0 0 1 0 0
479 2 1 1 1 0 0 0 0 0
480 1 0 0 0 0 0 0 0 0
488 13 0 0 11 0 0 0 0 0
fl=./time/./time/tzset.c
fn=__tz_convert
568 28 3 2 4 0 0 16 0 0
572 14 0 0 0 0 0 0 0 0
577 12 0 0 0 0 0 0 0 0
579 6 2 1 2 0 0 0 0 0
580 14 0 0 0 0 0 0 0 0
592 14 0 0 0 0 0 0 0 0
594 2 1 1 0 0 0 0 0 0
596 2 0 0 0 0 0 0 0 0
603 14 0 0 4 0 0 0 0 0
604 8 0 0 4 0 0 2 0 0
610 28 1 1 20 1 0 0 0 0
fn=__tzstring
120 48 1 1 0 0 0 36 0 0
121 48 0 0 0 0 0 0 0 0
122 24 0 0 36 0 0 0 0 0
fn=__tzstring_len
83 84 2 2 0 0 0 96 0 0
89 78 1 1 33 0 0 0 0 0
90 84 0 0 28 0 0 0 0 0
92 106 0 0 0 0 0 0 0 0
93 140 0 0 0 0 0 0 0 0
98 20 1 1 0 0 0 0 0 0
99 5 0 0 0 0 0 0 0 0
103 5 0 0 0 0 0 10 0 0
104 5 0 0 0 0 0 0 0 0
105 10 0 0 0 0 0 5 0 0
108 4 0 0 0 0 0 4 0 0
110 1 0 0 0 0 0 1 0 0
113 72 1 1 96 0 0 0 0 0
fn=tzset_internal
368 8 2 2 0 0 0 12 0 0
372 16 0 0 2 0 0 0 0 0
374 2 0 0 0 0 0 1 0 0
377 4 0 0 0 0 0 0 0 0
378 1 0 0 0 0 0 0 0 0
397 1 0 0 0 0 0 1 1 1
398 1 0 0 0 0 0 1 1 1
401 2 1 1 1 0 0 0 0 0
402 6 0 0 0 0 0 1 0 0
405 4 1 1 0 0 0 0 0 0
406 3 0 0 1 0 0 0 0 0
424 8 2 2 12 1 0 0 0 0
fl=./wcsmbs/./wcsmbs/btowc.c
fn=btowc
32 2560 1 1 512 0 0 1280 0 0
37 1280 0 0 0 0 0 0 0 0
42 512 1 1 0 0 0 0 0 0
46 640 1 1 384 1 1 0 0 0
47 256 0 0 256 2 2 0 0 0
48 256 0 0 128 1 1 0 0 0
52 512 1 1 128 0 0 0 0 0
55 1920 1 1 640 0 0 0 0 0
94 1792 0 0 1408 0 0 0 0 0
fl=./wcsmbs/./wcsmbs/mbsrtowcs.c
fn=mbsrtowcs
27 2884 1312 424 0 0 0 2884 0 0
28 12978 0 0 2884 0 0 0 0 0
29 1442 0 0 2884 0 0 0 0 0
fl=./wcsmbs/./wcsmbs/mbsrtowcs_l.c
fn=__mbsrtowcs_l
41 23072 656 210 2884 0 0 17304 0 0
51 2884 0 0 0 0 0 1442 359 13
52 4326 656 210 1442 3 2 1442 6 0
53 1442 0 0 0 0 0 1442 0 0
56 1442 0 0 1442 631 207 0 0 0
59 1442 0 0 1442 651 207 0 0 0
60 1442 0 0 1442 1 0 0 0 0
61 2884 0 0 1442 396 183 0 0 0
65 1442 0 0 0 0 0 0 0 0
69 2099 0 0 1442 0 0 657 380 5
70 5256 1311 418 0 0 0 0 0 0
72 1971 0 0 1314 0 0 657 0 0
73 1314 0 0 0 0 0 657 0 0
75 657 0 0 0 0 0 0 0 0
76 1314 0 0 0 0 0 657 0 0
79 657 0 0 0 0 0 657 0 0
81 7227 656 206 0 0 0 0 0 0
84 1971 0 0 657 0 0 0 0 0
86 1314 0 0 0 0 0 0 0 0
88 1314 655 207 0 0 0 0 0 0
91 1314 0 0 657 0 0 0 0 0
93 657 0 0 0 0 0 0 0 0
101 785 0 0 0 0 0 785 0 0
105 1570 0 0 0 0 0 1570 0 0
109 3140 656 211 0 0 0 0 0 0
113 3140 0 0 0 0 0 0 0 0
115 8635 655 211 0 0 0 0 0 0
117 1570 656 209 0 0 0 0 0 0
118 785 0 0 0 0 0 0 0 0
120 2355 0 0 785 0 0 0 0 0
122 1314 0 0 657 0 0 0 0 0
125 785 0 0 785 0 0 0 0 0
129 785 0 0 0 0 0 785 0 0
131 2355 0 0 0 0 0 0 0 0
135 1570 0 0 0 0 0 0 0 0
136 1971 0 0 657 0 0 0 0 0
138 657 0 0 0 0 0 0 0 0
139 1971 0 0 1314 0 0 0 0 0
140 657 0 0 0 0 0 657 0 0
141 1314 0 0 0 0 0 0 0 0
147 384 1 1 0 0 0 0 0 0
153 256 1 1 0 0 0 0 0 0
155 128 0 0 0 0 0 0 0 0
156 640 0 0 128 0 0 128 0 0
159 128 0 0 0 0 0 0 0 0
160 23072 656 209 20188 0 0 0 0 0
fl=./wcsmbs/./wcsmbs/wcschr.c
fn=wcschr
28 16 2 2 0 0 0 16 0 0
43 784 0 0 160 0 0 0 0 0
46 16 0 0 16 0 0 0 0 0
fl=./wcsmbs/./wcsmbs/wcscmp.c
fn=wcscmp
29 3004 36 8 0 0 0 1502 1 0
34 6719 0 0 6719 43 10 0 0 0
35 6719 0 0 6719 92 19 0 0 0
36 6719 0 0 0 0 0 0 0 0
37 373 0 0 0 0 0 0 0 0
39 19411 36 8 0 0 0 0 0 0
41 756 0 0 0 0 0 0 0 0
42 1502 0 0 1502 0 0 0 0 0
fl=./wcsmbs/./wcsmbs/wcscpy.c
fn=wcscpy
29 250 23 2 0 0 0 200 0 0
31 350 0 0 0 0 0 0 0 0
49 100 22 2 200 0 0 0 0 0
fl=./wcsmbs/./wcsmbs/wcslen.c
fn=wcslen
27 1083 66 12 0 0 0 722 1 1
28 722 0 0 0 0 0 0 0 0
30 4219 0 0 1929 101 44 0 0 0
32 3736 61 12 1826 0 0 0 0 0
34 3906 0 0 1742 2 2 0 0 0
36 3836 0 0 1681 0 0 0 0 0
38 1568 0 0 0 0 0 0 0 0
42 722 0 0 722 0 0 0 0 0
fl=./wcsmbs/./wcsmbs/wcsmbsload.c
fn=__wcsmbs_load_conv
91 18 2 2 0 0 0 0 0 0
111 4 0 0 0 0 0 0 0 0
115 2 0 0 4 0 0 0 0 0
119 2 0 0 0 0 0 4 0 0
152 13 1 1 2 0 0 10 0 0
153 1 0 0 1 0 0 0 0 0
156 3 1 1 0 0 0 0 0 0
160 2 0 0 1 0 0 0 0 0
169 4 0 0 0 0 0 0 0 0
170 1 0 0 0 0 0 0 0 0
174 1 0 0 1 1 1 0 0 0
181 90 5 5 18 6 6 9 0 0
189 1 0 0 0 0 0 0 0 0
196 1 0 0 0 0 0 0 0 0
207 1 0 0 0 0 0 1 0 0
210 2 0 0 0 0 0 0 0 0
211 14 1 1 12 0 0 0 0 0
fl=./wcsmbs/./wcsmbs/wcsmbsload.h
fn=__mbsrtowcs_l
69 1442 0 0 1442 351 208 0 0 0
70 2884 0 0 1442 269 208 0 0 0
fl=./wcsmbs/./wcsmbs/wcsncpy.c
fn=wcsncpy
27 21 3 3 0 0 0 18 0 0
28 12 0 0 0 0 0 0 0 0
29 6 0 0 0 0 0 0 0 0
30 12 0 0 0 0 0 0 0 0
31 12 0 0 0 0 0 0 0 0
32 9 0 0 18 3 0 0 0 0
fl=./wcsmbs/./wcsmbs/wcsnlen.c
fn=wcsnlen
27 40 8 3 0 0 0 32 3 0
28 24 0 0 0 0 0 0 0 0
30 24 8 3 0 0 0 0 0 0
32 32 0 0 32 0 0 0 0 0
fl=./wcsmbs/./wcsmbs/wcsrchr.c
fn=wcsrchr
28 6 2 1 0 0 0 4 0 0
29 2 0 0 0 0 0 0 0 0
43 300 0 0 60 2 0 0 0 0
46 4 0 0 4 0 0 0 0 0
fl=./wcsmbs/./wcsmbs/wcsrtombs.c
fn=wcsrtombs
38 80 10 2 10 0 0 65 0 0
47 10 0 0 0 0 0 5 1 0
48 15 0 0 5 2 1 5 0 0
49 25 5 1 0 0 0 5 0 0
52 25 0 0 15 8 2 0 0 0
55 5 0 0 5 4 0 0 0 0
56 5 5 1 5 2 0 0 0 0
57 10 0 0 5 1 0 0 0 0
61 5 0 0 0 0 0 0 0 0
65 5 0 0 5 1 0 0 0 0
101 25 0 0 0 0 0 0 0 0
105 10 0 0 0 0 0 10 0 0
107 60 5 1 0 0 0 0 0 0
112 10 0 0 5 0 0 0 0 0
116 10 0 0 0 0 0 0 0 0
117 10 5 1 5 0 0 0 0 0
119 10 0 0 0 0 0 0 0 0
120 15 0 0 10 0 0 0 0 0
121 5 0 0 0 0 0 5 0 0
122 10 0 0 0 0 0 0 0 0
141 75 5 1 75 0 0 0 0 0
fl=./wcsmbs/./wcsmbs/wctob.c
fn=wctob
30 1280 2 2 256 2 0 640 0 0
39 256 0 0 0 0 0 0 0 0
44 256 0 0 0 0 0 0 0 0
45 128 0 0 0 0 0 0 0 0
79 1408 1 1 896 0 0 0 0 0
fl=./wcsmbs/./wcsmbs/wmemchr.c
fn=wmemchr
26 24 7 3 0 0 0 16 0 0
28 42 0 0 0 0 0 0 0 0
30 63 8 3 21 2 1 0 0 0
31 1 0 0 0 0 0 0 0 0
32 60 0 0 20 0 0 0 0 0
34 60 0 0 20 0 0 0 0 0
35 7 7 2 0 0 0 0 0 0
36 39 0 0 13 0 0 0 0 0
38 13 0 0 0 0 0 0 0 0
39 21 0 0 0 0 0 0 0 0
61 16 1 1 16 0 0 0 0 0
fl=./wcsmbs/./wcsmbs/wmemcpy.c
fn=wmemcpy
24 106 18 4 0 0 0 106 0 0
25 106 0 0 0 0 0 0 0 0
26 53 0 0 106 0 0 0 0 0
fl=./wcsmbs/./wcsmbs/wmemset.c
fn=wmemset
26 6 3 3 0 0 0 6 0 0
27 3 0 0 0 0 0 0 0 0
29 6138 3 3 0 0 0 0 0 0
32 3057 0 0 0 0 0 6114 257 219
34 3057 0 0 0 0 0 6114 508 451
35 3057 0 0 0 0 0 0 0 0
36 3057 0 0 0 0 0 0 0 0
39 3 0 0 0 0 0 0 0 0
41 2 0 0 0 0 0 2 1 0
43 4 0 0 0 0 0 0 0 0
45 2 0 0 0 0 0 2 0 0
47 4 0 0 0 0 0 0 0 0
48 1 0 0 0 0 0 1 0 0
53 6 0 0 6 3 0 0 0 0
fl=./wcsmbs/./wcsmbsload.h
fn=btowc
69 256 0 0 128 1 1 128 0 0
70 256 0 0 128 1 1 0 0 0
fn=wcsrtombs
69 5 0 0 5 5 1 0 0 0
70 10 0 0 5 2 0 0 0 0
71 2 1 1 0 0 0 0 0 0
72 2 0 0 1 0 0 0 0 0
fl=./wctype/./wctype/wctype_l.c
fn=wctype_l
26 70 1 1 0 0 0 80 0 0
29 20 0 0 0 0 0 0 0 0
32 20 0 0 20 1 1 0 0 0
33 68 0 0 0 0 0 0 0 0
35 174 1 1 0 0 0 0 0 0
37 361 0 0 0 0 0 0 0 0
40 96 0 0 0 0 0 0 0 0
41 96 0 0 48 0 0 0 0 0
45 20 0 0 10 1 1 0 0 0
46 20 1 1 10 2 2 0 0 0
47 50 0 0 80 0 0 0 0 0
fl=???
fn=(below main)
0 14 1 1 1 0 0 0 0 0
fn=???
0 6431684744 377704624 35724279 1816695145 92340111 15880267 1096531060 24686267 2035691
fn=ASN1_OBJECT_free
0 2840 97 2 710 18 0 568 0 0
fn=ASN1_add_oid_module
0 12 2 2 2 0 0 2 0 0
fn=ASN1_add_stable_module
0 12 2 2 2 0 0 2 0 0
fn=BIO_clear_flags
0 12 1 1 3 0 0 3 0 0
fn=BIO_ctrl
0 43 5 5 12 0 0 6 0 0
fn=BIO_free
0 51 6 5 8 1 0 3 0 0
fn=BIO_gets
0 26583 748 7 7429 7 0 3127 0 0
fn=BIO_meth_new
0 34 3 3 7 0 0 9 0 0
fn=BIO_meth_set_create
0 11 2 2 2 0 0 3 0 0
fn=BIO_meth_set_ctrl
0 11 1 1 2 0 0 3 0 0
fn=BIO_meth_set_destroy
0 11 1 1 2 0 0 3 0 0
fn=BIO_meth_set_gets
0 11 1 1 2 0 0 3 0 0
fn=BIO_meth_set_puts
0 11 1 1 2 0 0 3 0 0
fn=BIO_meth_set_read_ex
0 11 2 2 2 0 0 4 0 0
fn=BIO_meth_set_write_ex
0 11 2 2 2 0 0 4 0 0
fn=BIO_new
0 8 2 2 2 0 0 2 0 0
fn=BIO_new_ex
0 49 4 4 9 1 1 12 0 0
fn=BIO_new_file
0 39 3 3 6 0 0 6 0 0
fn=BIO_s_file
0 8 1 1 2 0 0 2 0 0
fn=BIO_snprintf
0 76618 574 5 11889 0 0 30383 0 0
fn=BIO_vsnprintf
0 60766 387 4 14531 0 0 9247 3 0
fn=BN_free
0 1600 149 3 0 0 0 0 0 0
fn=BUF_MEM_free
0 22 3 3 7 0 0 4 0 0
fn=BUF_MEM_grow
0 15490 363 4 3410 0 0 3118 0 0
fn=BUF_MEM_grow_clean
0 586 24 5 133 0 0 100 0 0
fn=BUF_MEM_new
0 3066 47 2 584 0 0 584 0 0
fn=CONF_get1_default_config_file
0 42 4 3 5 0 0 5 0 0
fn=CONF_imodule_get_value
0 7 1 1 3 0 0 2 0 0
fn=CONF_module_add
0 147 2 2 14 0 0 14 0 0
fn=CONF_modules_load
0 243 18 15 51 3 0 22 0 0
fn=CONF_modules_load_file_ex
0 66 12 8 9 1 1 8 0 0
fn=CONF_modules_unload
0 225 6 6 55 9 9 9 0 0
fn=CRYPTO_THREAD_cleanup_local
0 48 2 1 12 0 0 8 0 0
fn=CRYPTO_THREAD_get_local
0 1085 52 4 465 34 3 310 0 0
fn=CRYPTO_THREAD_init_local
0 48 1 1 8 0 0 8 0 0
fn=CRYPTO_THREAD_lock_free
0 768 2 2 138 0 0 138 0 0
fn=CRYPTO_THREAD_lock_new
0 1440 56 3 240 0 0 240 1 0
fn=CRYPTO_THREAD_read_lock
0 13651 30 5 2482 0 0 2482 0 0
fn=CRYPTO_THREAD_run_once
0 13992 38 8 2332 0 0 2332 27 0
fn=CRYPTO_THREAD_set_local
0 78 2 2 18 0 0 12 0 0
fn=CRYPTO_THREAD_unlock
0 30151 12 2 5482 0 0 5482 0 0
fn=CRYPTO_THREAD_write_lock
0 16500 6 6 3000 0 0 3000 0 0
fn=CRYPTO_atomic_load
0 583 59 5 159 0 0 159 1 0
fn=CRYPTO_atomic_or
0 84 6 2 16 0 0 20 0 0
fn=CRYPTO_clear_free
0 260 26 5 65 0 0 65 0 0
fn=CRYPTO_free
0 66443 206 4 20444 63 2 10222 0 0
fn=CRYPTO_free_ex_data
0 384 18 16 113 14 2 59 0 0
fn=CRYPTO_get_ex_data
0 4148 77 8 1464 2 0 976 0 0
fn=CRYPTO_malloc
0 94545 111 9 24880 99 4 9953 0 0
fn=CRYPTO_new_ex_data
0 22 4 1 4 0 0 4 0 0
fn=CRYPTO_realloc
0 2550 40 4 376 26 3 0 0 0
fn=CRYPTO_secure_malloc_done
0 22 3 3 5 1 0 5 0 0
fn=CRYPTO_set_ex_data
0 232 20 11 55 0 0 37 0 0
fn=CRYPTO_strdup
0 3724 257 3 665 0 0 665 0 0
fn=CRYPTO_strndup
0 34816 78 4 6528 0 0 7616 0 0
fn=CRYPTO_zalloc
0 16460 45 6 3292 0 0 3292 0 0
fn=CountVisitor::CountVisitor()
0 189510 37902 11718 37902 37902 36118 75804 0 0
fn=CountVisitor::visitData(SpatialIndex::IData const&)
0 8660 0 0 2165 0 0 2165 0 0
fn=CountVisitor::visitNode(SpatialIndex::INode const&)
0 38957 37584 35834 0 0 0 0 0 0
fn=CountVisitor::~CountVisitor()
0 379020 318 136 113706 0 0 113706 0 0
fn=DSO_free
0 56 2 2 0 0 0 0 0 0
fn=DataStream::DataStream(int (*)(long*, double**, double**, unsigned int*, unsigned char const**, unsigned long*))
0 14 2 2 2 2 2 8 1 0
fn=DataStream::getNext()
0 330 62 4 120 32 0 120 0 0
fn=DataStream::hasNext()
0 136 32 30 34 0 0 0 0 0
fn=DataStream::readData()
0 1278 128 66 402 49 1 350 34 15
fn=DataStream::~DataStream()
0 34 6 2 10 2 0 8 2 2
fn=ENGINE_add
0 51 7 7 14 0 0 11 0 0
fn=ENGINE_add_conf_module
0 12 1 1 2 0 0 2 0 0
fn=ENGINE_finish
0 360 24 2 96 0 0 96 0 0
fn=ENGINE_free
0 14 2 1 4 0 0 4 0 0
fn=ENGINE_get_digest_engine
0 144 24 3 24 0 0 24 0 0
fn=ENGINE_get_first
0 37 3 3 12 0 0 4 0 0
fn=ENGINE_get_next
0 28 3 3 9 0 0 5 0 0
fn=ENGINE_load_builtin_engines
0 8 1 1 2 0 0 2 0 0
fn=ENGINE_new
0 42 3 3 9 2 2 6 0 0
fn=ENGINE_register_DH
0 16 2 2 3 0 0 2 0 0
fn=ENGINE_register_DSA
0 16 2 2 3 0 0 2 0 0
fn=ENGINE_register_EC
0 16 2 2 3 0 0 2 0 0
fn=ENGINE_register_RAND
0 16 2 2 3 0 0 2 0 0
fn=ENGINE_register_RSA
0 16 2 2 3 0 0 2 0 0
fn=ENGINE_register_all_complete
0 23 2 2 4 0 0 3 0 0
fn=ENGINE_register_ciphers
0 30 3 3 8 0 0 3 0 0
fn=ENGINE_register_complete
0 29 2 2 3 0 0 3 0 0
fn=ENGINE_register_digests
0 30 3 3 8 0 0 3 0 0
fn=ENGINE_register_pkey_asn1_meths
0 30 3 3 8 0 0 3 0 0
fn=ENGINE_register_pkey_meths
0 30 3 3 8 0 0 3 0 0
fn=ENGINE_remove
0 51 5 5 12 2 2 6 0 0
fn=ENGINE_set_cmd_defns
0 11 0 0 2 0 0 3 0 0
fn=ENGINE_set_ctrl_function
0 11 1 1 2 0 0 3 0 0
fn=ENGINE_set_finish_function
0 11 1 1 2 0 0 3 0 0
fn=ENGINE_set_flags
0 11 1 1 2 0 0 3 0 0
fn=ENGINE_set_id
0 10 1 1 0 0 0 1 0 0
fn=ENGINE_set_init_function
0 11 1 1 2 0 0 3 0 0
fn=ENGINE_set_name
0 10 1 1 0 0 0 1 0 0
fn=ERR_get_next_error_library
0 31 4 4 8 1 0 5 0 0
fn=ERR_load_strings_const
0 544 2 2 102 0 0 102 0 0
fn=ERR_pop_to_mark
0 150 15 4 36 1 0 24 0 0
fn=ERR_reason_error_string
0 2278 6 6 578 0 0 272 0 0
fn=ERR_set_mark
0 114 7 2 24 3 1 12 0 0
fn=EVP_CIPHER_get_nid
0 1162 3 1 498 157 1 332 0 0
fn=EVP_CIPHER_get_type
0 5594 344 6 664 0 0 664 0 0
fn=EVP_DigestInit_ex
0 96 24 2 24 0 0 24 0 0
fn=EVP_MD_CTX_clear_flags
0 168 24 4 36 0 0 36 0 0
fn=EVP_MD_CTX_free
0 192 24 4 36 0 0 36 0 0
fn=EVP_MD_CTX_new
0 120 12 2 24 0 0 24 0 0
fn=EVP_MD_CTX_reset
0 360 24 4 48 0 0 48 1 0
fn=EVP_MD_CTX_set_flags
0 156 12 2 36 0 0 36 0 0
fn=EVP_MD_CTX_test_flags
0 108 12 2 36 0 0 24 0 0
fn=EVP_MD_do_all_provided
0 15 1 1 2 0 0 2 0 0
fn=EVP_MD_fetch
0 180 24 2 24 0 0 24 0 0
fn=EVP_MD_free
0 1974 71 8 320 22 22 240 0 0
fn=EVP_MD_get_flags
0 84 24 2 36 0 0 24 0 0
fn=EVP_MD_get_type
0 840 26 2 360 81 15 240 0 0
fn=EVP_MD_up_ref
0 1120 56 3 210 11 11 140 0 0
fn=EVP_PBE_cleanup
0 18 2 2 4 1 1 4 0 0
fn=EVP_PKEY_CTX_free
0 96 36 6 0 0 0 0 0 0
fn=EVP_PKEY_asn1_get0
0 256 24 1 48 3 2 32 0 0
fn=EVP_PKEY_asn1_get0_info
0 432 18 3 96 16 16 96 0 0
fn=EVP_PKEY_asn1_get_count
0 9 2 2 1 1 1 0 0 0
fn=EVP_add_alg_module
0 11 2 2 2 0 0 2 0 0
fn=EVP_add_cipher
0 2804 4 3 660 132 132 396 0 0
fn=EVP_add_digest
0 726 3 3 178 21 21 84 0 0
fn=EVP_aes_128_cbc
0 8 0 0 2 0 0 2 0 0
fn=EVP_aes_128_cbc_hmac_sha1
0 7 0 0 2 0 0 2 0 0
fn=EVP_aes_128_cbc_hmac_sha256
0 7 0 0 2 0 0 2 0 0
fn=EVP_aes_128_ccm
0 9 1 1 2 0 0 2 0 0
fn=EVP_aes_128_cfb1
0 9 0 0 2 0 0 2 0 0
fn=EVP_aes_128_cfb128
0 9 2 1 2 0 0 2 0 0
fn=EVP_aes_128_cfb8
0 9 1 1 2 0 0 2 0 0
fn=EVP_aes_128_ctr
0 9 1 1 2 0 0 2 0 0
fn=EVP_aes_128_ecb
0 9 2 2 2 0 0 2 0 0
fn=EVP_aes_128_gcm
0 9 2 2 2 0 0 2 0 0
fn=EVP_aes_128_ocb
0 9 2 2 2 0 0 2 0 0
fn=EVP_aes_128_ofb
0 9 0 0 2 0 0 2 0 0
fn=EVP_aes_128_wrap
0 9 2 2 2 0 0 2 0 0
fn=EVP_aes_128_wrap_pad
0 9 2 2 2 0 0 2 0 0
fn=EVP_aes_128_xts
0 9 2 2 2 0 0 2 0 0
fn=EVP_aes_192_cbc
0 9 1 0 2 0 0 2 0 0
fn=EVP_aes_192_ccm
0 9 0 0 2 0 0 2 0 0
fn=EVP_aes_192_cfb1
0 9 1 1 2 0 0 2 0 0
fn=EVP_aes_192_cfb128
0 9 1 1 2 0 0 2 0 0
fn=EVP_aes_192_cfb8
0 9 1 0 2 0 0 2 0 0
fn=EVP_aes_192_ctr
0 9 1 1 2 0 0 2 0 0
fn=EVP_aes_192_ecb
0 9 2 1 2 0 0 2 0 0
fn=EVP_aes_192_gcm
0 9 0 0 2 0 0 2 0 0
fn=EVP_aes_192_ocb
0 9 0 0 2 0 0 2 0 0
fn=EVP_aes_192_ofb
0 9 0 0 2 0 0 2 0 0
fn=EVP_aes_192_wrap
0 9 0 0 2 0 0 2 0 0
fn=EVP_aes_192_wrap_pad
0 9 1 0 2 0 0 2 0 0
fn=EVP_aes_256_cbc
0 9 0 0 2 0 0 2 0 0
fn=EVP_aes_256_cbc_hmac_sha1
0 7 1 1 2 0 0 2 0 0
fn=EVP_aes_256_cbc_hmac_sha256
0 7 1 1 2 0 0 2 0 0
fn=EVP_aes_256_ccm
0 9 0 0 2 0 0 2 0 0
fn=EVP_aes_256_cfb1
0 9 1 1 2 0 0 2 0 0
fn=EVP_aes_256_cfb128
0 8 1 1 2 0 0 2 0 0
fn=EVP_aes_256_cfb8
0 9 0 0 2 0 0 2 0 0
fn=EVP_aes_256_ctr
0 9 0 0 2 0 0 2 0 0
fn=EVP_aes_256_ecb
0 9 1 1 2 0 0 2 0 0
fn=EVP_aes_256_gcm
0 9 0 0 2 0 0 2 0 0
fn=EVP_aes_256_ocb
0 9 1 1 2 0 0 2 0 0
fn=EVP_aes_256_ofb
0 9 0 0 2 0 0 2 0 0
fn=EVP_aes_256_wrap
0 9 0 0 2 0 0 2 0 0
fn=EVP_aes_256_wrap_pad
0 8 0 0 2 0 0 2 0 0
fn=EVP_aes_256_xts
0 9 0 0 2 0 0 2 0 0
fn=EVP_aria_128_cbc
0 8 1 1 2 0 0 2 0 0
fn=EVP_aria_128_ccm
0 9 2 2 2 0 0 2 0 0
fn=EVP_aria_128_cfb1
0 8 1 1 2 0 0 2 0 0
fn=EVP_aria_128_cfb128
0 9 0 0 2 0 0 2 0 0
fn=EVP_aria_128_cfb8
0 9 1 1 2 0 0 2 0 0
fn=EVP_aria_128_ctr
0 9 1 1 2 0 0 2 0 0
fn=EVP_aria_128_ecb
0 9 2 2 2 0 0 2 0 0
fn=EVP_aria_128_gcm
0 9 2 2 2 0 0 2 0 0
fn=EVP_aria_128_ofb
0 9 0 0 2 0 0 2 0 0
fn=EVP_aria_192_cbc
0 9 0 0 2 0 0 2 0 0
fn=EVP_aria_192_ccm
0 9 0 0 2 0 0 2 0 0
fn=EVP_aria_192_cfb1
0 9 2 1 2 0 0 2 0 0
fn=EVP_aria_192_cfb128
0 9 1 1 2 0 0 2 0 0
fn=EVP_aria_192_cfb8
0 9 1 1 2 0 0 2 0 0
fn=EVP_aria_192_ctr
0 9 0 0 2 0 0 2 0 0
fn=EVP_aria_192_ecb
0 9 1 1 2 0 0 2 0 0
fn=EVP_aria_192_gcm
0 9 1 0 2 0 0 2 0 0
fn=EVP_aria_192_ofb
0 9 0 0 2 0 0 2 0 0
fn=EVP_aria_256_cbc
0 9 1 1 2 0 0 2 0 0
fn=EVP_aria_256_ccm
0 9 1 1 2 0 0 2 0 0
fn=EVP_aria_256_cfb1
0 9 1 0 2 0 0 2 0 0
fn=EVP_aria_256_cfb128
0 9 0 0 2 0 0 2 0 0
fn=EVP_aria_256_cfb8
0 9 0 0 2 0 0 2 0 0
fn=EVP_aria_256_ctr
0 9 0 0 2 0 0 2 0 0
fn=EVP_aria_256_ecb
0 9 2 1 2 0 0 2 0 0
fn=EVP_aria_256_gcm
0 9 0 0 2 0 0 2 0 0
fn=EVP_aria_256_ofb
0 9 0 0 2 0 0 2 0 0
fn=EVP_bf_cbc
0 8 1 1 2 0 0 2 0 0
fn=EVP_bf_cfb64
0 9 1 1 2 0 0 2 0 0
fn=EVP_bf_ecb
0 9 2 2 2 0 0 2 0 0
fn=EVP_bf_ofb
0 9 0 0 2 0 0 2 0 0
fn=EVP_blake2b512
0 8 1 1 2 0 0 2 0 0
fn=EVP_blake2s256
0 9 2 1 2 0 0 2 0 0
fn=EVP_camellia_128_cbc
0 8 0 0 2 0 0 2 0 0
fn=EVP_camellia_128_cfb1
0 9 0 0 2 0 0 2 0 0
fn=EVP_camellia_128_cfb128
0 9 1 1 2 0 0 2 0 0
fn=EVP_camellia_128_cfb8
0 9 1 1 2 0 0 2 0 0
fn=EVP_camellia_128_ctr
0 9 0 0 2 0 0 2 0 0
fn=EVP_camellia_128_ecb
0 9 2 2 2 0 0 2 0 0
fn=EVP_camellia_128_ofb
0 9 0 0 2 0 0 2 0 0
fn=EVP_camellia_192_cbc
0 9 0 0 2 0 0 2 0 0
fn=EVP_camellia_192_cfb1
0 9 1 1 2 0 0 2 0 0
fn=EVP_camellia_192_cfb128
0 9 1 1 2 0 0 2 0 0
fn=EVP_camellia_192_cfb8
0 9 0 0 2 0 0 2 0 0
fn=EVP_camellia_192_ctr
0 9 0 0 2 0 0 2 0 0
fn=EVP_camellia_192_ecb
0 9 2 2 2 0 0 2 0 0
fn=EVP_camellia_192_ofb
0 9 0 0 2 0 0 2 0 0
fn=EVP_camellia_256_cbc
0 9 1 1 2 0 0 2 0 0
fn=EVP_camellia_256_cfb1
0 9 1 1 2 0 0 2 0 0
fn=EVP_camellia_256_cfb128
0 8 1 1 2 0 0 2 0 0
fn=EVP_camellia_256_cfb8
0 9 1 1 2 0 0 2 0 0
fn=EVP_camellia_256_ctr
0 9 0 0 2 0 0 2 0 0
fn=EVP_camellia_256_ecb
0 9 1 1 2 0 0 2 0 0
fn=EVP_camellia_256_ofb
0 9 0 0 2 0 0 2 0 0
fn=EVP_cast5_cbc
0 8 0 0 2 0 0 2 0 0
fn=EVP_cast5_cfb64
0 9 1 1 2 0 0 2 0 0
fn=EVP_cast5_ecb
0 9 2 2 2 0 0 2 0 0
fn=EVP_cast5_ofb
0 9 0 0 2 0 0 2 0 0
fn=EVP_chacha20
0 8 1 1 2 0 0 2 0 0
fn=EVP_chacha20_poly1305
0 8 1 1 2 0 0 2 0 0
fn=EVP_des_cbc
0 8 1 0 2 0 0 2 0 0
fn=EVP_des_cfb1
0 9 2 2 2 0 0 2 0 0
fn=EVP_des_cfb64
0 9 2 2 2 0 0 2 0 0
fn=EVP_des_cfb8
0 9 0 0 2 0 0 2 0 0
fn=EVP_des_ecb
0 9 0 0 2 0 0 2 0 0
fn=EVP_des_ede
0 9 0 0 2 0 0 2 0 0
fn=EVP_des_ede3
0 9 1 1 2 0 0 2 0 0
fn=EVP_des_ede3_cbc
0 9 1 1 2 0 0 2 0 0
fn=EVP_des_ede3_cfb1
0 9 1 1 2 0 0 2 0 0
fn=EVP_des_ede3_cfb64
0 9 1 1 2 0 0 2 0 0
fn=EVP_des_ede3_cfb8
0 9 1 1 2 0 0 2 0 0
fn=EVP_des_ede3_ofb
0 9 1 1 2 0 0 2 0 0
fn=EVP_des_ede3_wrap
0 9 1 1 2 0 0 2 0 0
fn=EVP_des_ede_cbc
0 8 0 0 2 0 0 2 0 0
fn=EVP_des_ede_cfb64
0 9 2 2 2 0 0 2 0 0
fn=EVP_des_ede_ofb
0 9 0 0 2 0 0 2 0 0
fn=EVP_des_ofb
0 9 1 0 2 0 0 2 0 0
fn=EVP_desx_cbc
0 8 1 1 2 0 0 2 0 0
fn=EVP_md4
0 8 1 1 2 0 0 2 0 0
fn=EVP_md5
0 8 1 1 2 0 0 2 0 0
fn=EVP_md5_sha1
0 8 2 2 2 0 0 2 0 0
fn=EVP_rc2_40_cbc
0 9 1 1 2 0 0 2 0 0
fn=EVP_rc2_64_cbc
0 9 0 0 2 0 0 2 0 0
fn=EVP_rc2_cbc
0 8 0 0 2 0 0 2 0 0
fn=EVP_rc2_cfb64
0 9 2 2 2 0 0 2 0 0
fn=EVP_rc2_ecb
0 9 1 1 2 0 0 2 0 0
fn=EVP_rc2_ofb
0 9 0 0 2 0 0 2 0 0
fn=EVP_rc4
0 8 2 2 2 0 0 2 0 0
fn=EVP_rc4_40
0 9 0 0 2 0 0 2 0 0
fn=EVP_rc4_hmac_md5
0 8 2 2 2 0 0 2 0 0
fn=EVP_ripemd160
0 8 1 1 2 0 0 2 0 0
fn=EVP_seed_cbc
0 8 0 0 2 0 0 2 0 0
fn=EVP_seed_cfb128
0 9 1 1 2 0 0 2 0 0
fn=EVP_seed_ecb
0 9 2 2 2 0 0 2 0 0
fn=EVP_seed_ofb
0 9 0 0 2 0 0 2 0 0
fn=EVP_sha1
0 8 1 1 2 0 0 2 0 0
fn=EVP_sha224
0 9 1 1 2 0 0 2 0 0
fn=EVP_sha256
0 9 1 1 2 0 0 2 0 0
fn=EVP_sha384
0 9 2 2 2 0 0 2 0 0
fn=EVP_sha3_224
0 9 1 1 2 0 0 2 0 0
fn=EVP_sha3_256
0 9 0 0 2 0 0 2 0 0
fn=EVP_sha3_384
0 9 1 1 2 0 0 2 0 0
fn=EVP_sha3_512
0 9 1 1 2 0 0 2 0 0
fn=EVP_sha512
0 9 0 0 2 0 0 2 0 0
fn=EVP_sha512_224
0 9 0 0 2 0 0 2 0 0
fn=EVP_sha512_256
0 9 0 0 2 0 0 2 0 0
fn=EVP_shake128
0 9 0 0 2 0 0 2 0 0
fn=EVP_shake256
0 9 1 1 2 0 0 2 0 0
fn=EVP_sm3
0 8 1 1 2 0 0 2 0 0
fn=EVP_sm4_cbc
0 8 2 2 2 0 0 2 0 0
fn=EVP_sm4_cfb128
0 9 0 0 2 0 0 2 0 0
fn=EVP_sm4_ctr
0 9 0 0 2 0 0 2 0 0
fn=EVP_sm4_ecb
0 9 2 2 2 0 0 2 0 0
fn=EVP_sm4_ofb
0 9 0 0 2 0 0 2 0 0
fn=EVP_whirlpool
0 8 1 1 2 0 0 2 0 0
fn=Error_GetErrorCount
0 153324 25554 24514 51108 25553 4340 25554 0 0
fn=GetDefaults()
0 6660 495 266 1002 180 102 1326 18 11
fn=Index::CreateIndex()
0 119 12 11 24 2 0 26 0 0
fn=Index::CreateIndexBuffer(SpatialIndex::IStorageManager&)
0 36 3 3 15 0 0 12 0 0
fn=Index::CreateStorage()
0 309 36 36 66 6 4 57 6 1
fn=Index::GetIndexStorage()
0 456 12 12 96 3 2 96 0 0
fn=Index::GetIndexType()
0 59 4 4 12 1 0 12 0 0
fn=Index::GetResultSetLimit()
0 1732 866 866 866 866 866 0 0 0
fn=Index::GetResultSetOffset()
0 1732 866 866 866 0 0 0 0 0
fn=Index::Index(Tools::PropertySet const&)
0 60 4 3 16 3 0 14 1 0
fn=Index::Index(Tools::PropertySet const&, int (*)(long*, double**, double**, unsigned int*, unsigned char const**, unsigned long*))
0 52 10 10 18 6 4 14 2 1
fn=Index::Index(Tools::PropertySet const&, std::unique_ptr<SpatialIndex::IDataStream, std::default_delete<SpatialIndex::IDataStream> >)
0 444 32 32 92 14 12 96 6 5
fn=Index::Initialize()
0 16 2 1 3 1 0 6 0 0
fn=Index::Setup()
0 15 3 3 0 0 0 9 0 0
fn=Index::~Index()
0 69 6 5 36 17 10 9 0 0
fn=IndexItem_GetData
0 415835 35643 2944 118810 23762 11331 95048 27663 17
fn=IndexProperty_Create
0 66 12 6 18 0 0 18 0 0
fn=IndexProperty_Destroy
0 30 6 5 12 11 8 0 0 0
fn=IndexProperty_GetIndexCapacity
0 354 30 15 72 16 0 72 1 1
fn=IndexProperty_GetIndexType
0 177 15 15 36 9 0 36 2 0
fn=IndexProperty_GetLeafCapacity
0 354 36 20 72 17 0 72 3 0
fn=IndexProperty_GetNearMinimumOverlapFactor
0 354 30 15 78 16 0 78 2 1
fn=IndexProperty_SetDimension
0 183 18 18 36 4 0 42 3 0
fn=IndexProperty_SetIndexStorage
0 183 18 18 33 6 0 39 2 0
fn=Index_Create
0 14 3 1 4 0 0 4 0 0
fn=Index_CreateWithStream
0 32 6 6 8 0 0 8 2 0
fn=Index_Destroy
0 30 3 3 12 2 1 12 3 2
fn=Index_DestroyObjResults
0 119919 2598 2598 40839 14608 8368 5196 373 0
fn=Index_Free
0 23766 11883 1405 0 0 0 0 0 0
fn=Index_InsertData
0 25461 1848 1847 7380 3310 1201 3321 57 0
fn=Index_Intersects_count
0 1667688 113706 39510 606432 154057 46459 341118 70293 173
fn=Index_NearestNeighbors_obj
0 51960 4330 4286 17320 6747 1344 10392 90 0
fn=MD5_Init
0 20 2 2 3 1 1 8 0 0
fn=NCONF_default
0 8 1 1 2 0 0 2 0 0
fn=NCONF_free
0 10 1 1 4 1 0 2 0 0
fn=NCONF_get0_libctx
0 7 1 1 3 0 0 2 0 0
fn=NCONF_get_number_e
0 130 8 4 32 1 0 22 0 0
fn=NCONF_get_section
0 32 2 1 8 0 0 8 0 0
fn=NCONF_get_string
0 69 4 2 18 0 0 18 0 0
fn=NCONF_load
0 6 2 2 2 1 1 0 0 0
fn=NCONF_new_ex
0 23 2 2 5 1 1 5 0 0
fn=OBJ_NAME_add
0 23063 6 6 5835 8 0 5057 0 0
fn=OBJ_NAME_cleanup
0 124 4 4 42 1 1 31 0 0
fn=OBJ_NAME_do_all
0 80 7 3 16 0 0 12 0 0
fn=OBJ_NAME_get
0 19228 590 6 5556 102 3 3500 22 0
fn=OBJ_NAME_init
0 17043 211 4 3588 0 0 2691 1 0
fn=OBJ_NAME_remove
0 13320 5 5 3330 1 0 1998 1 0
fn=OBJ_get0_data
0 1136 109 1 426 10 1 284 0 0
fn=OBJ_nid2ln
0 16211 475 6 3770 4 0 1508 0 0
fn=OBJ_nid2obj
0 14406 632 3 3087 113 0 1372 0 0
fn=OBJ_nid2sn
0 15708 405 3 3740 249 150 1496 0 0
fn=OBJ_obj2txt
0 72404 962 15 5447 116 38 3212 0 0
fn=OBJ_sigid_free
0 22 2 2 6 0 0 6 0 0
fn=OPENSSL_LH_delete
0 19852 10 10 5819 1 0 3424 0 0
fn=OPENSSL_LH_doall
0 10510 5 5 3628 708 446 217 0 0
fn=OPENSSL_LH_doall_arg
0 59018 174 5 19815 5743 100 200 0 0
fn=OPENSSL_LH_error
0 3857 162 2 1653 0 0 1102 0 0
fn=OPENSSL_LH_flush
0 22498 8 7 4102 1369 585 1469 7 4
fn=OPENSSL_LH_free
0 617 4 3 145 1 0 116 0 0
fn=OPENSSL_LH_get_down_load
0 28 1 1 12 1 1 8 0 0
fn=OPENSSL_LH_insert
0 340088 741 22 98262 2150 4 61328 111 0
fn=OPENSSL_LH_new
0 1363 99 4 290 100 3 348 0 0
fn=OPENSSL_LH_num_items
0 176 2 1 66 0 0 44 0 0
fn=OPENSSL_LH_retrieve
0 43251 158 6 12776 102 14 3975 0 0
fn=OPENSSL_LH_set_down_load
0 72 3 2 16 0 0 24 0 0
fn=OPENSSL_LH_strhash
0 111678 189 9 8936 119 10 1448 0 0
fn=OPENSSL_cleanse
0 2639 26 5 0 0 0 618 7 2
fn=OPENSSL_cleanup
0 54 5 5 11 2 2 10 1 0
fn=OPENSSL_init_crypto
0 3118 128 25 829 14 4 477 0 0
fn=OPENSSL_load_builtin_modules
0 12 0 0 2 0 0 2 0 0
fn=OPENSSL_sk_deep_copy
0 35 4 3 8 0 0 13 1 0
fn=OPENSSL_sk_delete
0 256 3 3 56 0 0 40 0 0
fn=OPENSSL_sk_dup
0 520 52 8 156 16 2 117 4 0
fn=OPENSSL_sk_free
0 1708 22 5 415 0 0 332 0 0
fn=OPENSSL_sk_insert
0 6516 504 7 1448 0 0 1448 2 0
fn=OPENSSL_sk_new
0 98 14 2 28 0 0 28 0 0
fn=OPENSSL_sk_new_null
0 448 26 1 112 0 0 112 0 0
fn=OPENSSL_sk_new_reserve
0 1960 93 9 420 0 0 490 0 0
fn=OPENSSL_sk_num
0 3301 33 7 1231 84 13 824 0 0
fn=OPENSSL_sk_pop
0 45 6 4 12 1 1 8 0 0
fn=OPENSSL_sk_pop_free
0 1293 18 4 364 46 42 194 0 0
fn=OPENSSL_sk_push
0 1448 322 4 543 3 0 362 0 0
fn=OPENSSL_sk_set
0 288 8 4 84 0 0 60 0 0
fn=OPENSSL_sk_sort
0 338 26 5 78 0 0 52 0 0
fn=OPENSSL_sk_value
0 7664 17 3 2395 133 20 958 0 0
fn=OPENSSL_strcasecmp
0 167889 320 9 51192 70 12 8253 0 0
fn=OPENSSL_strlcpy
0 60472 140 3 9016 0 0 9016 0 0
fn=OPENSSL_strnlen
0 84499 67 4 16247 1 1 2182 0 0
fn=OPENSSL_thread_stop
0 29 3 3 5 1 1 4 0 0
fn=OSSL_CMP_log_close
0 8 1 1 2 0 0 2 0 0
fn=OSSL_LIB_CTX_get0_global_default
0 22 3 3 4 0 0 3 0 0
fn=OSSL_PARAM_construct_end
0 220 22 1 44 0 0 154 0 0
fn=OSSL_PARAM_construct_int
0 748 44 2 132 0 0 264 0 0
fn=OSSL_PARAM_construct_size_t
0 748 38 2 132 22 1 264 0 0
fn=OSSL_PARAM_locate
0 2772 42 3 572 0 0 352 0 0
fn=OSSL_PARAM_set_int
0 264 22 1 88 0 0 88 0 0
fn=OSSL_PARAM_set_int32
0 1320 66 3 220 0 0 264 0 0
fn=OSSL_PARAM_set_size_t
0 264 22 1 88 0 0 88 0 0
fn=OSSL_PARAM_set_uint64
0 1408 45 3 220 0 0 264 0 0
fn=OSSL_trace_set_channel
0 7 1 1 2 0 0 2 0 0
fn=ObjVisitor::ObjVisitor()
0 7794 1732 1732 866 866 866 4330 602 495
fn=ObjVisitor::visitData(SpatialIndex::IData const&)
0 356430 2348 1732 118810 20395 1851 77773 1379 516
fn=ObjVisitor::visitNode(SpatialIndex::INode const&)
0 1992 866 866 0 0 0 0 0 0
fn=ObjVisitor::~ObjVisitor()
0 141326 1718 893 57050 9500 0 6928 0 0
fn=Page_ResultSet_Obj(ObjVisitor&, SpatialIndex_IData***, long, long, unsigned long*)
0 220406 4330 4330 71529 18912 67 23139 3945 1449
fn=PyArg_ParseTuple
0 59602 5210 2229 8765 144 0 36813 1145 70
fn=PyArg_ParseTupleAndKeywords
0 1441501 124016 12782 169590 857 1 805543 38320 39
fn=PyArg_UnpackTuple
0 8898357 438880 137614 1331702 38786 9 4186758 46206 2202
fn=PyArg_ValidateKeywordArguments
0 208 32 24 64 0 0 32 0 0
fn=PyBool_FromLong
0 22392282 928147 4773 4071324 0 0 4071324 793 218
fn=PyBuffer_FillInfo
0 434160 39600 10818 39102 0 0 196485 839 162
fn=PyBuffer_IsContiguous
0 22061 2003 1794 6619 0 0 3303 13 0
fn=PyBuffer_Release
0 337403 30726 13285 136382 13253 740 91016 3 0
fn=PyBuffer_ToContiguous
0 78 6 6 24 6 0 18 0 0
fn=PyByteArray_FromStringAndSize
0 15662 77 43 3270 0 0 5016 98 24
fn=PyByteArray_Resize
0 6929 489 126 1859 0 0 1859 132 29
fn=PyBytes_AsString
0 22329 981 148 7444 277 2 6 0 0
fn=PyBytes_AsStringAndSize
0 236800 35520 3309 71040 23668 3557 59200 0 0
fn=PyBytes_FromObject
0 968 90 4 220 0 0 154 0 0
fn=PyBytes_FromString
0 1406 111 23 222 36 3 296 9 1
fn=PyBytes_FromStringAndSize
0 4690794 157452 34208 782594 39232 14390 1095606 63057 31696
fn=PyCFunction_GetFunction
0 51 6 4 18 3 3 9 0 0
fn=PyCMethod_New
0 30897135 1503455 213292 7472678 6247 61 9192292 161426 16631
fn=PyCallable_Check
0 28512 2372 93 10368 1627 50 5184 1 0
fn=PyCapsule_GetPointer
0 69706475 2738360 3292 16729554 869 16 8364777 38 0
fn=PyCapsule_Import
0 70 7 7 10 1 1 10 0 0
fn=PyCapsule_IsValid
0 1496 41 20 340 51 40 136 0 0
fn=PyCapsule_New
0 3120 107 96 780 0 0 1404 10 1
fn=PyCell_New
0 486699 44564 3775 135124 2646 2 126996 2117 150
fn=PyCell_Set
0 11045 1656 896 2761 67 2 2209 0 0
fn=PyClassMethod_New
0 180 16 15 36 0 0 45 0 0
fn=PyCode_Addr2Line
0 2104 8 8 340 3 3 288 0 0
fn=PyCodec_LookupError
0 156 3 3 54 9 8 30 0 0
fn=PyCodec_Register
0 23 2 2 8 1 1 4 0 0
fn=PyCodec_RegisterError
0 208 2 2 72 0 0 40 0 0
fn=PyCompile_OpcodeStackEffectWithJump
0 56527 626 221 12244 285 88 10727 0 0
fn=PyComplex_FromCComplex
0 125 8 8 30 3 3 40 3 1
fn=PyConfig_Clear
0 395 30 24 115 14 11 120 1 1
fn=PyConfig_InitPythonConfig
0 81 4 2 18 4 1 36 0 0
fn=PyConfig_SetBytesArgv
0 13 1 1 2 0 0 6 0 0
fn=PyConfig_SetString
0 1672 17 6 455 4 2 650 0 0
fn=PyContextVar_Get
0 50186484 5773255 41884 15334759 901971 3763 11152552 0 0
fn=PyContextVar_New
0 46 4 4 10 0 0 10 0 0
fn=PyDescr_IsData
0 16592540 1524121 615 6637016 0 0 3318508 290 11
fn=PyDescr_NewClassMethod
0 2330 156 39 592 9 2 776 1 0
fn=PyDescr_NewGetSet
0 53088 2304 857 13312 49 0 18144 44 0
fn=PyDescr_NewMember
0 17905 386 110 4788 104 43 5669 2 0
fn=PyDescr_NewMethod
0 66433 2334 167 14630 38 0 18363 6 0
fn=PyDescr_NewWrapper
0 81761 587 102 21321 94 0 29643 2 0
fn=PyDictProxy_New
0 357201 21980 1354 100749 4448 0 82431 1156 18
fn=PyDict_Clear
0 572832 4182 596 175130 51014 39107 32934 38 12
fn=PyDict_Contains
0 1640371 120927 3547 342772 16864 2253 225928 85 0
fn=PyDict_Copy
0 1086364 45598 15359 326718 61510 4394 122973 1191 0
fn=PyDict_DelItem
0 624542 26972 6112 170610 2913 934 106200 16 9
fn=PyDict_DelItemString
0 50 3 3 10 0 0 10 0 0
fn=PyDict_GetItem
0 67593638 1968139 16457 17291932 1251211 4641 9431742 295903 21
fn=PyDict_GetItemString
0 3276 129 34 585 0 0 585 0 0
fn=PyDict_GetItemWithError
0 44746346 2134218 14424 15434914 808837 128830 7041872 101401 6100
fn=PyDict_Keys
0 3162129 15823 1187 1166946 59162 1908 175533 130 0
fn=PyDict_Merge
0 64 8 2 16 0 0 8 0 0
fn=PyDict_MergeFromSeq2
0 42254 1483 407 11898 197 3 6074 72 33
fn=PyDict_New
0 2788818 235344 101380 733954 131128 55811 814017 4689 24
fn=PyDict_Next
0 2422518 24672 7554 884467 11718 6937 328087 368 7
fn=PyDict_SetDefault
0 4671723 69193 12335 1488575 30958 2295 857070 9016 5161
fn=PyDict_SetItem
0 8351487 366470 70584 2497900 61923 21622 857296 482 75
fn=PyDict_SetItemString
0 114863 1361 283 35040 964 386 11933 1 0
fn=PyDict_Size
0 11711 259 200 5019 7 0 0 0 0
fn=PyDict_Update
0 118245 7830 605 31532 0 0 15766 0 0
fn=PyErr_CheckSignals
0 12600944 1081153 17111 4447392 339655 2004 2223696 1161 11
fn=PyErr_Clear
0 2092476 219401 5479 550680 9 0 440526 0 0
fn=PyErr_ExceptionMatches
0 6171742 294655 15051 2359703 1268 4 726028 2 0
fn=PyErr_Format
0 5974390 546232 182149 1303504 647 0 3258700 11643 520
fn=PyErr_GetRaisedException
0 2192996 136440 36724 674768 144 3 506076 49 0
fn=PyErr_GivenExceptionMatches
0 4020315 166095 9400 1637771 2113 974 595684 0 0
fn=PyErr_NewException
0 2157 179 62 369 63 20 275 2 0
fn=PyErr_NewExceptionWithDoc
0 45 4 3 9 1 0 9 0 0
fn=PyErr_Occurred
0 74479317 1306750 444 22917046 23810 159 11458090 186020 26
fn=PyErr_SetFromErrno
0 64 16 3 16 0 0 16 0 0
fn=PyErr_SetFromErrnoWithFilenameObject
0 43860 3225 1025 8385 26 1 6450 0 0
fn=PyErr_SetFromErrnoWithFilenameObjects
0 536 48 11 112 0 0 88 0 0
fn=PyErr_SetNone
0 14136 2356 2155 3534 0 0 2356 492 4
fn=PyErr_SetObject
0 5412 256 88 1353 0 0 902 0 0
fn=PyErr_SetRaisedException
0 2349564 9 1 671304 13 0 503478 344 0
fn=PyErr_SetString
0 2349 243 142 567 0 0 486 0 0
fn=PyEval_EvalCode
0 84612 8951 6575 19089 2046 327 25436 236 24
fn=PyEval_GetBuiltins
0 21834 2622 2452 8734 13 5 1748 0 0
fn=PyEval_GetGlobals
0 699856 58086 5613 279912 32417 153 56048 0 0
fn=PyEval_MergeCompilerFlags
0 2618 238 156 952 30 0 238 0 0
fn=PyEval_RestoreThread
0 3584700 273181 35314 896175 0 0 896175 0 0
fn=PyEval_SaveThread
0 11351550 1090862 12939 3584700 412301 2091 2987250 11850 7
fn=PyException_GetContext
0 2400 295 212 900 91 1 600 0 0
fn=PyException_GetTraceback
0 1003052 117712 31996 375693 31 0 250763 0 0
fn=PyException_SetCause
0 121 11 7 33 0 0 44 0 0
fn=PyException_SetContext
0 2700 295 215 900 0 0 900 0 0
fn=PyException_SetTraceback
0 166365 15307 3589 41345 2 0 33249 0 0
fn=PyFile_NewStdPrinter
0 24 2 2 5 1 1 4 0 0
fn=PyFile_OpenCodeObject
0 30960 3440 2529 6880 2231 582 4300 0 0
fn=PyFile_WriteObject
0 7618 368 344 1408 160 126 1190 0 0
fn=PyFile_WriteString
0 8624 544 344 1760 85 0 1232 0 0
fn=PyFloat_AsDouble
0 2382530 78678 6186 714815 47296 1375 475985 5 0
fn=PyFloat_FromDouble
0 490517 18589 4334 131200 17204 5043 103786 3767 971
fn=PyFloat_FromString
0 4196 161 157 930 0 0 1232 0 0
fn=PyFloat_GetInfo
0 61 4 4 3 0 0 14 0 0
fn=PyFloat_Unpack8
0 2484 78 51 552 129 44 0 0 0
fn=PyFrame_GetBack
0 43 3 3 16 5 5 3 0 0
fn=PyFrame_GetCode
0 354 16 9 160 26 1 66 0 0
fn=PyFrame_GetLineNumber
0 9 1 1 4 0 0 2 0 0
fn=PyFrozenSet_New
0 9315 989 544 2070 647 234 3450 1 0
fn=PyFunction_GetModule
0 1125 240 123 250 213 63 0 0 0
fn=PyFunction_New
0 3301187 120909 7010 933750 130034 53494 1109541 36841 19083
fn=PyGC_Collect
0 36 4 4 9 1 0 7 0 0
fn=PyGC_Disable
0 238 12 7 85 1 0 51 0 0
fn=PyGC_Enable
0 255 30 6 85 0 0 51 0 0
fn=PyGILState_Ensure
0 896 100 67 160 8 2 128 3 2
fn=PyGILState_Release
0 832 93 62 160 4 0 128 0 0
fn=PyHash_GetFuncDef
0 8 1 1 2 0 0 2 0 0
fn=PyImport_AddModule
0 500 24 24 115 0 0 115 0 0
fn=PyImport_AddModuleObject
0 851 36 35 161 0 0 138 0 0
fn=PyImport_GetImporter
0 118 10 7 23 7 3 15 0 0
fn=PyImport_GetMagicNumber
0 39 3 3 9 1 0 6 0 0
fn=PyImport_GetModule
0 1546 96 67 401 39 12 288 0 0
fn=PyImport_GetModuleDict
0 135 30 30 45 11 3 0 0 0
fn=PyImport_Import
0 3068758 246102 49925 684960 18580 41 520569 0 0
fn=PyImport_ImportFrozenModule
0 16 2 2 5 1 1 4 0 0
fn=PyImport_ImportFrozenModuleObject
0 70 6 6 14 2 2 9 0 0
fn=PyImport_ImportModule
0 44858 3735 884 10200 76 7 10200 1 0
fn=PyImport_ImportModuleLevel
0 272 23 11 64 0 0 64 0 0
fn=PyImport_ImportModuleLevelObject
0 9486893 512228 75109 2099616 184390 18584 1442812 2445 104
fn=PyIndex_Check
0 628786 71503 37814 238914 65398 27754 111392 740 11
fn=PyInit__abc
0 8 1 1 2 0 0 2 0 0
fn=PyInit__ast
0 9 1 1 2 0 0 2 0 0
fn=PyInit__bisect
0 8 1 1 2 0 0 2 0 0
fn=PyInit__blake2
0 8 1 1 2 0 0 2 0 0
fn=PyInit__bounded_integers
0 8 1 1 2 0 0 2 0 0
fn=PyInit__bz2
0 8 1 1 2 0 0 2 0 0
fn=PyInit__codecs
0 8 1 1 2 0 0 2 0 0
fn=PyInit__collections
0 8 1 1 2 0 0 2 0 0
fn=PyInit__common
0 8 2 2 2 0 0 2 0 0
fn=PyInit__contextvars
0 8 2 2 2 0 0 2 0 0
fn=PyInit__csv
0 8 1 1 2 0 0 2 0 0
fn=PyInit__ctypes
0 395 45 24 38 12 1 48 27 14
fn=PyInit__datetime
0 553 41 33 53 12 2 72 7 5
fn=PyInit__decimal
0 1026 78 34 198 60 20 120 41 6
fn=PyInit__functools
0 8 1 1 2 0 0 2 0 0
fn=PyInit__generator
0 8 1 1 2 0 0 2 0 0
fn=PyInit__hashlib
0 8 1 1 2 0 0 2 0 0
fn=PyInit__imp
0 9 1 1 2 0 0 2 0 0
fn=PyInit__io
0 8 1 1 2 0 0 2 0 0
fn=PyInit__json
0 8 1 1 2 0 0 2 0 0
fn=PyInit__locale
0 8 1 1 2 0 0 2 0 0
fn=PyInit__lzma
0 8 1 1 2 0 0 2 0 0
fn=PyInit__mt19937
0 9 1 1 2 0 0 2 0 0
fn=PyInit__multiarray_tests
0 70 7 5 15 3 2 9 1 1
fn=PyInit__multiarray_umath
0 8866 213 167 1101 82 61 1107 231 217
fn=PyInit__opcode
0 8 1 1 2 0 0 2 0 0
fn=PyInit__operator
0 8 1 1 2 0 0 2 0 0
fn=PyInit__pcg64
0 9 2 2 2 0 0 2 0 0
fn=PyInit__philox
0 9 0 0 2 0 0 2 0 0
fn=PyInit__pickle
0 8 1 1 2 0 0 2 0 0
fn=PyInit__pocketfft_internal
0 65 7 5 14 3 2 8 1 0
fn=PyInit__posixsubprocess
0 8 1 1 2 0 0 2 0 0
fn=PyInit__random
0 8 1 1 2 0 0 2 0 0
fn=PyInit__sfc64
0 9 1 1 2 0 0 2 0 0
fn=PyInit__sha2
0 8 1 1 2 0 0 2 0 0
fn=PyInit__signal
0 8 1 1 2 0 0 2 0 0
fn=PyInit__socket
0 8 2 2 2 0 0 2 0 0
fn=PyInit__sre
0 8 2 2 2 0 0 2 0 0
fn=PyInit__stat
0 8 1 1 2 0 0 2 0 0
fn=PyInit__statistics
0 8 2 2 2 0 0 2 0 0
fn=PyInit__string
0 9 1 1 2 0 0 2 0 0
fn=PyInit__struct
0 8 1 1 2 0 0 2 0 0
fn=PyInit__thread
0 8 2 2 2 0 0 2 0 0
fn=PyInit__tokenize
0 8 1 1 2 0 0 2 0 0
fn=PyInit__typing
0 8 1 1 2 0 0 2 0 0
fn=PyInit__umath_linalg
0 878 85 12 288 76 12 113 5 2
fn=PyInit__weakref
0 8 1 1 2 0 0 2 0 0
fn=PyInit_array
0 8 2 2 2 0 0 2 0 0
fn=PyInit_atexit
0 8 1 1 2 0 0 2 0 0
fn=PyInit_binascii
0 8 1 1 2 0 0 2 0 0
fn=PyInit_bit_generator
0 8 2 2 2 0 0 2 0 0
fn=PyInit_errno
0 8 1 1 2 0 0 2 0 0
fn=PyInit_fcntl
0 8 1 1 2 0 0 2 0 0
fn=PyInit_itertools
0 8 1 1 2 0 0 2 0 0
fn=PyInit_math
0 8 1 1 2 0 0 2 0 0
fn=PyInit_mtrand
0 9 2 2 2 0 0 2 0 0
fn=PyInit_posix
0 8 1 1 2 0 0 2 0 0
fn=PyInit_select
0 8 2 2 2 0 0 2 0 0
fn=PyInit_time
0 8 1 1 2 0 0 2 0 0
fn=PyInit_zlib
0 8 1 1 2 0 0 2 0 0
fn=PyInterpreterState_Delete
0 57 4 4 16 1 1 8 0 0
fn=PyInterpreterState_Get
0 458682 3719 1080 131052 25 0 65526 1 0
fn=PyInterpreterState_GetID
0 36 9 9 9 9 1 0 0 0
fn=PyInterpreterState_Main
0 8 2 2 3 0 0 2 0 0
fn=PyInterpreterState_New
0 49 4 4 13 2 0 11 0 0
fn=PyIter_Check
0 7267 1093 1010 2236 551 497 1118 0 0
fn=PyIter_Next
0 4873532 84893 73595 2061140 3117 16 1309888 21 1
fn=PyList_Append
0 3785602 81966 6647 1435674 10122 512 1024615 13519 7922
fn=PyList_AsTuple
0 19810 2744 648 11320 1099 12 0 0 0
fn=PyList_GetItem
0 138390 51 4 69195 296 23 19770 0 0
fn=PyList_Insert
0 10 2 2 4 4 2 0 0 0
fn=PyList_New
0 3809707 141473 24388 1295814 69510 6291 1209229 2396 38
fn=PyList_Reverse
0 9916 1868 1628 2946 280 0 96 0 0
fn=PyList_SetItem
0 171 18 16 72 1 1 27 0 0
fn=PyList_SetSlice
0 1615 579 417 646 172 0 0 0 0
fn=PyList_Size
0 9192 230 59 4596 179 8 0 0 0
fn=PyList_Sort
0 72046 8133 1739 21190 195 2 8476 0 0
fn=PyLong_AsDouble
0 5102 483 137 1530 2 2 510 0 0
fn=PyLong_AsLong
0 4771515 182620 38971 1735079 61716 564 867536 66 0
fn=PyLong_AsLongAndOverflow
0 4590137 283169 82118 1338787 23323 12276 765021 33326 0
fn=PyLong_AsLongLong
0 2544795 111214 34599 885072 2890 254 442548 36319 13
fn=PyLong_AsSsize_t
0 2092875 161041 5454 694764 28442 12005 231210 205 3
fn=PyLong_AsUnsignedLong
0 101513 405 134 30309 1329 49 9894 4 0
fn=PyLong_AsUnsignedLongMask
0 3561973 312857 8338 1238848 66680 35116 619364 2 0
fn=PyLong_AsVoidPtr
0 2310 210 20 630 3 1 315 0 0
fn=PyLong_FromDouble
0 125308 16647 15654 16809 27 0 20247 2555 1
fn=PyLong_FromLong
0 8103380 548296 4267 1598980 249 13 1624002 2242 476
fn=PyLong_FromLongLong
0 683515 22791 5136 110846 1 0 157515 1740 260
fn=PyLong_FromSize_t
0 148029 19586 2024 31164 0 0 31164 0 0
fn=PyLong_FromSsize_t
0 2453090 123133 52012 489040 249 3 496489 42836 8
fn=PyLong_FromString
0 377852 6260 878 65974 1103 291 15123 184 16
fn=PyLong_FromUnicodeObject
0 9271 551 66 2510 0 0 2156 90 0
fn=PyLong_FromUnsignedLong
0 1805784 234293 72839 382292 2583 8 412766 3244 723
fn=PyLong_FromUnsignedLongLong
0 107693 13459 3544 23553 0 0 30283 944 156
fn=PyLong_FromVoidPtr
0 2852838 53417 6160 624058 17435 71 802358 12296 1401
fn=PyLong_GetInfo
0 27 2 2 3 0 0 7 0 0
fn=PyMapping_Check
0 152606 14539 2332 58633 18633 668 23560 1116 0
fn=PyMapping_GetItemString
0 140 4 4 25 0 0 25 0 0
fn=PyMapping_Items
0 12852 945 291 2646 415 171 1701 0 0
fn=PyMapping_Keys
0 517136 30491 3408 106505 5485 121 68484 0 0
fn=PyMapping_SetItemString
0 2688 192 91 576 0 0 576 21 0
fn=PyMapping_Size
0 14937 1180 547 5745 38 1 2298 0 0
fn=PyMarshal_Init
0 8 2 2 2 0 0 2 0 0
fn=PyMarshal_ReadObjectFromString
0 33 4 3 6 3 0 11 0 0
fn=PyMem_Calloc
0 4974098 423632 109306 1346640 184291 74790 683756 7286 5584
fn=PyMem_Free
0 18705986 1228239 107862 5452801 575932 48854 2713642 71880 3917
fn=PyMem_Malloc
0 7980327 298242 16262 2546322 323762 40104 1207277 18973 6109
fn=PyMem_RawCalloc
0 54 4 2 12 0 0 6 0 0
fn=PyMem_RawFree
0 11150880 935198 5033 2973568 95392 41 1486784 5 1
fn=PyMem_RawMalloc
0 179808 7596 3747 44952 509 3 22476 0 0
fn=PyMem_RawRealloc
0 2346 158 16 552 0 0 276 0 0
fn=PyMem_Realloc
0 2873219 170775 58138 807883 57895 1458 427392 3737 4
fn=PyMem_SetAllocator
0 291 24 18 98 0 0 73 0 0
fn=PyMember_GetOne
0 9443596 695577 103109 2802500 472989 47012 1039007 0 0
fn=PyMember_SetOne
0 4976380 288239 7632 1730799 184522 40094 1081933 1 1
fn=PyMemoryView_FromBuffer
0 13460 890 817 4551 5 1 4950 275 125
fn=PyMethod_New
0 1697456 112305 8979 434236 6300 3 552652 4727 0
fn=PyModuleDef_Init
0 1069 122 109 275 67 56 287 0 0
fn=PyModule_AddFunctions
0 6452 38 22 1208 168 88 352 0 0
fn=PyModule_AddIntConstant
0 26831 83 63 5915 33 1 4437 0 0
fn=PyModule_AddObject
0 1539 39 31 343 6 1 268 0 0
fn=PyModule_AddObjectRef
0 5784 196 72 1446 40 1 1205 7 0
fn=PyModule_AddStringConstant
0 184 12 12 40 0 0 40 0 0
fn=PyModule_AddType
0 2675 260 70 546 78 0 455 16 0
fn=PyModule_Create2
0 140 14 12 42 0 0 28 5 3
fn=PyModule_ExecDef
0 4465 420 360 1260 208 21 401 0 0
fn=PyModule_FromDefAndSpec2
0 20704 882 773 3785 503 378 1465 0 0
fn=PyModule_GetDef
0 1408 146 120 440 9 0 264 0 0
fn=PyModule_GetDict
0 23616 364 113 7380 109 61 4428 13 0
fn=PyModule_GetFilenameObject
0 58 7 7 14 2 2 7 0 0
fn=PyModule_GetNameObject
0 320 30 24 100 0 0 40 0 0
fn=PyModule_GetState
0 4704 320 206 1470 19 1 882 7 0
fn=PyModule_New
0 200 19 17 50 0 0 50 0 0
fn=PyModule_NewObject
0 1654 135 107 207 0 0 252 0 0
fn=PyModule_SetDocString
0 130 15 13 25 0 0 25 0 0
fn=PyNumber_Add
0 2145661 222022 121516 831728 93248 5113 553180 3 0
fn=PyNumber_And
0 260189 12435 1611 89746 5698 914 53798 12 1
fn=PyNumber_AsSsize_t
0 2482426 124564 7561 938030 55643 174 559986 506 10
fn=PyNumber_Check
0 25640 1824 1457 7105 1655 875 1730 0 0
fn=PyNumber_Float
0 5330 139 31 1510 25 7 1240 5 0
fn=PyNumber_FloorDivide
0 23751 72 24 8190 81 4 4914 0 0
fn=PyNumber_InPlaceAdd
0 4126728 402331 62666 1410837 399190 31482 804464 2 1
fn=PyNumber_InPlaceAnd
0 3456 281 27 1024 128 2 640 0 0
fn=PyNumber_InPlaceFloorDivide
0 264 18 7 104 6 2 64 0 0
fn=PyNumber_InPlaceLshift
0 2640 228 3 1040 104 3 640 0 0
fn=PyNumber_InPlaceOr
0 17300 1136 462 6340 420 87 3912 0 0
fn=PyNumber_InPlaceSubtract
0 60 5 2 12 0 0 12 0 0
fn=PyNumber_InPlaceXor
0 90 9 4 18 0 0 18 0 0
fn=PyNumber_Index
0 101942 8653 6703 33964 60 5 19458 0 0
fn=PyNumber_Invert
0 1215 120 27 405 7 0 0 0 0
fn=PyNumber_Long
0 2329301 119187 18825 698071 6788 5746 461197 2891 1
fn=PyNumber_Lshift
0 3045 181 123 1050 84 12 630 0 0
fn=PyNumber_Multiply
0 5882048 753671 110742 2102447 572057 88966 961360 0 0
fn=PyNumber_Negative
0 927 183 59 309 74 18 0 0 0
fn=PyNumber_Or
0 9253 629 140 3184 150 42 1906 1 0
fn=PyNumber_Positive
0 90 2 2 30 0 0 0 0 0
fn=PyNumber_Remainder
0 15289 550 50 5333 316 26 3032 0 0
fn=PyNumber_Rshift
0 1682 104 16 580 27 5 348 0 0
fn=PyNumber_Subtract
0 5736171 529242 42538 1941976 352365 25079 1130372 0 0
fn=PyNumber_ToBase
0 6946 7 7 2056 0 0 1030 1 0
fn=PyNumber_TrueDivide
0 1587885 228232 70428 555792 119809 40313 317640 0 0
fn=PyNumber_Xor
0 16895 104 21 6540 3 1 4360 0 0
fn=PyOS_FSPath
0 96524 10610 760 30167 61 0 18097 703 16
fn=PyOS_double_to_string
0 261434 3547 48 45316 60 17 36248 20 0
fn=PyOS_getsig
0 768 1 1 192 0 0 128 0 0
fn=PyOS_setsig
0 84 6 6 16 0 0 20 0 0
fn=PyOS_snprintf
0 946 63 63 132 0 0 638 62 1
fn=PyOS_string_to_double
0 12823 787 157 3674 0 0 3053 42 1
fn=PyOS_strtol
0 32987 645 20 5900 101 6 1713 0 0
fn=PyOS_strtoul
0 2754 127 3 408 33 6 102 0 0
fn=PyObject_Bytes
0 55086 1853 1396 15698 0 0 13078 0 0
fn=PyObject_Call
0 2033638 212063 114338 880532 27781 7697 467976 27 0
fn=PyObject_CallFinalizerFromDealloc
0 485187 33822 6920 187815 16598 6814 109564 1 0
fn=PyObject_CallFunction
0 3147669 263223 52740 773178 91969 15278 939237 14746 34
fn=PyObject_CallFunctionObjArgs
0 12456185 1082549 5217 1779455 54849 3 8541384 56353 3
fn=PyObject_CallMethod
0 19337 1801 405 3777 52 10 7016 53 0
fn=PyObject_CallMethodObjArgs
0 1319970 99132 21535 244300 25291 887 659610 12 0
fn=PyObject_CallObject
0 2143754 104765 4149 847482 81979 25951 398920 0 0
fn=PyObject_CallOneArg
0 29476463 631116 84771 10075609 944297 271764 5105495 589 5
fn=PyObject_Calloc
0 66450 1737 341 15808 674 42 8490 146 121
fn=PyObject_CheckBuffer
0 3556174 710103 1716 1422642 72612 473 710890 10 1
fn=PyObject_ClearWeakRefs
0 3607978 128885 8726 1786578 119593 4369 970717 953 77
fn=PyObject_DelItem
0 27080 2591 1738 9478 1978 796 5416 0 0
fn=PyObject_Dir
0 166699 11367 1634 26523 3271 0 22733 0 0
fn=PyObject_Format
0 82704 3694 1131 25073 18 10 19409 39 0
fn=PyObject_Free
0 265124370 4283145 17539 76092394 6111065 162034 38047831 3533 1723
fn=PyObject_GC_Del
0 47668174 1384033 2049 13702104 167820 43505 4993694 184 4
fn=PyObject_GC_Track
0 6681122 188231 3650 2109828 789 21 1406552 816 4
fn=PyObject_GC_UnTrack
0 62662730 2493471 394 20945067 469185 114289 20772596 770500 49574
fn=PyObject_GenericGetAttr
0 18128 1565 456 4532 0 0 4532 0 0
fn=PyObject_GenericGetDict
0 50879 4041 634 20918 132 2 14483 0 0
fn=PyObject_GenericSetAttr
0 2332587 60678 3064 679723 7498 338 381316 0 0
fn=PyObject_GetAttr
0 51481327 2116122 120232 20273252 2065093 324881 12036120 21226 66
fn=PyObject_GetAttrString
0 297327 15116 1828 93585 6651 726 50351 7 0
fn=PyObject_GetBuffer
0 120224 14877 3752 45084 25928 3924 0 0 0
fn=PyObject_GetItem
0 10142353 141124 4329 3548296 105555 32395 2027040 771 7
fn=PyObject_GetIter
0 4467964 284382 7695 1422511 281031 106647 609501 67 1
fn=PyObject_Hash
0 33100560 1449723 4552 16550280 878150 25716 11033520 183477 4587
fn=PyObject_HashNotImplemented
0 16 3 2 5 2 0 2 0 0
fn=PyObject_IS_GC
0 4476755 54036 151 1330171 270997 129280 54132 309 22
fn=PyObject_Init
0 9137544 472561 2408 2108664 0 0 2108664 0 0
fn=PyObject_IsInstance
0 32237102 1520918 44439 9617712 314089 88488 6909197 83413 338
fn=PyObject_IsSubclass
0 4959720 426406 67804 1239930 0 0 826620 34 0
fn=PyObject_IsTrue
0 27985687 1181287 95233 2890175 408091 94266 1089602 208 178
fn=PyObject_LengthHint
0 1365053 220360 71544 502447 56886 8303 297466 28 1
fn=PyObject_Malloc
0 240689482 7950098 41163 77283392 6670474 797327 37219186 1998662 493413
fn=PyObject_Realloc
0 9006874 637896 21289 2066444 91399 724 774780 193 3
fn=PyObject_Repr
0 13300 174 63 4180 53 4 2280 0 0
fn=PyObject_RichCompare
0 7467442 552960 29924 2268985 121652 2407 1610018 7897 5
fn=PyObject_RichCompareBool
0 113976544 2019799 42270 33223756 1108742 316622 22520335 49915 738
fn=PyObject_SelfIter
0 251460 30010 5825 75438 0 0 75438 1 0
fn=PyObject_SetAttr
0 14424645 695462 89865 4887819 276480 159271 1971671 5169 10
fn=PyObject_SetAttrString
0 28560 322 153 8160 224 81 5100 0 0
fn=PyObject_SetItem
0 1117374 144501 75962 372458 94178 41176 212396 38 1
fn=PyObject_Size
0 726380 57875 730 217914 95168 41298 0 0 0
fn=PyObject_Str
0 105751 7496 1760 29645 209 44 21106 51 0
fn=PyObject_Type
0 42686 2016 123 15520 90 3 7763 0 0
fn=PyObject_Vectorcall
0 39052343 1472287 63062 13699326 3543468 373629 5752848 163519 452
fn=PyObject_VectorcallDict
0 183207 14912 3580 70423 3855 80 43858 300 27
fn=PyObject_VectorcallMethod
0 1241588 34290 6130 429722 25335 5706 227619 133 2
fn=PyPreConfig_InitPythonConfig
0 28 1 1 6 1 1 10 0 0
fn=PyRun_StringFlags
0 2700 255 171 396 50 11 396 68 32
fn=PySeqIter_New
0 1270430 108558 57652 326682 5000 0 362980 5624 138
fn=PySequence_Check
0 5641230 646408 4039 2417670 343055 17565 805890 34425 0
fn=PySequence_Concat
0 13110 1380 93 4140 1064 44 2070 2 0
fn=PySequence_Contains
0 1128170 37244 806 338451 128500 7424 0 0 0
fn=PySequence_DelItem
0 714 68 63 272 68 20 170 0 0
fn=PySequence_Fast
0 16050085 1226013 22783 3703914 641 0 3085639 26 0
fn=PySequence_GetItem
0 7690977 183535 94318 2929896 1317 69 1831185 529 0
fn=PySequence_GetSlice
0 875 54 43 250 21 0 150 0 0
fn=PySequence_List
0 90762 8628 1166 21610 92 4 17288 0 0
fn=PySequence_SetItem
0 3240 300 5 1260 91 38 720 0 0
fn=PySequence_Size
0 9972716 294891 10017 3835660 7145 107 1534264 4 0
fn=PySequence_Tuple
0 3940872 309570 205997 901800 998 75 518643 300 0
fn=PySet_Add
0 415769 12068 1904 134881 1408 92 91078 210 0
fn=PySet_Clear
0 928 116 32 232 42 21 174 0 0
fn=PySet_Contains
0 797265 42166 1356 262075 26429 6697 159486 0 0
fn=PySet_Discard
0 28487 161 155 11239 120 106 7176 4 4
fn=PySet_New
0 49592 1381 657 10176 493 218 16960 8 0
fn=PySet_Size
0 2601 238 78 918 0 0 612 0 0
fn=PySlice_AdjustIndices
0 1441783 139395 112670 284932 0 0 168393 0 0
fn=PySlice_New
0 138744 9803 5876 49020 2985 759 41279 267 0
fn=PySlice_Unpack
0 2161747 202954 162138 635234 0 0 566447 1811 83
fn=PyStaticMethod_New
0 1501 158 88 316 0 0 395 0 0
fn=PyStatus_Ok
0 8 2 2 2 0 0 6 1 0
fn=PyStructSequence_InitType2
0 216 13 7 40 10 8 38 10 10
fn=PyStructSequence_New
0 135840 10113 2545 16980 0 0 20376 0 0
fn=PyStructSequence_NewType
0 70 8 4 20 0 0 20 0 0
fn=PySymtable_Lookup
0 4650 428 182 1085 76 0 930 0 0
fn=PySys_Audit
0 3808560 128230 7716 544080 0 0 2502768 42817 12
fn=PySys_GetObject
0 33466 772 683 9232 98 1 5770 2 2
fn=PySys_SetObject
0 42 6 2 12 0 0 6 2 0
fn=PyThreadState_Clear
0 56 4 4 23 2 2 9 0 0
fn=PyThreadState_Get
0 70 10 10 10 0 0 0 0 0
fn=PyThreadState_GetDict
0 579 18 4 180 2 0 109 0 0
fn=PyThreadState_GetFrame
0 29 3 3 10 2 1 3 0 0
fn=PyThread_GetInfo
0 63 6 5 8 2 1 7 0 0
fn=PyThread_acquire_lock
0 287392 13481 1626 35948 0 0 35948 336 11
fn=PyThread_acquire_lock_timed
0 159119 13831 6208 27673 0 0 27672 0 0
fn=PyThread_allocate_lock
0 58466 4105 1182 11136 257 2 8352 0 0
fn=PyThread_free_lock
0 38864 3642 2711 8328 0 0 8328 0 0
fn=PyThread_get_thread_ident
0 9026173 915900 32521 2777284 317888 1512 2082963 3208 48
fn=PyThread_get_thread_native_id
0 26 4 4 6 0 0 4 0 0
fn=PyThread_init_thread
0 52 7 5 16 2 1 15 0 0
fn=PyThread_release_lock
0 99560 9477 1396 24890 0 0 24890 1 0
fn=PyThread_tss_create
0 36 1 1 8 1 1 8 0 0
fn=PyThread_tss_delete
0 28 2 2 10 0 0 8 0 0
fn=PyThread_tss_get
0 462 35 10 198 37 3 132 0 0
fn=PyThread_tss_is_created
0 28 0 0 12 0 0 8 0 0
fn=PyThread_tss_set
0 20 2 2 6 1 1 4 0 0
fn=PyTraceBack_Here
0 449349 31231 10511 107648 12 0 106783 14 1
fn=PyTraceMalloc_Track
0 26487311 3711782 6016 11152552 0 0 9758483 0 0
fn=PyTraceMalloc_Untrack
0 22305104 1395423 3654 8364414 1052 2 6970345 51 0
fn=PyTuple_GetItem
0 640170 30139 6131 256068 1391 203 85356 8 0
fn=PyTuple_GetSlice
0 3467344 120557 8968 1116823 21842 486 739880 10 0
fn=PyTuple_New
0 44259928 2231597 26115 14033159 2017201 205714 10735473 698812 52067
fn=PyTuple_Pack
0 10891367 768031 66974 3087650 243676 53278 3526385 2883 3
fn=PyTuple_SetItem
0 8316 22 11 2646 2 1 1134 0 0
fn=PyTuple_Size
0 442848 52856 36268 221424 27494 8744 0 0 0
fn=PyType_FromMetaclass
0 112 16 4 32 0 0 32 1 0
fn=PyType_FromModuleAndSpec
0 912 97 34 152 0 0 152 3 0
fn=PyType_FromSpec
0 154 14 5 28 0 0 28 4 0
fn=PyType_FromSpecWithBases
0 121 22 8 22 0 0 22 0 0
fn=PyType_GenericAlloc
0 92576394 8005463 18379 26163454 602554 91980 17098752 1361015 144976
fn=PyType_GenericNew
0 661781 29982 4373 185513 3896 1872 133992 314 6
fn=PyType_GetModule
0 44946 8131 410 16344 4337 1473 8172 1 0
fn=PyType_GetModuleByDef
0 15165 1999 1689 6066 1655 941 0 0 0
fn=PyType_GetSlot
0 1080 38 14 216 35 19 0 0 0
fn=PyType_IsSubtype
0 204801987 4021023 1461 49767244 4162978 500658 13534954 39038 3233
fn=PyType_Modified
0 3359 311 197 1209 164 116 955 68 21
fn=PyType_Ready
0 1567 206 35 378 66 36 356 0 0
fn=PyUnicode_Append
0 51250 2429 373 14214 58 5 7753 6 1
fn=PyUnicode_AppendAndDel
0 22 4 4 6 0 0 6 0 0
fn=PyUnicode_AsASCIIString
0 130405 23700 6218 47420 3 3 0 0 0
fn=PyUnicode_AsEncodedString
0 8648 427 279 2001 298 120 729 0 0
fn=PyUnicode_AsUCS4
0 9226 28 14 882 211 104 3386 836 835
fn=PyUnicode_AsUTF8
0 1496526 151213 42310 581982 118856 74148 249420 83 0
fn=PyUnicode_AsUTF8AndSize
0 4090159 525124 26157 1422664 1644 432 711332 37527 973
fn=PyUnicode_AsUTF8String
0 160 20 2 40 0 0 40 0 0
fn=PyUnicode_AsWideCharString
0 8477 376 51 1896 23 1 1674 43 8
fn=PyUnicode_Compare
0 8590 1718 1656 3436 276 15 0 0 0
fn=PyUnicode_CompareWithASCIIString
0 15936 718 430 3984 299 76 2988 0 0
fn=PyUnicode_Concat
0 1729252 65125 5326 398162 10202 3937 318066 8245 1752
fn=PyUnicode_Contains
0 2321978 49590 3900 639045 29153 3848 231005 0 0
fn=PyUnicode_Decode
0 2820 151 92 596 48 28 247 0 0
fn=PyUnicode_DecodeASCII
0 2630 32 32 474 2 1 606 1 0
fn=PyUnicode_DecodeFSDefault
0 416 12 12 144 8 4 64 0 0
fn=PyUnicode_DecodeFSDefaultAndSize
0 110807 424 407 35445 297 3 1720 0 0
fn=PyUnicode_DecodeLocale
0 25467 2612 832 5224 0 0 3265 0 0
fn=PyUnicode_DecodeUTF8
0 667656 37253 1086 148368 0 0 148368 72 31
fn=PyUnicode_DecodeUTF8Stateful
0 270 54 8 60 0 0 60 0 0
fn=PyUnicode_EncodeFSDefault
0 280 40 36 100 40 0 0 0 0
fn=PyUnicode_FSConverter
0 234260 15305 2190 71154 8539 898 35589 547 3
fn=PyUnicode_FSDecoder
0 6384 504 132 1428 84 22 504 1 0
fn=PyUnicode_FindChar
0 2779004 138058 62104 436061 289 179 189820 183 163
fn=PyUnicode_Format
0 149816 3394 422 33694 162 26 25907 20 0
fn=PyUnicode_FromEncodedObject
0 396 31 20 144 8 2 90 1 0
fn=PyUnicode_FromFormat
0 458664 47419 4663 63264 1 0 379584 15 0
fn=PyUnicode_FromFormatV
0 83738131 3801493 592765 17685763 284413 57499 4331465 15858 952
fn=PyUnicode_FromKindAndData
0 17657489 79159 7912 2632741 147708 143855 1227030 21378 12110
fn=PyUnicode_FromOrdinal
0 13072 69 11 2136 359 306 1602 0 0
fn=PyUnicode_FromString
0 313515 16667 4224 62703 0 0 62703 324 91
fn=PyUnicode_FromStringAndSize
0 200245 31295 7347 36408 2 0 36406 289 79
fn=PyUnicode_FromWideChar
0 260790 9162 2697 43120 16 0 19849 517 20
fn=PyUnicode_GetLength
0 198 30 23 99 0 0 0 0 0
fn=PyUnicode_InternFromString
0 504210 9749 1717 124269 3169 899 60445 7 1
fn=PyUnicode_InternInPlace
0 15458943 431833 114846 6150107 150435 66907 3021553 2936 177
fn=PyUnicode_IsIdentifier
0 10222 165 117 2505 91 64 876 0 0
fn=PyUnicode_Join
0 504 36 12 162 0 0 90 0 0
fn=PyUnicode_New
0 356015 8510 2512 59851 85 6 90390 785 359
fn=PyUnicode_Partition
0 9411 769 38 2541 157 6 1347 0 0
fn=PyUnicode_RPartition
0 2846665 195912 15483 574505 36193 2349 498703 34125 244
fn=PyUnicode_RichCompare
0 32165714 152295 53308 8960893 149053 61791 2901303 35500 1
fn=PyUnicode_Split
0 318422 48327 5687 146964 29322 12232 48988 0 0
fn=PyUnicode_Splitlines
0 33041 9 9 8922 66 2 362 49 39
fn=PyUnicode_Substring
0 1905643 160635 22505 325538 1534 229 300126 11649 2796
fn=PyUnicode_Tailmatch
0 30 3 3 9 0 0 7 0 0
fn=PyUnstable_Code_NewWithPosOnlyArgs
0 1968 27 27 708 4 0 575 0 0
fn=PyUnstable_InterpreterFrame_GetLine
0 11 1 1 4 0 0 2 0 0
fn=PyVectorcall_Call
0 328 26 14 112 14 5 64 0 0
fn=PyVectorcall_Function
0 43637 2526 523 23798 7423 2146 7934 0 0
fn=PyWeakref_GetObject
0 6213 185 97 1962 308 183 981 0 0
fn=PyWeakref_NewProxy
0 6059 581 579 1411 101 0 1494 6 0
fn=PyWeakref_NewRef
0 737515 44387 5662 258497 17766 3908 160990 928 101
fn=Py_BuildValue
0 23820 1330 414 3176 0 0 19056 0 0
fn=Py_BytesMain
0 13 3 3 2 1 1 6 0 0
fn=Py_CompileStringObject
0 3444 504 83 756 104 0 672 0 0
fn=Py_DecodeLocale
0 843 40 15 172 3 1 99 0 0
fn=Py_EnterRecursiveCall
0 16620 1390 1196 2770 0 0 1385 0 0
fn=Py_FinalizeEx
0 88 13 9 21 7 7 11 4 3
fn=Py_GETENV
0 10 1 1 3 1 0 2 0 0
fn=Py_GenericAlias
0 2714 136 32 590 0 0 590 0 0
fn=Py_GetBuildInfo
0 30 3 2 4 0 0 4 0 0
fn=Py_GetCompiler
0 8 1 1 2 0 0 2 0 0
fn=Py_GetCopyright
0 8 1 1 2 0 0 2 0 0
fn=Py_GetPlatform
0 8 0 0 2 0 0 2 0 0
fn=Py_GetVersion
0 9 1 1 2 0 0 2 0 0
fn=Py_InitializeFromConfig
0 33 5 5 10 1 1 9 1 1
fn=Py_LeaveRecursiveCall
0 19390 696 686 5540 0 0 4155 0 0
fn=Py_MakePendingCalls
0 24 2 2 7 0 0 3 0 0
fn=Py_RunMain
0 212 21 19 46 16 8 18 5 3
fn=SHA1_Init
0 24 2 2 3 1 0 9 0 0
fn=SHA224_Init
0 24 3 3 4 1 1 10 0 0
fn=SHA256_Init
0 24 2 1 4 1 0 10 0 0
fn=SHA384_Init
0 25 3 3 7 2 2 9 0 0
fn=SHA512_Init
0 25 2 1 7 2 2 9 0 0
fn=SIDX_Version
0 314 24 24 90 12 12 90 5 0
fn=SpatialIndex::Point::Point()
0 16 2 1 2 1 0 8 0 0
fn=SpatialIndex::Point::Point(double const*, unsigned int)
0 7011 738 738 1476 369 368 2952 0 0
fn=SpatialIndex::Point::getDimension() const
0 738 369 369 369 0 0 0 0 0
fn=SpatialIndex::Point::getMBR(SpatialIndex::Region&) const
0 8487 738 738 3321 737 343 1845 368 0
fn=SpatialIndex::Point::makeDimension(unsigned int)
0 4098 8 8 2040 0 0 1638 0 0
fn=SpatialIndex::Point::~Point()
0 6678 740 740 1855 357 15 1855 0 0
fn=SpatialIndex::RTree::BulkLoader::bulkLoadUsingSTR(SpatialIndex::RTree::RTree*, SpatialIndex::IDataStream&, unsigned int, unsigned int, unsigned int, unsigned int)
0 1386 150 113 402 155 36 114 13 11
fn=SpatialIndex::RTree::BulkLoader::createLevel(SpatialIndex::RTree::RTree*, std::shared_ptr<SpatialIndex::RTree::ExternalSorter>, unsigned int, unsigned int, unsigned int, unsigned int, std::shared_ptr<SpatialIndex::RTree::ExternalSorter>, unsigned int, unsigned int)
0 622 24 22 176 9 2 108 0 0
fn=SpatialIndex::RTree::BulkLoader::createNode(SpatialIndex::RTree::RTree*, std::vector<SpatialIndex::RTree::ExternalSorter::Record*, std::allocator<SpatialIndex::RTree::ExternalSorter::Record*> >&, unsigned int)
0 646 8 8 316 33 2 42 0 0
fn=SpatialIndex::RTree::Data::Data(unsigned int, unsigned char*, SpatialIndex::Region&, long)
0 3436906 9178 7452 948112 4218 1371 1422168 21097 11605
fn=SpatialIndex::RTree::Data::clone()
0 380192 866 776 166334 28081 148 95048 0 0
fn=SpatialIndex::RTree::Data::getData(unsigned int&, unsigned char**) const
0 201977 23762 10685 83167 11881 8175 83167 0 0
fn=SpatialIndex::RTree::Data::~Data()
0 2110322 8746 6276 663946 78241 5945 663946 421 0
fn=SpatialIndex::RTree::ExternalSorter::ExternalSorter(unsigned int, unsigned int)
0 60 4 4 4 4 4 52 4 4
fn=SpatialIndex::RTree::ExternalSorter::Record::Record(SpatialIndex::Region const&, long, unsigned int, unsigned char*, unsigned int)
0 640 64 4 224 0 0 352 6 4
fn=SpatialIndex::RTree::ExternalSorter::Record::operator<(SpatialIndex::RTree::ExternalSorter::Record const&) const
0 1824 2 2 1140 62 24 0 0 0
fn=SpatialIndex::RTree::ExternalSorter::Record::~Record()
0 320 2 2 128 1 0 96 0 0
fn=SpatialIndex::RTree::ExternalSorter::getNextRecord()
0 736 8 8 318 6 6 188 0 0
fn=SpatialIndex::RTree::ExternalSorter::insert(SpatialIndex::RTree::ExternalSorter::Record*)
0 1008 120 108 492 64 44 360 20 11
fn=SpatialIndex::RTree::ExternalSorter::sort()
0 80 12 12 24 0 0 20 0 0
fn=SpatialIndex::RTree::ExternalSorter::~ExternalSorter()
0 434 14 14 86 8 0 68 0 0
fn=SpatialIndex::RTree::Index::Index(SpatialIndex::RTree::RTree*, long, unsigned int)
0 56 8 6 20 4 3 20 0 0
fn=SpatialIndex::RTree::Index::adjustTree(SpatialIndex::RTree::Node*, SpatialIndex::RTree::Node*, std::stack<long, std::deque<long, std::allocator<long> > >&, unsigned char*)
0 831 27 27 297 7 3 101 0 0
fn=SpatialIndex::RTree::Index::adjustTree(SpatialIndex::RTree::Node*, std::stack<long, std::deque<long, std::allocator<long> > >&, bool)
0 25576 745 470 9386 59 24 3088 0 0
fn=SpatialIndex::RTree::Index::chooseSubtree(SpatialIndex::Region const&, unsigned int, std::stack<long, std::deque<long, std::allocator<long> > >&)
0 34532 3655 2683 12028 1053 268 8148 425 0
fn=SpatialIndex::RTree::Index::findLeastOverlap(SpatialIndex::Region const&) const
0 240939 6352 5593 79356 681 389 59929 1517 1043
fn=SpatialIndex::RTree::Index::~Index()
0 60 2 2 16 1 1 20 0 0
fn=SpatialIndex::RTree::Leaf::Leaf(SpatialIndex::RTree::RTree*, long)
0 165 10 6 55 16 3 55 0 0
fn=SpatialIndex::RTree::Leaf::chooseSubtree(SpatialIndex::Region const&, unsigned int, std::stack<long, std::deque<long, std::allocator<long> > >&)
0 3912 369 369 489 0 0 1956 268 0
fn=SpatialIndex::RTree::Leaf::split(unsigned int, unsigned char*, SpatialIndex::Region&, long, Tools::PoolPointer<SpatialIndex::RTree::Node>&, Tools::PoolPointer<SpatialIndex::RTree::Node>&)
0 9112 90 87 6256 551 2 603 8 0
fn=SpatialIndex::RTree::Leaf::~Leaf()
0 138 16 14 35 5 2 46 0 0
fn=SpatialIndex::RTree::Node::Node(SpatialIndex::RTree::RTree*, long, unsigned int, unsigned int)
0 7905 80 49 210 33 13 3375 672 522
fn=SpatialIndex::RTree::Node::ReinsertEntry::compareReinsertEntry(void const*, void const*)
0 17104 8 8 8552 360 0 0 0 0
fn=SpatialIndex::RTree::Node::RstarSplitEntry::compareHigh(void const*, void const*)
0 117572 4 2 83980 4313 0 0 0 0
fn=SpatialIndex::RTree::Node::RstarSplitEntry::compareLow(void const*, void const*)
0 90090 8 8 64350 3511 0 0 0 0
fn=SpatialIndex::RTree::Node::insertData(unsigned int, unsigned char*, SpatialIndex::Region&, long, std::stack<long, std::deque<long, std::allocator<long> > >&, unsigned char*)
0 78929 3194 2473 29880 4254 65 15144 587 336
fn=SpatialIndex::RTree::Node::insertEntry(unsigned int, unsigned char*, SpatialIndex::Region&, long)
0 90482 3283 2978 36974 1092 772 30833 342 248
fn=SpatialIndex::RTree::Node::loadFromByteArray(unsigned char const*)
0 102521184 476885 322070 43567855 1225465 613128 18371997 372925 262171
fn=SpatialIndex::RTree::Node::reinsertData(unsigned int, unsigned char*, SpatialIndex::Region&, long, std::vector<unsigned int, std::allocator<unsigned int> >&, std::vector<unsigned int, std::allocator<unsigned int> >&)
0 29391 86 86 10000 785 18 3313 67 59
fn=SpatialIndex::RTree::Node::rstarSplit(unsigned int, unsigned char*, SpatialIndex::Region&, long, std::vector<unsigned int, std::allocator<unsigned int> >&, std::vector<unsigned int, std::allocator<unsigned int> >&)
0 434416 120 120 156224 24820 9 4540 572 64
fn=SpatialIndex::RTree::Node::storeToByteArray(unsigned char**, unsigned int&)
0 1341001 3019 2614 543066 64384 4 78759 4430 659
fn=SpatialIndex::RTree::Node::~Node()
0 26054 60 49 7932 649 533 1262 50 50
fn=SpatialIndex::RTree::RTree::RTree(SpatialIndex::IStorageManager&, Tools::PropertySet&)
0 582 48 39 75 11 7 249 27 18
fn=SpatialIndex::RTree::RTree::deleteNode(SpatialIndex::RTree::Node*)
0 58 6 6 32 4 0 16 0 0
fn=SpatialIndex::RTree::RTree::initNew(Tools::PropertySet&)
0 1642 114 114 307 35 22 380 0 0
fn=SpatialIndex::RTree::RTree::insertData(unsigned int, unsigned char const*, SpatialIndex::IShape const&, long)
0 31734 3172 2953 11437 3378 2217 6641 342 3
fn=SpatialIndex::RTree::RTree::insertData_impl(unsigned int, unsigned char*, SpatialIndex::Region&, long)
0 32072 2536 2214 10802 1852 378 7213 369 0
fn=SpatialIndex::RTree::RTree::insertData_impl(unsigned int, unsigned char*, SpatialIndex::Region&, long, unsigned int, unsigned char*)
0 105957 937 37 45200 2422 6 2880 237 0
fn=SpatialIndex::RTree::RTree::intersectsWithQuery(SpatialIndex::IShape const&, SpatialIndex::IVisitor&)
0 833844 113706 87429 303216 75804 71848 189510 0 0
fn=SpatialIndex::RTree::RTree::nearestNeighborQuery(unsigned int, SpatialIndex::IShape const&, SpatialIndex::IVisitor&, SpatialIndex::INearestNeighborComparator&, double)
0 11475352 23450 20738 4407656 217656 3145 2249668 44596 22612
fn=SpatialIndex::RTree::RTree::nearestNeighborQuery(unsigned int, SpatialIndex::IShape const&, SpatialIndex::IVisitor&, double)
0 30310 2603 2599 11258 4216 1229 6928 0 0
fn=SpatialIndex::RTree::RTree::rangeQuery(SpatialIndex::RTree::RangeQueryType, SpatialIndex::IShape const&, SpatialIndex::IVisitor&)
0 16554041 425733 198832 5995057 346628 40859 1461431 218679 37016
fn=SpatialIndex::RTree::RTree::readNode(long)
0 3671185 281426 69909 1352396 358512 137515 1352438 116972 2519
fn=SpatialIndex::RTree::RTree::storeHeader()
0 501 37 32 177 24 19 137 7 5
fn=SpatialIndex::RTree::RTree::writeNode(SpatialIndex::RTree::Node*)
0 25930 2305 1870 12350 3554 389 4950 1 0
fn=SpatialIndex::RTree::RTree::~RTree()
0 6337 53 53 2519 419 345 442 4 2
fn=SpatialIndex::RTree::Statistics::Statistics()
0 45 6 6 12 3 3 21 6 4
fn=SpatialIndex::RTree::Statistics::reset()
0 36 3 3 6 0 0 21 1 0
fn=SpatialIndex::RTree::Statistics::~Statistics()
0 24 3 2 6 4 2 3 3 3
fn=SpatialIndex::RTree::createAndBulkLoadNewRTree(SpatialIndex::RTree::BulkLoadMethod, SpatialIndex::IDataStream&, SpatialIndex::IStorageManager&, Tools::PropertySet&, long&)
0 676 50 48 140 14 12 154 1 0
fn=SpatialIndex::RTree::createNewRTree(SpatialIndex::IStorageManager&, double, unsigned int, unsigned int, unsigned int, SpatialIndex::RTree::RTreeVariant, long&)
0 500 40 32 90 4 0 128 3 1
fn=SpatialIndex::RTree::returnRTree(SpatialIndex::IStorageManager&, Tools::PropertySet&)
0 45 9 6 12 1 0 12 0 0
fn=SpatialIndex::Region::Region()
0 3648 278 255 456 150 0 2280 179 76
fn=SpatialIndex::Region::Region(SpatialIndex::Region const&)
0 1185460 20657 4 474184 130668 145 592730 48836 33492
fn=SpatialIndex::Region::Region(double const*, double const*, unsigned int)
0 313336 78334 46737 39167 39166 1098 195835 28449 14351
fn=SpatialIndex::Region::combineRegion(SpatialIndex::Region const&)
0 4378944 1818 1796 1187730 45964 26 274452 0 0
fn=SpatialIndex::Region::containsRegion(SpatialIndex::Region const&) const
0 26663 1464 1105 11558 1049 0 0 0 0
fn=SpatialIndex::Region::getArea() const
0 78456 780 537 25218 0 0 0 0 0
fn=SpatialIndex::Region::getCenter(SpatialIndex::Point&) const
0 20808 13 12 6936 465 4 2856 6 6
fn=SpatialIndex::Region::getCombinedRegion(SpatialIndex::Region&, SpatialIndex::Region const&) const
0 60646 2080 1601 24817 1774 1130 8124 0 0
fn=SpatialIndex::Region::getDimension() const
0 79268 38768 35904 39634 0 0 0 0 0
fn=SpatialIndex::Region::getIntersectingArea(SpatialIndex::Region const&) const
0 89194 279 159 29626 12 0 0 0 0
fn=SpatialIndex::Region::getMargin() const
0 44160 9 9 14352 32 0 3312 46 0
fn=SpatialIndex::Region::getMinimumDistance(SpatialIndex::IShape const&) const
0 2269656 2423 1706 851121 6106 131 472845 1 0
fn=SpatialIndex::Region::getMinimumDistance(SpatialIndex::Region const&) const
0 5197235 3908 2598 1452102 3418 1 0 0 0
fn=SpatialIndex::Region::initialize(double const*, double const*, unsigned int)
0 3311973 78463 16875 946278 0 0 1103991 399 0
fn=SpatialIndex::Region::intersectsRegion(SpatialIndex::Region const&) const
0 15561642 77177 13683 6976688 251976 36 0 0 0
fn=SpatialIndex::Region::intersectsShape(SpatialIndex::IShape const&) const
0 16947024 75804 71991 6355134 117851 81969 3530630 0 0
fn=SpatialIndex::Region::makeInfinite(unsigned int)
0 990 49 35 162 11 5 270 0 0
fn=SpatialIndex::Region::operator=(SpatialIndex::Region const&)
0 28108974 158008 108538 11923332 217510 108853 4260390 4373 323
fn=SpatialIndex::Region::touchesRegion(SpatialIndex::Region const&) const
0 5067 334 157 1588 0 0 0 0 0
fn=SpatialIndex::Region::~Region()
0 1775871 119397 39479 433788 87607 6099 433788 38148 1
fn=SpatialIndex::StorageManager::Buffer::Buffer(SpatialIndex::IStorageManager&, Tools::PropertySet&)
0 375 27 25 63 9 8 99 3 3
fn=SpatialIndex::StorageManager::Buffer::deleteByteArray(long)
0 92 6 6 38 1 0 18 0 0
fn=SpatialIndex::StorageManager::Buffer::flush()
0 295 12 8 120 38 9 30 0 0
fn=SpatialIndex::StorageManager::Buffer::loadByteArray(long, unsigned int&, unsigned char**)
0 2042779 195878 41325 935674 174876 100275 464882 38270 1
fn=SpatialIndex::StorageManager::Buffer::storeByteArray(long&, unsigned int, unsigned char const*)
0 47417 2524 2271 16446 4554 38 9319 456 0
fn=SpatialIndex::StorageManager::Buffer::~Buffer()
0 84 6 5 30 3 2 15 0 0
fn=SpatialIndex::StorageManager::MemoryStorageManager::MemoryStorageManager(Tools::PropertySet&)
0 129 12 12 27 1 1 78 6 6
fn=SpatialIndex::StorageManager::MemoryStorageManager::deleteByteArray(long)
0 58 6 6 20 3 0 16 2 0
fn=SpatialIndex::StorageManager::MemoryStorageManager::storeByteArray(long&, unsigned int, unsigned char const*)
0 1003 50 48 347 47 13 287 25 4
fn=SpatialIndex::StorageManager::MemoryStorageManager::~MemoryStorageManager()
0 250 15 10 84 19 10 27 0 0
fn=SpatialIndex::StorageManager::RandomEvictionsBuffer::RandomEvictionsBuffer(SpatialIndex::IStorageManager&, Tools::PropertySet&)
0 45 3 3 12 3 3 12 0 0
fn=SpatialIndex::StorageManager::RandomEvictionsBuffer::addEntry(long, SpatialIndex::StorageManager::Buffer::Entry*)
0 247 27 24 91 14 1 91 0 0
fn=SpatialIndex::StorageManager::RandomEvictionsBuffer::~RandomEvictionsBuffer()
0 42 6 4 12 4 4 12 0 0
fn=SpatialIndex::StorageManager::returnMemoryStorageManager(Tools::PropertySet&)
0 39 6 6 9 0 0 9 0 0
fn=SpatialIndex::StorageManager::returnRandomEvictionsBuffer(SpatialIndex::IStorageManager&, Tools::PropertySet&)
0 45 6 6 12 0 0 12 0 0
fn=Tools::EndOfStreamException::EndOfStreamException(std::string)
0 10 4 4 2 1 0 2 1 1
fn=Tools::EndOfStreamException::~EndOfStreamException()
0 32 2 2 12 2 0 8 0 0
fn=Tools::PoolPointer<SpatialIndex::RTree::Node>::release()
0 10692179 241533 170086 4334970 43181 890 1710997 47248 2
fn=Tools::PropertySet::PropertySet()
0 72 6 3 8 7 3 48 5 2
fn=Tools::PropertySet::getProperty(std::string) const
0 9365 124 22 2992 232 7 1010 0 0
fn=Tools::PropertySet::setProperty(std::string, Tools::Variant const&)
0 4845 36 10 1802 0 0 1444 2 0
fn=Tools::PropertySet::~PropertySet()
0 1291 53 33 297 69 29 117 2 0
fn=Tools::Variant::Variant()
0 249 30 1 0 0 0 83 0 0
fn=X509_get_default_cert_area
0 8 2 2 2 0 0 2 0 0
fn=_GLOBAL__sub_I_Ball.cc
0 15 1 1 4 0 0 3 0 0
fn=_GLOBAL__sub_I_BoundsQuery.cc
0 15 2 2 4 1 1 3 0 0
fn=_GLOBAL__sub_I_Buffer.cc
0 15 1 1 4 0 0 3 0 0
fn=_GLOBAL__sub_I_BulkLoader.cc
0 15 1 1 4 0 0 3 0 0
fn=_GLOBAL__sub_I_CountVisitor.cc
0 15 1 1 4 0 0 3 0 0
fn=_GLOBAL__sub_I_CustomStorage.cc
0 15 1 1 4 0 0 3 0 0
fn=_GLOBAL__sub_I_DataStream.cc
0 15 1 1 4 0 0 3 0 0
fn=_GLOBAL__sub_I_DiskStorageManager.cc
0 15 1 1 4 0 0 3 0 0
fn=_GLOBAL__sub_I_Error.cc
0 15 1 1 4 0 0 3 0 0
fn=_GLOBAL__sub_I_IdVisitor.cc
0 15 1 1 4 0 0 3 0 0
fn=_GLOBAL__sub_I_Index.cc
0 60 4 4 16 0 0 12 0 0
fn=_GLOBAL__sub_I_Leaf.cc
0 45 3 3 12 0 0 9 0 0
fn=_GLOBAL__sub_I_LeafQuery.cc
0 15 1 1 4 0 0 3 0 0
fn=_GLOBAL__sub_I_LineSegment.cc
0 15 1 1 4 0 0 3 0 0
fn=_GLOBAL__sub_I_MVRTree.cc
0 15 1 1 4 0 0 3 0 0
fn=_GLOBAL__sub_I_MemoryStorageManager.cc
0 15 1 1 4 0 0 3 0 0
fn=_GLOBAL__sub_I_MovingPoint.cc
0 15 1 1 4 0 0 3 0 0
fn=_GLOBAL__sub_I_MovingRegion.cc
0 15 1 1 4 0 0 3 0 0
fn=_GLOBAL__sub_I_Node.cc
0 45 3 3 12 0 0 9 0 0
fn=_GLOBAL__sub_I_ObjVisitor.cc
0 15 1 1 4 0 0 3 0 0
fn=_GLOBAL__sub_I_Point.cc
0 15 1 1 4 0 0 3 0 0
fn=_GLOBAL__sub_I_RTree.cc
0 15 1 1 4 0 0 3 0 0
fn=_GLOBAL__sub_I_RandomEvictionsBuffer.cc
0 15 1 1 4 0 0 3 0 0
fn=_GLOBAL__sub_I_Region.cc
0 15 1 1 4 0 0 3 0 0
fn=_GLOBAL__sub_I_SpatialIndexImpl.cc
0 15 1 1 4 0 0 3 0 0
fn=_GLOBAL__sub_I_Statistics.cc
0 45 3 3 12 0 0 9 0 0
fn=_GLOBAL__sub_I_TPRTree.cc
0 15 0 0 4 0 0 3 0 0
fn=_GLOBAL__sub_I_TimePoint.cc
0 15 1 1 4 0 0 3 0 0
fn=_GLOBAL__sub_I_TimeRegion.cc
0 15 1 1 4 0 0 3 0 0
fn=_GLOBAL__sub_I_Tools.cc
0 15 1 1 4 0 0 3 0 0
fn=_GLOBAL__sub_I_Utility.cc
0 15 1 1 4 0 0 3 0 0
fn=_GLOBAL__sub_I_sidx_api.cc
0 15 1 1 4 0 0 3 0 0
fn=_PyAST_Compile
0 26488 2620 1050 6048 1127 62 5492 37 0
fn=_PyArena_AddPyObject
0 104520 3042 135 37530 77 1 26500 0 0
fn=_PyArena_Free
0 2919 346 131 1053 393 64 633 0 0
fn=_PyArena_Malloc
0 454243 895 144 185451 145 0 103364 1327 423
fn=_PyArena_New
0 3630 363 180 484 0 0 1331 39 10
fn=_PyArg_ParseTupleAndKeywords_SizeT
0 4081890 223675 100777 480588 199 0 2280684 748 3
fn=_PyArg_ParseTuple_SizeT
0 2387378 181100 38335 351085 7702 12 1474557 26693 425
fn=_PyArg_UnpackKeywords
0 44316 3094 2706 12306 1792 1571 7000 4 0
fn=_PyArg_UnpackKeywordsWithVararg
0 32124 2491 1612 6760 518 350 6547 11 0
fn=_PyArg_UnpackStack
0 31467 2317 482 3253 0 0 15469 7 0
fn=_PyArgv_AsWstrList
0 171 9 3 63 2 0 57 3 0
fn=_PyBytesWriter_Alloc
0 62 6 6 10 0 0 14 0 0
fn=_PyBytesWriter_Dealloc
0 15 2 2 4 0 0 4 0 0
fn=_PyBytesWriter_Finish
0 1153 101 15 209 23 1 231 8 4
fn=_PyBytesWriter_Init
0 243 27 5 54 0 0 189 17 2
fn=_PyBytesWriter_Prepare
0 550 50 6 150 0 0 125 0 0
fn=_PyBytesWriter_Resize
0 72 6 6 24 0 0 18 2 0
fn=_PyBytes_Repeat
0 48 9 9 15 0 0 12 0 0
fn=_PyBytes_Resize
0 71838 4413 3919 20262 420 3 16266 47 35
fn=_PyCode_ConstantKey
0 122458 1447 534 19169 342 130 14064 42 0
fn=_PyCode_New
0 8536688 96877 28079 2084255 120259 11195 890221 43919 40056
fn=_PyCode_Validate
0 1960296 20057 8292 825522 11506 454 38590 3668 269
fn=_PyCodecInfo_GetIncrementalDecoder
0 40 5 5 10 0 0 10 0 0
fn=_PyCodecInfo_GetIncrementalEncoder
0 24 3 2 6 0 0 6 0 0
fn=_PyCodec_Lookup
0 197 18 18 51 9 4 25 2 2
fn=_PyCodec_LookupTextEncoding
0 608 40 30 160 15 11 80 0 0
fn=_PyConfig_AsDict
0 926 62 62 140 10 6 19 0 0
fn=_PyConfig_FromDict
0 552 35 35 51 3 0 7 0 0
fn=_PyConfig_InitCompatConfig
0 93 4 2 15 2 1 45 0 0
fn=_PyDict_Contains_KnownHash
0 57946 946 210 8278 0 0 8278 0 0
fn=_PyDict_DelItemIf
0 152020 11056 6750 40078 747 0 27640 242 0
fn=_PyDict_DelItem_KnownHash
0 100620 7941 5524 31177 854 29 20554 0 0
fn=_PyDict_GetItemStringWithError
0 73122 2010 1608 17410 391 26 8705 154 129
fn=_PyDict_GetItemWithError
0 38050 4373 2146 13698 2437 469 6088 15 1
fn=_PyDict_GetItem_KnownHash
0 8931624 94692 9667 3721510 106577 29894 1488604 1174 45
fn=_PyDict_HasOnlyStringKeys
0 192 16 12 64 0 0 48 0 0
fn=_PyDict_MaybeUntrack
0 951730 101 101 309018 38344 37830 127806 319 29
fn=_PyDict_MergeEx
0 806768 60375 6350 201692 0 0 100846 46 0
fn=_PyDict_NewPresized
0 80 6 6 10 0 0 6 0 0
fn=_PyDict_Next
0 3345 66 33 1222 79 0 498 0 0
fn=_PyDict_SetItem_KnownHash
0 10392 1027 234 2520 244 12 708 0 0
fn=_PyErr_ChainExceptions1
0 2598 866 810 0 0 0 0 0 0
fn=_PyErr_ChainStackItem
0 9860 493 493 3451 0 0 1972 0 0
fn=_PyErr_CheckSignalsTstate
0 13 2 2 5 1 0 4 0 0
fn=_PyErr_Clear
0 12183 1623 1298 3250 1 0 3250 0 0
fn=_PyErr_ExceptionMatches
0 23510 2438 1995 9724 1 0 3240 0 0
fn=_PyErr_Format
0 58 6 6 8 0 0 44 1 0
fn=_PyErr_GetTopmostException
0 26 4 4 8 0 0 4 0 0
fn=_PyErr_SetKeyError
0 143304 9844 3498 35826 4898 1385 25590 0 0
fn=_PyErr_SetObject
0 10530876 1032379 97531 3936213 415940 66131 1746892 3 0
fn=_PyEval_EvalFrameDefault
0 1308069424 58650035 3201796 367465837 40413271 7000179 174061561 2113419 73341
fn=_PyEval_GetBuiltin
0 23 3 3 6 0 0 5 0 0
fn=_PyEval_MakePendingCalls
0 23 2 2 7 0 0 3 0 0
fn=_PyEval_SliceIndex
0 625011 18287 2598 172281 9057 630 106855 640 0
fn=_PyFloat_FormatAdvancedWriter
0 216 24 4 30 0 0 24 0 0
fn=_PyFunction_Vectorcall
0 12065020 724062 35281 3016255 652223 187834 1206502 2140 22
fn=_PyGen_FetchStopIterationValue
0 88 12 12 24 0 0 20 0 0
fn=_PyGen_Finalize
0 211448 19339 8255 79424 4557 532 55602 0 0
fn=_PyImport_CheckSubinterpIncompatibleExtensionAllowed
0 108 12 7 24 6 3 18 0 0
fn=_PyImport_FixupBuiltin
0 60 6 3 12 0 0 10 0 0
fn=_PyImport_FixupExtensionObject
0 175 15 15 42 3 0 42 0 0
fn=_PyImport_GetModuleAttrString
0 37193 2594 2420 7785 37 3 7785 0 0
fn=_PyImport_IsInitialized
0 63 7 7 21 6 4 14 1 1
fn=_PyInterpreterState_Enable
0 14 1 1 4 0 0 8 0 0
fn=_PyInterpreterState_GetConfig
0 6062 289 26 1732 0 0 1732 4 1
fn=_PyInterpreterState_HasFeature
0 54 6 6 18 6 3 12 0 0
fn=_PyInterpreterState_SetNotRunningMain
0 8 2 2 2 0 0 3 1 1
fn=_PyInterpreterState_SetRunningMain
0 20 2 2 5 1 0 3 0 0
fn=_PyList_Extend
0 122280 16218 1412 40760 0 0 40760 0 0
fn=_PyLong_AsInt
0 1528353 95254 9906 453422 59008 3255 227576 40 1
fn=_PyLong_Format
0 4913 6 6 867 0 0 578 0 0
fn=_PyLong_FormatAdvancedWriter
0 7168 331 17 1632 2 2 928 2 0
fn=_PyLong_FormatWriter
0 1246 51 8 178 0 0 178 0 0
fn=_PyLong_Frexp
0 369 35 24 44 3 2 30 0 0
fn=_PyLong_FromBytes
0 7568 393 40 2064 0 0 2064 0 0
fn=_PyLong_FromTime_t
0 60498 3361 495 20166 0 0 20166 0 0
fn=_PyLong_FromUid
0 36 2 2 8 0 0 8 0 0
fn=_PyLong_GCD
0 582 45 19 91 2 0 44 0 0
fn=_PyLong_New
0 3808 230 52 595 11 0 833 8 4
fn=_PyLong_NumBits
0 3714 292 122 313 0 0 0 0 0
fn=_PyLong_Sign
0 7980 1284 640 2394 0 0 1596 0 0
fn=_PyMem_RawStrdup
0 120 5 3 35 1 0 25 0 0
fn=_PyMem_RawWcsdup
0 2272 32 12 426 0 0 284 0 0
fn=_PyMem_SetDefaultAllocator
0 364 19 13 100 2 1 74 0 0
fn=_PyMem_Strdup
0 1188730 47524 36896 356556 36926 4170 166523 28 28
fn=_PyModuleSpec_IsInitializing
0 1544842 83475 7452 402579 0 0 201732 0 0
fn=_PyModule_Add
0 168 6 4 48 0 0 48 0 0
fn=_PyModule_Clear
0 548844 16 13 131971 21931 9544 2310 2 0
fn=_PyModule_ClearDict
0 12484 9 7 2942 535 303 22 0 0
fn=_PyModule_CreateInitialized
0 467 40 34 120 29 14 84 0 0
fn=_PyNamespace_New
0 62 6 4 14 0 0 12 0 0
fn=_PyNumber_Index
0 118667 10276 3748 37605 1819 865 18387 297 75
fn=_PyOS_URandom
0 1312 128 99 352 32 7 352 32 1
fn=_PyOS_URandomNonblock
0 8 1 1 2 0 0 2 0 0
fn=_PyObject_CallFunction_SizeT
0 262899 17851 11023 63169 11113 6017 85757 164 1
fn=_PyObject_CallMethod
0 2980 259 191 704 53 21 844 1 0
fn=_PyObject_CallMethod_SizeT
0 1708 170 34 416 104 5 526 1 0
fn=_PyObject_Call_Prepend
0 1139726 88513 22754 338254 55205 22742 187464 3773 170
fn=_PyObject_ClearManagedDict
0 625090 334 270 246651 29966 11167 144730 48 4
fn=_PyObject_FastCall
0 47712 3408 1438 17040 6682 983 6816 0 0
fn=_PyObject_GC_New
0 68325275 1535617 105149 19938790 882831 192821 14703621 264952 60614
fn=_PyObject_GC_NewVar
0 4321784 118035 10145 1291279 53981 12030 970437 30722 11333
fn=_PyObject_GC_Resize
0 45120 2747 1292 11280 28 0 7050 1 0
fn=_PyObject_GenericGetAttrWithDict
0 175334929 6606149 150034 58029725 2811213 460385 34038040 223921 1192
fn=_PyObject_GenericSetAttrWithDict
0 94100 6097 900 28562 1217 148 15700 152 0
fn=_PyObject_GetMethod
0 5825933 387606 41415 1985758 166242 44919 1431913 2876 81
fn=_PyObject_HasLen
0 132 22 20 55 0 0 22 0 0
fn=_PyObject_IsAbstract
0 102281 787 572 26894 1836 299 13656 0 0
fn=_PyObject_LookupAttr
0 23699010 862783 11475 7864912 472239 46522 5254698 48766 399
fn=_PyObject_LookupSpecial
0 24736206 592422 210805 9246167 697052 139846 4116166 43410 491
fn=_PyObject_MakeTpCall
0 29843286 1394450 76877 8370232 350271 12765 6606894 2942 127
fn=_PyObject_New
0 567285 35559 6181 180290 39028 12722 154585 5 0
fn=_PyObject_NewVar
0 559584 2617 1314 173664 7582 1681 154368 6815 6402
fn=_PyObject_RealIsInstance
0 13858630 618171 67723 4184345 0 0 2210375 36799 4
fn=_PyObject_RealIsSubclass
0 1875034 188167 1997 803586 30339 581 267862 0 0
fn=_PyObject_VisitManagedDict
0 5233660 1792 1591 1767474 150041 95272 676778 3004 96
fn=_PyPathConfig_ClearGlobal
0 41 3 3 12 2 2 13 0 0
fn=_PyPreConfig_InitCompatConfig
0 96 3 1 12 0 0 66 2 1
fn=_PyRun_AnyFileObject
0 30 4 4 7 1 1 7 0 0
fn=_PyRun_SimpleFileObject
0 129 12 11 16 2 2 14 0 0
fn=_PyRuntimeState_Fini
0 224 3 3 50 3 2 40 0 0
fn=_PyRuntimeState_Init
0 176 6 6 36 3 2 49 8 4
fn=_PyRuntime_Finalize
0 11 1 1 2 0 0 3 0 0
fn=_PyRuntime_Initialize
0 22 4 2 4 1 1 7 0 0
fn=_PySet_NextEntry
0 23312 966 345 5969 156 129 3350 0 0
fn=_PySet_Update
0 2178 237 222 605 0 0 484 0 0
fn=_PySlice_FromIndices
0 700 54 45 175 0 0 125 0 0
fn=_PySlice_GetLongIndices
0 16425 1349 300 4950 54 1 3375 0 0
fn=_PyStack_AsDict
0 1548 129 30 387 0 0 258 0 0
fn=_PyStructSequence_NewType
0 1171 93 37 190 43 29 270 0 0
fn=_PySys_GetAttr
0 2548 190 176 686 1 1 490 0 0
fn=_PyThreadState_Bind
0 22 1 1 6 0 0 6 1 1
fn=_PyThreadState_DeleteExcept
0 29 3 3 14 0 0 9 0 0
fn=_PyThreadState_GetCurrent
0 212740 29998 2673 58020 0 0 38680 80 0
fn=_PyThreadState_New
0 6 0 0 2 0 0 2 0 0
fn=_PyThreadState_UncheckedGet
0 35534631 2147933 906 9691263 54 11 6460842 0 0
fn=_PyTime_Add
0 125228 17115 2223 24892 0 0 24892 0 0
fn=_PyTime_AsMicroseconds
0 69197 3458 2004 6918 0 0 6918 0 0
fn=_PyTime_AsSecondsDouble
0 120 12 10 16 0 0 16 0 0
fn=_PyTime_AsTimespec_clamp
0 236474 17709 2404 24892 0 0 49784 0 0
fn=_PyTime_FromMicrosecondsClamp
0 294096 14026 2916 24508 0 0 24508 278 8
fn=_PyTime_FromNanoseconds
0 1152 131 16 384 0 0 384 3 0
fn=_PyTime_FromSeconds
0 31140 6915 2669 6920 0 0 6920 282 0
fn=_PyTime_GetMonotonicClock
0 385826 33291 4165 49784 0 0 24892 233 9
fn=_PyTime_GetSystemClockWithInfo
0 72 9 9 21 0 0 15 0 0
fn=_PyTime_localtime
0 36 3 2 6 0 0 10 1 0
fn=_PyToken_OneChar
0 14676 718 97 3669 604 86 2446 0 0
fn=_PyToken_ThreeChars
0 55 7 5 6 0 0 6 0 0
fn=_PyToken_TwoChars
0 21146 1654 100 3654 234 51 2440 0 0
fn=_PyTrash_begin
0 32290400 1269584 424 3229040 291244 12435 3229040 0 0
fn=_PyTrash_cond
0 32310900 807030 757 12924360 0 0 6462180 4 0
fn=_PyTrash_end
0 57657627 2102049 531 19219209 308 13 16145200 1440 122
fn=_PyTuple_MaybeUntrack
0 4123963 1411 1397 1244068 63152 18246 690372 506 54
fn=_PyTuple_Resize
0 151339 8848 3240 40756 262 0 23376 7 0
fn=_PyType_CalculateMetaclass
0 25049 2461 1345 7387 1936 604 0 0 0
fn=_PyType_GetDict
0 43002048 2509061 1040 16989299 1699922 282510 6290284 19564 469
fn=_PyType_GetDocFromInternalDoc
0 4581 206 67 819 8 7 345 0 0
fn=_PyType_Lookup
0 128413601 3381210 11748 40428932 2844536 845953 21832468 210574 4757
fn=_PyType_Name
0 1274 158 34 364 8 5 273 0 0
fn=_PyUnicodeWriter_Dealloc
0 32 3 2 12 0 0 8 0 0
fn=_PyUnicodeWriter_Finish
0 25602 1901 930 5549 299 16 3394 134 0
fn=_PyUnicodeWriter_Init
0 6000 11 5 1000 0 0 3500 0 0
fn=_PyUnicodeWriter_PrepareInternal
0 10930827 750408 111934 2265690 35746 2206 2261265 232202 74132
fn=_PyUnicodeWriter_WriteASCIIString
0 3898726 145499 22338 1299554 0 0 649800 0 0
fn=_PyUnicodeWriter_WriteChar
0 118146 2653 6 43744 0 0 26244 88 55
fn=_PyUnicodeWriter_WriteStr
0 558406 7761 388 191308 353 50 95577 1 0
fn=_PyUnicode_AsUTF8String
0 8 1 1 2 0 0 2 0 0
fn=_PyUnicode_DecodeUnicodeEscapeInternal
0 1008 65 13 273 1 1 260 1 0
fn=_PyUnicode_EQ
0 34102 3138 2402 9104 1032 743 2238 1 0
fn=_PyUnicode_Equal
0 760281 43805 7714 138126 12475 2766 25580 4 0
fn=_PyUnicode_EqualToASCIIString
0 1847430 41113 26623 698400 657 59 523800 45 5
fn=_PyUnicode_FormatAdvancedWriter
0 10149 538 263 2985 0 0 2388 23 0
fn=_PyUnicode_FormatLong
0 35078 60 21 6166 2 1 5509 9 1
fn=_PyUnicode_FromASCII
0 372790 5852 2320 58198 31 1 82745 1269 475
fn=_PyUnicode_InsertThousandsGrouping
0 4096 224 7 1056 0 0 800 0 0
fn=_PyUnicode_IsAlpha
0 299 4 4 65 11 10 26 0 0
fn=_PyUnicode_IsCased
0 48921 542 542 10635 0 0 4254 0 0
fn=_PyUnicode_IsDecimalDigit
0 138 11 7 30 6 3 12 0 0
fn=_PyUnicode_IsDigit
0 4462 228 7 970 174 5 388 15 0
fn=_PyUnicode_IsLowercase
0 487071 34 12 105885 117 27 42354 0 0
fn=_PyUnicode_IsNumeric
0 46 4 4 10 0 0 4 0 0
fn=_PyUnicode_IsPrintable
0 27991 2139 63 6085 791 103 2434 0 0
fn=_PyUnicode_IsTitlecase
0 481229 44 9 104615 0 0 41846 0 0
fn=_PyUnicode_IsUppercase
0 39284 5 5 8540 0 0 3416 0 0
fn=_PyUnicode_IsXidContinue
0 52647 101 72 11445 132 92 4578 0 0
fn=_PyUnicode_IsXidStart
0 7797 305 208 1695 310 152 678 0 0
fn=_PyUnicode_JoinArray
0 2925288 143862 19564 631927 6127 1402 250667 10531 3374
fn=_PyUnicode_ToDecimalDigit
0 13104 1091 467 2806 717 398 1092 89 2
fn=_PyUnicode_ToLowerFull
0 49896 522 522 11088 50 50 5544 0 0
fn=_PyUnicode_ToLowercase
0 10675 116 38 2562 220 56 854 0 0
fn=_PyUnicode_ToTitleFull
0 7533 813 792 1674 812 812 837 0 0
fn=_PyUnicode_ToUppercase
0 5330 144 28 1230 0 0 410 0 0
fn=_PyUnicode_TransformDecimalAndSpaceToASCII
0 5699 342 113 2336 7 2 1319 74 0
fn=_PyWarnings_Init
0 8 1 1 2 0 0 2 0 0
fn=_PyWeakref_ClearRef
0 80233 306 306 32166 4349 3875 24390 268 204
fn=_PyWideStringList_AsList
0 286 11 3 103 4 2 55 0 0
fn=_PyWideStringList_Clear
0 1122 31 19 468 23 15 372 1 0
fn=_PyWideStringList_Copy
0 616 10 6 202 6 0 174 1 0
fn=_PyWideStringList_Extend
0 38 2 2 14 0 0 20 0 0
fn=_Py_BuildValue_SizeT
0 48690 4699 1194 6492 0 0 38952 31 0
fn=_Py_CheckFunctionResult
0 8350026 832992 48943 2569271 30801 93 1926639 40682 40
fn=_Py_ClearArgcArgv
0 15 2 2 2 0 0 2 0 0
fn=_Py_ClearStandardStreamEncoding
0 40 4 4 10 1 1 6 0 0
fn=_Py_CoerceLegacyLocale
0 112 13 4 18 3 1 12 0 0
fn=_Py_Dealloc
0 49452759 1025659 951 21979004 1634420 57038 10989502 46552 466
fn=_Py_DecodeLocaleEx
0 17503 1971 620 5708 3 0 5364 0 0
fn=_Py_DecodeUTF8Ex
0 56118 147 90 6812 9 5 8066 30 19
fn=_Py_EncodeLocaleEx
0 448 83 9 140 20 3 168 16 0
fn=_Py_EncodeUTF8Ex
0 14441 457 73 2127 0 0 2237 19 14
fn=_Py_FdIsInteractive
0 15 2 2 4 0 0 3 0 0
fn=_Py_GetConfig
0 184914 1950 787 41092 5 2 0 0 0
fn=_Py_GetEnv
0 144 3 3 24 0 0 24 0 0
fn=_Py_GetLocaleEncoding
0 38 4 4 8 2 2 4 0 0
fn=_Py_GetLocaleEncodingObject
0 36 4 4 6 0 0 6 0 0
fn=_Py_HashBytes
0 23228543 604664 42666 1184506 91099 13173 0 0 0
fn=_Py_HashDouble
0 21765920 598497 29483 907740 0 0 605160 0 0
fn=_Py_HashPointer
0 17171208 1187010 2192 3815824 0 0 3815824 0 0
fn=_Py_LegacyLocaleDetected
0 20 2 1 2 0 0 2 0 0
fn=_Py_NewReference
0 97034655 1811574 3368 25875908 233329 2456 25875908 469262 118713
fn=_Py_NewReferenceNoTotal
0 1933815 181408 15448 515684 153 35 515684 1 0
fn=_Py_PreInitializeFromConfig
0 1518 4 4 552 9 0 690 2 0
fn=_Py_PreInitializeFromPyArgv
0 48 3 3 13 2 1 13 1 0
fn=_Py_ResetForceASCII
0 54 2 1 12 0 0 18 1 1
fn=_Py_SetLocaleFromEnv
0 28 4 2 6 1 0 6 0 0
fn=_Py_SourceAsString
0 3332 238 112 1190 0 0 952 0 0
fn=_Py_UniversalNewlineFgetsWithSize
0 89195 577 6 16307 206 79 11581 15 2
fn=_Py_VaBuildStack
0 387072 43427 8443 110592 0 0 110592 7255 17
fn=_Py_VaBuildStack_SizeT
0 38458 3759 1897 10988 0 0 10988 58 0
fn=_Py_convert_optional_to_ssize_t
0 81 9 7 24 8 2 15 0 0
fn=_Py_dg_dtoa
0 8408359 55507 338 1756239 333 38 687955 645 17
fn=_Py_dg_freedtoa
0 54336 2430 6 13584 0 0 13584 0 0
fn=_Py_dg_strtod
0 102136 4118 362 16939 86 6 10210 48 1
fn=_Py_fopen_obj
0 59 5 5 11 0 0 8 0 0
fn=_Py_fstat_noraise
0 10368 1728 529 3456 0 0 3456 0 0
fn=_Py_get_env_flag
0 98 2 2 21 0 0 21 0 0
fn=_Py_get_xoption
0 225 9 4 105 1 0 90 0 0
fn=_Py_gitidentifier
0 8 2 2 2 0 0 2 0 0
fn=_Py_gitversion
0 8 0 0 2 0 0 2 0 0
fn=_Py_hashtable_destroy
0 62575 11 11 20741 3081 2047 12 0 0
fn=_Py_hashtable_get
0 2556262 16975 5992 1061333 146238 114926 499566 18 1
fn=_Py_hashtable_new_full
0 161 15 15 34 3 2 78 6 5
fn=_Py_hashtable_set
0 85482 98 82 26304 16 7 26280 12 10
fn=_Py_normpath
0 176 18 1 44 0 0 44 0 0
fn=_Py_parse_inf_or_nan
0 2377 149 149 624 149 147 117 0 0
fn=_Py_read
0 65550 2595 2418 17250 0 0 17250 6 1
fn=_Py_set_inheritable
0 15543 1728 1319 4316 863 850 3454 0 0
fn=_Py_string_to_number_with_underscores
0 3175 85 78 1016 0 0 1016 2 0
fn=_Py_wfopen
0 270 26 5 35 1 0 25 0 0
fn=_Py_wgetcwd
0 47 4 4 9 4 0 7 2 2
fn=_Py_wreadlink
0 144 8 7 26 3 0 22 4 3
fn=_Py_wrealpath
0 55 5 5 9 3 0 7 0 0
fn=_Py_write
0 3572 279 261 940 0 0 940 6 0
fn=_Unwind_DeleteException
0 14 2 2 2 0 0 0 0 0
fn=_Unwind_Find_FDE
0 3898 22 22 650 74 62 270 16 0
fn=_Unwind_GetCFA
0 24 2 2 8 0 0 0 0 0
fn=_Unwind_GetIPInfo
0 36 0 0 12 0 0 6 0 0
fn=_Unwind_GetLanguageSpecificData
0 18 2 2 6 0 0 0 0 0
fn=_Unwind_GetRegionStart
0 18 2 2 6 0 0 0 0 0
fn=_Unwind_RaiseException
0 264 16 16 64 2 0 52 8 0
fn=_Unwind_SetGR
0 68 2 2 16 0 0 4 0 0
fn=_Unwind_SetIP
0 6 0 0 0 0 0 2 0 0
fn=__aarch64_cas4_acq
0 47340 581 226 15780 275 22 0 0 0
fn=__aarch64_cas4_rel
0 28266 1346 13 9422 22 0 0 0 0
fn=__aarch64_cas8_acq
0 74856 18546 2276 24952 6589 1366 0 0 0
fn=__aarch64_cas8_rel
0 74670 21305 2277 24890 2469 4 0 0 0
fn=__aarch64_ldadd4_acq
0 19200 694 212 9600 403 6 0 0 0
fn=__aarch64_ldadd4_acq_rel
0 3366 54 10 1683 273 84 0 0 0
fn=__aarch64_ldadd4_relax
0 192 19 16 96 18 13 0 0 0
fn=__aarch64_ldadd8_relax
0 216 41 38 108 8 8 0 0 0
fn=__aarch64_ldset4_acq
0 9066 74 10 4533 28 1 0 0 0
fn=__aarch64_swp4_rel
0 45354 223 211 22677 0 0 0 0 0
fn=__aarch64_swp4_relax
0 9636 255 5 4818 11 0 0 0 0
fn=__aarch64_swp8_acq
0 28140 455 228 14070 492 299 0 0 0
fn=__addtf3
0 11791 230 54 237 0 0 237 0 0
fn=__arm_za_disable
0 10 4 4 2 2 2 0 0 0
fn=__cxa_allocate_exception
0 38 4 4 6 0 0 22 3 3
fn=__cxa_begin_catch
0 72 6 6 16 0 0 14 0 0
fn=__cxa_end_catch
0 48 6 6 12 0 0 6 0 0
fn=__cxa_free_exception
0 22 2 2 4 4 4 0 0 0
fn=__cxa_get_globals
0 72 6 6 18 3 3 12 0 0
fn=__cxa_get_globals_fast
0 24 2 2 6 0 0 4 0 0
fn=__cxa_init_primary_exception
0 48 2 2 6 0 0 20 0 0
fn=__cxa_throw
0 46 4 4 2 2 2 14 0 0
fn=__cxxabiv1::__class_type_info::__do_catch(std::type_info const*, void**, unsigned int) const
0 30 6 6 12 0 0 8 0 0
fn=__cxxabiv1::__si_class_type_info::__do_dyncast(long, __cxxabiv1::__class_type_info::__sub_kind, __cxxabiv1::__class_type_info const*, void const*, __cxxabiv1::__class_type_info const*, void const*, __cxxabiv1::__class_type_info::__dyncast_result&) const
0 831670 25150 3243 308906 0 0 332668 1277 1
fn=__cxxabiv1::__vmi_class_type_info::__do_dyncast(long, __cxxabiv1::__class_type_info::__sub_kind, __cxxabiv1::__class_type_info const*, void const*, __cxxabiv1::__class_type_info const*, void const*, __cxxabiv1::__class_type_info::__dyncast_result&) const
0 3564300 36011 12990 1116814 6428 2614 784146 1219 10
fn=__divtf3
0 2975 121 76 58 3 2 52 1 0
fn=__dynamic_cast
0 41864424 255862 217242 15831017 364746 51883 9092789 0 0
fn=__eqtf2
0 1283 114 14 0 0 0 0 0 0
fn=__extenddftf2
0 96 17 6 0 0 0 0 0 0
fn=__fixtfsi
0 374 44 4 33 0 0 33 0 0
fn=__fixunstfdi
0 126 15 15 9 0 0 9 0 0
fn=__floatditf
0 75 12 9 0 0 0 0 0 0
fn=__floatsitf
0 340 28 3 0 0 0 0 0 0
fn=__floatunditf
0 60 9 9 0 0 0 0 0 0
fn=__getf2
0 1439 108 12 0 0 0 0 0 0
fn=__gnu_cxx::stdio_sync_filebuf<char, std::char_traits<char> >::sync()
0 15 1 1 5 2 2 0 0 0
fn=__gnu_cxx::stdio_sync_filebuf<wchar_t, std::char_traits<wchar_t> >::sync()
0 15 0 0 5 2 2 0 0 0
fn=__gxx_personality_v0
0 2616 50 46 336 2 2 230 0 0
fn=__letf2
0 1772 146 18 0 0 0 0 0 0
fn=__multf3
0 26276 180 77 855 0 0 855 3 2
fn=__sfp_handle_exceptions
0 2634 16 3 0 0 0 0 0 0
fn=__subtf3
0 9461 296 114 90 0 0 90 0 0
fn=__unordtf2
0 1278 73 18 0 0 0 0 0 0
fn=call_weak_fn
0 4 2 2 1 1 1 0 0 0
fn=cblas_ddot
0 4939230 318660 97631 1274640 159330 33639 955980 0 0
fn=cblas_sdot
0 31 2 2 8 1 1 6 0 0
fn=char* std::string::_S_construct<char const*>(char const*, char const*, std::allocator<char> const&, std::forward_iterator_tag)
0 130 18 17 20 3 0 24 0 0
fn=ddot_
0 7647840 637320 29872 1752630 183117 0 318660 0 0
fn=ddotsub_
0 1752630 318660 51276 477990 0 0 637320 0 0
fn=ffi_call
0 717640 167604 53145 205040 0 0 205040 0 0
fn=ffi_closure_alloc
0 415 29 29 49 7 7 68 14 13
fn=ffi_closure_free
0 12 2 0 4 0 0 4 0 0
fn=ffi_prep_cif
0 1127742 193140 36393 205044 0 0 205044 18 0
fn=ffi_prep_closure_loc
0 108 8 8 28 2 1 26 0 0
fn=init_have_lse_atomics
0 31 2 2 6 0 0 9 2 1
fn=npy_clear_floatstatus_barrier
0 9288768 1071670 2400 2322192 0 0 2322192 0 0
fn=npy_double_to_half
0 259 34 8 33 0 0 33 0 0
fn=npy_float_to_half
0 170 22 6 20 0 0 20 0 0
fn=npy_get_floatstatus_barrier
0 25155874 1210045 19774 5618489 177 0 5618489 0 0
fn=npy_half_eq_nonan
0 13 1 1 2 0 0 2 0 0
fn=npy_half_isinf
0 80 13 2 16 0 0 16 0 0
fn=npy_half_isnan
0 22 2 1 4 0 0 4 0 0
fn=npy_half_iszero
0 8 0 0 2 0 0 2 0 0
fn=npy_half_nextafter
0 34 4 4 5 0 0 5 0 0
fn=npy_half_to_double
0 133 21 3 14 0 0 14 1 0
fn=npy_half_to_float
0 90 8 2 10 0 0 10 0 0
fn=operator delete(void*)
0 2527772 51960 36411 0 0 0 0 0 0
fn=operator delete[](void*)
0 1945064 51893 48996 0 0 0 0 0 0
fn=operator new(unsigned long)
0 16430518 51091 47886 3791658 234 0 3791658 11235 165
fn=operator new[](unsigned long)
0 1945064 52588 4057 0 0 0 0 0 0
fn=sdot_
0 42 4 4 9 1 0 2 0 0
fn=sdotsub_
0 11 2 2 3 0 0 4 0 0
fn=std::_Deque_base<SpatialIndex::RTree::Node*, std::allocator<SpatialIndex::RTree::Node*> >::_M_initialize_map(unsigned long)
0 306 12 12 72 0 0 120 1 1
fn=std::_Deque_base<Tools::PoolPointer<SpatialIndex::RTree::Node>, std::allocator<Tools::PoolPointer<SpatialIndex::RTree::Node> > >::_M_initialize_map(unsigned long) [clone .constprop.0]
0 1061256 75804 2665 265314 0 0 606432 60660 21410
fn=std::_Deque_base<long, std::allocator<long> >::_M_initialize_map(unsigned long)
0 24939 1821 1492 5868 0 0 9780 555 0
fn=std::_Rb_tree<long, std::pair<long const, SpatialIndex::StorageManager::Buffer::Entry*>, std::_Select1st<std::pair<long const, SpatialIndex::StorageManager::Buffer::Entry*> >, std::less<long>, std::allocator<std::pair<long const, SpatialIndex::StorageManager::Buffer::Entry*> > >::_M_erase(std::_Rb_tree_node<std::pair<long const, SpatialIndex::StorageManager::Buffer::Entry*> >*)
0 59 8 6 20 2 0 10 0 0
fn=std::_Rb_tree<std::string, std::pair<std::string const, Tools::Variant>, std::_Select1st<std::pair<std::string const, Tools::Variant> >, std::less<std::string>, std::allocator<std::pair<std::string const, Tools::Variant> > >::_M_erase(std::_Rb_tree_node<std::pair<std::string const, Tools::Variant> >*)
0 6149 120 67 2189 201 111 954 8 0
fn=std::_Rb_tree_decrement(std::_Rb_tree_node_base*)
0 1024 28 14 404 1 0 0 0 0
fn=std::_Rb_tree_increment(std::_Rb_tree_node_base*)
0 136 6 5 45 16 2 0 0 0
fn=std::_Rb_tree_insert_and_rebalance(bool, std::_Rb_tree_node_base*, std::_Rb_tree_node_base*, std::_Rb_tree_node_base&)
0 7804 144 81 1890 14 1 2020 1 0
fn=std::_Rb_tree_node<std::pair<std::string const, Tools::Variant> >* std::_Rb_tree<std::string, std::pair<std::string const, Tools::Variant>, std::_Select1st<std::pair<std::string const, Tools::Variant> >, std::less<std::string>, std::allocator<std::pair<std::string const, Tools::Variant> > >::_M_copy<std::_Rb_tree<std::string, std::pair<std::string const, Tools::Variant>, std::_Select1st<std::pair<std::string const, Tools::Variant> >, std::less<std::string>, std::allocator<std::pair<std::string const, Tools::Variant> > >::_Alloc_node>(std::_Rb_tree_node<std::pair<std::string const, Tools::Variant> > const*, std::_Rb_tree_node_base*, std::_Rb_tree<std::string, std::pair<std::string const, Tools::Variant>, std::_Select1st<std::pair<std::string const, Tools::Variant> >, std::less<std::string>, std::allocator<std::pair<std::string const, Tools::Variant> > >::_Alloc_node&) [clone .isra.0]
0 2193 15 15 750 26 12 903 9 4
fn=std::_Rb_tree_rebalance_for_erase(std::_Rb_tree_node_base*, std::_Rb_tree_node_base&)
0 74 16 14 20 2 0 8 0 0
fn=std::_Sp_counted_ptr<SpatialIndex::RTree::ExternalSorter*, (__gnu_cxx::_Lock_policy)2>::_M_destroy()
0 4 2 2 0 0 0 0 0 0
fn=std::_Sp_counted_ptr<SpatialIndex::RTree::ExternalSorter*, (__gnu_cxx::_Lock_policy)2>::_M_dispose()
0 68 4 4 24 8 3 12 2 0
fn=std::__cxx11::messages<char>::messages(unsigned long)
0 20 2 2 4 1 1 7 0 0
fn=std::__cxx11::messages<wchar_t>::messages(unsigned long)
0 20 2 2 4 0 0 7 0 0
fn=std::__cxx11::moneypunct<char, false>::_M_initialize_moneypunct(__locale_struct*, char const*)
0 118 5 5 35 3 3 29 0 0
fn=std::__cxx11::moneypunct<char, true>::_M_initialize_moneypunct(__locale_struct*, char const*)
0 116 5 5 35 0 0 29 0 0
fn=std::__cxx11::moneypunct<wchar_t, false>::_M_initialize_moneypunct(__locale_struct*, char const*)
0 113 6 6 29 2 0 29 0 0
fn=std::__cxx11::moneypunct<wchar_t, true>::_M_initialize_moneypunct(__locale_struct*, char const*)
0 110 5 5 29 0 0 29 0 0
fn=std::__cxx11::numpunct<char>::_M_initialize_numpunct(__locale_struct*)
0 477 6 6 136 4 4 75 0 0
fn=std::__cxx11::numpunct<wchar_t>::_M_initialize_numpunct(__locale_struct*)
0 352 5 5 73 1 1 74 3 3
fn=std::__timepunct<char>::_M_initialize_timepunct(__locale_struct*)
0 127 10 10 7 0 0 53 0 0
fn=std::__timepunct<char>::__timepunct(std::__timepunct_cache<char>*, unsigned long)
0 22 2 2 4 0 0 8 1 1
fn=std::__timepunct<wchar_t>::_M_initialize_timepunct(__locale_struct*)
0 127 10 10 6 0 0 52 0 0
fn=std::__timepunct<wchar_t>::__timepunct(std::__timepunct_cache<wchar_t>*, unsigned long)
0 22 2 2 4 1 1 8 0 0
fn=std::basic_ios<char, std::char_traits<char> >::_M_cache_locale(std::locale const&)
0 264 9 6 128 13 7 56 0 0
fn=std::basic_ios<char, std::char_traits<char> >::init(std::basic_streambuf<char, std::char_traits<char> >*)
0 160 6 6 32 0 0 72 0 0
fn=std::basic_ios<wchar_t, std::char_traits<wchar_t> >::_M_cache_locale(std::locale const&)
0 132 3 3 64 1 0 28 0 0
fn=std::basic_ios<wchar_t, std::char_traits<wchar_t> >::init(std::basic_streambuf<wchar_t, std::char_traits<wchar_t> >*)
0 84 2 2 16 0 0 40 0 0
fn=std::basic_ostream<char, std::char_traits<char> >& std::__ostream_insert<char, std::char_traits<char> >(std::basic_ostream<char, std::char_traits<char> >&, char const*, long)
0 138 14 14 64 2 2 28 0 0
fn=std::basic_ostream<wchar_t, std::char_traits<wchar_t> >::flush()
0 217 4 4 95 7 7 24 0 0
fn=std::basic_ostream<wchar_t, std::char_traits<wchar_t> >::sentry::sentry(std::basic_ostream<wchar_t, std::char_traits<wchar_t> >&)
0 87 2 2 35 4 4 28 0 0
fn=std::basic_streambuf<char, std::char_traits<char> >::xsputn(char const*, long)
0 120 8 8 34 2 2 18 1 0
fn=std::basic_string<char, std::char_traits<char>, std::allocator<char> >::basic_string(char const*, std::allocator<char> const&)
0 115 10 6 25 0 0 30 0 0
fn=std::basic_string<char, std::char_traits<char>, std::allocator<char> >::basic_string(std::allocator<char> const&)
0 28 2 2 6 0 0 8 0 0
fn=std::basic_string<char, std::char_traits<char>, std::allocator<char> >::basic_string(std::string const&)
0 10603 78 18 3879 205 101 1811 15 8
fn=std::basic_stringbuf<char, std::char_traits<char>, std::allocator<char> >::_M_pbump(char*, char*, long)
0 20 2 2 0 0 0 6 0 0
fn=std::basic_stringbuf<char, std::char_traits<char>, std::allocator<char> >::_M_sync(char*, unsigned long, unsigned long)
0 54 8 8 16 0 0 14 0 0
fn=std::basic_stringbuf<char, std::char_traits<char>, std::allocator<char> >::overflow(int)
0 216 18 18 74 2 1 34 1 0
fn=std::codecvt<char, char, __mbstate_t>::codecvt(unsigned long)
0 18 2 2 5 1 1 7 1 1
fn=std::codecvt<wchar_t, char, __mbstate_t>::codecvt(unsigned long)
0 18 2 2 5 1 0 7 1 1
fn=std::ctype<char>::ctype(unsigned short const*, bool, unsigned long)
0 56 4 4 9 2 2 46 10 10
fn=std::ctype<wchar_t>::_M_convert_to_wmask(unsigned short) const
0 168 5 5 10 0 0 0 0 0
fn=std::ctype<wchar_t>::_M_initialize_ctype()
0 2705 4 4 9 0 0 417 20 20
fn=std::ctype<wchar_t>::ctype(unsigned long)
0 20 2 2 5 0 0 8 1 1
fn=std::deque<Tools::PoolPointer<SpatialIndex::RTree::Node>, std::allocator<Tools::PoolPointer<SpatialIndex::RTree::Node> > >::~deque()
0 1933002 265314 118613 1061256 38722 0 606432 0 0
fn=std::error_category::error_category()
0 12 1 1 2 0 0 2 0 0
fn=std::error_category::~error_category()
0 4 0 0 0 0 0 0 0 0
fn=std::future_category()
0 4 1 1 0 0 0 0 0 0
fn=std::get_terminate()
0 10 2 2 4 2 2 0 0 0
fn=std::get_unexpected()
0 10 2 2 4 4 4 0 0 0
fn=std::ios_base::Init::Init()
0 1025 22 19 381 15 13 346 16 15
fn=std::ios_base::Init::~Init()
0 774 3 3 258 8 8 126 0 0
fn=std::ios_base::_M_call_callbacks(std::ios_base::event)
0 20 4 4 10 0 0 8 0 0
fn=std::ios_base::_M_dispose_callbacks()
0 28 4 4 14 0 0 14 0 0
fn=std::ios_base::_M_init()
0 420 9 6 120 5 3 84 0 0
fn=std::ios_base::ios_base()
0 450 6 4 10 2 2 240 34 30
fn=std::ios_base::~ios_base()
0 44 4 4 10 0 0 8 0 0
fn=std::locale::_Impl::_Impl(unsigned long)
0 666 43 43 98 41 38 232 36 36
fn=std::locale::_Impl::_M_install_facet(std::locale::id const*, std::locale::facet const*)
0 10688 8 8 2144 1 0 416 0 0
fn=std::locale::facet::_S_create_c_locale(__locale_struct*&, char const*, __locale_struct*)
0 13 1 1 3 0 0 4 0 0
fn=std::locale::facet::_S_get_c_locale()
0 238 2 2 98 3 3 42 0 0
fn=std::locale::facet::_S_get_c_name()
0 28 1 1 7 1 1 0 0 0
fn=std::locale::id::_M_id() const
0 1704 6 4 584 18 15 390 0 0
fn=std::locale::locale()
0 660 9 6 270 2 1 210 1 0
fn=std::locale::locale(std::locale::_Impl*)
0 3 1 1 0 0 0 1 0 0
fn=std::locale::operator=(std::locale const&)
0 288 12 8 120 0 0 72 0 0
fn=std::locale::~locale()
0 240 6 4 96 0 0 48 0 0
fn=std::messages<char>::messages(unsigned long)
0 20 2 2 4 0 0 7 0 0
fn=std::messages<wchar_t>::messages(unsigned long)
0 20 2 2 4 0 0 7 0 0
fn=std::moneypunct<char, false>::_M_initialize_moneypunct(__locale_struct*, char const*)
0 118 5 5 35 0 0 29 0 0
fn=std::moneypunct<char, true>::_M_initialize_moneypunct(__locale_struct*, char const*)
0 116 5 5 35 0 0 29 0 0
fn=std::moneypunct<wchar_t, false>::_M_initialize_moneypunct(__locale_struct*, char const*)
0 113 6 6 29 0 0 29 0 0
fn=std::moneypunct<wchar_t, true>::_M_initialize_moneypunct(__locale_struct*, char const*)
0 110 5 5 29 0 0 29 0 0
fn=std::numpunct<char>::_M_initialize_numpunct(__locale_struct*)
0 477 6 6 136 0 0 75 0 0
fn=std::numpunct<wchar_t>::_M_initialize_numpunct(__locale_struct*)
0 352 5 5 73 0 0 74 2 0
fn=std::ostream::flush()
0 217 4 4 95 11 10 24 0 0
fn=std::ostream::sentry::sentry(std::ostream&)
0 127 6 6 51 2 2 42 2 0
fn=std::pair<std::_Rb_tree_iterator<std::pair<long const, SpatialIndex::StorageManager::Buffer::Entry*> >, bool> std::_Rb_tree<long, std::pair<long const, SpatialIndex::StorageManager::Buffer::Entry*>, std::_Select1st<std::pair<long const, SpatialIndex::StorageManager::Buffer::Entry*> >, std::less<long>, std::allocator<std::pair<long const, SpatialIndex::StorageManager::Buffer::Entry*> > >::_M_emplace_unique<std::pair<long, SpatialIndex::StorageManager::Buffer::Entry*> >(std::pair<long, SpatialIndex::StorageManager::Buffer::Entry*>&&)
0 654 48 38 228 26 6 143 10 3
fn=std::pair<std::_Rb_tree_iterator<std::pair<std::string const, Tools::Variant> >, bool> std::_Rb_tree<std::string, std::pair<std::string const, Tools::Variant>, std::_Select1st<std::pair<std::string const, Tools::Variant> >, std::less<std::string>, std::allocator<std::pair<std::string const, Tools::Variant> > >::_M_emplace_unique<std::pair<std::string, Tools::Variant> >(std::pair<std::string, Tools::Variant>&&)
0 22934 176 63 6144 109 1 3216 47 17
fn=std::string::_M_mutate(unsigned long, unsigned long, unsigned long)
0 128 14 14 42 0 0 32 0 0
fn=std::string::_M_replace_safe(unsigned long, unsigned long, char const*, unsigned long)
0 50 6 6 14 0 0 12 0 0
fn=std::string::_Rep::_M_clone(std::allocator<char> const&, unsigned long)
0 54 6 6 16 0 0 14 2 0
fn=std::string::_Rep::_M_destroy(std::allocator<char> const&)
0 568 42 7 0 0 0 0 0 0
fn=std::string::_Rep::_M_dispose(std::allocator<char> const&) [clone .part.0]
0 1252 17 9 355 1 0 284 0 0
fn=std::string::_Rep::_S_create(unsigned long, unsigned long, std::allocator<char> const&)
0 7384 117 23 852 0 0 1420 14 6
fn=std::string::_S_construct(unsigned long, char, std::allocator<char> const&)
0 28 2 2 4 2 1 0 0 0
fn=std::string::replace(unsigned long, unsigned long, char const*, unsigned long)
0 94 6 6 26 0 0 14 0 0
fn=std::string::reserve(unsigned long)
0 90 8 8 32 0 0 16 2 0
fn=std::string::swap(std::string&)
0 60 5 5 20 3 2 10 0 0
fn=std::type_info::__is_pointer_p() const
0 6 2 2 0 0 0 0 0 0
fn=std::uncaught_exception()
0 20 1 1 6 1 1 4 0 0
fn=void std::__adjust_heap<__gnu_cxx::__normal_iterator<SpatialIndex::RTree::RTree::NNEntry*, std::vector<SpatialIndex::RTree::RTree::NNEntry, std::allocator<SpatialIndex::RTree::RTree::NNEntry> > >, long, SpatialIndex::RTree::RTree::NNEntry, __gnu_cxx::__ops::_Iter_comp_iter<SpatialIndex::RTree::RTree::nearestNeighborQuery(unsigned int, SpatialIndex::IShape const&, SpatialIndex::IVisitor&, SpatialIndex::INearestNeighborComparator&, double)::{lambda(SpatialIndex::RTree::RTree::NNEntry const&, SpatialIndex::RTree::RTree::NNEntry const&)#1}> >(__gnu_cxx::__normal_iterator<SpatialIndex::RTree::RTree::NNEntry*, std::vector<SpatialIndex::RTree::RTree::NNEntry, std::allocator<SpatialIndex::RTree::RTree::NNEntry> > >, long, long, SpatialIndex::RTree::RTree::NNEntry, __gnu_cxx::__ops::_Iter_comp_iter<SpatialIndex::RTree::RTree::nearestNeighborQuery(unsigned int, SpatialIndex::IShape const&, SpatialIndex::IVisitor&, SpatialIndex::INearestNeighborComparator&, double)::{lambda(SpatialIndex::RTree::RTree::NNEntry const&, SpatialIndex::RTree::RTree::NNEntry const&)#1}>) [clone .constprop.0]
0 2075057 8239 5566 449268 27324 1 300321 0 0
fn=void std::__insertion_sort<__gnu_cxx::__normal_iterator<SpatialIndex::RTree::ExternalSorter::Record**, std::vector<SpatialIndex::RTree::ExternalSorter::Record*, std::allocator<SpatialIndex::RTree::ExternalSorter::Record*> > >, __gnu_cxx::__ops::_Iter_comp_iter<SpatialIndex::RTree::ExternalSorter::Record::SortAscending> >(__gnu_cxx::__normal_iterator<SpatialIndex::RTree::ExternalSorter::Record**, std::vector<SpatialIndex::RTree::ExternalSorter::Record*, std::allocator<SpatialIndex::RTree::ExternalSorter::Record*> > >, __gnu_cxx::__normal_iterator<SpatialIndex::RTree::ExternalSorter::Record**, std::vector<SpatialIndex::RTree::ExternalSorter::Record*, std::allocator<SpatialIndex::RTree::ExternalSorter::Record*> > >, __gnu_cxx::__ops::_Iter_comp_iter<SpatialIndex::RTree::ExternalSorter::Record::SortAscending>) [clone .isra.0]
0 1022 8 8 248 3 2 106 0 0
fn=void std::__introsort_loop<__gnu_cxx::__normal_iterator<SpatialIndex::RTree::ExternalSorter::Record**, std::vector<SpatialIndex::RTree::ExternalSorter::Record*, std::allocator<SpatialIndex::RTree::ExternalSorter::Record*> > >, long, __gnu_cxx::__ops::_Iter_comp_iter<SpatialIndex::RTree::ExternalSorter::Record::SortAscending> >(__gnu_cxx::__normal_iterator<SpatialIndex::RTree::ExternalSorter::Record**, std::vector<SpatialIndex::RTree::ExternalSorter::Record*, std::allocator<SpatialIndex::RTree::ExternalSorter::Record*> > >, __gnu_cxx::__normal_iterator<SpatialIndex::RTree::ExternalSorter::Record**, std::vector<SpatialIndex::RTree::ExternalSorter::Record*, std::allocator<SpatialIndex::RTree::ExternalSorter::Record*> > >, long, __gnu_cxx::__ops::_Iter_comp_iter<SpatialIndex::RTree::ExternalSorter::Record::SortAscending>)
0 20 4 4 8 0 0 8 2 0
fn=void std::deque<SpatialIndex::Region*, std::allocator<SpatialIndex::Region*> >::_M_push_back_aux<SpatialIndex::Region* const&>(SpatialIndex::Region* const&)
0 288 6 6 115 0 0 88 2 1
fn=void std::deque<Tools::PoolPointer<SpatialIndex::RTree::Node>, std::allocator<Tools::PoolPointer<SpatialIndex::RTree::Node> > >::emplace_back<Tools::PoolPointer<SpatialIndex::RTree::Node> >(Tools::PoolPointer<SpatialIndex::RTree::Node>&&)
0 32952 2746 2746 12357 1373 0 15103 1373 0
fn=void std::vector<SpatialIndex::IData*, std::allocator<SpatialIndex::IData*> >::_M_realloc_insert<SpatialIndex::IData* const&>(__gnu_cxx::__normal_iterator<SpatialIndex::IData**, std::vector<SpatialIndex::IData*, std::allocator<SpatialIndex::IData*> > >, SpatialIndex::IData* const&)
0 145836 3670 3464 37758 294 0 40455 1171 717
fn=void std::vector<SpatialIndex::RTree::ExternalSorter::Record*, std::allocator<SpatialIndex::RTree::ExternalSorter::Record*> >::_M_realloc_insert<SpatialIndex::RTree::ExternalSorter::Record* const&>(__gnu_cxx::__normal_iterator<SpatialIndex::RTree::ExternalSorter::Record**, std::vector<SpatialIndex::RTree::ExternalSorter::Record*, std::allocator<SpatialIndex::RTree::ExternalSorter::Record*> > >, SpatialIndex::RTree::ExternalSorter::Record* const&)
0 1196 70 28 308 0 0 330 4 4
fn=void std::vector<SpatialIndex::RTree::RTree::NNEntry, std::allocator<SpatialIndex::RTree::RTree::NNEntry> >::_M_realloc_insert<SpatialIndex::RTree::RTree::NNEntry>(__gnu_cxx::__normal_iterator<SpatialIndex::RTree::RTree::NNEntry*, std::vector<SpatialIndex::RTree::RTree::NNEntry, std::allocator<SpatialIndex::RTree::RTree::NNEntry> > >, SpatialIndex::RTree::RTree::NNEntry&&)
0 693914 5656 4440 250464 17943 8 251382 29476 13887
fn=void std::vector<SpatialIndex::StorageManager::MemoryStorageManager::Entry*, std::allocator<SpatialIndex::StorageManager::MemoryStorageManager::Entry*> >::_M_realloc_insert<SpatialIndex::StorageManager::MemoryStorageManager::Entry* const&>(__gnu_cxx::__normal_iterator<SpatialIndex::StorageManager::MemoryStorageManager::Entry**, std::vector<SpatialIndex::StorageManager::MemoryStorageManager::Entry*, std::allocator<SpatialIndex::StorageManager::MemoryStorageManager::Entry*> > >, SpatialIndex::StorageManager::MemoryStorageManager::Entry* const&)
0 430 25 25 112 0 0 120 6 0
fn=void std::vector<unsigned int, std::allocator<unsigned int> >::_M_realloc_insert<unsigned int const&>(__gnu_cxx::__normal_iterator<unsigned int*, std::vector<unsigned int, std::allocator<unsigned int> > >, unsigned int const&)
0 6176 40 33 1568 47 0 1680 38 25
fn=void std::vector<unsigned int, std::allocator<unsigned int> >::_M_realloc_insert<unsigned int>(__gnu_cxx::__normal_iterator<unsigned int*, std::vector<unsigned int, std::allocator<unsigned int> > >, unsigned int&&)
0 318 30 23 84 0 0 90 0 0
fn=zlibVersion
0 8 1 1 2 0 0 2 0 0
summary: 12442273758 601319085 51901282 3526953814 210720495 37643568 2115521462 51261743 9159911
