desc: I1 cache:         16384 B, 64 B, 4-way associative
desc: D1 cache:         16384 B, 64 B, 4-way associative
desc: LL cache:         262144 B, 64 B, 8-way associative
cmd: python3 examples/rrt_star/test_rrt_star_2d.py
events: Ir I1mr ILmr Dr D1mr DLmr Dw D1mw DLmw 
fl=./csu/../csu/libc-start.c
fn=__libc_start_main@@GLIBC_2.34
128 3 1 1 2 0 0 0 0 0
134 2 0 0 1 1 0 0 0 0
135 7 1 1 2 1 1 0 0 0
138 1 0 0 1 0 0 0 0 0
139 1 0 0 0 0 0 0 0 0
142 3 0 0 2 0 0 0 0 0
143 3 0 0 2 0 0 0 0 0
144 9 0 0 0 0 0 0 0 0
145 5 1 1 1 0 0 0 0 0
242 11 1 1 0 0 0 11 0 0
311 2 0 0 0 0 0 0 0 0
312 3 0 0 0 0 0 0 0 0
337 5 1 1 2 1 0 0 0 0
340 1 0 0 0 0 0 0 0 0
343 3 0 0 2 2 0 0 0 0
350 2 0 0 1 0 0 0 0 0
352 1 0 0 0 0 0 0 0 0
360 4 0 0 0 0 0 0 0 0
fl=./csu/../sysdeps/aarch64/crti.S
fn=call_weak_fn
63 1 1 1 0 0 0 0 0 0
64 1 0 0 1 1 0 0 0 0
65 1 0 0 0 0 0 0 0 0
68 1 0 0 0 0 0 0 0 0
fl=./csu/../sysdeps/nptl/libc_start_call_main.h
fn=(below main)
29 11 1 1 2 0 0 6 0 0
44 2 1 1 0 0 0 0 0 0
46 1 0 0 0 0 0 0 0 0
48 1 0 0 0 0 0 0 0 0
51 3 0 0 1 1 0 1 0 0
52 1 0 0 0 0 0 0 0 0
55 3 0 0 0 0 0 1 0 0
58 7 1 1 5 0 0 0 0 0
74 1 1 1 0 0 0 0 0 0
fl=./csu/./csu/errno-loc.c
fn=__errno_location
25 953490 439963 36140 0 0 0 953490 35164 101
26 1430235 0 0 476745 359024 146 0 0 0
27 1430235 0 0 953490 0 0 0 0 0
fl=./csu/./csu/init-first.c
fn=_init_first
46 5 1 1 0 0 0 4 0 0
51 3 0 0 1 0 0 0 0 0
55 8 1 1 4 2 1 0 0 0
61 3 0 0 0 0 0 1 1 0
62 1 0 0 0 0 0 1 0 0
63 3 0 0 1 0 0 1 1 0
71 3 0 0 0 0 0 0 0 0
72 2 0 0 4 0 0 0 0 0
fl=./ctype/../include/ctype.h
fn=__ctype_b_loc
40 7550 1275 47 0 0 0 7550 528 197
41 11325 0 0 3775 175 9 0 0 0
42 11325 0 0 7550 0 0 0 0 0
fn=__ctype_tolower_loc
52 3534 1356 48 0 0 0 3534 0 0
53 5301 0 0 1767 563 0 0 0 0
54 5301 0 0 3534 0 0 0 0 0
fl=./ctype/./ctype/ctype-info.c
fn=__ctype_init
29 2 0 0 0 0 0 2 0 0
31 9 2 2 4 4 0 1 0 0
33 5 1 1 3 2 0 1 0 0
35 5 0 0 2 1 0 1 0 0
36 2 0 0 2 0 0 0 0 0
fl=./debug/./debug/memcpy_chk.c
fn=__memcpy_chk
26 721476 110050 51260 0 0 0 0 0 0
29 360738 0 0 0 0 0 0 0 0
fl=./debug/./debug/memset_chk.c
fn=__memset_chk
24 10337232 1087994 1415 0 0 0 0 0 0
27 5168616 0 0 0 0 0 0 0 0
fl=./debug/./debug/realpath_chk.c
fn=__realpath_chk
29 2 1 1 0 0 0 0 0 0
32 1 0 0 0 0 0 0 0 0
fl=./debug/./debug/snprintf_chk.c
fn=__snprintf_chk
27 24680 154 4 2468 264 1 17276 5 1
28 2468 1234 2 0 0 0 0 0 0
33 2468 0 0 0 0 0 0 0 0
37 8638 0 0 0 0 0 6170 0 0
38 7404 115 2 2468 0 0 2468 14 1
42 12340 0 0 6170 0 0 0 0 0
fl=./debug/./debug/sprintf_chk.c
fn=__sprintf_chk
25 2529800 108612 34612 252980 53548 20600 1897350 46540 1
28 126490 0 0 0 0 0 0 0 0
36 126490 0 0 0 0 0 0 0 0
39 1011920 0 0 0 0 0 632450 34708 0
40 1011920 55440 26676 252980 0 0 252980 16675 0
44 1264900 0 0 632450 0 0 0 0 0
fl=./debug/./debug/vsnprintf_chk.c
fn=__vsnprintf_chk
26 46 22 22 0 0 0 46 21 2
27 46 0 0 0 0 0 0 0 0
32 69 0 0 0 0 0 0 0 0
34 138 22 22 46 0 0 46 0 0
35 46 0 0 46 0 0 0 0 0
fl=./dirent/../sysdeps/unix/sysv/linux/closedir.c
fn=closedir
31 621 0 0 0 0 0 621 0 0
34 207 207 203 0 0 0 0 0 0
44 207 0 0 207 0 0 0 0 0
50 207 0 0 0 0 0 0 0 0
52 414 0 0 0 0 0 0 0 0
53 414 0 0 621 0 0 0 0 0
fl=./dirent/../sysdeps/unix/sysv/linux/getdents64.c
fn=__getdents
27 828 207 200 0 0 0 828 0 0
30 828 0 0 0 0 0 0 0 0
32 2484 0 0 0 0 0 0 0 0
33 828 0 0 828 0 0 0 0 0
fl=./dirent/../sysdeps/unix/sysv/linux/opendir.c
fn=opendir
33 418 209 206 209 0 0 0 0 0
82 418 0 0 0 0 0 418 0 0
86 836 209 203 0 0 0 0 0 0
87 209 0 0 418 0 0 0 0 0
fn=opendir_tail
45 1672 209 206 418 0 0 627 0 0
46 209 209 207 0 0 0 0 0 0
47 4 2 2 0 0 0 0 0 0
53 1035 0 0 0 0 0 414 0 0
55 828 0 0 207 0 0 0 0 0
64 2090 4 2 1045 1 0 0 0 0
112 1656 207 200 207 0 0 0 0 0
115 414 207 201 0 0 0 0 0 0
116 207 0 0 0 0 0 0 0 0
125 207 0 0 0 0 0 414 26 21
128 207 0 0 0 0 0 414 27 23
130 207 0 0 0 0 0 414 47 47
131 414 0 0 414 0 0 207 0 0
fl=./dirent/../sysdeps/unix/sysv/linux/readdir64.c
fn=readdir
32 44196 207 199 0 0 0 58928 0 0
34 29464 0 0 14732 147 0 0 0 0
37 44196 6952 201 0 0 0 0 0 0
40 22098 0 0 14732 1 0 0 0 0
47 2070 414 203 828 0 0 0 0 0
48 828 0 0 0 0 0 0 0 0
54 207 0 0 0 0 0 0 0 0
55 207 0 0 0 0 0 207 0 0
57 1035 207 206 0 0 0 0 0 0
59 414 0 0 0 0 0 0 0 0
61 414 0 0 0 0 0 207 0 0
64 207 0 0 0 0 0 0 0 0
67 13904 1295 0 0 0 0 0 0 0
68 14318 0 0 7159 850 805 0 0 0
69 14318 207 202 7159 966 906 14318 19 0
72 35795 0 0 0 0 0 0 0 0
76 44196 29 0 58928 0 0 0 0 0
fl=./dlfcn/./dlfcn/dlerror.c
fn=_dlerror_run
113 1872 123 26 288 0 0 1296 0 0
114 576 144 26 288 248 30 0 0 0
115 144 0 0 0 0 0 0 0 0
138 864 145 31 144 0 0 0 0 0
143 144 0 0 144 0 0 0 0 0
145 288 123 28 144 0 0 0 0 0
151 144 123 25 0 0 0 0 0 0
156 288 0 0 0 0 0 0 0 0
198 2304 289 59 1728 52 6 0 0 0
fl=./dlfcn/./dlfcn/dlopen.c
fn=dlopen@@GLIBC_2.34
67 23 23 22 0 0 0 23 0 0
68 23 0 0 0 0 0 23 0 0
69 23 0 0 0 0 0 23 0 0
71 161 22 9 23 0 0 0 0 0
77 184 23 23 46 0 0 69 0 0
78 92 0 0 46 25 25 0 0 0
81 69 23 23 0 0 0 0 0 0
82 253 23 23 115 5 2 0 0 0
fn=dlopen_doit
48 69 23 23 0 0 0 69 0 0
51 115 0 0 23 0 0 0 0 0
56 418 46 27 184 92 91 23 22 4
60 69 22 22 69 18 2 0 0 0
fl=./dlfcn/./dlfcn/dlsym.c
fn=dlsym@@GLIBC_2.34
47 121 0 0 0 0 0 121 0 0
49 121 121 23 0 0 0 242 0 0
52 484 0 0 121 121 22 0 0 0
54 968 0 0 121 0 0 0 0 0
56 242 0 0 0 0 0 0 0 0
64 1089 121 23 242 0 0 484 0 0
65 484 0 0 242 217 6 0 0 0
68 242 121 24 0 0 0 0 0 0
69 1452 121 23 726 0 0 0 0 0
fn=dlsym_doit
37 484 100 2 0 0 0 363 9 0
40 484 0 0 363 0 0 121 0 0
41 363 0 0 363 0 0 0 0 0
fl=./elf/../include/atomic_wide_counter.h
fn=_dl_find_object
36 72 0 0 36 2 2 0 0 0
fn=_dl_find_object_update
30 88 15 15 22 22 19 0 0 0
57 110 0 0 22 0 0 22 0 0
fl=./elf/../include/inline-hashtab.h
fn=_dl_make_tlsdesc_dynamic
49 1 0 0 0 0 0 0 0 0
51 2 0 0 0 0 0 1 0 0
52 1 0 0 0 0 0 1 0 0
53 3 0 0 1 1 1 1 1 1
54 1 0 0 0 0 0 0 0 0
60 1 0 0 0 0 0 1 0 0
62 6 0 0 1 0 0 3 0 0
191 5 0 0 3 0 0 0 0 0
198 3 0 0 0 0 0 0 0 0
200 1 0 0 0 0 0 0 0 0
201 2 0 0 1 0 0 0 0 0
224 3 0 0 1 0 0 1 0 0
fl=./elf/../include/list.h
fn=__tls_init_tp
43 4 0 0 1 1 0 0 0 0
44 3 0 0 0 0 0 2 0 0
45 1 0 0 0 0 0 1 0 0
46 1 0 0 0 0 0 0 0 0
47 1 0 0 0 0 0 1 0 0
fl=./elf/../include/rtld-malloc.h
fn=__minimal_calloc
56 56 2 1 14 0 0 0 0 0
fn=_dl_allocate_tls_storage
56 4 0 0 1 0 0 0 0 0
fn=_dl_check_map_versions
44 238 20 20 34 23 0 34 0 0
fn=_dl_find_object_init
56 5 0 0 1 0 0 0 0 0
fn=_dl_find_object_update
50 88 0 0 22 21 3 0 0 0
56 160 0 0 24 19 2 88 1 0
fn=_dl_important_hwcaps
56 8 2 2 2 0 0 0 0 0
fn=_dl_init_paths
56 10 1 1 3 0 0 0 0 0
fn=_dl_lookup_symbol_x
56 5 1 1 1 0 0 0 0 0
fn=_dl_make_tlsdesc_dynamic
56 12 4 4 3 1 0 0 0 0
fn=_dl_map_object_deps
56 185 0 0 37 23 0 0 0 0
fn=_dl_new_object
44 185 1 1 37 33 22 0 0 0
56 180 9 0 36 2 0 0 0 0
fn=_dl_update_slotinfo
50 15 0 0 8 3 3 0 0 0
fn=allocate_dtv
44 5 1 1 1 0 0 0 0 0
fn=decompose_rpath
50 4 1 1 1 0 0 0 0 0
56 4 1 1 1 0 0 0 0 0
fn=dl_open_worker_begin
56 6 0 0 1 1 1 1 0 0
fn=do_lookup_x
44 21 0 0 3 3 0 4 0 0
fn=expand_dynamic_string_token
56 5 0 0 1 0 0 0 0 0
fn=fillin_rpath.isra.0
50 8 2 2 2 1 0 0 0 0
51 2 0 0 0 0 0 0 0 0
56 10 0 0 2 0 0 0 0 0
fn=init_tls
44 5 0 0 1 0 0 0 0 0
fn=tls_get_addr_tail
56 4 0 0 1 0 0 0 0 0
fl=./elf/../include/scratch_buffer.h
fn=_dl_map_object_deps
77 69 23 23 0 0 0 46 1 1
78 46 0 0 0 0 0 23 0 0
85 92 23 23 46 0 0 0 0 0
131 56 0 0 0 0 0 0 0 0
fl=./elf/../misc/sbrk.c
fn=sbrk
37 5 1 1 0 0 0 5 0 0
40 2 0 0 1 0 0 0 0 0
58 1 0 0 0 0 0 0 0 0
62 2 0 0 0 0 0 0 0 0
78 5 1 1 5 0 0 0 0 0
fl=./elf/../nptl/nptl-stack.h
fn=__libc_early_init
61 4 1 1 2 1 0 0 0 0
fl=./elf/../sysdeps/aarch64/dl-bti.c
fn=_dl_bti_check
81 69 23 23 23 23 22 0 0 0
94 23 23 23 0 0 0 0 0 0
fl=./elf/../sysdeps/aarch64/dl-irel.h
fn=_dl_fixup
37 10 0 0 0 0 0 5 0 0
38 127 4 3 5 2 0 0 0 0
39 10 0 0 5 4 2 10 0 0
40 15 0 0 0 0 0 0 0 0
fn=_dl_relocate_object
37 314 0 0 0 0 0 222 5 1
38 402 43 43 214 28 1 58 0 0
39 176 0 0 88 59 4 174 0 0
40 436 0 0 0 0 0 172 48 2
fn=do_sym
38 242 0 0 121 0 0 0 0 0
fl=./elf/../sysdeps/aarch64/dl-machine.h
fn=_dl_fixup
147 117 0 0 0 0 0 117 5 0
fn=_dl_relocate_object
67 190 0 0 38 0 0 0 0 0
72 12 1 1 8 4 2 0 0 0
73 8 0 0 4 4 4 0 0 0
77 4 1 1 0 0 0 4 0 0
87 4 0 0 0 0 0 0 0 0
103 4320 1 1 8 3 0 4 0 0
175 12440 0 0 0 0 0 0 0 0
177 24880 0 0 0 0 0 0 0 0
179 12440 0 0 0 0 0 0 0 0
188 98439 4 4 36849 29 0 0 0 0
191 12265 0 0 12265 0 0 0 0 0
193 73698 24 24 12283 2 0 0 0 0
196 104068 41 41 172 0 0 0 0 0
208 37239 24 24 12413 2036 1550 12413 3334 1605
211 25 3 3 25 0 0 0 0 0
214 20 0 0 10 0 0 0 0 0
215 30 1 1 10 0 0 0 0 0
224 20 0 0 0 0 0 0 0 0
226 10 0 0 5 0 0 0 0 0
227 5 0 0 0 0 0 0 0 0
233 6 0 0 0 0 0 0 0 0
243 48 3 3 10 3 2 4 4 0
245 6 1 1 2 0 0 1 0 0
247 4 0 0 0 0 0 1 0 0
252 15 1 1 7 0 0 5 2 1
253 20 3 3 15 0 0 0 0 0
254 243 0 0 5 0 0 81 0 0
273 14 0 0 0 0 0 0 0 0
275 56 0 0 14 3 0 0 0 0
276 14 0 0 0 0 0 14 3 3
277 56 0 0 28 3 3 0 0 0
282 6 1 1 4 1 1 0 0 0
283 6 1 1 2 0 0 0 0 0
285 2 0 0 0 0 0 2 0 0
303 112648 23 23 56324 10577 10570 28162 7533 7508
313 556 0 0 0 0 0 0 0 0
314 556 1 1 1112 208 208 0 0 0
316 1112 0 0 0 0 0 0 0 0
318 1112 0 0 556 3 0 0 0 0
341 1112 0 0 556 1 0 0 0 0
342 1668 0 0 556 69 69 556 0 0
fn=_dl_start
48 2 0 0 0 0 0 0 0 0
177 8 0 0 0 0 0 0 0 0
179 4 0 0 0 0 0 0 0 0
188 33 1 1 12 4 4 0 0 0
192 20 0 0 4 0 0 0 0 0
196 12 0 0 0 0 0 0 0 0
200 12 0 0 4 0 0 4 0 0
303 92 0 0 46 10 10 23 8 8
fn=_dl_sysdep_start
128 6 0 0 2 1 1 0 0 0
fl=./elf/../sysdeps/aarch64/dl-prop.h
fn=dl_main
30 4 0 0 1 0 0 1 0 0
fn=dl_open_worker_begin
36 66 0 0 0 0 0 0 0 0
fl=./elf/../sysdeps/aarch64/dl-start.S
fn=(below main)
22 1 1 1 0 0 0 0 0 0
25 1 0 0 0 0 0 0 0 0
26 1 0 0 0 0 0 0 0 0
28 1 0 0 0 0 0 0 0 0
30 1 0 0 0 0 0 0 0 0
32 1 1 0 0 0 0 0 0 0
37 1 0 0 1 1 1 0 0 0
39 1 0 0 0 0 0 0 0 0
41 1 0 0 0 0 0 0 0 0
42 1 0 0 0 0 0 0 0 0
43 1 0 0 0 0 0 0 0 0
44 1 0 0 0 0 0 0 0 0
45 1 0 0 1 0 0 0 0 0
46 1 0 0 0 0 0 0 0 0
48 1 0 0 0 0 0 0 0 0
49 1 0 0 0 0 0 0 0 0
51 1 1 1 0 0 0 0 0 0
52 1 0 0 0 0 0 0 0 0
fl=./elf/../sysdeps/aarch64/dl-tlsdesc.S
fn=_dl_tlsdesc_dynamic
147 17748 17748 16981 0 0 0 0 0 0
152 17748 0 0 0 0 0 35496 0 0
154 17748 0 0 0 0 0 35496 0 0
160 17748 0 0 0 0 0 0 0 0
161 17748 0 0 17748 0 0 0 0 0
162 17748 0 0 17748 0 0 0 0 0
163 17748 0 0 17748 17738 1235 0 0 0
164 17748 0 0 17748 17741 1566 0 0 0
165 17748 0 0 0 0 0 0 0 0
166 17748 0 0 0 0 0 0 0 0
168 17748 0 0 35496 0 0 0 0 0
169 17748 0 0 0 0 0 0 0 0
170 17748 0 0 17748 17748 1100 0 0 0
171 17748 0 0 0 0 0 0 0 0
172 17748 17748 16792 0 0 0 0 0 0
174 17747 0 0 0 0 0 0 0 0
175 17747 0 0 0 0 0 0 0 0
177 17748 0 0 35496 0 0 0 0 0
178 17748 0 0 35496 0 0 0 0 0
180 17748 0 0 0 0 0 0 0 0
193 1 0 0 0 0 0 2 1 0
197 1 0 0 0 0 0 0 0 0
198 1 0 0 0 0 0 2 0 0
199 1 0 0 0 0 0 2 0 0
200 1 0 0 0 0 0 2 0 0
201 1 0 0 0 0 0 2 0 0
202 1 0 0 0 0 0 2 0 0
203 1 0 0 0 0 0 2 0 0
204 1 0 0 0 0 0 2 0 0
220 16 1 1 0 0 0 32 7 1
222 1 0 0 0 0 0 0 0 0
223 1 1 1 0 0 0 0 0 0
225 1 0 0 0 0 0 0 0 0
226 1 0 0 0 0 0 0 0 0
228 16 1 1 32 0 0 0 0 0
230 1 0 0 2 0 0 0 0 0
231 1 0 0 2 0 0 0 0 0
232 1 0 0 2 0 0 0 0 0
233 1 0 0 2 0 0 0 0 0
234 1 0 0 2 0 0 0 0 0
235 1 0 0 2 0 0 0 0 0
236 1 0 0 2 0 0 0 0 0
238 1 0 0 2 0 0 0 0 0
246 1 0 0 0 0 0 0 0 0
fn=_dl_tlsdesc_return
77 8 5 3 0 0 0 0 0 0
79 8 0 0 8 0 0 0 0 0
80 8 0 0 0 0 0 0 0 0
fl=./elf/../sysdeps/aarch64/dl-trampoline.S
fn=_dl_runtime_resolve
38 117 52 30 0 0 0 0 0 0
50 117 0 0 0 0 0 234 13 7
55 117 0 0 0 0 0 234 3 2
59 117 0 0 0 0 0 234 4 2
63 117 0 0 0 0 0 234 4 2
67 117 0 0 0 0 0 234 1 1
71 117 0 0 0 0 0 234 4 3
75 117 0 0 0 0 0 234 3 3
79 117 0 0 0 0 0 234 1 1
83 117 0 0 0 0 0 234 0 0
88 117 0 0 117 0 0 0 0 0
91 117 0 0 117 0 0 0 0 0
93 117 0 0 0 0 0 0 0 0
94 117 52 28 0 0 0 0 0 0
95 117 0 0 0 0 0 0 0 0
96 117 0 0 0 0 0 0 0 0
97 117 0 0 0 0 0 0 0 0
100 117 0 0 0 0 0 0 0 0
103 117 0 0 0 0 0 0 0 0
106 117 0 0 234 4 0 0 0 0
107 117 0 0 234 2 0 0 0 0
108 117 0 0 234 0 0 0 0 0
109 117 0 0 234 3 0 0 0 0
110 117 0 0 234 1 0 0 0 0
111 117 0 0 234 2 0 0 0 0
112 117 0 0 234 2 0 0 0 0
113 117 0 0 234 0 0 0 0 0
114 117 0 0 234 0 0 0 0 0
117 117 0 0 234 0 0 0 0 0
121 117 52 31 0 0 0 0 0 0
fl=./elf/../sysdeps/generic/_itoa.h
fn=_dl_check_map_versions
76 231 20 20 0 0 0 33 0 0
fl=./elf/../sysdeps/generic/dl-cache.h
fn=_dl_load_cache_lookup
194 8 0 0 8 0 0 0 0 0
195 32 0 0 0 0 0 0 0 0
fn=search_cache
125 13 0 0 13 0 0 0 0 0
fl=./elf/../sysdeps/generic/dl-call_tls_init_tp.h
fn=dl_main
34 2 1 1 1 0 0 0 0 0
fn=init_tls
31 1 0 0 0 0 0 0 0 0
33 1 0 0 0 0 0 0 0 0
fl=./elf/../sysdeps/generic/dl-debug.h
fn=dl_main
29 3 0 0 2 0 0 0 0 0
30 1 0 0 0 0 0 1 0 0
fl=./elf/../sysdeps/generic/dl-hash.h
fn=__rtld_malloc_init_real
43 2 0 0 0 0 0 0 0 0
44 2 0 0 0 0 0 0 0 0
45 11 0 0 5 2 2 0 0 0
48 10 0 0 0 0 0 0 0 0
62 10 0 0 0 0 0 0 0 0
67 1 1 1 0 0 0 0 0 0
72 1 0 0 0 0 0 1 0 0
fl=./elf/../sysdeps/generic/dl-new-hash.h
fn=_dl_lookup_symbol_x
69 10514 0 0 0 0 0 0 0 0
70 10514 0 0 0 0 0 0 0 0
74 283326 0 0 146920 9430 4789 0 0 0
77 146920 0 0 0 0 0 0 0 0
80 283882 0 0 141941 1909 1300 0 0 0
81 141941 0 0 0 0 0 0 0 0
87 5535 123 49 0 0 0 0 0 0
89 5535 0 0 0 0 0 0 0 0
90 5535 0 0 0 0 0 0 0 0
101 21028 0 0 0 0 0 0 0 0
102 136406 0 0 0 0 0 0 0 0
104 136406 0 0 0 0 0 0 0 0
fl=./elf/../sysdeps/generic/dl-protected.h
fn=do_lookup_x
29 31071 178 48 0 0 0 0 0 0
fl=./elf/../sysdeps/generic/dl-tunables-parse.h
fn=_dl_sysdep_start
31 20 0 0 1 0 0 1 0 0
fl=./elf/../sysdeps/generic/ldsodefs.h
fn=_dl_check_map_versions
79 429 23 23 239 10 0 304 0 0
fn=_dl_fixup
79 117 0 0 117 52 26 0 0 0
fn=_dl_map_object
79 722 0 0 722 0 0 0 0 0
fn=_dl_map_object_deps
79 64 0 0 64 1 0 0 0 0
fn=_dl_map_object_from_fd
79 40 32 23 40 0 0 0 0 0
fn=_dl_new_object
1322 1 0 0 0 0 0 0 0 0
1324 32 0 0 0 0 0 0 0 0
fn=_dl_relocate_object
79 10565 0 0 10413 67 1 0 0 0
140 37266 4 4 12422 0 0 0 0 0
fn=_dl_setup_hash
79 38 0 0 38 0 0 0 0 0
fn=_dl_start
79 9 0 0 3 0 0 0 0 0
fn=cache_rpath
79 1 0 0 1 0 0 0 0 0
fn=check_match
79 3 0 0 3 0 0 0 0 0
fn=dl_main
79 2 0 0 2 0 0 0 0 0
fn=dl_open_worker_begin
1292 6 0 0 0 0 0 0 0 0
fn=do_lookup_x
79 71406 0 0 71406 0 0 0 0 0
139 20714 177 53 10357 1 0 0 0 0
140 10357 0 0 0 0 0 0 0 0
fl=./elf/../sysdeps/nptl/dl-mutex.c
fn=__rtld_mutex_init
30 4 2 1 0 0 0 6 0 0
37 2 0 0 1 1 0 0 0 0
40 10 0 0 0 0 0 0 0 0
44 1 0 0 0 0 0 0 0 0
45 13 1 1 3 0 0 1 0 0
47 9 1 1 0 0 0 0 0 0
51 1 0 0 0 0 0 0 0 0
52 11 0 0 3 0 0 1 0 0
53 4 1 1 6 0 0 0 0 0
fl=./elf/../sysdeps/nptl/dl-tls_init_tp.c
fn=__tls_init_tp
68 3 1 1 0 0 0 4 0 0
69 1 0 0 0 0 0 0 0 0
72 2 0 0 0 0 0 0 0 0
75 5 1 1 0 0 0 1 0 0
76 2 1 1 0 0 0 1 0 0
77 2 0 0 0 0 0 1 0 0
82 3 0 0 1 0 0 1 0 0
87 1 0 0 0 0 0 0 0 0
89 1 0 0 0 0 0 2 0 0
90 2 0 0 0 0 0 1 0 0
93 4 0 0 0 0 0 0 0 0
105 5 0 0 1 0 0 0 0 0
121 4 0 0 1 1 0 1 1 0
128 3 0 0 1 0 0 1 0 0
129 3 0 0 4 0 0 0 0 0
fn=__tls_pre_init_tp
53 2 1 1 0 0 0 2 1 1
56 4 0 0 0 0 0 0 0 0
57 5 0 0 0 0 0 4 1 1
58 4 0 0 0 0 0 2 0 0
61 4 1 1 0 0 0 1 0 0
62 2 0 0 0 0 0 1 0 0
64 2 0 0 2 0 0 0 0 0
fn=rtld_mutex_dummy
42 28 1 0 0 0 0 28 0 0
44 42 0 0 28 0 0 0 0 0
fl=./elf/../sysdeps/nptl/pthread_early_init.h
fn=__libc_early_init
33 5 0 0 0 0 0 0 0 0
34 3 1 1 1 0 0 0 0 0
38 3 0 0 0 0 0 0 0 0
45 3 0 0 2 0 0 0 0 0
46 2 0 0 0 0 0 0 0 0
48 2 0 0 0 0 0 0 0 0
52 5 0 0 0 0 0 1 0 0
53 3 0 0 0 0 0 1 1 1
54 1 0 0 0 0 0 1 1 1
56 1 0 0 0 0 0 0 0 0
fl=./elf/../sysdeps/posix/dl-fileid.h
fn=_dl_map_object_from_fd
37 216 23 23 36 0 0 36 0 0
41 72 0 0 72 0 0 72 0 0
49 3996 0 0 1332 686 530 0 0 0
fl=./elf/../sysdeps/unix/sysv/linux/aarch64/cpu-features.c
fn=_dl_sysdep_start
58 34 1 1 1 0 0 0 0 0
59 8 0 0 8 0 0 0 0 0
71 6 1 1 1 0 0 0 0 0
74 1 0 0 0 0 0 0 0 0
79 3 1 1 0 0 0 0 0 0
81 4 0 0 1 0 0 0 0 0
87 2 0 0 0 0 0 1 0 0
91 1 0 0 0 0 0 0 0 0
93 1 0 0 0 0 0 0 0 0
97 4 1 1 1 0 0 1 0 0
101 1 0 0 0 0 0 1 0 0
104 5 0 0 1 0 0 0 0 0
105 4 0 0 1 0 0 1 0 0
108 6 1 1 0 0 0 2 0 0
110 2 0 0 1 0 0 0 0 0
112 1 0 0 0 0 0 0 0 0
116 1 0 0 0 0 0 0 0 0
117 1 0 0 0 0 0 0 0 0
120 1 0 0 0 0 0 0 0 0
127 4 1 1 1 0 0 1 0 0
130 3 0 0 1 0 0 1 0 0
fl=./elf/../sysdeps/unix/sysv/linux/brk.c
fn=brk
36 3 1 1 0 0 0 2 0 0
37 2 0 0 0 0 0 1 0 0
38 2 0 0 0 0 0 0 0 0
44 1 0 0 0 0 0 0 0 0
45 2 0 0 2 0 0 0 0 0
fl=./elf/../sysdeps/unix/sysv/linux/brk_call.h
fn=brk
24 2 1 1 0 0 0 0 0 0
fl=./elf/../sysdeps/unix/sysv/linux/dl-osinfo.h
fn=dl_main
39 1 0 0 0 0 0 0 0 0
fl=./elf/../sysdeps/unix/sysv/linux/dl-parse_auxv.h
fn=_dl_sysdep_parse_arguments
32 3 1 1 0 0 0 1 0 0
33 2 0 0 0 0 0 1 0 0
39 2 0 0 0 0 0 1 0 0
41 43 0 0 21 6 6 0 0 0
42 40 0 0 0 0 0 0 0 0
43 40 0 0 20 0 0 20 0 0
45 2 0 0 1 0 0 0 0 0
46 4 0 0 1 0 0 1 0 0
47 1 0 0 0 0 0 1 0 0
48 2 0 0 2 0 0 1 0 0
49 2 0 0 2 0 0 1 0 0
50 1 0 0 0 0 0 1 0 0
51 2 0 0 2 0 0 1 0 0
52 2 0 0 1 0 0 1 1 1
53 2 0 0 1 0 0 1 0 0
54 1 0 0 0 0 0 1 0 0
55 2 0 0 1 0 0 2 0 0
56 2 2 2 1 0 0 1 0 0
fl=./elf/../sysdeps/unix/sysv/linux/dl-sysdep.c
fn=_dl_sysdep_parse_arguments
78 5 1 1 0 0 0 6 2 2
79 3 1 1 1 0 0 1 1 1
80 2 0 0 0 0 0 1 0 0
81 5 0 0 0 0 0 1 1 1
83 33 0 0 16 2 2 0 0 0
86 4 0 0 0 0 0 1 1 1
90 6 1 1 0 0 0 0 0 0
93 2 0 0 1 0 0 1 0 0
94 2 0 0 1 0 0 1 0 0
95 2 0 0 1 0 0 1 0 0
96 4 0 0 6 0 0 0 0 0
fn=_dl_sysdep_start
102 7 2 2 0 0 0 10 2 2
103 3 0 0 0 0 0 1 0 0
106 2 0 0 0 0 0 0 0 0
110 3 0 0 1 0 0 0 0 0
113 1 0 0 0 0 0 0 0 0
115 2 0 0 0 0 0 0 0 0
122 2 0 0 1 0 0 0 0 0
123 2 0 0 0 0 0 1 0 0
125 6 1 1 0 0 0 0 0 0
137 2 0 0 1 0 0 0 0 0
140 6 0 0 3 0 0 0 0 0
143 7 2 1 11 3 3 0 0 0
fn=_dl_sysdep_start_cleanup
147 2 1 1 0 0 0 2 0 0
148 2 0 0 2 0 0 0 0 0
fl=./elf/../sysdeps/unix/sysv/linux/dl-vdso-setup.h
fn=dl_main
30 5 1 1 0 0 0 2 0 0
33 2 0 0 0 0 0 1 0 0
45 3 1 1 0 0 0 2 0 0
fl=./elf/../sysdeps/unix/sysv/linux/dl-vdso.h
fn=dl_main
40 2 1 1 1 0 0 0 0 0
41 1 0 0 0 0 0 0 0 0
55 2 0 0 0 0 0 0 0 0
fl=./elf/../sysdeps/unix/sysv/linux/rseq-internal.h
fn=__tls_init_tp
32 1 0 0 0 0 0 0 0 0
34 7 1 1 0 0 0 0 0 0
37 2 0 0 0 0 0 0 0 0
40 2 0 0 0 0 0 1 0 0
fl=./elf/./dl-find_object.h
fn=_dl_find_object
54 54 0 0 18 0 0 18 0 0
56 54 0 0 18 0 0 18 0 0
58 72 0 0 18 0 0 18 0 0
60 72 0 0 18 0 0 18 0 0
76 18 0 0 0 0 0 18 2 0
77 18 0 0 0 0 0 18 2 0
79 36 0 0 36 0 0 18 0 0
fn=_dl_find_object_from_map
94 78 23 23 0 0 0 78 0 0
95 78 0 0 39 6 0 39 28 28
96 117 0 0 39 5 1 39 0 0
97 78 0 0 0 0 0 39 0 0
103 156 0 0 78 23 8 0 0 0
104 576 0 0 0 0 0 0 0 0
105 732 23 23 205 156 68 0 0 0
107 195 0 0 78 2 1 39 0 0
120 78 0 0 78 0 0 0 0 0
fn=_dl_find_object_update
54 1038 0 0 346 0 0 346 157 157
56 2422 0 0 346 0 0 346 0 0
58 1384 21 21 346 0 0 346 0 0
60 1384 0 0 346 0 0 346 0 0
fl=./elf/./dl-hwcaps.h
fn=_dl_important_hwcaps
43 5 0 0 1 0 0 0 0 0
45 4 1 1 0 0 0 8 0 0
46 1 0 0 0 0 0 0 0 0
77 6 0 0 2 0 0 3 0 0
78 5 1 1 2 0 0 3 0 0
79 3 0 0 0 0 0 0 0 0
fn=copy_hwcaps
45 2 0 0 0 0 0 4 0 0
77 2 0 0 0 0 0 2 0 0
78 2 0 0 0 0 0 2 0 0
79 2 0 0 0 0 0 0 0 0
fl=./elf/./dl-load.h
fn=_dl_map_object_from_fd
91 148 0 0 74 0 0 0 0 0
92 140 25 23 70 0 0 0 0 0
93 175 0 0 70 0 0 0 0 0
94 105 0 0 35 0 0 0 0 0
96 140 25 23 0 0 0 35 0 0
fl=./elf/./dl-main.h
fn=dl_main
109 5 0 0 4 0 0 0 0 0
fl=./elf/./dl-map-segments.h
fn=_dl_map_object_from_fd
28 108 0 0 36 0 0 0 0 0
36 180 32 23 0 0 0 72 0 0
37 396 32 23 0 0 0 144 4 2
41 72 0 0 0 0 0 0 0 0
44 180 28 19 36 0 0 36 0 0
45 288 0 0 72 0 0 0 0 0
49 252 23 23 180 0 0 0 0 0
55 72 0 0 0 0 0 0 0 0
56 468 66 46 252 0 0 252 3 0
58 216 0 0 36 0 0 0 0 0
59 72 0 0 36 0 0 0 0 0
60 72 0 0 0 0 0 0 0 0
61 180 0 0 216 0 0 0 0 0
81 36 0 0 0 0 0 0 0 0
101 180 23 21 0 0 0 252 0 0
102 36 0 0 0 0 0 0 0 0
105 36 0 0 0 0 0 36 0 0
106 72 32 19 0 0 0 36 0 0
108 36 0 0 0 0 0 0 0 0
115 360 32 20 72 0 0 108 0 0
118 288 32 23 108 0 0 0 0 0
125 108 0 0 36 0 0 36 0 0
135 370 0 0 0 0 0 0 0 0
137 114 0 0 76 0 0 0 0 0
139 608 24 23 266 0 0 152 0 0
149 222 0 0 148 0 0 0 0 0
155 72 0 0 36 0 0 0 0 0
156 36 0 0 0 0 0 0 0 0
157 180 32 23 36 0 0 0 0 0
158 36 0 0 0 0 0 0 0 0
160 72 0 0 0 0 0 0 0 0
165 72 0 0 0 0 0 0 0 0
168 72 0 0 36 0 0 0 0 0
176 360 0 0 180 0 0 180 0 0
182 72 0 0 0 0 0 0 0 0
186 70 4 3 7 0 0 28 0 0
189 35 7 4 28 0 0 0 0 0
194 74 24 19 0 0 0 0 0 0
fl=./elf/./dl-sym-post.h
fn=do_sym
41 242 121 20 0 0 0 0 0 0
53 242 0 0 121 98 1 0 0 0
60 121 0 0 121 0 0 0 0 0
fn=lookup_malloc_symbol
41 8 0 0 0 0 0 0 0 0
53 12 0 0 4 1 0 0 0 0
fl=./elf/./dl-tunable-types.h
fn=do_tunable_update_val
81 2 0 0 0 0 0 0 0 0
fl=./elf/./elf/dl-addr-obj.c
fn=_dl_addr_inside_object
65 42 21 19 0 0 0 42 0 0
66 21 0 0 21 20 20 0 0 0
67 42 0 0 21 20 20 0 0 0
69 504 0 0 0 0 0 0 0 0
70 672 21 21 189 147 146 0 0 0
71 210 0 0 84 0 0 0 0 0
74 42 0 0 42 0 0 0 0 0
fl=./elf/./elf/dl-audit.c
fn=_dl_audit_activity_map
29 5 1 1 0 0 0 6 0 0
30 3 1 1 1 0 0 0 0 0
31 2 0 0 1 0 0 0 0 0
37 4 2 2 6 0 0 0 0 0
fn=_dl_audit_activity_nsid
41 94 0 0 0 0 0 94 4 0
45 235 29 23 47 15 1 0 0 0
46 47 0 0 0 0 0 0 0 0
47 188 0 0 47 9 1 0 0 0
51 94 32 24 94 0 0 0 0 0
fn=_dl_audit_objclose
97 152 1 1 0 0 0 152 0 0
98 152 0 0 38 2 0 0 0 0
114 114 0 0 152 0 0 0 0 0
fn=_dl_audit_objopen
77 144 32 23 0 0 0 144 0 0
78 144 0 0 36 0 0 0 0 0
93 108 0 0 144 0 0 0 0 0
fn=_dl_audit_preinit
118 4 1 1 0 0 0 4 0 0
119 4 0 0 1 1 0 0 0 0
129 3 0 0 4 0 0 0 0 0
fl=./elf/./elf/dl-cache.c
fn=_dl_cache_libcmp
357 190 8 8 0 0 0 190 0 0
358 1122 0 0 561 0 0 0 0 0
360 2192 0 0 0 0 0 0 0 0
362 1674 22 16 548 83 83 0 0 0
368 15 0 0 0 0 0 0 0 0
369 30 0 0 0 0 0 0 0 0
370 75 0 0 15 0 0 0 0 0
372 75 13 8 15 0 0 0 0 0
374 30 0 0 0 0 0 0 0 0
380 1066 0 0 0 0 0 0 0 0
381 1 0 0 0 0 0 0 0 0
382 1064 0 0 0 0 0 0 0 0
383 81 10 8 0 0 0 0 0 0
386 451 0 0 0 0 0 0 0 0
387 451 0 0 0 0 0 0 0 0
390 26 0 0 13 0 0 0 0 0
391 190 0 0 190 0 0 0 0 0
fn=_dl_load_cache_lookup
403 78 13 8 0 0 0 78 5 5
405 39 0 0 13 0 0 0 0 0
408 52 10 8 13 7 7 0 0 0
411 48 8 8 0 0 0 0 0 0
419 40 8 8 8 0 0 0 0 0
420 152 8 8 24 8 8 0 0 0
423 48 8 8 0 0 0 0 0 0
424 8 0 0 8 0 0 0 0 0
431 8 0 0 0 0 0 0 0 0
432 16 0 0 0 0 0 16 0 0
477 10 0 0 0 0 0 0 0 0
482 52 0 0 13 0 0 0 0 0
485 91 0 0 26 2 0 0 0 0
500 26 0 0 13 0 0 0 0 0
504 13 10 8 0 0 0 0 0 0
512 39 0 0 0 0 0 0 0 0
513 156 13 8 0 0 0 13 0 0
514 39 0 0 0 0 0 0 0 0
515 13 0 0 0 0 0 0 0 0
516 65 0 0 78 0 0 0 0 0
fn=_dl_unload_cache
525 72 24 24 0 0 0 96 21 4
526 144 0 0 24 24 20 0 0 0
528 16 0 0 8 0 0 0 0 0
529 8 0 0 0 0 0 8 0 0
533 24 8 8 0 0 0 24 3 1
535 72 0 0 96 0 0 0 0 0
fn=search_cache
203 182 8 8 0 0 0 169 0 0
208 91 8 8 13 0 0 13 0 0
210 104 10 8 0 0 0 39 0 0
211 52 0 0 13 0 0 0 0 0
213 26 0 0 0 0 0 0 0 0
220 164 0 0 0 0 0 0 0 0
222 298 8 8 0 0 0 0 0 0
223 259 0 0 82 64 63 0 0 0
227 164 0 0 0 0 0 0 0 0
231 246 0 0 0 0 0 0 0 0
232 164 0 0 0 0 0 0 0 0
240 52 10 8 0 0 0 0 0 0
242 26 0 0 13 1 1 0 0 0
245 26 0 0 0 0 0 0 0 0
247 65 0 0 0 0 0 0 0 0
249 13 0 0 0 0 0 0 0 0
259 26 0 0 0 0 0 0 0 0
269 39 10 8 13 0 0 0 0 0
270 39 0 0 13 2 2 0 0 0
277 39 0 0 13 0 0 0 0 0
295 65 0 0 0 0 0 0 0 0
298 39 10 8 13 0 0 0 0 0
309 39 10 8 0 0 0 0 0 0
330 13 0 0 0 0 0 0 0 0
346 69 0 0 0 0 0 0 0 0
347 36 0 0 0 0 0 0 0 0
349 33 0 0 0 0 0 0 0 0
353 117 18 16 156 0 0 0 0 0
fl=./elf/./elf/dl-call-libc-early-init.c
fn=_dl_call_libc_early_init
27 5 0 0 0 0 0 4 0 0
29 1 1 1 0 0 0 0 0 0
33 9 0 0 0 0 0 0 0 0
37 1 0 0 0 0 0 0 0 0
39 7 1 1 3 0 0 0 0 0
40 3 0 0 0 0 0 0 0 0
41 2 0 0 4 0 0 0 0 0
fl=./elf/./elf/dl-call_fini.c
fn=_dl_call_fini
24 152 1 1 0 0 0 152 0 0
28 114 0 0 38 1 0 0 0 0
32 114 1 1 38 0 0 38 0 0
34 38 0 0 38 38 37 0 0 0
35 38 0 0 0 0 0 0 0 0
38 108 0 0 72 72 46 0 0 0
39 144 0 0 72 20 19 36 0 0
42 264 1 1 36 0 0 0 0 0
43 80 0 0 40 36 35 0 0 0
47 38 0 0 38 38 36 0 0 0
48 38 0 0 0 0 0 0 0 0
49 180 0 0 72 25 24 0 0 0
50 78 0 0 152 0 0 0 0 0
fl=./elf/./elf/dl-catch.c
fn=_dl_catch_error
254 1305 269 46 0 0 0 725 0 0
256 290 0 0 0 0 0 0 0 0
257 145 0 0 0 0 0 145 19 2
258 290 22 4 290 0 0 145 4 2
259 580 0 0 145 0 0 145 0 0
261 580 124 26 725 21 4 0 0 0
fn=_dl_catch_exception
58 1044 0 0 348 131 24 0 0 0
59 39 7 2 13 0 0 13 0 0
62 983 0 0 335 141 24 313 0 0
69 1044 164 38 348 27 6 0 0 0
70 78 0 0 13 0 0 26 0 0
73 1631 167 53 313 73 13 670 31 4
74 335 0 0 0 0 0 0 0 0
204 1740 174 32 0 0 0 2088 91 42
207 348 0 0 0 0 0 0 0 0
211 44 0 0 44 0 0 0 0 0
214 348 1 0 0 0 0 0 0 0
228 326 124 21 326 0 0 0 0 0
229 652 0 0 0 0 0 652 28 10
235 1304 0 0 0 0 0 0 0 0
237 652 0 0 652 0 0 0 0 0
239 978 0 0 326 1 0 978 72 12
248 1044 0 0 1044 1 0 0 0 0
fn=_dl_receive_error
58 3 0 0 1 0 0 0 0 0
59 1 0 0 1 0 0 0 0 0
69 2 0 0 1 0 0 0 0 0
70 2 0 0 0 0 0 2 0 0
186 6 2 2 0 0 0 6 2 0
188 3 0 0 1 0 0 0 0 0
192 2 0 0 0 0 0 1 0 0
194 1 0 0 0 0 0 0 0 0
197 2 1 1 0 0 0 1 0 0
198 4 0 0 6 1 0 0 0 0
fl=./elf/./elf/dl-debug.c
fn=_dl_debug_initialize
56 72 24 24 0 0 0 48 0 0
57 1 0 0 0 0 0 0 0 0
59 24 24 24 0 0 0 0 0 0
61 24 0 0 0 0 0 0 0 0
63 48 0 0 24 24 24 0 0 0
64 2 0 0 0 0 0 1 0 0
85 96 23 23 48 24 19 0 0 0
90 1 0 0 0 0 0 0 0 0
91 3 1 1 0 0 0 1 0 0
92 1 0 0 0 0 0 2 0 0
95 25 0 0 1 0 0 0 0 0
96 9 1 1 1 0 0 1 0 0
99 1 0 0 0 0 0 0 0 0
107 48 0 0 48 0 0 0 0 0
fn=_dl_debug_state
116 92 31 23 0 0 0 92 0 0
117 92 0 0 92 0 0 0 0 0
fn=_dl_debug_update
38 249 65 28 0 0 0 166 0 0
40 83 0 0 0 0 0 0 0 0
41 166 31 4 0 0 0 0 0 0
44 166 0 0 83 28 0 0 0 0
48 166 0 0 166 0 0 0 0 0
fl=./elf/./elf/dl-deps.c
fn=_dl_map_object_deps
128 24 0 0 0 0 0 24 0 0
130 51 0 0 0 0 0 48 0 0
132 44 0 0 0 0 0 22 0 0
136 95 23 23 24 0 0 24 0 0
143 253 46 46 0 0 0 322 15 3
144 345 23 23 0 0 0 23 1 1
160 73 45 45 0 0 0 22 1 0
161 1 0 0 1 0 0 0 0 0
164 46 0 0 23 0 0 23 0 0
182 69 0 0 23 0 0 23 0 0
183 46 0 0 0 0 0 0 0 0
184 46 0 0 0 0 0 23 0 0
186 23 0 0 0 0 0 23 0 0
188 135 0 0 131 0 0 2 1 1
190 88 0 0 0 0 0 0 0 0
193 264 0 0 88 0 0 88 0 0
197 176 0 0 88 55 49 0 0 0
198 420 23 23 122 49 41 0 0 0
201 14 0 0 0 0 0 0 0 0
205 28 0 0 14 0 0 0 0 0
208 272 8 3 136 26 19 0 0 0
210 192 40 40 128 11 0 0 0 0
215 64 0 0 0 0 0 64 0 0
216 64 0 0 0 0 0 64 0 0
217 128 0 0 64 0 0 64 0 0
218 128 0 0 64 3 0 64 0 0
219 128 0 0 64 0 0 64 0 0
221 3534 0 0 1799 271 171 0 0 0
222 3405 0 0 0 0 0 0 0 0
228 1073 20 20 135 3 0 0 0 0
230 135 0 0 0 0 0 135 0 0
232 744 42 42 135 3 0 23 0 0
233 270 0 0 135 0 0 0 0 0
242 135 22 20 135 0 0 0 0 0
244 405 0 0 135 0 0 0 0 0
249 192 0 0 0 0 0 64 7 0
253 64 0 0 0 0 0 64 0 0
254 64 0 0 0 0 0 128 6 0
255 128 0 0 64 0 0 64 5 0
256 64 0 0 0 0 0 64 0 0
257 192 26 19 64 0 0 64 0 0
259 256 0 0 64 0 0 64 0 0
263 135 0 0 0 0 0 0 0 0
264 66 0 0 0 0 0 33 4 0
266 7680 23 21 0 0 0 0 0 0
417 88 21 20 0 0 0 0 0 0
419 28 0 0 0 0 0 14 1 0
422 28 0 0 0 0 0 0 0 0
423 14 0 0 0 0 0 0 0 0
429 14 0 0 0 0 0 14 4 4
430 56 1 0 0 0 0 0 0 0
431 70 0 0 0 0 0 0 0 0
433 14 0 0 0 0 0 0 0 0
434 14 0 0 0 0 0 14 2 0
435 42 0 0 14 0 0 14 0 0
439 264 31 19 176 3 0 0 0 0
441 264 9 3 176 1 0 88 0 0
442 218 0 0 65 1 0 0 0 0
448 138 0 0 46 0 0 0 0 0
449 4 1 1 1 0 0 1 0 0
452 69 23 23 23 3 0 23 0 0
463 69 0 0 23 0 0 0 0 0
465 23 0 0 0 0 0 0 0 0
470 92 23 23 23 0 0 23 4 0
471 23 0 0 0 0 0 23 8 0
472 23 0 0 0 0 0 0 0 0
474 222 0 0 88 2 0 0 0 0
478 264 0 0 176 1 0 0 0 0
484 176 0 0 0 0 0 0 0 0
485 176 0 0 0 0 0 88 14 13
490 264 23 23 88 4 0 88 0 0
495 46 0 0 23 3 0 0 0 0
532 46 23 23 0 0 0 0 0 0
533 23 0 0 0 0 0 0 0 0
536 23 0 0 23 0 0 0 0 0
547 115 22 22 0 0 0 0 0 0
552 161 0 0 23 6 0 0 0 0
553 161 46 46 46 5 0 0 0 0
557 23 0 0 0 0 0 23 0 0
558 23 0 0 0 0 0 0 0 0
559 23 0 0 0 0 0 23 0 0
560 69 0 0 23 0 0 23 0 0
561 23 0 0 0 0 0 0 0 0
568 46 23 23 23 0 0 0 0 0
571 23 0 0 0 0 0 0 0 0
574 207 0 0 276 10 0 0 0 0
fn=openaux
61 675 21 20 0 0 0 405 16 6
64 1210 9 0 675 4 0 135 11 0
65 135 0 0 135 6 0 0 0 0
66 130 0 0 130 0 0 0 0 0
69 405 0 0 405 8 0 0 0 0
fl=./elf/./elf/dl-environ.c
fn=_dl_next_ld_env_entry
28 9 1 1 0 0 0 6 0 0
29 3 0 0 3 0 0 0 0 0
32 33 0 0 16 0 0 0 0 0
34 45 0 0 15 0 0 0 0 0
35 15 1 1 5 0 0 0 0 0
37 2 0 0 0 0 0 0 0 0
40 4 0 0 0 0 0 2 0 0
49 6 0 0 6 0 0 0 0 0
fl=./elf/./elf/dl-find_object.c
fn=_dl_find_object
293 18 0 0 0 0 0 0 0 0
312 36 0 0 18 2 2 0 0 0
321 18 2 2 0 0 0 0 0 0
325 98 0 0 0 0 0 0 0 0
327 90 0 0 0 0 0 0 0 0
328 90 0 0 0 0 0 0 0 0
329 270 0 0 90 14 14 0 0 0
331 120 0 0 0 0 0 0 0 0
332 60 0 0 0 0 0 0 0 0
335 30 2 2 0 0 0 0 0 0
338 90 0 0 18 0 0 0 0 0
349 36 0 0 0 0 0 0 0 0
350 72 2 2 18 0 0 0 0 0
360 108 0 0 0 0 0 108 6 0
363 90 2 2 18 2 2 0 0 0
372 72 0 0 18 2 2 0 0 0
375 18 0 0 0 0 0 0 0 0
379 90 8 2 36 2 2 0 0 0
380 54 2 2 18 0 0 0 0 0
419 18 0 0 0 0 0 0 0 0
422 36 2 2 18 2 2 0 0 0
423 18 0 0 0 0 0 0 0 0
426 72 0 0 18 0 0 0 0 0
440 36 0 0 0 0 0 0 0 0
443 18 0 0 0 0 0 0 0 0
465 72 0 0 108 0 0 0 0 0
fn=_dl_find_object_init
561 4 1 1 0 0 0 6 0 0
564 2 0 0 1 1 0 0 0 0
566 2 0 0 1 0 0 0 0 0
573 4 0 0 0 0 0 1 1 0
579 2 0 0 0 0 0 0 0 0
580 3 1 1 1 0 0 1 0 0
582 1 0 0 0 0 0 0 0 0
585 1 0 0 0 0 0 0 0 0
590 1 0 0 0 0 0 1 0 0
591 1 0 0 0 0 0 0 0 0
594 2 0 0 1 0 0 0 0 0
596 2 1 1 0 0 0 0 0 0
599 5 1 1 3 0 0 1 0 0
601 1 0 0 0 0 0 0 0 0
604 4 0 0 6 0 0 0 0 0
fn=_dl_find_object_update
136 22 0 0 0 0 0 0 0 0
137 149 0 0 42 21 21 0 0 0
138 1059 21 21 0 0 0 0 0 0
140 1384 0 0 346 167 167 0 0 0
149 40 0 0 0 0 0 0 0 0
150 62 0 0 20 0 0 0 0 0
151 40 0 0 20 20 20 0 0 0
201 4 0 0 0 0 0 0 0 0
204 4 2 2 0 0 0 0 0 0
214 2 0 0 0 0 0 0 0 0
216 2 0 0 0 0 0 0 0 0
218 2 0 0 0 0 0 0 0 0
224 4 0 0 0 0 0 0 0 0
225 4 2 2 0 0 0 0 0 0
229 2 0 0 0 0 0 4 1 1
233 4 0 0 0 0 0 4 0 0
234 2 0 0 0 0 0 0 0 0
235 2 0 0 0 0 0 0 0 0
236 4 0 0 0 0 0 0 0 0
270 22 20 19 0 0 0 0 0 0
271 20 0 0 0 0 0 0 0 0
279 22 22 22 0 0 0 0 0 0
610 44 22 22 0 0 0 0 0 0
612 46 0 0 0 0 0 0 0 0
616 27 0 0 18 0 0 0 0 0
617 78 0 0 0 0 0 0 0 0
618 22 0 0 22 2 0 0 0 0
620 33 7 7 0 0 0 0 0 0
625 18 0 0 9 0 0 0 0 0
626 9 0 0 0 0 0 9 0 0
627 9 0 0 0 0 0 9 0 0
639 66 42 42 22 0 0 0 0 0
644 44 0 0 0 0 0 22 0 0
654 22 0 0 0 0 0 0 0 0
656 44 22 22 22 20 4 0 0 0
660 87 1 1 22 0 0 0 0 0
662 44 0 0 0 0 0 0 0 0
668 41 21 21 0 0 0 0 0 0
670 2 1 1 0 0 0 0 0 0
682 8 0 0 0 0 0 2 0 0
697 22 0 0 0 0 0 0 0 0
698 22 0 0 0 0 0 0 0 0
700 21 0 0 21 0 0 0 0 0
703 1148 0 0 0 0 0 0 0 0
706 25 0 0 0 0 0 0 0 0
707 21 0 0 21 0 0 0 0 0
708 21 0 0 0 0 0 0 0 0
717 374 21 21 0 0 0 0 0 0
718 1496 21 21 374 0 0 0 0 0
725 31 1 1 0 0 0 0 0 0
730 377 1 1 0 0 0 0 0 0
731 377 0 0 0 0 0 0 0 0
740 377 0 0 0 0 0 0 0 0
741 377 0 0 0 0 0 0 0 0
743 377 0 0 0 0 0 0 0 0
744 50 0 0 0 0 0 0 0 0
745 338 0 0 144 0 0 0 0 0
746 47 0 0 0 0 0 0 0 0
749 346 21 21 0 0 0 0 0 0
751 346 0 0 0 0 0 0 0 0
758 31 0 0 0 0 0 0 0 0
759 124 0 0 62 0 0 31 0 0
760 62 0 0 0 0 0 0 0 0
766 773 1 1 0 0 0 0 0 0
770 22 0 0 0 0 0 0 0 0
773 22 0 0 0 0 0 0 0 0
776 44 0 0 22 0 0 0 0 0
780 22 0 0 0 0 0 0 0 0
785 66 22 22 0 0 0 88 1 0
787 44 0 0 0 0 0 0 0 0
788 150 0 0 31 0 0 44 0 0
790 217 22 22 62 1 0 0 0 0
791 22 0 0 0 0 0 0 0 0
795 22 22 22 0 0 0 0 0 0
798 66 0 0 0 0 0 22 0 0
799 84 0 0 31 0 0 0 0 0
800 155 0 0 62 0 0 0 0 0
801 62 0 0 0 0 0 31 0 0
807 88 21 21 154 0 0 0 0 0
808 88 0 0 88 0 0 0 0 0
fn=_dlfo_process_initial
474 4 1 1 0 0 0 4 0 0
475 4 0 0 2 0 0 0 0 0
477 2 0 0 0 0 0 0 0 0
478 6 0 0 2 0 0 0 0 0
481 8 2 2 0 0 0 0 0 0
485 2 0 0 2 0 0 0 0 0
486 6 0 0 2 0 0 0 0 0
487 64 0 0 0 0 0 0 0 0
488 60 1 1 20 1 1 0 0 0
490 8 0 0 2 0 0 0 0 0
493 12 0 0 4 0 0 4 2 2
495 8 0 0 4 0 0 2 0 0
497 8 0 0 2 0 0 2 0 0
499 4 0 0 0 0 0 0 0 0
504 22 1 1 4 1 0 0 0 0
505 18 0 0 2 0 0 0 0 0
506 14 0 0 14 1 0 0 0 0
508 64 0 0 12 5 0 0 0 0
511 48 1 1 12 6 0 0 0 0
513 24 0 0 12 0 0 0 0 0
515 18 0 0 0 0 0 0 0 0
517 24 0 0 0 0 0 0 0 0
521 4 0 0 0 0 0 0 0 0
529 4 0 0 0 0 0 2 0 0
531 6 0 0 4 0 0 0 0 0
fn=_dlfo_sort_mappings
536 2 0 0 0 0 0 2 0 0
537 2 1 1 0 0 0 0 0 0
540 25 1 1 0 0 0 0 0 0
544 14 0 0 7 0 0 0 0 0
545 112 1 1 0 0 0 0 0 0
546 56 0 0 28 0 0 0 0 0
548 84 0 0 0 0 0 0 0 0
553 21 0 0 14 0 0 14 0 0
554 14 0 0 14 0 0 14 0 0
555 7 0 0 0 0 0 14 0 0
557 2 0 0 2 0 0 0 0 0
fl=./elf/./elf/dl-fini.c
fn=_dl_fini
26 11 1 1 0 0 0 13 0 0
43 1 0 0 0 0 0 0 0 0
46 17 2 2 2 2 1 0 0 0
49 4 1 1 1 1 1 0 0 0
51 1 0 0 1 1 1 0 0 0
54 1 0 0 0 0 0 0 0 0
56 5 0 0 2 1 0 0 0 0
59 1 0 0 0 0 0 0 0 0
61 2 0 0 0 0 0 1 0 0
63 3 0 0 0 0 0 0 0 0
68 13 1 1 0 0 0 1 1 0
73 79 2 2 39 10 10 0 0 0
75 114 0 0 38 38 33 0 0 0
77 76 0 0 0 0 0 0 0 0
79 38 0 0 0 0 0 38 1 0
80 38 0 0 0 0 0 38 38 37
81 38 0 0 0 0 0 0 0 0
85 114 0 0 38 37 34 38 0 0
87 5 0 0 0 0 0 0 0 0
88 8 0 0 0 0 0 0 0 0
94 4 1 1 0 0 0 0 0 0
103 3 0 0 1 1 0 0 0 0
108 117 0 0 0 0 0 0 0 0
110 38 0 0 38 3 0 0 0 0
112 76 1 1 38 26 0 0 0 0
114 76 0 0 0 0 0 0 0 0
117 76 0 0 0 0 0 0 0 0
122 114 0 0 38 1 0 38 0 0
126 3 0 0 0 0 0 0 0 0
132 7 0 0 2 0 0 0 0 0
134 3 0 0 0 0 0 1 0 0
138 2 1 1 1 0 0 0 0 0
145 8 0 0 12 0 0 0 0 0
fl=./elf/./elf/dl-hwcaps-subdirs.c
fn=_dl_hwcaps_subdirs_active
27 2 1 1 0 0 0 2 0 0
29 3 0 0 2 0 0 0 0 0
fl=./elf/./elf/dl-hwcaps.c
fn=_dl_important_hwcaps
52 6 2 2 0 0 0 0 0 0
100 5 0 0 0 0 0 2 1 1
102 1 0 0 0 0 0 0 0 0
105 1 0 0 0 0 0 1 0 0
108 1 0 0 0 0 0 0 0 0
112 3 0 0 0 0 0 0 0 0
125 3 0 0 0 0 0 0 0 0
133 2 1 1 0 0 0 0 0 0
142 6 0 0 1 0 0 1 0 0
172 10 2 2 0 0 0 12 3 3
174 2 0 0 0 0 0 1 0 0
175 3 0 0 0 0 0 0 0 0
185 1 0 0 0 0 0 0 0 0
186 3 0 0 0 0 0 0 0 0
189 3 0 0 1 0 0 1 1 1
193 2 0 0 1 0 0 0 0 0
194 1 0 0 0 0 0 0 0 0
202 4 0 0 3 0 0 2 0 0
203 4 1 1 0 0 0 0 0 0
204 6 0 0 2 0 0 0 0 0
208 1 0 0 2 0 0 0 0 0
209 1 0 0 0 0 0 2 1 1
213 2 1 1 1 0 0 1 0 0
216 6 0 0 8 0 0 0 0 0
fn=copy_hwcaps
74 12 1 1 0 0 0 12 0 0
77 6 0 0 0 0 0 0 0 0
80 4 0 0 0 0 0 0 0 0
84 2 0 0 0 0 0 0 0 0
90 8 0 0 12 0 0 0 0 0
fl=./elf/./elf/dl-hwcaps_split.c
fn=_dl_hwcaps_split
25 24 0 0 0 0 0 24 1 1
26 12 0 0 6 0 0 0 0 0
27 6 0 0 0 0 0 0 0 0
30 9 1 1 3 0 0 3 0 0
34 9 0 0 3 0 0 0 0 0
36 3 0 0 0 0 0 0 0 0
47 18 1 1 24 0 0 0 0 0
fn=_dl_hwcaps_split_masked
51 20 1 1 0 0 0 15 1 1
54 20 0 0 0 0 0 0 0 0
62 20 1 1 15 0 0 0 0 0
fl=./elf/./elf/dl-init.c
fn=_dl_init
81 230 23 23 0 0 0 230 1 1
83 23 0 0 46 23 4 0 0 0
86 92 23 23 23 10 1 0 0 0
88 1 1 1 0 0 0 0 0 0
89 2 0 0 0 0 0 1 0 0
94 69 0 0 0 0 0 0 0 0
119 23 0 0 23 0 0 0 0 0
120 333 26 23 0 0 0 0 0 0
121 528 0 0 176 31 0 0 0 0
127 138 22 22 230 2 0 0 0 0
fn=call_init
27 356 24 23 0 0 0 356 0 0
29 267 24 23 89 19 1 0 0 0
35 712 0 0 89 5 2 178 0 0
37 89 0 0 0 0 0 0 0 0
43 114 25 23 38 0 0 38 0 0
46 114 0 0 76 39 13 0 0 0
47 2 0 0 0 0 0 0 0 0
51 111 0 0 37 1 0 0 0 0
59 74 0 0 37 32 11 0 0 0
60 245 23 23 70 35 11 0 0 0
63 37 0 0 37 36 9 0 0 0
64 37 0 0 0 0 0 0 0 0
70 111 0 0 74 15 6 0 0 0
72 148 0 0 74 20 8 37 0 0
73 584 2 0 0 0 0 0 0 0
74 545 4 4 109 44 15 0 0 0
76 393 39 39 571 1 0 0 0 0
fl=./elf/./elf/dl-load.c
fn=_dl_dst_count
238 480 51 23 0 0 0 640 34 24
239 1 0 0 0 0 0 0 0 0
241 320 0 0 0 0 0 0 0 0
244 160 0 0 0 0 0 0 0 0
245 160 0 0 0 0 0 0 0 0
251 1 0 0 0 0 0 0 0 0
253 6 0 0 0 0 0 0 0 0
254 5 0 0 0 0 0 1 0 0
255 2 0 0 0 0 0 0 0 0
256 1 1 1 0 0 0 0 0 0
259 4 0 0 0 0 0 0 0 0
261 2 0 0 2 0 0 0 0 0
264 643 2 2 641 0 0 2 0 0
fn=_dl_dst_substitute
276 10 1 1 0 0 0 11 0 0
283 1 0 0 0 0 0 0 0 0
285 1 0 0 0 0 0 0 0 0
289 5 0 0 1 0 0 0 0 0
294 1 0 0 0 0 0 0 0 0
295 7 1 1 0 0 0 0 0 0
317 3 0 0 1 0 0 0 0 0
322 2 0 0 1 0 0 0 0 0
332 3 0 0 0 0 0 0 0 0
334 3 0 0 0 0 0 0 0 0
335 1 1 1 0 0 0 0 0 0
354 2 0 0 1 0 0 0 0 0
365 1 1 1 0 0 0 0 0 0
372 1 0 0 0 0 0 1 0 0
375 8 0 0 11 0 0 0 0 0
fn=_dl_init_paths
706 9 1 1 0 0 0 14 0 0
720 9 1 1 0 0 0 1 0 0
725 1 0 0 0 0 0 1 0 0
727 1 0 0 0 0 0 0 0 0
734 4 0 0 0 0 0 0 0 0
735 4 0 0 1 0 0 0 0 0
739 2 1 1 0 0 0 1 0 0
741 3 0 0 2 0 0 0 0 0
747 1 0 0 0 0 0 1 1 1
748 4 0 0 0 0 0 1 0 0
756 4 0 0 0 0 0 4 0 0
758 2 0 0 0 0 0 0 0 0
759 4 0 0 0 0 0 8 4 4
761 3 0 0 0 0 0 1 0 0
762 8 0 0 3 1 1 7 1 1
763 7 0 0 0 0 0 0 0 0
766 15 0 0 3 1 1 0 0 0
767 5 0 0 1 0 0 0 0 0
768 18 0 0 4 0 0 1 0 0
770 18 2 2 0 0 0 4 0 0
776 3 0 0 0 0 0 1 0 0
777 1 0 0 0 0 0 1 0 0
782 2 0 0 1 0 0 0 0 0
785 4 1 1 0 0 0 0 0 0
787 4 0 0 1 0 0 0 0 0
789 2 0 0 1 0 0 0 0 0
806 2 0 0 0 0 0 1 0 0
808 2 1 1 1 0 0 0 0 0
822 2 1 1 0 0 0 1 0 0
825 4 2 2 2 0 0 0 0 0
827 18 1 1 2 0 0 1 0 0
831 2 0 0 0 0 0 0 0 0
832 31 0 0 15 0 0 0 0 0
833 28 1 1 0 0 0 0 0 0
834 28 0 0 0 0 0 0 0 0
836 3 0 0 0 0 0 1 0 0
837 2 0 0 0 0 0 0 0 0
838 1 0 0 0 0 0 0 0 0
844 7 1 1 1 0 0 0 0 0
847 3 0 0 2 0 0 0 0 0
853 3 0 0 0 0 0 1 0 0
857 8 0 0 12 0 0 0 0 0
fn=_dl_map_object
1967 1272 52 24 0 0 0 1908 104 99
1969 36 0 0 0 0 0 36 0 0
1975 318 0 0 0 0 0 0 0 0
1976 1113 33 24 159 3 1 0 0 0
1979 3978 0 0 1512 12 0 0 0 0
1984 7380 25 24 1476 629 434 0 0 0
1986 5904 0 0 0 0 0 0 0 0
1990 2706 0 0 1353 0 0 0 0 0
1991 2706 0 0 1353 718 486 0 0 0
1994 2888 0 0 1444 729 387 0 0 0
1995 2166 24 23 722 353 223 0 0 0
1996 2888 0 0 0 0 0 0 0 0
2009 36 23 23 0 0 0 0 0 0
2010 144 0 0 36 31 0 0 0 0
2011 72 0 0 0 0 0 36 24 17
2019 108 23 23 36 6 0 0 0 0
2034 36 0 0 0 0 0 36 32 30
2036 144 0 0 0 0 0 0 0 0
2040 52 8 8 0 0 0 13 3 2
2042 26 0 0 13 0 0 0 0 0
2049 39 8 8 13 3 0 0 0 0
2053 12 7 7 12 6 0 0 0 0
2054 132 7 7 0 0 0 48 0 0
2058 26 0 0 13 3 0 0 0 0
2059 103 0 0 0 0 0 0 0 0
2061 72 0 0 0 0 0 36 0 0
2073 96 15 14 60 0 0 0 0 0
2074 60 12 7 12 2 0 0 0 0
2075 120 8 7 24 0 0 24 0 0
2084 12 0 0 0 0 0 0 0 0
2099 78 0 0 13 11 7 13 0 0
2100 220 8 8 26 0 0 26 0 0
2106 39 0 0 13 0 0 0 0 0
2107 117 10 8 13 0 0 13 0 0
2109 16 3 3 2 0 0 2 0 0
2113 3 0 0 0 0 0 0 0 0
2115 13 0 0 0 0 0 13 0 0
2129 13 0 0 0 0 0 0 0 0
2131 39 13 8 13 8 5 0 0 0
2135 39 1 0 0 0 0 0 0 0
2137 13 0 0 0 0 0 0 0 0
2141 13 0 0 0 0 0 0 0 0
2149 26 0 0 13 3 0 0 0 0
2172 130 8 8 0 0 0 26 0 0
2176 39 0 0 13 0 0 0 0 0
2177 13 0 0 0 0 0 13 0 0
2194 39 0 0 26 0 0 0 0 0
2200 23 0 0 0 0 0 23 4 3
2201 92 0 0 0 0 0 0 0 0
2202 23 0 0 0 0 0 0 0 0
2203 23 23 23 0 0 0 0 0 0
2207 230 0 0 0 0 0 23 0 0
2210 69 0 0 23 0 0 0 0 0
2222 98 0 0 13 0 0 0 0 0
2267 108 1 0 36 0 0 36 0 0
2268 432 23 23 72 0 0 72 1 0
2270 1431 1 1 1908 28 0 0 0 0
fn=_dl_map_object_from_fd
944 612 47 41 36 0 0 468 57 57
959 108 0 0 0 0 0 36 0 0
989 1620 0 0 738 345 0 0 0 0
990 1404 23 23 702 196 0 0 0 0
1008 36 36 23 0 0 0 0 0 0
1036 108 0 0 0 0 0 36 3 0
1046 108 0 0 36 4 0 0 0 0
1053 252 24 21 0 0 0 0 0 0
1054 36 0 0 0 0 0 0 0 0
1065 72 32 22 0 0 0 36 3 3
1066 72 0 0 36 3 0 36 1 0
1067 72 0 0 36 10 0 36 0 0
1069 72 0 0 0 0 0 0 0 0
1070 180 0 0 108 2 0 0 0 0
1071 72 0 0 0 0 0 36 0 0
1086 36 0 0 0 0 0 0 0 0
1088 72 0 0 0 0 0 36 4 3
1090 540 36 21 36 0 0 36 29 29
1091 36 0 0 0 0 0 0 0 0
1092 36 0 0 0 0 0 0 0 0
1093 36 0 0 0 0 0 0 0 0
1094 36 0 0 0 0 0 0 0 0
1100 963 64 43 72 0 0 0 0 0
1101 2249 23 19 261 119 106 0 0 0
1107 72 23 22 36 23 22 0 0 0
1114 77 0 0 41 0 0 36 0 0
1115 108 0 0 36 0 0 36 0 0
1116 252 22 22 72 0 0 36 0 0
1121 2 0 0 1 0 0 1 0 0
1122 1 0 0 0 0 0 0 0 0
1127 404 0 0 184 22 18 0 0 0
1135 148 0 0 0 0 0 0 0 0
1136 184 0 0 0 0 0 74 18 17
1137 222 0 0 0 0 0 0 0 0
1138 74 0 0 0 0 0 148 0 0
1139 370 0 0 148 14 12 74 3 3
1141 518 24 19 74 7 5 0 0 0
1143 296 30 20 0 0 0 74 2 2
1156 186 0 0 38 0 0 0 0 0
1157 76 0 0 0 0 0 0 0 0
1162 222 0 0 0 0 0 74 1 1
1163 440 23 20 74 0 0 36 0 0
1176 10 1 1 5 1 0 0 0 0
1180 5 0 0 0 0 0 5 1 1
1181 10 0 0 5 1 1 5 1 1
1185 25 0 0 0 0 0 5 0 0
1186 10 0 0 5 0 0 5 0 0
1189 5 0 0 0 0 0 5 0 0
1194 20 5 4 5 0 0 0 0 0
1195 12 0 0 4 4 1 0 0 0
1209 36 23 23 36 0 0 0 0 0
1210 36 0 0 0 0 0 0 0 0
1213 72 0 0 36 5 4 36 2 2
1214 72 0 0 36 8 6 36 0 0
1218 108 0 0 36 0 0 0 0 0
1228 258 0 0 0 0 0 0 0 0
1229 148 0 0 0 0 0 74 0 0
1235 108 0 0 36 0 0 0 0 0
1245 108 32 18 36 0 0 0 0 0
1252 216 0 0 72 0 0 0 0 0
1268 144 32 21 72 0 0 0 0 0
1269 108 0 0 36 0 0 36 0 0
1275 56 25 22 28 1 1 0 0 0
1276 144 0 0 0 0 0 0 0 0
1278 144 28 19 36 0 0 0 0 0
1288 72 0 0 36 0 0 0 0 0
1307 108 0 0 36 0 0 36 0 0
1309 180 0 0 36 25 20 0 0 0
1361 72 0 0 36 4 4 0 0 0
1362 15 2 1 5 0 0 5 0 0
1368 738 22 18 72 0 0 0 0 0
1369 891 32 23 261 223 223 0 0 0
1380 108 0 0 0 0 0 0 0 0
1393 108 0 0 36 0 0 0 0 0
1395 144 24 23 72 0 0 36 0 0
1397 72 0 0 36 0 0 0 0 0
1413 72 0 0 0 0 0 0 0 0
1417 36 0 0 0 0 0 0 0 0
1418 72 0 0 36 0 0 0 0 0
1435 72 0 0 36 0 0 0 0 0
1436 2 0 0 0 0 0 1 0 0
1439 108 25 23 72 3 0 72 0 0
1444 72 0 0 36 0 0 0 0 0
1449 108 0 0 36 29 1 0 0 0
1461 252 0 0 36 0 0 0 0 0
1462 10 2 1 5 0 0 0 0 0
1463 36 0 0 8 0 0 0 0 0
1464 8 1 1 4 0 0 0 0 0
1465 6 0 0 0 0 0 1 0 0
1471 72 0 0 36 0 0 0 0 0
1472 20 4 1 5 0 0 0 0 0
1475 12 4 3 4 0 0 0 0 0
1477 10 0 0 0 0 0 0 0 0
1484 108 29 22 0 0 0 0 0 0
1487 36 0 0 0 0 0 0 0 0
1491 108 0 0 0 0 0 0 0 0
1492 72 0 0 36 0 0 0 0 0
1498 22 18 16 0 0 0 0 0 0
1499 88 0 0 0 0 0 0 0 0
1505 44 0 0 0 0 0 22 0 0
1506 22 0 0 0 0 0 0 0 0
1507 44 0 0 0 0 0 0 0 0
1510 28 0 0 0 0 0 0 0 0
1514 252 0 0 108 2 0 0 0 0
1515 144 0 0 0 0 0 0 0 0
1519 324 24 23 432 6 0 0 0 0
fn=cache_rpath
681 76 8 8 0 0 0 76 0 0
682 114 8 8 38 7 0 0 0 0
683 74 5 0 0 0 0 0 0 0
685 30 0 0 0 0 0 0 0 0
686 15 0 0 0 0 0 0 0 0
688 45 0 0 15 0 0 0 0 0
691 28 7 6 0 0 0 14 0 0
696 8 1 1 2 0 0 0 0 0
697 2 0 0 1 1 0 0 0 0
699 75 0 0 76 0 0 0 0 0
fn=decompose_rpath
580 9 2 2 0 0 0 8 0 0
582 1 0 0 1 0 0 0 0 0
591 3 0 0 1 1 1 0 0 0
622 2 0 0 1 1 1 0 0 0
629 2 1 1 0 0 0 0 0 0
630 1 0 0 0 0 0 0 0 0
637 1 0 0 0 0 0 0 0 0
638 17 0 0 8 0 0 0 0 0
640 14 0 0 0 0 0 0 0 0
644 2 0 0 0 0 0 0 0 0
646 1 0 0 0 0 0 0 0 0
654 8 0 0 0 0 0 0 0 0
661 2 0 0 1 0 0 0 0 0
668 1 0 0 0 0 0 1 0 0
670 2 0 0 0 0 0 1 0 0
671 1 0 0 0 0 0 0 0 0
672 5 0 0 8 0 0 0 0 0
fn=expand_dynamic_string_token
385 150 23 23 0 0 0 150 0 0
395 50 0 0 0 0 0 0 0 0
398 25 0 0 0 0 0 0 0 0
399 48 0 0 0 0 0 0 0 0
402 18 2 2 2 1 0 0 0 0
405 1 0 0 0 0 0 0 0 0
406 1 0 0 0 0 0 0 0 0
409 3 0 0 0 0 0 0 0 0
410 75 0 0 150 0 0 0 0 0
fn=fillin_rpath.isra.0
468 22 2 2 0 0 0 34 0 0
472 2 0 0 0 0 0 0 0 0
474 20 0 0 4 0 0 0 0 0
481 4 2 2 2 0 0 0 0 0
483 10 0 0 2 0 0 0 0 0
487 2 0 0 0 0 0 0 0 0
492 4 0 0 0 0 0 0 0 0
493 2 0 0 0 0 0 0 0 0
500 12 2 2 2 0 0 0 0 0
505 8 1 1 0 0 0 2 0 0
509 28 4 4 11 2 1 0 0 0
510 27 0 0 9 4 4 0 0 0
528 9 2 2 2 0 0 3 0 0
532 14 2 2 4 0 0 0 0 0
534 2 0 0 0 0 0 0 0 0
538 2 0 0 0 0 0 2 0 0
539 6 0 0 2 0 0 0 0 0
540 8 0 0 0 0 0 2 0 0
541 2 0 0 0 0 0 2 0 0
543 8 2 2 2 0 0 0 0 0
544 1 0 0 0 0 0 1 0 0
549 10 0 0 2 0 0 0 0 0
550 14 0 0 2 0 0 0 0 0
551 2 0 0 0 0 0 2 0 0
553 4 2 2 2 0 0 2 0 0
554 4 0 0 2 0 0 0 0 0
555 6 0 0 2 0 0 2 0 0
556 2 0 0 0 0 0 0 0 0
561 4 0 0 2 0 0 2 0 0
562 2 0 0 0 0 0 2 0 0
565 6 0 0 0 0 0 2 0 0
571 2 0 0 0 0 0 2 0 0
574 14 0 0 24 0 0 0 0 0
fn=is_dst
202 12 1 1 0 0 0 10 0 0
206 6 0 0 2 0 0 0 0 0
215 6 1 1 0 0 0 0 0 0
216 10 0 0 0 0 0 0 0 0
218 10 2 2 2 0 0 0 0 0
229 10 0 0 10 0 0 0 0 0
fn=open_path
1536 28 0 0 0 0 0 0 0 0
1812 154 20 16 0 0 0 210 22 21
1813 28 0 0 14 0 0 14 9 8
1817 70 0 0 0 0 0 42 0 0
1819 14 0 0 0 0 0 0 0 0
1822 28 0 0 0 0 0 0 0 0
1824 322 18 16 28 18 14 28 9 8
1827 42 0 0 42 12 7 0 0 0
1831 14 0 0 0 0 0 0 0 0
1835 28 0 0 0 0 0 0 0 0
1842 84 8 8 42 3 0 0 0 0
1843 114 7 7 28 0 0 0 0 0
1846 42 0 0 14 0 0 0 0 0
1851 182 8 8 70 9 7 0 0 0
1854 14 0 0 0 0 0 0 0 0
1860 28 0 0 14 0 0 0 0 0
1863 112 8 8 42 0 0 0 0 0
1865 28 0 0 14 0 0 0 0 0
1867 4 0 0 0 0 0 0 0 0
1872 2 2 2 0 0 0 0 0 0
1873 16 0 0 6 2 0 0 0 0
1879 4 2 2 0 0 0 2 0 0
1881 8 0 0 0 0 0 0 0 0
1882 14 2 2 2 0 0 2 0 0
1884 2 0 0 0 0 0 0 0 0
1891 36 15 15 0 0 0 0 0 0
1893 66 0 0 14 0 0 14 0 0
1894 42 0 0 0 0 0 28 3 3
1937 126 2 2 14 0 0 0 0 0
1941 42 0 0 14 0 0 14 0 0
1943 56 0 0 28 0 0 14 0 0
1946 56 0 0 14 0 0 0 0 0
1960 126 10 8 168 0 0 0 0 0
fn=open_verify.constprop.0
1572 550 66 46 0 0 0 500 9 8
1604 150 0 0 50 0 0 0 0 0
1609 28 8 7 0 0 0 0 0 0
1623 200 0 0 0 0 0 0 0 0
1625 100 0 0 0 0 0 0 0 0
1633 108 0 0 0 0 0 36 22 22
1634 72 33 23 0 0 0 36 6 5
1639 216 0 0 0 0 0 0 0 0
1641 72 0 0 0 0 0 0 0 0
1643 108 0 0 36 0 0 36 0 0
1645 72 32 23 0 0 0 0 0 0
1651 72 0 0 0 0 0 0 0 0
1668 594 71 49 180 17 17 0 0 0
1749 108 0 0 36 5 5 0 0 0
1754 108 25 23 36 0 0 0 0 0
1760 180 0 0 36 0 0 0 0 0
1766 108 0 0 36 10 9 0 0 0
1772 72 0 0 36 0 0 0 0 0
1773 144 23 23 36 0 0 0 0 0
1799 400 8 0 500 0 0 0 0 0
fl=./elf/./elf/dl-lookup-direct.c
fn=_dl_lookup_direct
74 33 1 1 0 0 0 30 0 0
75 3 0 0 3 0 0 0 0 0
76 3 0 0 0 0 0 0 0 0
78 15 1 1 9 2 0 0 0 0
79 3 0 0 0 0 0 0 0 0
81 6 1 1 3 0 0 0 0 0
84 20 0 0 5 2 1 0 0 0
86 5 0 0 0 0 0 0 0 0
87 28 0 0 0 0 0 0 0 0
90 3 0 0 0 0 0 0 0 0
93 4 0 0 0 0 0 0 0 0
115 3 0 0 0 0 0 0 0 0
116 18 1 1 30 0 0 0 0 0
fn=check_match
31 30 2 2 0 0 0 21 0 0
32 9 0 0 6 0 0 0 0 0
33 6 0 0 0 0 0 0 0 0
36 12 0 0 6 4 4 0 0 0
40 6 0 0 0 0 0 0 0 0
48 9 1 1 0 0 0 0 0 0
51 9 0 0 6 0 0 0 0 0
53 12 0 0 3 0 0 0 0 0
57 6 0 0 6 2 0 0 0 0
58 24 1 1 6 1 0 0 0 0
59 9 0 0 3 0 0 0 0 0
64 18 0 0 21 0 0 0 0 0
fl=./elf/./elf/dl-lookup.c
fn=_dl_lookup_symbol_x
204 4115 0 0 1177 0 0 587 0 0
535 26060 122 23 0 0 0 0 0 0
548 405 0 0 405 41 0 0 0 0
551 405 0 0 0 0 0 0 0 0
555 405 7 7 405 50 1 0 0 0
556 405 0 0 0 0 0 0 0 0
558 3825 0 0 1275 107 2 0 0 0
559 2428 0 0 0 0 0 0 0 0
565 2 1 1 0 0 0 0 0 0
566 61 0 0 0 0 0 0 0 0
569 60 0 0 60 13 1 0 0 0
570 180 0 0 0 0 0 0 0 0
571 180 0 0 60 0 0 0 0 0
576 2 1 1 1 1 0 1 0 0
579 3 0 0 0 0 0 1 0 0
630 8 1 1 2 1 0 1 0 0
637 6 0 0 2 1 0 0 0 0
638 105 0 0 0 0 0 0 0 0
639 34 0 0 34 28 1 0 0 0
641 1 0 0 0 0 0 0 0 0
647 4 1 1 2 0 0 0 0 0
658 4 0 0 1 0 0 0 0 0
678 3 1 1 1 0 0 0 0 0
685 4 1 1 0 0 0 0 0 0
691 4 0 0 0 0 0 2 0 0
692 3 0 0 2 0 0 0 0 0
711 2 1 1 0 0 0 0 0 0
714 2 0 0 0 0 0 1 0 0
715 2 0 0 0 0 0 1 0 0
716 1 0 0 0 0 0 0 0 0
717 1 0 0 1 0 0 0 0 0
718 1 0 0 0 0 0 1 0 0
719 1 0 0 0 0 0 1 0 0
720 1 0 0 0 0 0 0 0 0
732 3 0 0 1 0 0 0 0 0
746 4 0 0 1 0 0 0 0 0
748 2 1 1 1 0 0 0 0 0
772 157710 358 104 0 0 0 126168 159 39
774 21028 0 0 0 0 0 10514 37 9
775 10514 0 0 0 0 0 21028 6 2
776 52570 180 51 21028 0 0 10514 0 0
778 73598 173 50 21028 497 29 31542 283 25
782 17850 0 0 0 0 0 0 0 0
785 10514 0 0 0 0 0 0 0 0
787 21028 0 0 21028 248 32 0 0 0
791 41101 0 0 6691 59 1 10514 0 0
792 204576 206 49 34096 12 0 68192 38 9
797 21028 0 0 10514 3 0 0 0 0
799 785 23 23 157 16 0 0 0 0
816 10514 0 0 0 0 0 10514 0 0
817 471 23 23 0 0 0 0 0 0
820 21028 0 0 10514 10 0 0 0 0
821 61642 0 0 10232 77 0 0 0 0
828 10357 0 0 10357 0 0 0 0 0
856 41428 183 45 10357 0 0 0 0 0
859 13030 0 0 0 0 0 0 0 0
870 20714 0 0 10357 883 74 0 0 0
871 3 2 2 0 0 0 1 0 0
873 20714 0 0 10357 0 0 0 0 0
890 20714 0 0 10357 0 0 0 0 0
892 94626 196 60 126168 87 0 0 0 0
fn=check_match
70 126144 169 62 21024 691 548 73584 217 31
73 63072 0 0 21024 5550 4404 0 0 0
78 310 2 2 0 0 0 0 0 0
86 52560 172 61 0 0 0 0 0 0
89 43659 0 0 4561 0 0 0 0 0
93 10421 0 0 10421 640 75 0 0 0
94 10421 0 0 0 0 0 0 0 0
96 4895 56 35 0 0 0 0 0 0
115 4895 0 0 4895 1952 991 0 0 0
116 44055 0 0 14685 1018 146 0 0 0
117 19084 63 47 9542 115 10 0 0 0
118 372 0 0 124 0 0 0 0 0
119 124 0 0 0 0 0 0 0 0
144 5526 116 16 0 0 0 0 0 0
146 22092 0 0 5523 2087 927 0 0 0
147 16569 0 0 0 0 0 0 0 0
150 1 0 0 0 0 0 0 0 0
151 6 0 0 3 0 0 1 0 0
153 2 0 0 1 0 0 1 0 0
161 10357 117 17 0 0 0 0 0 0
162 52560 54 31 73584 0 0 0 0 0
fn=do_lookup_x
170 228 1 1 0 0 0 0 0 0
171 239 1 1 10 0 0 0 0 0
172 720 0 0 250 0 0 0 0 0
174 98 0 0 0 0 0 0 0 0
175 294 0 0 0 0 0 0 0 0
176 93501 197 52 72499 0 0 0 0 0
179 152 0 0 0 0 0 152 0 0
181 152 0 0 0 0 0 304 5 0
182 152 0 0 0 0 0 152 0 0
191 3 1 1 0 0 0 1 0 0
204 492 0 0 246 0 0 0 0 0
222 504 1 1 84 0 0 252 0 0
224 1176 1 1 84 24 1 252 0 0
226 84 0 0 0 0 0 0 0 0
227 84 0 0 168 17 3 0 0 0
228 420 0 0 336 0 0 0 0 0
230 1091 2 2 0 0 0 0 0 0
231 747 0 0 0 0 0 498 0 0
234 537 0 0 179 96 11 0 0 0
235 185 0 0 179 0 0 0 0 0
237 6 0 0 4 0 0 0 0 0
247 2 0 0 2 0 0 0 0 0
248 2 0 0 0 0 0 0 0 0
250 12 0 0 6 0 0 2 0 0
251 2 0 0 0 0 0 0 0 0
254 177 0 0 0 0 0 0 0 0
257 96 0 0 0 0 0 0 0 0
258 288 0 0 0 0 0 0 0 0
259 94 1 1 0 0 0 0 0 0
262 1620 1 1 729 0 0 0 0 0
269 12 1 1 0 0 0 8 0 0
272 2 0 0 0 0 0 0 0 0
279 290 2 2 12 0 0 0 0 0
280 184 0 0 92 9 1 0 0 0
281 140 0 0 210 18 1 0 0 0
285 26 1 1 4 0 0 10 0 0
286 2 0 0 0 0 0 4 0 0
287 2 0 0 0 0 0 0 0 0
288 2 0 0 0 0 0 0 0 0
289 6 0 0 2 0 0 2 0 0
300 1 0 0 0 0 0 0 0 0
302 1 0 0 0 0 0 0 0 0
306 5 0 0 4 0 0 2 0 0
307 3 1 1 1 0 0 1 0 0
310 82 0 0 0 0 0 0 0 0
311 164 0 0 82 0 0 0 0 0
318 328 1 1 82 0 0 0 0 0
322 2 0 0 1 0 0 0 0 0
329 738 1 1 164 0 0 82 0 0
331 410 0 0 164 0 0 82 0 0
333 164 0 0 164 0 0 0 0 0
334 164 0 0 0 0 0 164 0 0
347 306864 367 113 68192 0 0 289816 486 71
348 17048 0 0 17048 486 32 0 0 0
354 17048 0 0 17048 54 1 0 0 0
358 142822 177 57 142822 9187 254 0 0 0
361 142822 0 0 0 0 0 0 0 0
365 88552 0 0 31 5 0 0 0 0
386 142812 172 52 71406 12372 169 0 0 0
390 245100 0 0 71406 61 32 17048 0 0
396 142812 0 0 71406 2068 177 0 0 0
400 71406 179 58 0 0 0 71406 135 9
401 71406 0 0 0 0 0 71406 0 0
404 285624 0 0 142812 42300 435 0 0 0
405 214218 0 0 142812 7724 88 0 0 0
408 71406 0 0 71406 0 0 0 0 0
409 71406 0 0 0 0 0 0 0 0
411 71406 0 0 71406 41138 2499 0 0 0
412 17048 0 0 0 0 0 0 0 0
413 142812 0 0 71406 0 0 0 0 0
415 17048 0 0 0 0 0 0 0 0
416 142812 0 0 71406 0 0 0 0 0
419 285624 0 0 0 0 0 0 0 0
422 40218 0 0 26812 11004 3261 0 0 0
423 13406 142 52 0 0 0 0 0 0
424 13406 0 0 0 0 0 0 0 0
426 151560 175 51 12630 0 0 88410 17 0
429 103820 0 0 25955 12059 4693 0 0 0
431 21024 0 0 10512 0 0 0 0 0
432 130380 185 53 42048 16 0 31536 107 8
433 21024 0 0 0 0 0 0 0 0
436 10512 0 0 0 0 0 0 0 0
439 31506 0 0 155 0 0 0 0 0
448 18184 61 52 15911 0 0 0 0 0
470 6819 31 25 2273 0 0 0 0 0
476 20714 0 0 0 0 0 0 0 0
483 71348 0 0 10357 0 0 0 0 0
487 8505 47 32 2835 79 14 0 0 0
499 10273 0 0 10273 0 0 0 0 0
500 10273 0 0 0 0 0 20546 12 0
501 10357 0 0 0 0 0 0 0 0
518 183162 0 0 0 0 0 0 0 0
521 6691 0 0 0 0 0 0 0 0
522 136384 46 46 204576 103 0 0 0 0
fl=./elf/./elf/dl-minimal-malloc.c
fn=__minimal_calloc
80 42 3 1 0 0 0 28 2 2
84 14 0 0 0 0 0 0 0 0
87 14 0 0 0 0 0 0 0 0
88 56 0 0 0 0 0 0 0 0
92 14 0 0 28 0 0 0 0 0
fn=__minimal_free
97 3 0 0 0 0 0 4 0 0
99 5 0 0 1 0 0 0 0 0
106 3 1 1 4 0 0 0 0 0
fn=__minimal_malloc
36 156 2 1 0 0 0 156 0 0
37 155 0 0 39 2 1 0 0 0
42 4 0 0 0 0 0 1 0 0
43 4 2 2 1 0 0 0 0 0
44 2 0 0 0 0 0 0 0 0
48 155 0 0 38 0 0 39 0 0
49 39 0 0 0 0 0 0 0 0
51 234 6 1 0 0 0 0 0 0
56 10 0 0 2 0 0 0 0 0
57 6 0 0 0 0 0 0 0 0
59 4 2 1 0 0 0 4 0 0
60 16 0 0 0 0 0 0 0 0
62 4 0 0 0 0 0 0 0 0
64 8 0 0 0 0 0 0 0 0
65 10 0 0 2 0 0 0 0 0
67 6 0 0 4 0 0 2 0 0
70 78 0 0 0 0 0 78 0 0
71 2 0 0 0 0 0 0 0 0
73 117 0 0 156 0 0 0 0 0
fl=./elf/./elf/dl-minimal.c
fn=__rtld_malloc_init_real
76 5 2 2 0 0 0 6 0 0
86 3 0 0 0 0 0 1 0 0
87 1 0 0 0 0 0 1 0 0
89 1 0 0 0 0 0 1 0 0
91 7 0 0 0 0 0 0 0 0
92 6 0 0 0 0 0 0 0 0
93 7 1 1 0 0 0 0 0 0
94 5 0 0 0 0 0 0 0 0
99 3 0 0 0 0 0 1 1 0
101 1 0 0 0 0 0 2 0 0
102 1 1 1 0 0 0 1 0 0
103 4 0 0 6 0 0 0 0 0
fn=__rtld_malloc_init_stubs
42 2 1 1 0 0 0 2 1 1
43 5 0 0 0 0 0 1 1 1
44 2 0 0 0 0 0 0 0 0
45 3 0 0 0 0 0 2 1 1
46 3 0 0 0 0 0 1 0 0
47 2 1 1 2 0 0 0 0 0
fn=lookup_malloc_symbol
61 20 1 1 0 0 0 24 0 0
63 4 0 0 0 0 0 4 0 0
64 36 1 1 4 1 0 0 0 0
68 20 0 0 8 0 0 0 0 0
69 44 1 1 12 0 0 0 0 0
71 4 0 0 0 0 0 4 0 0
72 20 1 1 28 0 0 0 0 0
fn=strsep
239 4 2 2 0 0 0 0 0 0
242 8 0 0 4 2 2 0 0 0
244 4 0 0 4 0 0 0 0 0
245 4 0 0 0 0 0 0 0 0
247 4 2 2 0 0 0 0 0 0
249 48 0 0 23 0 0 0 0 0
251 42 0 0 0 0 0 0 0 0
254 105 0 0 35 0 0 0 0 0
256 70 0 0 35 0 0 0 0 0
267 2 0 0 0 0 0 2 0 0
270 2 2 2 0 0 0 0 0 0
271 2 0 0 0 0 0 0 0 0
fl=./elf/./elf/dl-misc.c
fn=_dl_higher_prime_number
87 4 0 0 0 0 0 4 0 0
125 6 0 0 0 0 0 0 0 0
127 26 1 1 0 0 0 0 0 0
129 40 0 0 0 0 0 0 0 0
130 30 0 0 10 4 3 0 0 0
131 6 0 0 0 0 0 0 0 0
133 7 0 0 0 0 0 0 0 0
146 6 0 0 6 0 0 0 0 0
fn=_dl_name_match_p
68 10610 49 48 0 0 0 8488 53 44
69 6366 0 0 2122 743 424 0 0 0
70 211 0 0 0 0 0 0 0 0
72 2121 0 0 2121 516 320 0 0 0
74 4182 0 0 0 0 0 0 0 0
75 9084 0 0 2271 808 469 0 0 0
80 4122 0 0 2061 0 0 0 0 0
82 1911 0 0 0 0 0 0 0 0
83 6366 25 24 8488 0 0 0 0 0
fn=_dl_sysdep_read_whole_file
36 48 8 8 0 0 0 40 0 0
39 16 0 0 0 0 0 0 0 0
40 8 0 0 0 0 0 0 0 0
42 32 8 8 0 0 0 0 0 0
44 16 0 0 8 0 0 8 0 0
47 8 0 0 0 0 0 0 0 0
49 64 0 0 0 0 0 0 0 0
60 16 0 0 0 0 0 0 0 0
63 40 0 0 40 0 0 0 0 0
fl=./elf/./elf/dl-object.c
fn=_dl_add_to_namespace_list
31 222 24 23 0 0 0 185 0 0
33 185 0 0 37 1 0 0 0 0
35 332 30 23 37 0 0 0 0 0
38 2106 0 0 702 267 0 0 0 0
40 36 0 0 0 0 0 36 2 0
42 36 0 0 0 0 0 36 0 0
45 2 1 1 0 0 0 1 0 0
46 259 0 0 37 11 0 37 0 0
47 74 0 0 37 33 18 37 0 0
48 74 0 0 0 0 0 37 0 0
50 185 0 0 37 0 0 0 0 0
51 111 25 22 185 0 0 0 0 0
fn=_dl_new_object
59 481 31 19 0 0 0 444 31 28
62 111 0 0 0 0 0 0 0 0
64 1 1 1 0 0 0 0 0 0
66 1 1 1 0 0 0 0 0 0
67 2 0 0 0 0 0 0 0 0
71 4 1 1 0 0 0 0 0 0
77 4 0 0 0 0 0 1 0 0
80 72 30 22 36 0 0 0 0 0
83 180 0 0 0 0 0 36 0 0
87 36 0 0 0 0 0 0 0 0
92 72 0 0 0 0 0 0 0 0
95 37 0 0 0 0 0 0 0 0
98 37 0 0 0 0 0 37 5 5
99 37 0 0 0 0 0 37 6 6
100 74 30 23 0 0 0 0 0 0
102 74 0 0 0 0 0 74 2 2
103 37 0 0 0 0 0 0 0 0
104 185 0 0 37 0 0 37 2 2
106 111 0 0 37 0 0 37 0 0
119 110 59 45 37 4 0 0 0 0
123 36 31 22 0 0 0 0 0 0
125 1 0 0 0 0 0 0 0 0
127 111 0 0 37 6 6 37 0 0
130 148 0 0 37 0 0 37 0 0
131 111 1 1 0 0 0 37 6 6
132 37 0 0 0 0 0 37 1 1
136 37 0 0 0 0 0 37 0 0
139 106 1 1 0 0 0 0 0 0
141 16 0 0 0 0 0 16 4 4
149 74 0 0 0 0 0 37 1 1
150 74 23 23 0 0 0 37 6 6
153 1 1 1 0 0 0 0 0 0
155 222 22 22 37 23 1 0 0 0
157 100 0 0 0 0 0 36 3 3
160 39 0 0 0 0 0 0 0 0
161 44 22 22 0 0 0 0 0 0
164 45 0 0 15 3 0 0 0 0
168 150 0 0 14 0 0 0 0 0
170 31 0 0 0 0 0 0 0 0
176 94 0 0 0 0 0 32 1 1
179 74 0 0 0 0 0 37 0 0
189 74 24 22 37 0 0 0 0 0
191 144 0 0 0 0 0 0 0 0
195 72 0 0 0 0 0 0 0 0
200 36 0 0 0 0 0 0 0 0
245 144 25 23 0 0 0 0 0 0
250 1182 0 0 0 0 0 0 0 0
251 3546 0 0 1182 0 0 0 0 0
255 72 0 0 0 0 0 0 0 0
256 36 0 0 0 0 0 36 0 0
259 36 0 0 0 0 0 36 0 0
263 296 0 0 444 0 0 0 0 0
fl=./elf/./elf/dl-open.c
fn=_dl_find_dso_for_object
214 115 23 23 0 0 0 138 2 1
218 161 23 22 23 0 0 23 0 0
219 94 2 2 47 24 21 0 0 0
220 282 0 0 94 50 47 0 0 0
221 46 0 0 23 22 22 0 0 0
222 84 21 21 0 0 0 0 0 0
224 69 23 23 23 22 22 0 0 0
228 138 0 0 161 0 0 0 0 0
fn=_dl_open
845 207 23 23 0 0 0 253 41 4
846 46 0 0 0 0 0 0 0 0
851 230 23 23 23 23 18 0 0 0
853 46 0 0 0 0 0 0 0 0
880 69 0 0 0 0 0 0 0 0
893 23 23 23 0 0 0 23 2 0
894 23 0 0 0 0 0 23 0 0
896 23 0 0 0 0 0 46 0 0
897 23 0 0 0 0 0 23 0 0
900 23 0 0 0 0 0 23 0 0
902 23 0 0 0 0 0 46 0 0
905 161 22 4 0 0 0 0 0 0
909 23 0 0 0 0 0 0 0 0
921 46 0 0 23 0 0 0 0 0
923 161 23 23 23 1 0 23 22 0
926 46 0 0 23 0 0 0 0 0
952 23 0 0 0 0 0 0 0 0
953 46 0 0 23 0 0 0 0 0
956 92 0 0 23 1 0 0 0 0
959 184 23 23 276 22 4 0 0 0
fn=_dl_open_relocate_one_object.part.0
474 93 0 0 0 0 0 0 0 0
481 62 44 44 31 9 2 0 0 0
484 22 0 0 0 0 0 0 0 0
485 44 0 0 0 0 0 22 0 0
489 93 0 0 31 21 0 0 0 0
498 31 0 0 31 12 2 0 0 0
511 62 0 0 0 0 0 0 0 0
fn=call_dl_init
527 66 22 22 0 0 0 44 0 0
529 88 0 0 88 0 0 0 0 0
530 22 0 0 44 0 0 0 0 0
fn=dl_open_worker
793 115 46 46 0 0 0 115 23 18
796 23 0 0 0 0 0 23 0 0
800 115 0 0 23 0 0 0 0 0
803 184 45 27 0 0 0 0 0 0
805 92 0 0 23 0 0 0 0 0
807 46 0 0 23 0 0 0 0 0
812 46 0 0 23 0 0 0 0 0
815 22 0 0 22 1 0 0 0 0
816 22 0 0 22 4 2 0 0 0
822 88 0 0 22 0 0 66 0 0
826 22 0 0 22 0 0 0 0 0
829 110 22 22 0 0 0 0 0 0
833 22 1 0 0 0 0 0 0 0
837 66 0 0 22 0 0 0 0 0
840 92 1 0 115 2 0 0 0 0
fn=dl_open_worker_begin
236 96 3 3 38 5 4 0 0 0
237 44 3 3 0 0 0 0 0 0
247 44 0 0 22 0 0 0 0 0
248 44 0 0 0 0 0 0 0 0
260 331 0 0 22 4 0 0 0 0
262 162 0 0 162 16 0 0 0 0
266 368 22 22 81 22 0 0 0 0
273 16 0 0 4 0 0 0 0 0
280 2 0 0 0 0 0 1 1 1
281 3 1 1 0 0 0 0 0 0
293 2 0 0 0 0 0 1 0 0
296 2 0 0 1 0 0 0 0 0
302 5 1 1 1 0 0 0 0 0
304 1 0 0 1 0 0 0 0 0
306 1 0 0 0 0 0 1 0 0
308 4 0 0 1 0 0 0 0 0
311 4 0 0 2 0 0 1 0 0
325 309 44 44 22 0 0 0 0 0
327 162 0 0 162 1 0 0 0 0
328 81 0 0 0 0 0 0 0 0
330 368 0 0 81 0 0 0 0 0
339 20 0 0 4 0 0 0 0 0
344 4 0 0 0 0 0 4 0 0
345 4 0 0 0 0 0 0 0 0
346 30 3 2 4 0 0 4 0 0
348 4 0 0 0 0 0 0 0 0
352 243 0 0 162 1 0 0 0 0
364 44 0 0 0 0 0 0 0 0
365 287 22 22 0 0 0 0 0 0
367 162 0 0 162 0 0 0 0 0
371 224 22 22 112 9 3 0 0 0
373 8 0 0 0 0 0 0 0 0
374 12 0 0 4 0 0 0 0 0
386 6 3 3 3 0 0 0 0 0
387 70 3 3 0 0 0 0 0 0
389 40 0 0 40 2 0 0 0 0
393 56 0 0 28 1 0 0 0 0
395 12 0 0 0 0 0 0 0 0
397 14 3 3 4 0 0 0 0 0
398 4 0 0 4 0 0 0 0 0
403 6 0 0 3 0 0 0 0 0
404 6 0 0 0 0 0 0 0 0
408 9 0 0 0 0 0 3 0 0
413 48 3 3 3 0 0 0 0 0
415 18 0 0 18 0 0 0 0 0
417 24 0 0 0 0 0 0 0 0
418 21 0 0 9 0 0 0 0 0
419 6 0 0 3 0 0 0 0 0
423 9 3 3 3 0 0 3 0 0
434 9 0 0 3 0 0 0 0 0
438 12 0 0 6 0 0 0 0 0
452 663 0 0 44 26 3 0 0 0
453 531 0 0 531 415 50 0 0 0
454 1062 0 0 531 388 47 0 0 0
456 4 0 0 2 0 0 0 0 0
463 26 0 0 0 0 0 2 0 0
478 320 0 0 110 4 0 0 0 0
534 161 23 23 0 0 0 230 4 1
536 23 23 23 23 0 0 0 0 0
537 23 0 0 23 0 0 0 0 0
544 69 0 0 0 0 0 0 0 0
545 93 23 23 23 0 0 0 0 0
546 6 0 0 0 0 0 0 0 0
552 92 0 0 23 23 23 0 0 0
554 46 0 0 23 0 0 0 0 0
559 69 23 23 23 0 0 0 0 0
560 44 0 0 22 0 0 22 0 0
566 184 0 0 23 0 0 23 0 0
570 46 0 0 23 0 0 23 0 0
574 69 23 23 0 0 0 0 0 0
578 207 0 0 23 0 0 23 15 0
583 23 0 0 0 0 0 0 0 0
589 23 0 0 0 0 0 0 0 0
594 92 23 23 23 1 0 23 0 0
597 46 0 0 23 1 1 0 0 0
600 3 1 1 1 0 0 0 0 0
607 2 0 0 0 0 0 0 0 0
612 1 1 1 0 0 0 0 0 0
626 2 0 0 1 0 0 0 0 0
627 2 0 0 1 0 0 0 0 0
634 44 0 0 0 0 0 44 19 0
638 176 0 0 0 0 0 0 0 0
642 309 7 0 22 0 0 0 0 0
643 405 22 22 324 29 0 0 0 0
646 93 0 0 31 2 0 0 0 0
661 66 22 22 22 0 0 0 0 0
665 66 0 0 22 11 0 0 0 0
666 22 0 0 0 0 0 22 0 0
667 22 0 0 0 0 0 0 0 0
668 22 0 0 0 0 0 0 0 0
673 66 0 0 22 0 0 0 0 0
677 110 22 22 0 0 0 0 0 0
678 44 0 0 22 22 15 0 0 0
685 22 0 0 0 0 0 0 0 0
686 22 0 0 0 0 0 0 0 0
687 44 0 0 0 0 0 0 0 0
688 44 0 0 44 6 0 0 0 0
691 324 0 0 162 8 0 0 0 0
694 62 0 0 0 0 0 0 0 0
695 112 22 22 0 0 0 0 0 0
697 81 0 0 81 0 0 0 0 0
699 81 0 0 0 0 0 0 0 0
701 22 0 0 0 0 0 22 20 0
717 154 0 0 44 0 0 0 0 0
722 330 23 23 0 0 0 0 0 0
723 66 22 22 66 15 5 0 0 0
736 22 22 22 0 0 0 0 0 0
756 66 0 0 0 0 0 0 0 0
768 22 0 0 0 0 0 0 0 0
774 44 0 0 22 21 2 0 0 0
775 22 0 0 0 0 0 0 0 0
781 44 0 0 22 20 4 0 0 0
788 66 0 0 44 20 3 22 0 0
789 138 2 2 230 18 2 0 0 0
fl=./elf/./elf/dl-reloc.c
fn=_dl_protect_relro
355 152 23 23 0 0 0 114 6 0
356 266 23 23 114 7 0 0 0 0
359 114 0 0 38 0 0 0 0 0
363 76 0 0 0 0 0 0 0 0
364 152 23 23 0 0 0 0 0 0
370 114 0 0 114 0 0 0 0 0
fn=_dl_relocate_object
170 37320 0 0 12440 8031 5320 0 0 0
171 24844 20 18 0 0 0 0 0 0
174 83995 0 0 12422 28 6 0 0 0
175 15050 10 10 2150 0 0 0 0 0
177 10750 5 5 2150 7 0 2150 0 0
178 6450 0 0 2150 0 0 2150 0 0
183 10462 0 0 0 0 0 10386 7 2
184 10272 0 0 0 0 0 10272 0 0
186 71765 24 24 30816 245 2 0 0 0
187 30399 0 0 0 0 0 0 0 0
188 20266 0 0 10133 788 40 0 0 0
190 72220 24 24 10272 0 0 0 0 0
193 20544 0 0 10272 0 0 10272 27 2
194 10272 0 0 0 0 0 10272 1924 0
196 2150 0 0 2150 0 0 0 0 0
207 390 23 23 0 0 0 507 6 3
208 78 0 0 39 0 0 0 0 0
220 69 0 0 0 0 0 0 0 0
221 114 0 0 0 0 0 76 0 0
224 76 23 22 0 0 0 0 0 0
226 76 0 0 0 0 0 0 0 0
228 114 23 23 38 35 4 0 0 0
229 76 0 0 38 2 0 0 0 0
251 38 23 23 0 0 0 0 0 0
252 76 0 0 38 23 3 0 0 0
253 14 6 6 0 0 0 0 0 0
255 76 24 24 38 0 0 0 0 0
262 76 0 0 38 7 0 0 0 0
301 2006 162 159 568 111 25 349 0 0
304 266 23 23 76 2 0 0 0 0
328 114 23 19 38 1 0 38 0 0
331 38 0 0 0 0 0 0 0 0
348 76 0 0 38 35 8 0 0 0
349 76 24 20 0 0 0 0 0 0
350 312 1 1 468 33 3 0 0 0
fn=_dl_try_allocate_static_tls
53 16 3 3 0 0 0 12 2 0
56 12 0 0 4 0 0 0 0 0
57 24 3 3 8 4 4 0 0 0
60 2 0 0 0 0 0 0 0 0
87 40 0 0 8 4 3 0 0 0
91 8 0 0 4 0 0 0 0 0
93 12 0 0 4 0 0 0 0 0
97 3 0 0 0 0 0 0 0 0
98 15 3 3 3 0 0 0 0 0
101 9 0 0 0 0 0 3 0 0
103 3 0 0 0 0 0 3 0 0
104 3 0 0 0 0 0 3 0 0
105 6 0 0 0 0 0 3 0 0
112 9 0 0 6 0 0 0 0 0
125 9 3 3 3 0 0 3 0 0
127 6 3 3 0 0 0 0 0 0
128 12 0 0 12 0 0 0 0 0
fl=./elf/./elf/dl-runtime.c
fn=_dl_fixup
46 936 109 54 0 0 0 1170 35 15
48 468 0 0 351 182 86 0 0 0
49 351 0 0 234 146 58 0 0 0
54 117 0 0 117 50 27 0 0 0
55 468 64 28 117 61 34 0 0 0
56 702 0 0 117 14 11 117 0 0
58 234 0 0 117 117 81 0 0 0
63 234 0 0 0 0 0 0 0 0
67 351 0 0 117 117 112 0 0 0
69 349 0 0 0 0 0 0 0 0
71 234 64 31 117 56 30 0 0 0
75 348 0 0 232 168 115 0 0 0
76 464 0 0 116 1 0 0 0 0
77 116 0 0 116 61 37 0 0 0
84 117 0 0 0 0 0 0 0 0
85 468 58 28 117 52 27 0 0 0
95 1053 0 0 234 56 27 0 0 0
99 234 0 0 117 0 0 0 0 0
109 1404 57 28 468 1 1 117 0 0
124 468 0 0 117 0 0 0 0 0
125 10 0 0 0 0 0 5 0 0
133 234 0 0 117 0 0 0 0 0
159 351 0 0 117 25 16 0 0 0
162 117 58 32 117 0 0 0 0 0
163 702 53 31 1170 2 0 0 0 0
fl=./elf/./elf/dl-setup_hash.c
fn=_dl_setup_hash
28 76 32 23 38 0 0 0 0 0
31 76 0 0 38 0 0 0 0 0
32 76 0 0 38 38 38 38 0 0
34 38 0 0 76 1 1 0 0 0
36 114 0 0 0 0 0 0 0 0
37 38 0 0 0 0 0 38 0 0
38 114 24 19 38 0 0 38 0 0
40 38 0 0 0 0 0 38 0 0
41 76 0 0 0 0 0 0 0 0
43 38 0 0 0 0 0 38 0 0
44 38 0 0 0 0 0 0 0 0
45 114 0 0 0 0 0 38 0 0
50 38 0 0 0 0 0 0 0 0
fl=./elf/./elf/dl-sort-maps.c
fn=_dl_sort_maps
140 973 1 1 164 4 0 0 0 0
181 24 0 0 0 0 0 0 0 0
182 24 24 24 24 0 0 0 0 0
183 348 24 24 0 0 0 0 0 0
184 504 0 0 252 1 0 126 0 0
211 312 24 24 0 0 0 24 8 0
216 48 0 0 0 0 0 24 0 0
218 24 0 0 0 0 0 24 1 0
219 120 0 0 0 0 0 0 0 0
221 228 0 0 0 0 0 0 0 0
223 126 24 24 126 1 0 0 0 0
226 378 0 0 126 0 0 0 0 0
244 49 0 0 24 1 0 0 0 0
246 76 1 1 0 0 0 0 0 0
247 152 0 0 76 0 0 38 0 0
249 3 0 0 0 0 0 1 0 0
250 75 0 0 0 0 0 0 0 0
252 38 0 0 38 0 0 0 0 0
257 114 0 0 38 0 0 0 0 0
263 115 23 23 0 0 0 0 0 0
276 96 23 23 24 0 0 0 0 0
283 24 24 20 0 0 0 0 0 0
298 288 47 47 0 0 0 288 2 0
306 72 0 0 24 24 1 0 0 0
310 216 24 24 288 0 0 0 0 0
fn=_dl_sort_maps_init
289 2 1 1 0 0 0 2 0 0
290 5 0 0 1 0 0 0 0 0
291 2 0 0 0 0 0 1 0 0
292 2 1 1 0 0 0 0 0 0
293 2 0 0 2 0 0 0 0 0
fn=dfs_traversal.part.0
135 1148 24 24 0 0 0 984 9 4
140 1296 1 1 391 0 0 0 0 0
143 492 0 0 164 0 0 164 0 0
145 328 0 0 164 33 21 0 0 0
147 1762 2 2 627 96 80 119 0 0
156 240 23 23 38 1 0 0 0 0
160 2 0 0 0 0 0 1 0 0
162 6 1 1 1 1 1 0 0 0
164 3 0 0 1 0 0 1 0 0
171 492 0 0 164 0 0 164 0 0
172 164 0 0 0 0 0 164 5 0
173 711 23 23 995 0 0 0 0 0
fl=./elf/./elf/dl-sym.c
fn=_dl_sym
194 242 121 23 0 0 0 242 1 0
195 363 0 0 0 0 0 0 0 0
196 121 121 22 242 0 0 0 0 0
fn=do_sym
51 242 0 0 121 0 0 0 0 0
87 1815 242 47 242 0 0 1089 92 1
88 121 0 0 0 0 0 121 0 0
93 121 0 0 0 0 0 0 0 0
95 242 0 0 0 0 0 0 0 0
129 242 0 0 0 0 0 0 0 0
153 1573 121 22 242 110 1 0 0 0
157 242 0 0 121 0 0 0 0 0
162 363 121 22 121 0 0 0 0 0
168 968 0 0 242 0 0 0 0 0
170 121 0 0 0 0 0 121 0 0
174 1694 121 22 1331 0 0 0 0 0
fl=./elf/./elf/dl-tls.c
fn=__tls_get_addr
942 2 0 0 0 0 0 2 1 1
943 2 1 1 1 0 0 0 0 0
949 3 1 1 1 1 1 0 0 0
950 3 0 0 1 0 0 0 0 0
958 3 0 0 2 0 0 0 0 0
960 2 0 0 0 0 0 0 0 0
961 2 0 0 0 0 0 0 0 0
964 1 1 1 2 0 0 0 0 0
fn=_dl_add_to_slotinfo
1017 70 4 4 0 0 0 80 2 0
1023 10 0 0 10 1 1 0 0 0
1026 30 4 4 10 6 2 0 0 0
1027 10 0 0 0 0 0 0 0 0
1031 30 0 0 10 3 2 0 0 0
1065 10 0 0 0 0 0 0 0 0
1068 18 1 1 0 0 0 6 4 2
1069 30 0 0 6 5 2 6 0 0
1072 50 7 7 80 0 0 0 0 0
fn=_dl_allocate_tls_init
523 6 1 1 0 0 0 5 0 0
524 1 0 0 0 0 0 0 0 0
528 1 0 0 1 1 0 0 0 0
530 1 0 0 0 0 0 1 0 0
531 1 0 0 0 0 0 0 0 0
534 9 1 1 1 1 0 8 0 0
537 6 0 0 2 1 0 0 0 0
549 2 0 0 1 0 0 0 0 0
554 20 1 1 2 0 0 0 0 0
560 6 1 1 0 0 0 0 0 0
563 2 0 0 2 0 0 0 0 0
564 2 0 0 0 0 0 0 0 0
570 8 0 0 4 0 0 0 0 0
571 4 1 1 0 0 0 0 0 0
573 12 0 0 4 2 0 2 0 0
576 4 0 0 0 0 0 0 0 0
577 4 0 0 2 0 0 0 0 0
580 4 0 0 0 0 0 0 0 0
581 8 0 0 4 1 0 0 0 0
586 2 0 0 0 0 0 0 0 0
593 2 0 0 0 0 0 2 0 0
601 10 1 1 4 2 0 0 0 0
603 20 0 0 8 0 0 0 0 0
609 2 0 0 2 0 0 0 0 0
615 5 0 0 1 0 0 0 0 0
618 5 1 1 8 0 0 1 0 0
621 4 0 0 4 0 0 0 0 0
fn=_dl_allocate_tls_storage
417 4 1 1 0 0 0 5 0 0
430 3 0 0 1 0 0 0 0 0
431 2 0 0 1 0 0 0 0 0
432 1 0 0 0 0 0 0 0 0
452 5 1 1 0 0 0 0 0 0
459 4 0 0 0 0 0 0 0 0
464 2 0 0 0 0 0 1 0 0
466 3 0 0 0 0 0 0 0 0
467 1 0 0 0 0 0 0 0 0
470 5 1 1 5 0 0 0 0 0
fn=_dl_assign_tls_modid
128 15 5 4 5 0 0 0 0 0
141 15 4 4 5 0 0 0 0 0
181 15 0 0 5 0 0 0 0 0
183 15 0 0 0 0 0 5 0 0
186 10 0 0 0 0 0 5 0 0
fn=_dl_count_modids
192 2 1 1 0 0 0 2 0 0
194 5 1 1 1 0 0 0 0 0
195 1 0 0 1 0 0 0 0 0
210 2 0 0 2 0 0 0 0 0
fn=_dl_determine_tlsoffset
216 2 0 0 0 0 0 2 0 0
217 2 0 0 0 0 0 0 0 0
218 1 0 0 0 0 0 0 0 0
219 1 0 0 0 0 0 0 0 0
222 4 1 1 1 0 0 0 0 0
225 2 0 0 1 0 0 0 0 0
307 1 0 0 0 0 0 0 0 0
309 11 1 1 3 0 0 0 0 0
311 5 1 1 1 0 0 0 0 0
313 6 1 1 2 0 0 0 0 0
314 4 0 0 2 1 0 0 0 0
316 4 0 0 0 0 0 0 0 0
318 10 0 0 2 0 0 0 0 0
325 2 0 0 0 0 0 2 0 0
332 8 0 0 0 0 0 0 0 0
333 2 0 0 0 0 0 0 0 0
334 6 0 0 0 0 0 0 0 0
336 2 0 0 0 0 0 0 0 0
337 2 0 0 0 0 0 0 0 0
340 6 0 0 0 0 0 0 0 0
343 2 0 0 0 0 0 0 0 0
346 2 0 0 0 0 0 1 0 0
347 6 2 2 1 0 0 0 0 0
354 1 0 0 0 0 0 2 0 0
355 2 0 0 2 0 0 0 0 0
fn=_dl_init_static_tls
1081 6 3 3 3 0 0 0 0 0
1087 30 0 0 12 1 1 0 0 0
1093 18 3 3 0 0 0 21 0 0
1094 21 3 3 0 0 0 0 0 0
1098 21 0 0 3 0 0 0 0 0
1102 30 3 3 6 3 1 0 0 0
1105 18 3 3 0 0 0 0 0 0
1106 15 0 0 21 0 0 0 0 0
fn=_dl_tls_static_surplus_init
83 4 0 0 0 0 0 0 0 0
97 4 1 1 0 0 0 4 0 0
100 6 1 1 1 0 0 0 0 0
101 5 0 0 1 0 0 0 0 0
102 3 0 0 0 0 0 0 0 0
104 3 0 0 0 0 0 0 0 0
107 1 0 0 0 0 0 0 0 0
109 2 0 0 0 0 0 1 0 0
111 4 0 0 0 0 0 1 1 1
112 3 0 0 4 0 0 0 0 0
fn=_dl_update_slotinfo
720 21 6 6 0 0 0 21 0 0
721 3 0 0 0 0 0 3 0 0
722 9 0 0 3 3 3 3 0 0
768 9 0 0 3 3 3 0 0 0
770 3 0 0 0 0 0 0 0 0
771 18 0 0 3 0 0 18 0 0
772 6 3 3 0 0 0 0 0 0
775 9 0 0 3 0 0 0 0 0
778 41 3 3 3 0 0 0 0 0
780 16 0 0 0 0 0 0 0 0
783 77 3 3 0 0 0 0 0 0
786 13 0 0 13 2 2 0 0 0
789 26 0 0 0 0 0 0 0 0
793 39 0 0 13 0 0 0 0 0
800 11 3 3 4 0 0 3 0 0
802 12 0 0 4 0 0 0 0 0
822 12 0 0 0 0 0 4 0 0
823 12 0 0 4 3 3 4 0 0
826 16 0 0 12 0 0 0 0 0
830 3 0 0 0 0 0 0 0 0
831 6 3 3 0 0 0 0 0 0
844 12 0 0 18 0 0 3 0 0
848 15 0 0 21 0 0 0 0 0
fn=allocate_dtv
360 4 1 1 0 0 0 4 0 0
365 3 0 0 1 0 0 0 0 0
369 1 0 0 0 0 0 0 0 0
371 1 0 0 0 0 0 0 0 0
374 3 0 0 0 0 0 1 1 1
380 1 0 0 0 0 0 1 0 0
386 3 0 0 4 0 0 0 0 0
fn=tls_get_addr_tail
676 4 0 0 0 0 0 0 0 0
680 2 0 0 0 0 0 0 0 0
704 2 0 0 2 0 0 0 0 0
706 1 1 1 0 0 0 0 0 0
710 10 1 1 4 1 1 0 0 0
854 7 2 2 0 0 0 6 0 0
856 1 0 0 0 0 0 0 0 0
859 1 0 0 1 0 0 0 0 0
860 2 1 1 1 1 1 0 0 0
862 3 0 0 1 1 1 0 0 0
868 2 1 1 1 1 1 0 0 0
875 3 0 0 1 1 1 0 0 0
878 5 0 0 1 1 1 0 0 0
879 2 0 0 1 0 0 0 0 0
881 2 0 0 0 0 0 1 0 0
882 6 1 1 1 0 0 2 0 0
905 5 0 0 1 0 0 2 0 0
906 1 0 0 0 0 0 0 0 0
908 3 0 0 3 0 0 0 0 0
909 4 0 0 6 0 0 0 0 0
fl=./elf/./elf/dl-tunables.c
fn=__GI___tunable_set_val
153 2 0 0 0 0 0 2 0 0
154 3 0 0 0 0 0 0 0 0
156 2 0 0 0 0 0 0 0 0
157 1 0 0 2 0 0 0 0 0
fn=__GI___tunables_init
42 49 1 1 18 0 0 0 0 0
45 15 0 0 0 0 0 0 0 0
48 801 1 1 136 9 9 0 0 0
52 15 0 0 0 0 0 0 0 0
56 62 0 0 0 0 0 0 0 0
261 4 2 2 0 0 0 4 0 0
267 3 0 0 1 0 0 0 0 0
281 1920 0 0 0 0 0 0 0 0
283 3 0 0 0 0 0 2 0 0
287 3015 1 1 960 31 31 0 0 0
304 3 0 0 4 0 0 0 0 0
fn=__tunable_get_val
387 74 0 0 0 0 0 74 0 0
390 332 30 18 37 33 30 0 0 0
399 46 0 0 36 30 13 10 0 0
409 30 1 1 0 0 0 27 2 2
416 296 4 2 37 0 0 0 0 0
418 74 0 0 74 0 0 0 0 0
fn=do_tunable_update_val
69 2 1 1 0 0 0 2 0 0
72 4 1 1 1 0 0 0 0 0
79 1 1 1 1 0 0 0 0 0
93 2 0 0 0 0 0 0 0 0
94 3 2 2 2 0 0 0 0 0
100 2 0 0 0 0 0 0 0 0
104 3 0 0 0 0 0 0 0 0
111 2 0 0 0 0 0 0 0 0
112 2 0 0 0 0 0 0 0 0
115 1 0 0 0 0 0 1 0 0
117 1 0 0 0 0 0 2 0 0
118 2 0 0 0 0 0 1 0 0
119 2 0 0 2 0 0 0 0 0
fl=./elf/./elf/dl-tunables.h
fn=__GI___tunables_init
160 428 1 1 184 1 1 0 0 0
161 516 0 0 0 0 0 0 0 0
fn=do_tunable_update_val
141 2 0 0 0 0 0 0 0 0
fl=./elf/./elf/dl-version.c
fn=_dl_check_all_versions
392 3 1 1 0 0 0 4 1 0
394 5 0 0 0 0 0 2 0 0
396 17 0 0 9 0 0 0 0 0
397 14 0 0 7 1 0 0 0 0
398 49 1 1 0 0 0 0 0 0
401 4 0 0 4 0 0 0 0 0
fn=_dl_check_map_versions
36 1262 20 19 176 10 0 0 0 0
37 558 0 0 558 0 0 0 0 0
38 2672 0 0 0 0 0 0 0 0
56 501 0 0 334 52 3 0 0 0
64 501 0 0 167 15 0 0 0 0
70 334 20 20 167 59 49 0 0 0
86 167 0 0 167 34 19 0 0 0
87 167 0 0 0 0 0 0 0 0
89 334 0 0 167 0 0 0 0 0
94 3555 20 20 1185 152 139 0 0 0
108 3555 0 0 1185 65 63 0 0 0
110 167 20 20 167 0 0 0 0 0
113 835 0 0 167 14 14 0 0 0
120 2036 0 0 1018 38 36 0 0 0
124 1018 0 0 0 0 0 0 0 0
147 165 0 0 0 0 0 99 14 0
155 152 23 22 0 0 0 152 33 1
156 38 3 3 0 0 0 38 20 0
164 38 0 0 0 0 0 0 0 0
170 76 0 0 38 8 0 0 0 0
172 114 0 0 38 16 1 0 0 0
174 38 0 0 38 15 1 0 0 0
175 38 0 0 38 2 0 0 0 0
177 38 0 0 0 0 0 0 0 0
180 99 0 0 66 19 0 0 0 0
184 99 0 0 33 32 32 0 0 0
198 55 0 0 0 0 0 0 0 0
200 264 0 0 176 6 6 0 0 0
208 88 0 0 0 0 0 0 0 0
213 440 0 0 88 12 12 352 1 0
215 79 0 0 0 0 0 0 0 0
217 501 0 0 334 41 41 0 0 0
218 1356 40 40 880 18 0 88 0 0
221 334 0 0 167 0 0 167 0 0
224 835 0 0 167 0 0 0 0 0
231 668 20 20 167 0 0 0 0 0
234 510 20 20 431 0 0 0 0 0
239 79 0 0 0 0 0 0 0 0
243 176 20 20 88 0 0 0 0 0
248 55 0 0 0 0 0 0 0 0
257 174 20 20 66 2 0 0 0 0
260 40 0 0 20 0 0 0 0 0
263 608 0 0 152 18 13 0 0 0
266 304 0 0 152 10 7 0 0 0
270 142 0 0 0 0 0 0 0 0
274 34 20 20 0 0 0 0 0 0
279 34 20 20 0 0 0 34 8 0
280 34 0 0 0 0 0 0 0 0
281 68 0 0 34 0 0 0 0 0
291 34 0 0 0 0 0 34 0 0
294 138 0 0 69 28 0 34 11 0
296 34 0 0 0 0 0 0 0 0
299 132 0 0 66 1 0 0 0 0
301 55 0 0 0 0 0 0 0 0
303 264 20 20 88 3 0 0 0 0
306 334 0 0 167 0 0 0 0 0
308 334 0 0 0 0 0 0 0 0
310 534 0 0 167 0 0 0 0 0
311 334 20 20 0 0 0 334 10 10
312 501 0 0 167 1 0 167 3 3
313 501 0 0 167 1 0 167 1 1
316 334 0 0 167 0 0 0 0 0
321 79 0 0 0 0 0 0 0 0
324 176 0 0 88 0 0 0 0 0
329 55 0 0 0 0 0 0 0 0
334 34 0 0 0 0 0 0 0 0
337 30 0 0 10 0 0 0 0 0
341 142 0 0 284 0 0 0 0 0
343 304 0 0 152 0 0 0 0 0
347 142 0 0 142 0 0 0 0 0
348 578 0 0 0 0 0 142 14 14
349 426 0 0 142 0 0 142 0 0
350 142 0 0 0 0 0 142 6 6
353 304 0 0 152 0 0 0 0 0
357 142 0 0 0 0 0 0 0 0
365 10 0 0 0 0 0 0 0 0
366 66 20 20 33 1 0 0 0 0
367 66 20 20 33 17 0 0 0 0
368 152 3 3 304 0 0 0 0 0
387 152 0 0 190 0 0 0 0 0
fl=./elf/./elf/do-rel.h
fn=_dl_relocate_object
49 228 0 0 76 0 0 0 0 0
50 152 0 0 152 33 4 0 0 0
51 76 0 0 38 22 2 0 0 0
53 380 23 23 152 11 0 0 0 0
80 76 0 0 0 0 0 0 0 0
83 1692 0 0 0 0 0 0 0 0
114 182 23 23 0 0 0 0 0 0
123 84666 0 0 0 0 0 0 0 0
126 144 0 0 72 52 7 0 0 0
129 130 0 0 65 36 4 0 0 0
131 37223 3 3 152 23 0 0 0 0
133 49204 20 20 36903 8410 3656 0 0 0
134 36903 0 0 0 0 0 24602 5 1
135 12301 0 0 0 0 0 0 0 0
136 36903 0 0 12301 169 1 0 0 0
150 50650 21 21 12296 67 0 0 0 0
151 20085 20 20 13390 113 5 0 0 0
180 435 4 4 0 0 0 0 0 0
182 695 0 0 278 35 35 278 0 0
183 139 0 0 0 0 0 0 0 0
196 725 12 12 139 1 0 0 0 0
197 196 0 0 98 0 0 0 0 0
fn=_dl_start
49 6 0 0 2 0 0 0 0 0
50 4 0 0 4 0 0 0 0 0
51 2 0 0 1 0 0 0 0 0
53 11 1 1 4 0 0 0 0 0
56 74 0 0 0 0 0 0 0 0
61 17 0 0 0 0 0 0 0 0
63 8 1 1 8 1 1 0 0 0
64 8 0 0 0 0 0 0 0 0
65 4 0 0 0 0 0 0 0 0
fl=./elf/./elf/get-dynamic-info.h
fn=_dl_map_object_from_fd
39 36 0 0 0 0 0 0 0 0
43 36 0 0 0 0 0 0 0 0
45 1914 0 0 957 267 267 0 0 0
49 1842 0 0 0 0 0 0 0 0
51 404 0 0 0 0 0 0 0 0
52 274 35 20 0 0 0 0 0 0
53 72 0 0 0 0 0 0 0 0
54 642 30 20 0 0 0 0 0 0
55 352 0 0 0 0 0 0 0 0
56 176 25 23 0 0 0 0 0 0
59 220 23 23 0 0 0 0 0 0
62 176 0 0 0 0 0 0 0 0
64 132 19 16 0 0 0 0 0 0
68 921 0 0 0 0 0 921 35 33
72 72 0 0 0 0 0 0 0 0
84 72 0 0 36 0 0 0 0 0
85 180 0 0 72 0 0 36 0 0
86 180 25 23 72 0 0 36 0 0
87 180 0 0 72 0 0 36 0 0
88 72 0 0 36 4 4 0 0 0
89 180 0 0 72 0 0 36 0 0
90 168 36 23 68 1 1 32 0 0
91 180 0 0 72 0 0 36 0 0
103 216 23 23 72 0 0 36 0 0
110 72 0 0 36 0 0 0 0 0
115 108 0 0 36 0 0 0 0 0
122 72 0 0 36 0 0 0 0 0
123 144 0 0 72 0 0 0 0 0
129 72 0 0 36 0 0 0 0 0
147 72 23 23 36 0 0 0 0 0
152 14 0 0 7 0 0 7 0 0
154 7 0 0 0 0 0 0 0 0
156 7 0 0 0 0 0 0 0 0
158 7 0 0 0 0 0 0 0 0
159 14 0 0 0 0 0 7 0 0
162 72 0 0 36 0 0 0 0 0
164 24 1 1 8 0 0 8 0 0
165 8 0 0 0 0 0 0 0 0
166 2 0 0 0 0 0 1 0 0
174 16 0 0 8 0 0 0 0 0
180 8 0 0 0 0 0 0 0 0
181 21 0 0 7 0 0 7 0 0
184 72 22 22 36 0 0 0 0 0
186 1 0 0 0 0 0 1 0 0
fl=./elf/./elf/libc-dl-profstub.c
fn=_dl_mcount_wrapper_check
36 1581 0 0 0 0 0 0 0 0
37 6324 665 212 3162 1198 417 0 0 0
38 1581 0 0 0 0 0 0 0 0
fl=./elf/./elf/libc-dl_find_object.c
fn=_dl_find_object
24 36 2 2 0 0 0 36 0 0
25 90 0 0 36 4 2 0 0 0
26 18 0 0 36 0 0 0 0 0
fl=./elf/./elf/libc_early_init.c
fn=__libc_early_init
33 10 2 2 2 2 1 4 0 0
35 1 0 0 0 0 0 0 0 0
38 3 0 0 1 0 0 1 0 0
41 4 0 0 0 0 0 2 2 2
49 11 1 1 6 0 0 0 0 0
fl=./elf/./elf/rtld.c
fn=_dl_start
458 5 0 0 0 0 0 1 0 0
476 3 0 0 0 0 0 0 0 0
477 2 0 0 0 0 0 1 0 0
478 1 0 0 0 0 0 1 1 1
479 3 0 0 0 0 0 1 0 0
488 2 1 1 0 0 0 1 0 0
494 4 0 0 1 0 0 0 0 0
496 2 1 0 1 0 0 0 0 0
517 9 2 2 0 0 0 13 2 2
543 3 0 0 0 0 0 1 1 1
546 3 0 0 0 0 0 1 0 0
547 3 1 1 1 1 1 1 0 0
563 48 4 4 10 0 0 9 2 2
565 4 2 2 1 0 0 1 0 0
578 1 0 0 0 0 0 0 0 0
585 7 0 0 12 2 2 0 0 0
fn=dl_main
197 2 1 1 0 0 0 1 0 0
199 1 0 0 0 0 0 1 0 0
224 2 1 1 2 0 0 0 0 0
225 3 0 0 2 0 0 0 0 0
226 3 1 1 0 0 0 0 0 0
296 4 0 0 0 0 0 3 0 0
302 1 0 0 0 0 0 1 0 0
303 1 0 0 0 0 0 1 0 0
837 2 1 1 1 0 0 0 0 0
841 3 0 0 1 0 0 1 0 0
850 4 0 0 2 1 0 1 1 0
855 1 0 0 0 0 0 1 0 0
1115 1 0 0 1 0 0 0 0 0
1116 1 0 0 1 0 0 0 0 0
1118 1 0 0 0 0 0 0 0 0
1122 6 0 0 1 1 1 2 0 0
1124 3 1 1 1 0 0 1 0 0
1125 3 0 0 1 0 0 1 0 0
1140 1 0 0 0 0 0 0 0 0
1143 36 2 2 0 0 0 0 0 0
1144 84 2 2 10 4 4 0 0 0
1148 4 1 1 2 0 0 1 0 0
1149 1 0 0 0 0 0 0 0 0
1153 4 0 0 2 0 0 1 0 0
1154 6 0 0 2 0 0 1 0 0
1155 1 0 0 0 0 0 0 0 0
1163 4 1 1 0 0 0 1 1 1
1164 3 2 2 2 1 1 0 0 0
1166 1 0 0 0 0 0 1 0 0
1173 2 0 0 1 0 0 0 0 0
1191 2 0 0 0 0 0 0 0 0
1199 4 0 0 2 0 0 0 0 0
1200 7 0 0 3 1 1 0 0 0
1201 6 0 0 2 0 0 0 0 0
1202 1 0 0 0 0 0 1 0 0
1204 4 0 0 2 0 0 0 0 0
1205 6 0 0 0 0 0 0 0 0
1206 3 1 1 0 0 0 1 0 0
1209 6 0 0 2 1 1 0 0 0
1210 6 0 0 2 0 0 0 0 0
1211 2 0 0 0 0 0 2 0 0
1215 4 0 0 0 0 0 0 0 0
1221 2 0 0 1 0 0 0 0 0
1227 1 0 0 0 0 0 1 1 1
1228 2 0 0 1 1 1 1 0 0
1233 5 0 0 0 0 0 1 0 0
1234 2 0 0 1 0 0 1 0 0
1235 1 0 0 0 0 0 1 1 1
1238 6 0 0 1 0 0 2 1 1
1243 4 0 0 2 0 0 1 0 0
1244 1 0 0 0 0 0 0 0 0
1247 2 0 0 1 1 1 1 0 0
1248 2 0 0 1 0 0 1 0 0
1249 1 0 0 0 0 0 0 0 0
1253 21 1 1 0 0 0 0 0 0
1254 34 0 0 10 0 0 0 0 0
1266 2 0 0 1 0 0 0 0 0
1268 3 0 0 1 0 0 1 0 0
1269 2 0 0 1 0 0 0 0 0
1271 4 0 0 2 0 0 0 0 0
1346 12 1 1 0 0 0 13 3 3
1351 1 0 0 0 0 0 0 0 0
1352 1 0 0 0 0 0 0 0 0
1357 1 0 0 0 0 0 0 0 0
1373 5 0 0 2 0 0 1 0 0
1374 5 0 0 1 0 0 0 0 0
1637 9 1 1 0 0 0 1 0 0
1639 1 0 0 0 0 0 0 0 0
1640 1 1 1 0 0 0 1 0 0
1641 3 0 0 1 0 0 2 1 1
1642 2 0 0 1 0 0 1 0 0
1646 2 0 0 0 0 0 0 0 0
1647 6 0 0 2 0 0 1 0 0
1672 4 1 1 2 0 0 0 0 0
1673 6 1 1 3 0 0 0 0 0
1674 4 0 0 2 0 0 0 0 0
1675 4 0 0 1 0 0 1 0 0
1678 3 0 0 0 0 0 0 0 0
1680 1 0 0 0 0 0 2 0 0
1681 2 0 0 0 0 0 1 0 0
1683 2 0 0 1 0 0 0 0 0
1684 1 0 0 0 0 0 1 0 0
1688 4 0 0 2 0 0 0 0 0
1690 1 0 0 0 0 0 0 0 0
1698 2 1 1 1 0 0 0 0 0
1705 4 1 1 1 0 0 1 0 0
1708 3 0 0 1 0 0 0 0 0
1733 6 0 0 2 0 0 0 0 0
1735 1 1 1 0 0 0 1 0 0
1740 3 0 0 2 0 0 0 0 0
1743 4 1 1 2 0 0 1 0 0
1744 6 0 0 2 0 0 1 0 0
1745 3 0 0 1 0 0 1 0 0
1746 1 0 0 0 0 0 1 0 0
1747 3 0 0 1 0 0 1 0 0
1748 3 0 0 1 0 0 1 0 0
1759 5 1 1 1 1 1 0 0 0
1760 3 0 0 1 0 0 0 0 0
1762 2 0 0 1 0 0 0 0 0
1764 1 0 0 0 0 0 1 0 0
1765 4 1 1 1 0 0 1 1 1
1770 3 0 0 0 0 0 0 0 0
1771 8 0 0 1 1 1 0 0 0
1773 4 0 0 2 0 0 1 1 1
1774 2 1 1 1 0 0 1 0 0
1779 4 0 0 2 0 0 0 0 0
1788 3 1 1 0 0 0 0 0 0
1792 1 1 1 0 0 0 0 0 0
1793 2 0 0 1 0 0 0 0 0
1817 3 0 0 0 0 0 2 0 0
1823 2 0 0 0 0 0 1 0 0
1824 2 0 0 0 0 0 1 0 0
1825 1 0 0 0 0 0 0 0 0
1829 4 1 1 1 0 0 0 0 0
1834 3 0 0 2 0 0 0 0 0
1836 1 0 0 0 0 0 0 0 0
1838 2 0 0 1 0 0 0 0 0
1842 8 2 2 1 0 0 1 0 0
1847 2 0 0 1 0 0 0 0 0
1863 8 1 1 1 0 0 1 0 0
1939 2 0 0 1 0 0 0 0 0
1943 14 3 3 0 0 0 1 0 0
1944 1 0 0 0 0 0 0 0 0
1947 3 0 0 0 0 0 1 0 0
1948 1 0 0 1 0 0 0 0 0
1949 1 1 1 0 0 0 0 0 0
1950 2 0 0 0 0 0 0 0 0
1955 3 0 0 1 0 0 0 0 0
1965 9 1 1 1 0 0 1 0 0
1971 24 1 0 2 1 1 0 0 0
1972 32 1 1 15 0 0 7 0 0
1975 5 0 0 3 0 0 1 0 0
1976 1 0 0 0 0 0 0 0 0
1977 1 0 0 0 0 0 1 0 0
1979 19 0 0 0 0 0 0 0 0
1980 26 1 1 7 1 1 0 0 0
1984 2 0 0 0 0 0 0 0 0
1990 1 0 0 0 0 0 0 0 0
1992 5 0 0 2 0 0 1 0 0
1993 1 0 0 0 0 0 0 0 0
1995 4 1 1 1 0 0 1 0 0
1997 3 0 0 0 0 0 0 0 0
1999 3 0 0 1 0 0 0 0 0
2000 1 0 0 1 0 0 0 0 0
2001 3 0 0 0 0 0 0 0 0
2013 2 1 1 0 0 0 0 0 0
2014 3 0 0 1 0 0 1 0 0
2015 4 0 0 2 0 0 0 0 0
2026 4 0 0 1 1 0 1 1 1
2027 3 1 1 0 0 0 1 0 0
2028 8 0 0 0 0 0 1 0 0
2038 2 1 0 1 0 0 0 0 0
2039 2 0 0 1 0 0 0 0 0
2040 5 1 1 1 0 0 0 0 0
2042 1 0 0 0 0 0 0 0 0
2047 2 0 0 1 0 0 0 0 0
2246 4 1 1 1 0 0 1 0 0
2250 4 0 0 3 0 0 2 1 0
2256 2 0 0 1 0 0 1 1 0
2259 2 0 0 1 0 0 0 0 0
2267 2 0 0 1 0 0 0 0 0
2279 4 1 1 1 0 0 0 0 0
2282 3 0 0 1 0 0 1 0 0
2284 4 0 0 3 0 0 0 0 0
2285 7 1 1 2 2 0 1 0 0
2292 1 0 0 1 0 0 0 0 0
2293 24 0 0 0 0 0 0 0 0
2295 14 0 0 14 1 0 0 0 0
2300 14 1 1 14 7 0 0 0 0
2302 8 0 0 0 0 0 0 0 0
2304 8 1 0 0 0 0 1 1 0
2305 1 0 0 1 0 0 0 0 0
2308 21 0 0 7 0 0 7 0 0
2310 18 0 0 1 1 0 0 0 0
2311 43 0 0 12 6 1 0 0 0
2315 20 1 1 9 3 0 0 0 0
2316 6 0 0 0 0 0 0 0 0
2325 4 0 0 2 2 0 0 0 0
2329 5 1 1 2 0 0 0 0 0
2331 6 0 0 2 0 0 2 0 0
2338 3 0 0 0 0 0 0 0 0
2341 4 1 1 2 0 0 0 0 0
2345 7 0 0 3 2 0 0 0 0
2347 1 0 0 0 0 0 0 0 0
2357 2 1 0 0 0 0 1 0 0
2362 3 1 1 1 1 0 0 0 0
2365 1 0 0 0 0 0 0 0 0
2371 3 0 0 1 0 0 1 0 0
2372 8 0 0 3 1 1 0 0 0
2380 5 0 0 2 0 0 0 0 0
2387 1 0 0 0 0 0 0 0 0
2390 3 1 1 0 0 0 0 0 0
2394 3 0 0 0 0 0 0 0 0
2395 1 0 0 0 0 0 1 0 0
2396 1 0 0 0 0 0 0 0 0
2397 1 0 0 0 0 0 0 0 0
2401 1 0 0 0 0 0 0 0 0
2406 9 1 1 12 2 2 0 0 0
2598 5 0 0 1 0 0 2 0 0
2600 1 0 0 0 0 0 0 0 0
2602 10 0 0 0 0 0 0 0 0
2604 2 0 0 0 0 0 0 0 0
2606 84 0 0 21 0 0 0 0 0
2607 19 1 1 0 0 0 0 0 0
2609 4 0 0 0 0 0 0 0 0
2615 15 2 2 0 0 0 0 0 0
2640 5 1 1 1 0 0 0 0 0
2650 11 2 2 2 0 0 0 0 0
2652 2 0 0 0 0 0 1 0 0
2653 1 0 0 0 0 0 0 0 0
2687 12 1 1 2 0 0 0 0 0
2689 2 0 0 0 0 0 1 0 0
2690 3 1 1 0 0 0 1 0 0
2691 1 0 0 0 0 0 0 0 0
2727 5 2 2 1 0 0 0 0 0
2749 3 1 1 1 0 0 0 0 0
fn=do_preload
804 7 1 1 0 0 0 6 0 0
810 1 0 0 0 0 0 2 0 0
811 1 0 0 0 0 0 1 0 0
812 2 0 0 0 0 0 1 0 0
814 3 0 0 1 0 0 0 0 0
816 7 1 1 0 0 0 0 0 0
817 2 0 0 1 0 0 0 0 0
825 3 0 0 1 0 0 0 0 0
831 4 0 0 6 0 0 0 0 0
fn=handle_preload_list
183 7 0 0 1 0 0 2 0 0
869 7 1 1 0 0 0 6 2 2
870 4 1 1 0 0 0 2 0 0
874 4 0 0 2 0 0 0 0 0
877 5 1 1 0 0 0 0 0 0
878 3 0 0 0 0 0 0 0 0
880 5 0 0 0 0 0 0 0 0
881 1 0 0 0 0 0 1 0 0
887 1 1 1 0 0 0 0 0 0
888 1 0 0 1 0 0 0 0 0
889 2 0 0 0 0 0 0 0 0
891 2 0 0 1 0 0 0 0 0
892 5 0 0 0 0 0 0 0 0
895 9 1 1 10 0 0 0 0 0
fn=init_tls
734 5 1 1 0 0 0 6 0 0
736 4 1 1 1 0 0 1 0 0
740 2 0 0 1 0 0 0 0 0
746 1 0 0 0 0 0 0 0 0
749 1 1 1 0 0 0 1 0 0
751 1 0 0 0 0 0 0 0 0
755 1 0 0 0 0 0 0 0 0
756 1 0 0 0 0 0 1 0 0
757 1 0 0 0 0 0 1 0 0
761 2 0 0 1 1 1 0 0 0
762 2 0 0 0 0 0 0 0 0
763 9 0 0 1 1 0 0 0 0
764 7 0 0 7 1 0 0 0 0
765 14 0 0 7 7 0 0 0 0
769 6 0 0 0 0 0 2 1 1
773 5 1 1 1 0 0 0 0 0
776 2 0 0 0 0 0 0 0 0
779 1 0 0 0 0 0 0 0 0
786 2 0 0 0 0 0 0 0 0
787 1 0 0 0 0 0 0 0 0
793 2 0 0 1 0 0 1 0 0
797 3 0 0 0 0 0 1 0 0
800 5 1 1 6 0 0 0 0 0
fn=map_doit
641 4 1 1 0 0 0 3 1 1
643 3 0 0 1 0 0 0 0 0
644 6 1 1 2 0 0 1 0 0
646 3 0 0 3 0 0 0 0 0
fn=version_check_doit
674 4 1 1 0 0 0 3 0 0
676 6 1 1 2 0 0 0 0 0
680 3 0 0 3 0 0 0 0 0
fl=./elf/./get-dynamic-info.h
fn=_dl_start
45 44 0 0 22 6 6 0 0 0
49 42 0 0 0 0 0 0 0 0
51 12 0 0 0 0 0 0 0 0
52 8 0 0 0 0 0 0 0 0
53 1 0 0 0 0 0 0 0 0
54 19 1 1 0 0 0 0 0 0
55 12 0 0 0 0 0 0 0 0
56 4 1 1 0 0 0 0 0 0
59 5 0 0 0 0 0 0 0 0
62 4 1 1 0 0 0 0 0 0
64 3 0 0 0 0 0 0 0 0
68 23 1 1 0 0 0 21 8 8
72 2 0 0 0 0 0 0 0 0
84 2 0 0 1 0 0 0 0 0
85 6 1 1 2 0 0 1 0 0
86 6 0 0 2 0 0 1 0 0
87 6 0 0 2 0 0 1 0 0
88 3 1 1 1 1 1 0 0 0
89 6 0 0 2 0 0 1 0 0
90 6 1 1 2 0 0 1 0 0
91 6 0 0 2 0 0 1 0 0
103 8 1 1 2 0 0 1 0 0
110 2 0 0 1 0 0 0 0 0
115 3 0 0 1 0 0 0 0 0
122 2 1 1 1 0 0 0 0 0
123 5 0 0 2 0 0 0 0 0
129 2 0 0 1 0 0 0 0 0
133 3 1 1 1 0 0 0 0 0
134 2 0 0 1 0 0 0 0 0
139 5 0 0 2 0 0 0 0 0
142 6 0 0 2 0 0 0 0 0
fn=dl_main
39 2 1 1 1 0 0 0 0 0
43 1 0 0 0 0 0 0 0 0
45 56 0 0 28 8 8 0 0 0
49 54 0 0 0 0 0 0 0 0
51 8 0 0 0 0 0 0 0 0
52 6 0 0 0 0 0 0 0 0
53 1 0 0 0 0 0 0 0 0
54 13 1 1 0 0 0 0 0 0
55 7 1 1 0 0 0 0 0 0
56 4 1 1 0 0 0 0 0 0
59 5 0 0 0 0 0 0 0 0
62 4 1 1 0 0 0 0 0 0
64 3 0 0 0 0 0 0 0 0
68 27 1 1 0 0 0 27 6 6
72 2 0 0 1 0 0 0 0 0
110 2 0 0 1 0 0 0 0 0
115 3 0 0 1 0 0 0 0 0
122 2 1 1 1 0 0 0 0 0
123 4 0 0 2 0 0 0 0 0
129 2 1 1 1 1 1 0 0 0
147 2 0 0 1 0 0 0 0 0
162 2 1 1 1 1 1 0 0 0
184 2 0 0 1 0 0 0 0 0
fl=./elf/./setup-vdso.h
fn=dl_main
24 3 0 0 1 0 0 0 0 0
fl=./elf/./tlsdeschtab.h
fn=_dl_make_tlsdesc_dynamic
49 1 0 0 1 0 0 0 0 0
50 4 0 0 1 0 0 0 0 0
56 3 1 1 1 1 1 0 0 0
62 4 0 0 1 1 1 0 0 0
77 3 0 0 1 1 1 0 0 0
86 6 1 1 0 0 0 6 0 0
91 1 0 0 1 0 0 0 0 0
92 1 0 0 0 0 0 0 0 0
97 2 0 0 0 0 0 1 0 0
100 1 1 1 1 0 0 0 0 0
112 1 0 0 0 0 0 1 0 0
113 1 0 0 0 0 0 0 0 0
118 3 0 0 3 0 0 1 0 0
119 1 0 0 0 0 0 2 0 0
121 4 1 1 6 0 0 0 0 0
fl=./iconv/../iconv/loop.c
fn=__gconv_transform_ascii_internal
230 264 1 1 0 0 0 0 0 0
232 132 0 0 0 0 0 0 0 0
238 448 0 0 0 0 0 0 0 0
251 660 0 0 0 0 0 0 0 0
252 220 0 0 0 0 0 0 0 0
265 1704 2 2 348 0 0 92 2 2
269 132 0 0 0 0 0 132 0 0
fn=__gconv_transform_internal_utf8
230 5 5 1 0 0 0 0 0 0
232 5 0 0 0 0 0 10 0 0
238 50 5 1 0 0 0 0 0 0
243 30 0 0 0 0 0 0 0 0
244 15 0 0 0 0 0 0 0 0
251 30 0 0 0 0 0 0 0 0
265 135 0 0 15 0 0 45 0 0
269 5 0 0 0 0 0 5 0 0
270 15 0 0 30 0 0 0 0 0
297 65 5 1 5 0 0 35 0 0
fn=__gconv_transform_utf8_internal
230 2632 0 0 0 0 0 0 0 0
231 1316 0 0 0 0 0 0 0 0
232 1316 0 0 0 0 0 0 0 0
238 70748 0 0 0 0 0 0 0 0
251 68116 0 0 0 0 0 0 0 0
252 34058 0 0 0 0 0 0 0 0
265 238406 658 212 34058 0 0 34058 942 391
269 1316 658 210 0 0 0 1316 0 0
297 2632 658 212 1316 0 0 0 0 0
fl=./iconv/../iconv/skeleton.c
fn=__gconv_transform_ascii_internal
331 2376 2 2 264 0 0 1584 0 0
332 264 0 0 0 0 0 264 0 0
333 132 0 0 0 0 0 0 0 0
334 132 0 0 0 0 0 0 0 0
337 264 0 0 132 0 0 0 0 0
347 132 1 1 0 0 0 0 0 0
443 528 1 1 132 0 0 264 0 0
444 132 0 0 132 0 0 0 0 0
448 132 0 0 0 0 0 132 0 0
449 660 0 0 0 0 0 132 0 0
493 132 0 0 132 0 0 0 0 0
499 264 0 0 132 0 0 0 0 0
500 132 0 0 0 0 0 0 0 0
518 132 0 0 0 0 0 0 0 0
525 396 0 0 264 0 0 132 0 0
529 132 0 0 0 0 0 0 0 0
532 132 0 0 0 0 0 132 0 0
536 528 1 1 264 0 0 132 0 0
538 264 0 0 264 0 0 0 0 0
547 264 0 0 0 0 0 132 0 0
663 2108 2 2 1716 0 0 0 0 0
fn=__gconv_transform_internal_utf8
331 95 10 2 10 0 0 55 4 0
332 5 0 0 0 0 0 0 0 0
333 5 0 0 0 0 0 0 0 0
334 5 0 0 0 0 0 0 0 0
337 10 0 0 5 0 0 0 0 0
347 5 5 1 0 0 0 0 0 0
443 20 0 0 5 0 0 10 0 0
444 5 0 0 5 0 0 0 0 0
448 5 0 0 0 0 0 5 1 0
449 15 0 0 0 0 0 0 0 0
459 5 0 0 0 0 0 0 0 0
462 20 5 1 10 0 0 0 0 0
518 5 0 0 0 0 0 0 0 0
525 15 0 0 10 0 0 5 0 0
529 5 0 0 0 0 0 0 0 0
532 5 0 0 0 0 0 5 0 0
536 55 10 2 25 0 0 5 0 0
637 25 0 0 10 0 0 0 0 0
663 75 10 2 65 0 0 0 0 0
fn=__gconv_transform_utf8_internal
331 23688 1316 420 2632 0 0 18424 1538 16
332 2632 0 0 0 0 0 2632 0 0
333 2632 0 0 0 0 0 1316 0 0
334 1316 0 0 0 0 0 0 0 0
337 2632 0 0 1316 0 0 0 0 0
347 1316 658 210 0 0 0 0 0 0
443 3948 0 0 1316 0 0 0 0 0
444 1316 0 0 1316 0 0 0 0 0
448 1316 0 0 0 0 0 2632 0 0
449 5264 0 0 1316 0 0 0 0 0
459 2632 0 0 1316 0 0 0 0 0
462 5264 658 211 2632 0 0 0 0 0
518 1316 0 0 0 0 0 0 0 0
525 3948 0 0 2632 0 0 1316 0 0
529 1316 658 211 0 0 0 0 0 0
532 1316 0 0 0 0 0 1316 0 0
536 6580 1315 417 3948 0 0 1316 0 0
637 5264 0 0 1316 0 0 0 0 0
663 21056 1316 420 19740 0 0 0 0 0
fl=./iconv/../sysdeps/unix/sysv/linux/not-cancel.h
fn=__gconv_load_cache
75 2 0 0 0 0 0 0 0 0
fl=./iconv/./iconv/gconv_builtin.c
fn=__gconv_get_builtin_trans
62 16 1 1 0 0 0 14 0 0
65 29 0 0 0 0 0 0 0 0
66 57 1 1 11 4 4 0 0 0
71 6 1 1 2 0 0 2 0 0
73 4 0 0 0 0 0 2 0 0
75 2 0 0 0 0 0 2 0 0
78 2 0 0 2 0 0 0 0 0
79 4 0 0 2 0 0 4 0 0
80 2 0 0 2 0 0 0 0 0
81 4 0 0 2 0 0 4 0 0
84 2 0 0 0 0 0 2 0 0
85 10 0 0 14 0 0 0 0 0
fl=./iconv/./iconv/gconv_cache.c
fn=__gconv_compare_alias_cache
223 48 12 2 12 0 0 18 0 0
227 18 0 0 6 0 0 0 0 0
230 48 0 0 0 0 0 18 0 0
231 24 5 1 0 0 0 0 0 0
232 6 0 0 12 0 0 0 0 0
234 24 3 1 12 0 0 6 0 0
236 12 0 0 6 0 0 0 0 0
237 60 0 0 30 0 0 0 0 0
fn=__gconv_load_cache
49 8 1 1 2 0 0 3 0 0
56 5 1 1 0 0 0 1 0 0
57 1 0 0 0 0 0 0 0 0
61 7 1 1 0 0 0 2 0 0
62 2 0 0 0 0 0 0 0 0
67 3 0 0 0 0 0 0 0 0
70 3 0 0 1 0 0 0 0 0
78 4 0 0 0 0 0 3 0 0
80 7 1 1 0 0 0 1 0 0
81 2 0 0 0 0 0 0 0 0
113 2 0 0 1 0 0 0 0 0
114 5 0 0 1 1 1 0 0 0
115 4 1 1 2 0 0 0 0 0
116 3 0 0 1 0 0 0 0 0
117 2 0 0 1 0 0 0 0 0
118 2 0 0 0 0 0 0 0 0
119 1 0 0 0 0 0 0 0 0
121 3 0 0 1 0 0 0 0 0
122 5 1 1 5 0 0 0 0 0
139 1 0 0 0 0 0 0 0 0
140 10 0 0 5 0 0 0 0 0
fn=__gconv_lookup_cache
243 22 2 2 4 0 0 18 0 0
253 6 0 0 2 1 1 0 0 0
258 10 0 0 2 1 1 0 0 0
259 2 0 0 0 0 0 0 0 0
260 2 1 1 2 0 0 0 0 0
262 14 0 0 0 0 0 8 0 0
263 22 0 0 6 0 0 2 0 0
266 2 0 0 0 0 0 0 0 0
268 10 2 2 0 0 0 0 0 0
269 18 0 0 6 0 0 0 0 0
272 6 0 0 0 0 0 2 0 0
275 10 1 1 2 0 0 0 0 0
279 3 0 0 0 0 0 0 0 0
354 2 0 0 1 1 1 0 0 0
355 4 1 1 1 0 0 0 0 0
361 8 1 1 0 0 0 3 0 0
362 2 0 0 0 0 0 0 0 0
365 3 0 0 1 0 0 2 0 0
366 3 0 0 0 0 0 3 0 0
369 1 0 0 0 0 0 0 0 0
371 3 0 0 3 0 0 0 0 0
372 3 0 0 0 0 0 2 0 0
374 2 0 0 0 0 0 1 0 0
375 1 1 1 0 0 0 1 1 1
378 4 0 0 2 0 0 0 0 0
381 1 0 0 0 0 0 0 0 0
382 1 0 0 1 0 0 0 0 0
394 6 1 1 1 0 0 1 0 0
397 2 0 0 1 0 0 0 0 0
401 4 0 0 4 0 0 0 0 0
403 1 0 0 0 0 0 0 0 0
405 4 0 0 0 0 0 0 0 0
406 3 0 0 1 0 0 2 0 0
408 2 0 0 0 0 0 1 1 1
409 1 0 0 0 0 0 1 1 1
412 5 1 1 3 0 0 0 0 0
415 1 0 0 0 0 0 0 0 0
416 1 0 0 1 0 0 0 0 0
430 2 0 0 0 0 0 0 0 0
433 6 1 1 5 0 0 1 0 0
437 28 0 0 22 0 0 0 0 0
fn=find_module_idx
145 144 2 2 0 0 0 192 1 0
154 48 0 0 16 0 0 0 0 0
155 16 0 0 16 1 0 0 0 0
157 16 0 0 16 0 0 0 0 0
159 16 0 0 0 0 0 0 0 0
160 48 0 0 16 0 0 0 0 0
161 64 0 0 0 0 0 0 0 0
163 48 2 2 32 0 0 0 0 0
164 144 2 2 32 7 6 0 0 0
165 64 0 0 0 0 0 0 0 0
166 160 0 0 0 0 0 0 0 0
168 32 4 2 16 1 1 16 0 0
172 16 0 0 0 0 0 0 0 0
173 64 0 0 0 0 0 0 0 0
177 112 0 0 192 0 0 0 0 0
fl=./iconv/./iconv/gconv_conf.c
fn=__gconv_load_conf
527 16 7 2 0 0 0 16 0 0
528 48 0 0 0 0 0 0 0 0
529 8 7 2 16 0 0 0 0 0
fn=__gconv_read_conf
463 8 2 2 2 0 0 3 0 0
464 6 0 0 2 0 0 3 0 0
468 2 0 0 0 0 0 0 0 0
471 3 0 0 3 0 0 1 0 0
514 10 1 1 5 0 0 0 0 0
fl=./iconv/./iconv/gconv_db.c
fn=__gconv_compare_alias
688 66 6 1 12 0 0 30 0 0
692 6 0 0 0 0 0 0 0 0
694 30 4 1 0 0 0 0 0 0
698 6 0 0 6 0 0 0 0 0
699 66 0 0 42 0 0 0 0 0
fn=__gconv_find_transform
706 34 2 2 4 0 0 22 0 0
712 2 0 0 0 0 0 0 0 0
715 16 0 0 0 0 0 0 0 0
717 14 1 1 0 0 0 0 0 0
718 4 0 0 0 0 0 0 0 0
721 14 1 1 0 0 0 0 0 0
763 30 1 1 26 0 0 0 0 0
fl=./iconv/./iconv/gconv_simple.c
fn=__gconv_btwoc_ascii
49 384 1 1 0 0 0 256 0 0
51 128 0 0 0 0 0 0 0 0
54 384 0 0 256 0 0 0 0 0
fl=./intl/../include/../locale/localeinfo.h
fn=__dcigettext
222 3936 656 210 656 656 211 0 0 0
fl=./intl/../string/argz.h
fn=_nl_make_l10nflist
138 20 0 0 5 0 0 5 0 0
139 20 0 0 0 0 0 0 0 0
141 20 0 0 5 0 0 0 0 0
144 20 1 1 0 0 0 0 0 0
fl=./intl/../string/bits/string_fortified.h
fn=__dcigettext
45 4592 0 0 656 0 0 656 0 0
fn=_nl_make_l10nflist
29 48 4 1 0 0 0 0 0 0
fl=./intl/./intl/dcgettext.c
fn=dcgettext
46 1312 656 210 0 0 0 1312 0 0
47 3280 0 0 0 0 0 0 0 0
48 656 0 0 1312 0 0 0 0 0
fl=./intl/./intl/dcigettext.c
fn=__dcigettext
485 9840 1312 420 1312 663 2 10496 740 0
494 656 0 0 0 0 0 656 12 0
508 656 0 0 0 0 0 0 0 0
512 3280 0 0 0 0 0 0 0 0
517 656 656 205 0 0 0 0 0 0
521 4592 656 208 1312 0 0 1968 175 0
525 1968 0 0 0 0 0 0 0 0
528 2624 0 0 0 0 0 0 0 0
534 2624 656 209 656 290 207 0 0 0
544 656 0 0 0 0 0 656 0 0
545 656 0 0 0 0 0 656 0 0
546 656 0 0 0 0 0 656 0 0
547 656 0 0 0 0 0 656 0 0
551 2624 0 0 0 0 0 656 19 0
560 656 0 0 0 0 0 656 0 0
567 1968 0 0 0 0 0 0 0 0
569 5248 656 208 0 0 0 656 0 0
571 1312 0 0 0 0 0 0 0 0
573 656 0 0 0 0 0 0 0 0
601 3280 656 210 1312 655 210 0 0 0
616 1968 656 208 0 0 0 0 0 0
650 3280 656 209 0 0 0 656 0 0
651 9840 656 208 0 0 0 656 0 0
655 3936 656 207 0 0 0 656 0 0
660 9184 656 208 0 0 0 656 0 0
669 1968 0 0 656 0 0 0 0 0
671 656 0 0 0 0 0 0 0 0
682 656 656 207 0 0 0 0 0 0
683 2624 0 0 656 0 0 0 0 0
684 656 656 206 0 0 0 656 0 0
685 656 0 0 0 0 0 656 0 0
689 4592 0 0 1968 900 413 656 0 0
696 1968 0 0 656 0 0 0 0 0
697 2624 656 207 656 0 0 0 0 0
698 1968 0 0 0 0 0 656 0 0
710 1312 0 0 0 0 0 656 0 0
832 656 0 0 0 0 0 0 0 0
834 1312 656 208 656 0 0 0 0 0
836 2624 0 0 0 0 0 0 0 0
838 1968 0 0 0 0 0 0 0 0
853 1968 0 0 1968 0 0 656 0 0
857 3280 656 208 1312 0 0 0 0 0
858 10496 0 0 9840 0 0 0 0 0
1536 1968 0 0 0 0 0 0 0 0
1569 4592 656 208 1312 656 207 0 0 0
1570 656 0 0 0 0 0 0 0 0
fl=./intl/./intl/explodename.c
fn=_nl_explode_name
46 126 6 1 12 0 0 12 0 0
47 6 0 0 0 0 0 0 0 0
58 30 6 1 0 0 0 36 0 0
62 6 0 0 0 0 0 6 0 0
63 6 0 0 0 0 0 6 0 0
64 6 0 0 0 0 0 6 0 0
65 6 0 0 0 0 0 6 0 0
69 12 6 1 0 0 0 0 0 0
70 6 0 0 0 0 0 6 0 0
73 12 0 0 0 0 0 0 0 0
91 18 0 0 6 0 0 0 0 0
94 12 4 1 0 0 0 6 0 0
95 18 0 0 0 0 0 6 0 0
97 150 0 0 36 0 0 6 0 0
98 30 1 1 0 0 0 0 0 0
100 6 0 0 0 0 0 0 0 0
102 12 0 0 0 0 0 0 0 0
104 42 0 0 6 0 0 18 0 0
106 6 0 0 0 0 0 0 0 0
108 30 2 1 12 0 0 0 0 0
111 12 0 0 6 0 0 0 0 0
116 42 0 0 18 0 0 0 0 0
126 12 0 0 6 0 0 0 0 0
129 18 4 1 12 0 0 0 0 0
130 18 0 0 0 0 0 0 0 0
133 30 0 0 36 0 0 0 0 0
fl=./intl/./intl/hash-string.c
fn=__hash_string
32 32 5 2 0 0 0 32 0 0
37 16 0 0 0 0 0 0 0 0
38 276 0 0 130 1 1 0 0 0
41 228 4 2 0 0 0 0 0 0
42 114 0 0 0 0 0 0 0 0
46 342 0 0 0 0 0 0 0 0
50 32 0 0 32 0 0 0 0 0
fl=./intl/./intl/l10nflist.c
fn=_nl_make_l10nflist
73 4 0 0 0 0 0 0 0 0
74 39 0 0 0 0 0 0 0 0
76 36 1 1 0 0 0 0 0 0
77 24 1 1 0 0 0 0 0 0
79 12 0 0 0 0 0 0 0 0
96 36 0 0 0 0 0 0 0 0
98 24 0 0 0 0 0 0 0 0
99 24 0 0 0 0 0 0 0 0
101 24 0 0 0 0 0 0 0 0
102 36 0 0 0 0 0 0 0 0
140 20 0 0 0 0 0 0 0 0
141 20 0 0 0 0 0 0 0 0
142 12 1 1 0 0 0 0 0 0
143 4 0 0 0 0 0 0 0 0
157 192 5 2 0 0 0 192 0 0
166 60 0 0 0 0 0 0 0 0
167 48 0 0 0 0 0 0 0 0
169 48 0 0 0 0 0 12 0 0
171 72 3 1 8 0 0 0 0 0
173 84 0 0 8 0 0 12 0 0
175 60 3 1 0 0 0 12 0 0
176 36 0 0 12 0 0 0 0 0
178 12 0 0 0 0 0 0 0 0
188 36 2 1 0 0 0 12 0 0
189 24 0 0 0 0 0 0 0 0
191 24 0 0 12 0 0 0 0 0
196 12 0 0 0 0 0 0 0 0
198 16 0 0 0 0 0 8 0 0
199 16 6 1 8 0 0 0 0 0
201 24 6 1 12 0 0 0 0 0
203 16 0 0 0 0 0 8 0 0
204 16 0 0 8 0 0 0 0 0
206 24 0 0 12 0 0 0 0 0
212 24 0 0 0 0 0 12 0 0
213 36 0 0 12 0 0 0 0 0
217 12 6 1 0 0 0 0 0 0
218 80 0 0 40 1 1 12 0 0
219 52 0 0 26 0 0 0 0 0
221 52 0 0 0 0 0 0 0 0
222 52 0 0 0 0 0 0 0 0
225 19 0 0 0 0 0 0 0 0
232 16 0 0 0 0 0 0 0 0
235 10 1 1 5 0 0 0 0 0
237 16 5 0 0 0 0 0 0 0
238 8 0 0 0 0 0 0 0 0
242 12 0 0 0 0 0 0 0 0
243 16 0 0 0 0 0 4 0 0
244 12 1 1 4 0 0 0 0 0
245 4 0 0 0 0 0 0 0 0
251 12 0 0 0 0 0 4 1 1
255 4 0 0 0 0 0 4 0 0
256 36 0 0 0 0 0 0 0 0
258 4 0 0 0 0 0 4 1 1
260 8 1 1 0 0 0 0 0 0
262 6 0 0 3 0 0 3 0 0
263 6 0 0 3 0 0 3 0 0
267 2 0 0 1 0 0 1 0 0
268 1 0 0 0 0 0 1 0 0
275 12 0 0 0 0 0 0 0 0
276 25 0 0 0 0 0 0 0 0
277 20 0 0 0 0 0 0 0 0
284 5 0 0 0 0 0 0 0 0
285 95 1 1 35 0 0 30 0 0
290 24 1 1 4 0 0 0 0 0
291 4 0 0 0 0 0 0 0 0
292 8 0 0 0 0 0 0 0 0
300 8 0 0 0 0 0 4 0 0
303 108 4 1 144 0 0 0 0 0
fn=_nl_normalize_codeset
311 72 7 1 0 0 0 72 0 0
312 12 6 1 0 0 0 0 0 0
313 12 0 0 0 0 0 0 0 0
323 192 0 0 0 0 0 0 0 0
324 300 0 0 132 5 2 0 0 0
326 48 0 0 0 0 0 0 0 0
328 60 0 0 0 0 0 0 0 0
329 96 0 0 0 0 0 0 0 0
332 48 7 1 0 0 0 0 0 0
334 12 0 0 0 0 0 0 0 0
341 180 0 0 0 0 0 0 0 0
342 264 7 1 120 0 0 0 0 0
343 192 0 0 60 3 2 36 0 0
344 108 0 0 0 0 0 0 0 0
345 24 0 0 0 0 0 12 0 0
347 12 0 0 0 0 0 12 0 0
351 48 0 0 72 0 0 0 0 0
fl=./intl/./intl/localealias.c
fn=_nl_expand_alias
146 42 1 1 0 0 0 60 0 0
149 6 0 0 0 0 0 0 0 0
152 48 0 0 0 0 0 0 0 0
154 24 1 1 6 0 0 0 0 0
155 4 1 1 0 0 0 1 0 0
163 24 0 0 6 1 0 0 0 0
181 28 2 0 7 1 1 0 0 0
185 5 2 2 0 0 0 0 0 0
189 30 0 0 24 0 0 0 0 0
190 53 0 0 0 0 0 0 0 0
191 17 0 0 0 0 0 0 0 0
193 2 1 1 0 0 0 0 0 0
194 4 0 0 0 0 0 1 0 0
199 42 0 0 0 0 0 0 0 0
202 43 1 0 60 0 0 0 0 0
413 6 0 0 0 0 0 0 0 0
fn=read_alias_file
207 15 2 2 2 0 0 13 0 0
213 12 1 1 0 0 0 1 0 0
215 11 0 0 2 0 0 2 0 0
225 4 1 1 0 0 0 0 0 0
230 1 0 0 0 0 0 0 0 0
231 2 1 1 0 0 0 0 0 0
387 16 2 2 15 0 0 0 0 0
fl=./io/../sysdeps/posix/isatty.c
fn=isatty
24 7000 875 870 1750 25 0 2625 0 0
27 3500 0 0 0 0 0 0 0 0
28 8750 875 857 4375 0 0 0 0 0
fl=./io/../sysdeps/unix/syscall-template.S
fn=chdir
120 10 2 2 0 0 0 0 0 0
122 2 0 0 0 0 0 0 0 0
fl=./io/../sysdeps/unix/sysv/linux/access.c
fn=access
25 3 1 1 0 0 0 2 1 0
29 9 1 1 0 0 0 1 0 0
31 3 0 0 2 0 0 0 0 0
fl=./io/../sysdeps/unix/sysv/linux/close.c
fn=close
26 2607 869 866 0 0 0 2607 0 0
27 8690 869 869 869 0 0 0 0 0
28 3476 0 0 2607 0 0 0 0 0
fl=./io/../sysdeps/unix/sysv/linux/close_nocancel.c
fn=__GI___close_nocancel
25 88 32 23 0 0 0 88 0 0
26 220 0 0 0 0 0 0 0 0
27 88 23 23 88 0 0 0 0 0
fn=__close_nocancel
25 428 213 195 0 0 0 428 0 0
26 1070 212 172 0 0 0 0 0 0
27 428 0 0 428 0 0 0 0 0
fl=./io/../sysdeps/unix/sysv/linux/fcntl64.c
fn=fcntl
38 40 4 2 8 6 0 24 0 0
42 24 0 0 0 0 0 20 0 0
48 12 4 2 0 0 0 0 0 0
51 12 4 2 0 0 0 0 0 0
52 48 4 2 28 0 0 0 0 0
fl=./io/../sysdeps/unix/sysv/linux/fcntl_nocancel.c
fn=__fcntl64_nocancel_adjusted
51 32 4 2 8 0 0 12 0 0
52 8 0 0 0 0 0 0 0 0
55 4 0 0 0 0 0 0 0 0
63 20 4 2 0 0 0 0 0 0
64 40 0 0 20 0 0 0 0 0
fl=./io/../sysdeps/unix/sysv/linux/fstat64.c
fn=fstat
30 4000 1989 907 0 0 0 4000 23 22
39 10000 0 0 0 0 0 0 0 0
72 4000 1950 12 4000 0 0 0 0 0
fl=./io/../sysdeps/unix/sysv/linux/fstatat64.c
fn=fstatat
91 16212 4051 894 0 0 0 0 0 0
146 8106 4053 890 0 0 0 8106 0 0
160 3924 0 0 654 640 0 654 150 0
161 12159 0 0 0 0 0 0 0 0
162 8106 0 0 8106 0 0 0 0 0
fl=./io/../sysdeps/unix/sysv/linux/getcwd.c
fn=getcwd
49 33 3 3 6 3 1 15 2 2
55 3 0 0 0 0 0 0 0 0
66 6 3 3 6 0 0 0 0 0
76 3 0 0 0 0 0 3 0 0
80 15 3 3 3 0 0 0 0 0
81 18 3 3 6 0 0 0 0 0
84 9 3 3 6 0 0 0 0 0
88 15 3 3 6 0 0 3 0 0
131 33 3 3 18 0 0 0 0 0
fl=./io/../sysdeps/unix/sysv/linux/lseek64.c
fn=lseek
28 3494 878 778 0 0 0 3494 0 0
40 10500 3 1 3 0 0 3 0 0
42 3494 876 695 3494 0 0 0 0 0
fl=./io/../sysdeps/unix/sysv/linux/lstat64.c
fn=lstat
28 4 2 2 0 0 0 4 0 0
29 10 0 0 0 0 0 0 0 0
30 2 2 2 4 0 0 0 0 0
fl=./io/../sysdeps/unix/sysv/linux/open64.c
fn=open
30 11440 879 735 1760 871 862 6160 0 0
33 6154 878 759 0 0 0 0 0 0
36 6 1 1 0 0 0 5 0 0
41 11489 880 829 889 3 0 8 1 0
43 11440 8 4 7040 0 0 0 0 0
fl=./io/../sysdeps/unix/sysv/linux/open64_nocancel.c
fn=__open_nocancel
28 2655 447 425 430 212 177 1034 29 28
31 1911 0 0 0 0 0 0 0 0
39 1456 34 34 5 0 0 19 0 0
41 2266 211 200 1191 0 0 0 0 0
fl=./io/../sysdeps/unix/sysv/linux/read.c
fn=read
25 5253 877 505 0 0 0 7004 0 0
26 17510 880 697 1751 0 0 0 0 0
27 7004 0 0 7004 0 0 0 0 0
fl=./io/../sysdeps/unix/sysv/linux/read_nocancel.c
fn=__read_nocancel
25 76 37 24 0 0 0 76 0 0
26 190 34 24 0 0 0 0 0 0
27 76 0 0 76 0 0 0 0 0
fl=./io/../sysdeps/unix/sysv/linux/readlink.c
fn=readlink
28 24 2 2 0 0 0 12 0 0
32 72 2 2 5 1 0 5 1 0
34 12 2 2 12 0 0 0 0 0
fl=./io/../sysdeps/unix/sysv/linux/stat64.c
fn=stat
28 8102 4049 887 0 0 0 8102 0 0
29 20255 0 0 0 0 0 0 0 0
30 4051 0 0 8102 0 0 0 0 0
fl=./io/../sysdeps/unix/sysv/linux/statfs64.c
fn=statfs
30 2 1 1 0 0 0 2 0 0
34 10 1 1 1 0 0 1 0 0
36 2 0 0 2 0 0 0 0 0
fl=./io/../sysdeps/unix/sysv/linux/write.c
fn=write
25 267 89 84 0 0 0 356 0 0
26 890 89 84 89 0 0 0 0 0
27 356 0 0 356 0 0 0 0 0
fl=./libio/../include/printf_buffer.h
fn=__vsnprintf_internal
125 1257 0 0 0 0 0 2514 276 6
127 1257 0 0 0 0 0 2514 0 0
128 2514 0 0 0 0 0 1257 17 2
137 1257 0 0 0 0 0 0 0 0
fn=__vsprintf_internal
125 126490 0 0 0 0 0 252980 33727 0
127 126490 0 0 0 0 0 252980 0 0
128 252980 0 0 0 0 0 126490 0 0
fl=./libio/../libio/libioP.h
fn=_IO_seekoff_unlocked
1025 12 0 0 0 0 0 0 0 0
1026 8 0 0 0 0 0 0 0 0
fn=ftello
979 2 1 1 0 0 0 0 0 0
fl=./libio/../string/bits/string_fortified.h
fn=_IO_file_xsgetn
29 39 2 2 0 0 0 0 0 0
fn=_IO_getline_info
29 2742 4 0 0 0 0 0 0 0
fn=getdelim
29 336 1 1 0 0 0 0 0 0
fl=./libio/./libio/filedoalloc.c
fn=_IO_file_doallocate
78 50 4 4 10 0 0 25 1 0
84 40 0 0 15 0 0 0 0 0
86 20 0 0 5 1 1 0 0 0
97 25 0 0 5 0 0 0 0 0
98 5 4 4 0 0 0 0 0 0
101 15 0 0 0 0 0 0 0 0
102 5 0 0 0 0 0 0 0 0
104 20 4 4 0 0 0 0 0 0
105 5 0 0 0 0 0 0 0 0
106 55 0 0 35 0 0 0 0 0
fl=./libio/./libio/fileno.c
fn=fileno
32 22 7 5 0 0 0 22 0 0
35 44 0 0 22 12 12 0 0 0
42 22 0 0 22 0 0 0 0 0
fl=./libio/./libio/fileops.c
fn=_IO_file_close
1165 10 4 4 0 0 0 10 0 0
1168 10 0 0 5 0 0 0 0 0
1169 5 0 0 10 0 0 0 0 0
fn=_IO_file_close_it@@GLIBC_2.17
128 15 4 4 0 0 0 15 0 0
130 15 4 4 5 0 0 0 0 0
133 10 0 0 0 0 0 0 0 0
134 25 0 0 5 0 0 10 0 0
137 5 0 0 0 0 0 0 0 0
139 10 0 0 0 0 0 0 0 0
141 5 0 0 5 0 0 0 0 0
142 35 0 0 10 2 0 0 0 0
145 15 0 0 5 0 0 0 0 0
153 25 5 4 0 0 0 0 0 0
154 20 0 0 0 0 0 15 0 0
157 10 5 4 0 0 0 0 0 0
158 15 0 0 0 0 0 5 0 0
159 10 0 0 0 0 0 5 0 0
160 15 0 0 10 0 0 5 0 0
162 10 0 0 0 0 0 0 0 0
163 20 5 4 15 0 0 0 0 0
fn=_IO_file_finish@@GLIBC_2.17
168 20 5 4 0 0 0 20 0 0
169 15 0 0 5 0 0 0 0 0
175 15 5 4 0 0 0 0 0 0
176 10 4 1 20 0 0 0 0 0
fn=_IO_file_fopen@@GLIBC_2.17
213 110 11 6 22 0 0 55 0 0
214 11 10 6 0 0 0 0 0 0
222 33 10 6 11 0 0 0 0 0
223 6 6 2 0 0 0 0 0 0
224 44 0 0 11 5 5 0 0 0
227 11 0 0 0 0 0 0 0 0
228 55 0 0 22 0 0 22 0 0
238 22 0 0 0 0 0 0 0 0
245 22 0 0 0 0 0 0 0 0
247 184 19 11 22 0 0 0 0 0
268 6 2 2 2 0 0 2 0 0
269 2 0 0 0 0 0 0 0 0
271 2 0 0 0 0 0 0 0 0
272 6 0 0 2 0 0 2 0 0
273 2 0 0 0 0 0 0 0 0
281 55 10 6 0 0 0 0 0 0
284 11 0 0 0 0 0 0 0 0
287 20 0 0 0 0 0 0 0 0
288 5 0 0 0 0 0 0 0 0
357 132 12 8 77 0 0 0 0 0
fn=_IO_file_open
182 99 10 6 0 0 0 55 0 0
184 22 11 6 11 0 0 0 0 0
185 6 0 0 0 0 0 0 0 0
188 18 0 0 0 0 0 0 0 0
189 11 0 0 0 0 0 0 0 0
190 12 6 2 0 0 0 0 0 0
191 5 0 0 0 0 0 5 0 0
192 35 0 0 5 0 0 5 0 0
195 15 4 4 0 0 0 0 0 0
205 10 5 4 0 0 0 0 0 0
206 5 0 0 0 0 0 0 0 0
207 44 0 0 55 0 0 0 0 0
fn=_IO_file_read
1131 36 7 2 0 0 0 36 0 0
1133 20 0 0 36 0 0 0 0 0
1134 34 0 0 0 0 0 0 0 0
1135 18 0 0 36 0 0 0 0 0
fn=_IO_file_seek
1140 6 1 1 0 0 0 6 0 0
1141 6 0 0 3 0 0 0 0 0
1142 3 0 0 6 0 0 0 0 0
fn=_IO_file_seekoff@@GLIBC_2.17
843 1 0 0 0 0 0 0 0 0
847 4 2 2 2 1 0 0 0 0
849 3 0 0 6 0 0 0 0 0
851 1 1 1 1 0 0 0 0 0
856 3 0 0 0 0 0 0 0 0
866 2 0 0 0 0 0 0 0 0
867 3 0 0 2 0 0 0 0 0
880 7 3 3 2 0 0 2 0 0
883 6 0 0 2 1 1 0 0 0
885 3 0 0 2 0 0 0 0 0
890 4 2 2 0 0 0 0 0 0
901 40 2 2 8 1 0 20 0 0
909 8 2 2 0 0 0 4 0 0
914 2 0 0 0 0 0 0 0 0
915 10 0 0 4 0 0 4 0 0
918 8 0 0 2 0 0 0 0 0
930 4 0 0 2 0 0 0 0 0
943 6 1 1 0 0 0 0 0 0
947 3 2 2 2 0 0 0 0 0
949 3 0 0 1 0 0 0 0 0
976 2 1 1 0 0 0 0 0 0
981 3 0 0 1 0 0 0 0 0
982 4 1 1 1 0 0 0 0 0
998 1 0 0 0 0 0 0 0 0
1002 3 1 1 2 0 0 0 0 0
1003 1 0 0 0 0 0 0 0 0
1004 1 0 0 0 0 0 0 0 0
1007 3 0 0 0 0 0 0 0 0
1009 6 1 1 2 0 0 0 0 0
1010 1 0 0 0 0 0 0 0 0
1012 1 0 0 0 0 0 0 0 0
1027 4 1 1 1 0 0 2 0 0
1029 2 0 0 0 0 0 4 0 0
1030 1 0 0 0 0 0 1 0 0
1031 3 0 0 1 0 0 1 0 0
1032 4 1 1 4 0 0 0 0 0
1035 2 0 0 0 0 0 0 0 0
1036 6 0 0 2 0 0 0 0 0
1037 2 0 0 0 0 0 0 0 0
1039 5 0 0 5 0 0 1 0 0
1040 1 0 0 0 0 0 1 0 0
1041 2 0 0 1 0 0 2 0 0
1042 2 0 0 0 0 0 4 0 0
1055 44 1 1 28 0 0 0 0 0
fn=_IO_file_stat
1147 10 3 3 0 0 0 10 1 1
1148 10 4 4 5 0 0 0 0 0
1149 5 0 0 10 0 0 0 0 0
fn=_IO_file_sync@@GLIBC_2.17
793 48 2 2 0 0 0 48 0 0
798 36 0 0 24 2 1 0 0 0
800 12 0 0 24 0 0 0 0 0
801 24 0 0 0 0 0 0 0 0
812 36 1 1 0 0 0 12 0 0
816 36 1 1 48 0 0 0 0 0
fn=_IO_file_underflow@@GLIBC_2.17
462 72 7 6 0 0 0 72 1 0
466 36 0 0 18 0 0 0 0 0
467 8 0 0 0 0 0 0 0 0
469 18 0 0 0 0 0 0 0 0
475 54 0 0 36 0 0 0 0 0
478 72 8 6 18 0 0 72 0 0
481 6 2 2 3 0 0 0 0 0
486 6 0 0 0 0 0 0 0 0
490 60 2 2 3 0 0 0 0 0
499 36 7 6 0 0 0 0 0 0
506 36 0 0 0 0 0 0 0 0
512 18 0 0 18 0 0 0 0 0
513 18 0 0 0 0 0 36 0 0
514 18 0 0 0 0 0 36 0 0
515 18 0 0 0 0 0 36 0 0
517 108 0 0 54 5 2 0 0 0
519 36 11 6 0 0 0 0 0 0
522 20 1 1 4 0 0 4 0 0
526 42 0 0 14 0 0 14 0 0
532 8 0 0 0 0 0 4 0 0
533 8 0 0 16 0 0 0 0 0
535 42 0 0 14 0 0 0 0 0
536 8 0 0 0 0 0 4 0 0
537 56 0 0 84 5 3 0 0 0
538 54 0 0 72 0 0 0 0 0
fn=_IO_file_xsgetn
1273 104 2 2 0 0 0 104 0 0
1280 26 0 0 13 0 0 0 0 0
1283 4 2 2 2 0 0 0 0 0
1288 6 2 2 0 0 0 0 0 0
1291 52 0 0 0 0 0 0 0 0
1293 32 0 0 32 0 0 0 0 0
1294 32 0 0 0 0 0 0 0 0
1297 39 0 0 13 0 0 13 0 0
1302 3 0 0 0 0 0 0 0 0
1310 6 0 0 3 0 0 0 0 0
1319 6 0 0 3 0 0 0 0 0
1320 12 0 0 3 0 0 0 0 0
1322 12 0 0 0 0 0 0 0 0
1361 65 2 2 104 0 0 0 0 0
fn=_IO_new_file_init_internal
106 44 10 6 0 0 0 44 0 0
110 22 0 0 0 0 0 11 0 0
111 44 0 0 11 0 0 11 0 0
113 11 0 0 0 0 0 0 0 0
114 11 0 0 0 0 0 11 0 0
115 33 10 6 44 0 0 0 0 0
fl=./libio/./libio/fseek.c
fn=fseek
32 8 2 2 0 0 0 7 0 0
35 2 0 0 1 0 0 0 0 0
36 7 1 1 0 0 0 0 0 0
39 6 1 1 7 0 0 0 0 0
fl=./libio/./libio/ftello.c
fn=ftello
38 5 1 1 0 0 0 5 0 0
41 2 0 0 1 0 0 0 0 0
42 6 1 1 0 0 0 0 0 0
43 2 1 1 1 0 0 0 0 0
49 2 0 0 0 0 0 0 0 0
61 5 0 0 5 0 0 0 0 0
fl=./libio/./libio/genops.c
fn=_IO_cleanup
776 6 0 0 0 0 0 2 0 0
777 12 1 1 2 0 0 2 0 0
780 10 2 2 6 0 0 0 0 0
784 3 0 0 0 0 0 3 0 0
785 30 0 0 12 0 0 6 0 0
792 4 0 0 0 0 0 0 0 0
794 4 1 1 2 0 0 0 0 0
808 2 0 0 2 0 0 0 0 0
814 5 0 0 0 0 0 3 0 0
816 25 2 2 6 0 0 6 0 0
817 3 0 0 0 0 0 3 0 0
821 10 1 1 3 0 0 2 0 0
822 2 1 1 0 0 0 0 0 0
842 12 2 2 2 2 2 11 0 0
843 2 0 0 0 0 0 0 0 0
855 15 0 0 13 0 0 0 0 0
fn=_IO_default_finish
54 10 0 0 5 0 0 0 0 0
601 20 5 4 0 0 0 15 0 0
603 10 0 0 5 0 0 0 0 0
609 10 0 0 5 0 0 0 0 0
612 10 5 4 5 0 0 0 0 0
624 15 0 0 15 0 0 0 0 0
fn=_IO_default_uflow
361 36 4 4 0 0 0 36 0 0
362 36 0 0 18 6 3 0 0 0
363 18 0 0 0 0 0 0 0 0
365 28 0 0 14 0 0 7 0 0
366 27 0 0 36 0 0 0 0 0
fn=_IO_doallocbuf
343 20 4 4 0 0 0 20 1 0
344 10 0 0 5 0 0 0 0 0
346 15 0 0 5 0 0 5 0 0
347 30 4 4 10 3 3 0 0 0
350 20 4 4 25 0 0 0 0 0
fn=_IO_flush_all
686 12 1 1 2 0 0 11 0 0
687 2 1 1 0 0 0 0 0 0
691 6 2 2 0 0 0 2 1 0
692 12 0 0 2 1 1 2 0 0
695 10 2 2 6 3 3 0 0 0
697 3 0 0 0 0 0 3 0 0
698 34 1 1 12 6 3 6 0 0
700 18 1 1 9 4 1 0 0 0
705 2 0 0 0 0 0 2 0 0
708 30 1 1 12 0 0 6 0 0
709 3 0 0 0 0 0 3 0 0
713 10 1 1 3 0 0 2 0 0
714 2 1 1 0 0 0 0 0 0
718 15 1 1 13 0 0 0 0 0
fn=_IO_free_backup_area
187 4 1 1 0 0 0 3 0 0
188 2 0 0 1 0 0 0 0 0
190 2 0 0 1 0 0 0 0 0
191 1 0 0 0 0 0 2 0 0
192 1 0 0 0 0 0 1 0 0
194 3 0 0 3 0 0 0 0 0
fn=_IO_link_in
87 160 7 6 32 0 0 80 0 0
88 32 0 0 16 0 0 0 0 0
90 33 11 6 0 0 0 33 0 0
92 66 0 0 0 0 0 22 1 0
93 143 21 12 22 9 6 44 0 0
94 11 0 0 0 0 0 11 0 0
95 88 20 12 33 0 0 22 0 0
97 33 0 0 11 6 5 11 0 0
98 11 0 0 0 0 0 11 0 0
100 44 0 0 11 0 0 22 0 0
101 22 0 0 0 0 0 11 0 0
102 77 10 6 11 0 0 22 0 0
103 22 10 6 0 0 0 0 0 0
106 209 0 0 156 0 0 0 0 0
fn=_IO_no_init
563 88 11 6 0 0 0 66 0 0
564 11 0 0 0 0 0 0 0 0
565 11 0 0 0 0 0 11 7 5
566 11 0 0 0 0 0 0 0 0
568 11 0 0 0 0 0 11 0 0
572 44 11 6 0 0 0 55 1 1
579 11 0 0 0 0 0 11 10 6
581 11 0 0 0 0 0 11 9 5
587 11 0 0 0 0 0 11 0 0
588 44 0 0 66 0 0 0 0 0
fn=_IO_old_init
531 22 10 6 0 0 0 22 0 0
532 33 11 6 0 0 0 11 0 0
534 55 0 0 11 9 6 0 0 0
539 66 0 0 0 0 0 66 7 6
544 22 0 0 0 0 0 22 0 0
550 11 0 0 0 0 0 11 0 0
555 22 0 0 11 0 0 0 0 0
556 22 0 0 0 0 0 22 10 6
558 22 0 0 22 0 0 0 0 0
fn=_IO_setb
329 80 11 10 0 0 0 60 0 0
330 35 0 0 20 0 0 0 0 0
331 5 0 0 0 0 0 0 0 0
333 10 0 0 0 0 0 20 0 0
335 60 2 1 5 0 0 10 0 0
338 40 0 0 60 0 0 0 0 0
fn=_IO_sgetn
409 39 2 2 0 0 0 39 0 0
411 52 0 0 26 1 1 0 0 0
412 26 2 2 39 0 0 0 0 0
fn=_IO_sputbackc
635 4 1 1 0 0 0 4 0 0
638 4 0 0 2 1 0 0 0 0
639 3 0 0 1 0 0 0 0 0
641 3 1 1 0 0 0 1 0 0
647 1 0 0 0 0 0 0 0 0
648 3 1 1 1 0 0 1 0 0
651 3 0 0 4 0 0 0 0 0
fn=_IO_switch_to_get_mode
164 72 7 6 0 0 0 72 1 0
165 72 0 0 36 0 0 0 0 0
168 36 7 6 18 0 0 0 0 0
172 36 0 0 18 0 0 18 0 0
173 54 0 0 18 0 0 0 0 0
176 18 0 0 0 0 0 18 0 0
178 36 0 0 0 0 0 36 0 0
180 36 7 6 0 0 0 18 0 0
181 18 0 0 0 0 0 0 0 0
182 54 0 0 72 0 0 0 0 0
fn=_IO_un_link
53 32 11 6 0 0 0 32 0 0
54 32 0 0 16 0 0 0 0 0
82 32 3 1 32 0 0 0 0 0
fn=_IO_unsave_markers
937 24 4 4 0 0 0 18 0 0
939 12 0 0 6 0 0 0 0 0
944 12 6 4 6 1 0 0 0 0
946 18 0 0 18 0 0 0 0 0
fn=__GI__IO_un_link.part.0
52 132 21 12 22 4 2 99 1 0
58 66 0 0 0 0 0 22 0 0
59 132 10 6 22 2 1 22 0 0
60 11 0 0 0 0 0 11 0 0
61 82 11 6 31 2 0 20 0 0
63 44 21 11 11 2 1 0 0 0
65 32 1 1 0 0 0 0 0 0
66 33 11 6 11 0 0 11 0 0
74 22 11 6 0 0 0 11 0 0
76 81 0 0 20 0 0 20 0 0
77 22 0 0 0 0 0 11 0 0
78 67 10 5 11 0 0 22 0 0
79 22 11 6 0 0 0 0 0 0
82 143 0 0 121 0 0 0 0 0
fn=__uflow
299 36 8 4 0 0 0 36 0 0
300 36 4 4 9 3 2 0 0 0
305 18 0 0 9 0 0 0 0 0
308 27 8 4 18 0 0 0 0 0
310 18 0 0 9 0 0 0 0 0
316 18 0 0 9 2 0 0 0 0
321 18 0 0 9 3 2 0 0 0
323 45 0 0 18 6 3 0 0 0
324 18 0 0 36 0 0 0 0 0
fn=__underflow
269 36 3 3 0 0 0 36 0 0
270 36 0 0 9 0 0 4 0 0
275 18 0 0 9 0 0 0 0 0
278 27 0 0 18 0 0 0 0 0
280 18 0 0 9 0 0 0 0 0
286 18 3 3 9 0 0 0 0 0
291 18 3 3 9 0 0 0 0 0
293 45 0 0 18 3 3 0 0 0
294 18 0 0 36 0 0 0 0 0
fl=./libio/./libio/getc.c
fn=getc
34 5 1 1 0 0 0 5 0 0
37 2 0 0 1 1 0 0 0 0
38 4 1 1 2 0 0 0 0 0
43 3 1 1 5 0 0 0 0 0
fl=./libio/./libio/iofclose.c
fn=fclose@@GLIBC_2.17
34 30 9 8 0 0 0 35 1 0
48 10 0 0 5 1 0 0 0 0
49 5 5 4 0 0 0 0 0 0
51 59 8 6 17 0 0 8 0 0
52 9 5 4 0 0 0 0 0 0
53 15 5 4 0 0 0 0 0 0
57 25 0 0 10 1 1 0 0 0
58 15 5 4 5 0 0 0 0 0
71 10 0 0 5 0 0 0 0 0
76 30 0 0 35 0 0 0 0 0
fl=./libio/./libio/iofflush.c
fn=fflush
32 60 2 1 0 0 0 60 0 0
33 12 2 1 0 0 0 0 0 0
39 168 4 3 48 9 5 24 0 0
40 72 0 0 24 3 2 0 0 0
44 60 0 0 60 0 0 0 0 0
fl=./libio/./libio/iofgets.c
fn=fgets
32 1564 1 1 0 0 0 1955 0 0
37 1564 0 0 0 0 0 0 0 0
39 782 0 0 0 0 0 0 0 0
47 6256 2 2 1564 0 0 1564 0 0
51 391 0 0 0 0 0 0 0 0
52 782 26 1 0 0 0 391 0 0
53 2737 0 0 0 0 0 0 0 0
56 1172 2 1 391 0 0 0 0 0
57 391 0 0 0 0 0 0 0 0
60 390 0 0 0 0 0 390 0 0
61 390 0 0 0 0 0 0 0 0
63 1172 0 0 390 0 0 391 0 0
66 1955 0 0 1955 0 0 0 0 0
fl=./libio/./libio/iofopen.c
fn=__fopen_internal
37 10 0 0 5 0 0 0 0 0
57 88 10 6 0 0 0 77 1 0
65 22 10 6 0 0 0 0 0 0
67 11 0 0 0 0 0 0 0 0
68 6 0 0 0 0 0 0 0 0
70 22 0 0 0 0 0 11 8 6
72 88 0 0 0 0 0 0 0 0
73 33 0 0 0 0 0 11 0 0
74 22 10 6 0 0 0 0 0 0
75 66 0 0 0 0 0 0 0 0
78 12 6 2 0 0 0 0 0 0
79 12 0 0 0 0 0 0 0 0
81 66 4 4 77 0 0 0 0 0
fn=fopen@@GLIBC_2.17
85 22 10 6 0 0 0 22 0 0
86 22 0 0 0 0 0 0 0 0
87 11 0 0 22 0 0 0 0 0
fl=./libio/./libio/iofread.c
fn=fread
31 4 1 1 0 0 0 5 0 0
32 1 0 0 0 0 0 0 0 0
35 1 0 0 0 0 0 0 0 0
37 20 2 2 4 0 0 6 0 0
38 5 1 1 0 0 0 0 0 0
40 4 1 1 2 0 0 0 0 0
41 6 0 0 7 0 0 0 0 0
fl=./libio/./libio/iofread_u.c
fn=fread_unlocked
34 36 1 1 0 0 0 48 0 0
35 12 0 0 0 0 0 0 0 0
38 12 0 0 0 0 0 0 0 0
40 72 0 0 0 0 0 12 0 0
41 48 1 1 12 0 0 0 0 0
42 60 0 0 48 0 0 0 0 0
fl=./libio/./libio/ioftell.c
fn=ftell
34 5 1 1 0 0 0 5 0 0
37 14 2 2 4 2 0 2 0 0
38 6 1 1 0 0 0 0 0 0
39 2 0 0 1 0 0 0 0 0
45 2 0 0 0 0 0 0 0 0
57 5 0 0 5 0 0 0 0 0
fl=./libio/./libio/iogetdelim.c
fn=getdelim
41 1006 1 1 0 0 0 1008 0 0
47 1092 2 2 336 0 0 168 0 0
48 84 0 0 0 0 0 0 0 0
50 2 0 0 0 0 0 0 0 0
54 252 1 1 0 0 0 0 0 0
62 332 0 0 166 0 0 0 0 0
64 4 1 1 0 0 0 2 0 0
65 4 0 0 0 0 0 2 0 0
66 2 0 0 0 0 0 0 0 0
74 168 1 1 168 0 0 0 0 0
75 168 0 0 0 0 0 0 0 0
77 16 1 1 0 0 0 0 0 0
82 6 0 0 4 0 0 0 0 0
89 420 1 1 0 0 0 0 0 0
91 252 0 0 0 0 0 0 0 0
92 416 1 1 0 0 0 0 0 0
100 168 0 0 0 0 0 0 0 0
101 252 0 0 84 0 0 0 0 0
105 3 0 0 0 0 0 0 0 0
107 86 0 0 84 0 0 0 0 0
108 1 0 0 0 0 0 0 0 0
114 1 0 0 0 0 0 1 0 0
115 1 0 0 0 0 0 1 0 0
117 1 0 0 1 0 0 0 0 0
118 252 0 0 84 0 0 84 0 0
119 2 0 0 0 0 0 0 0 0
120 92 0 0 0 0 0 0 0 0
122 4 0 0 4 0 0 0 0 0
124 164 1 1 82 0 0 82 0 0
130 672 0 0 1008 0 0 0 0 0
fl=./libio/./libio/iogetline.c
fn=_IO_getline
33 782 1 1 0 0 0 782 0 0
34 782 0 0 0 0 0 0 0 0
35 391 0 0 782 0 0 0 0 0
fn=_IO_getline_info
49 4692 23 2 0 0 0 3910 0 0
51 391 0 0 0 0 0 0 0 0
53 782 0 0 391 0 0 0 0 0
54 3 1 1 0 0 0 1 0 0
55 1572 0 0 2 0 0 782 0 0
57 796 0 0 796 0 0 0 0 0
58 796 0 0 0 0 0 0 0 0
60 10 1 1 0 0 0 0 0 0
61 10 0 0 0 0 0 0 0 0
63 1 1 1 0 0 0 0 0 0
67 8 0 0 0 0 0 0 0 0
77 13 1 1 0 0 0 4 0 0
78 5 0 0 0 0 0 0 0 0
83 786 0 0 0 0 0 0 0 0
85 1975 21 1 0 0 0 0 0 0
86 393 0 0 0 0 0 0 0 0
88 390 0 0 0 0 0 0 0 0
89 390 0 0 0 0 0 0 0 0
90 780 0 0 0 0 0 0 0 0
92 390 0 0 0 0 0 0 0 0
94 390 0 0 0 0 0 0 0 0
97 390 0 0 0 0 0 390 0 0
98 780 0 0 780 0 0 0 0 0
101 9 0 0 3 0 0 3 0 0
102 3 3 0 0 0 0 0 0 0
103 3 0 0 0 0 0 0 0 0
106 1 0 0 0 0 0 0 0 0
107 2346 0 0 3910 0 0 0 0 0
fl=./libio/./libio/ioseekoff.c
fn=_IO_seekoff_unlocked
33 36 2 2 0 0 0 28 0 0
34 8 2 2 0 0 0 0 0 0
43 14 1 1 4 0 0 0 0 0
59 32 2 2 8 1 1 0 0 0
60 16 1 1 28 0 0 0 0 0
fl=./libio/./libio/ioungetc.c
fn=ungetc
31 4 1 1 0 0 0 4 0 0
34 2 0 0 0 0 0 0 0 0
36 4 1 1 1 0 0 2 0 0
37 4 1 1 2 0 0 0 0 0
42 2 0 0 4 0 0 0 0 0
fl=./libio/./libio/iovsprintf.c
fn=__vsprintf_internal
37 1770860 109801 47931 252980 0 0 505960 37155 0
45 126490 0 0 0 0 0 0 0 0
47 126490 0 0 0 0 0 126490 19 0
52 252980 0 0 0 0 0 0 0 0
62 758940 0 0 252980 0 0 252980 8869 7
66 379470 54304 50372 252980 0 0 0 0 0
68 126540 19 4 0 0 0 126490 0 0
70 252980 0 0 0 0 0 0 0 0
71 1391390 54311 48792 758940 0 0 0 0 0
fl=./libio/./libio/libioP.h
fn=_IO_cleanup
1025 3 1 1 0 0 0 2 0 0
fn=_IO_default_uflow
1025 27 4 4 0 0 0 0 0 0
1026 18 0 0 0 0 0 0 0 0
fn=_IO_doallocbuf
1025 15 0 0 0 0 0 0 0 0
1026 10 0 0 0 0 0 0 0 0
fn=_IO_file_close_it@@GLIBC_2.17
1025 15 5 4 0 0 0 0 0 0
1026 10 0 0 0 0 0 0 0 0
fn=_IO_file_doallocate
1025 15 0 0 0 0 0 0 0 0
1026 10 4 4 0 0 0 0 0 0
fn=_IO_file_seekoff@@GLIBC_2.17
1025 9 2 2 0 0 0 0 0 0
1026 6 1 1 0 0 0 0 0 0
fn=_IO_file_underflow@@GLIBC_2.17
1025 36 11 6 0 0 0 0 0 0
1026 36 0 0 0 0 0 0 0 0
fn=_IO_file_xsgetn
1025 26 2 2 0 0 0 0 0 0
fn=_IO_flush_all
1025 3 0 0 0 0 0 0 0 0
fn=_IO_sgetn
1025 39 0 0 0 0 0 0 0 0
1026 26 0 0 0 0 0 0 0 0
fn=__uflow
1025 27 0 0 0 0 0 0 0 0
1026 18 0 0 0 0 0 0 0 0
fn=__underflow
1025 27 0 0 0 0 0 0 0 0
1026 18 0 0 0 0 0 0 0 0
fn=fclose@@GLIBC_2.17
952 50 5 4 15 7 6 0 0 0
958 10 0 0 0 0 0 0 0 0
979 15 0 0 5 0 0 0 0 0
980 40 0 0 15 0 0 10 0 0
1025 15 0 0 0 0 0 0 0 0
1026 10 1 1 0 0 0 0 0 0
fn=fflush
979 24 0 0 12 0 0 0 0 0
980 96 0 0 36 0 0 24 0 0
1025 36 0 0 0 0 0 0 0 0
1026 24 0 0 0 0 0 0 0 0
fn=fgets
979 781 0 0 0 0 0 0 0 0
980 3910 46 1 1955 0 0 782 0 0
fn=fread
979 2 0 0 1 0 0 0 0 0
980 8 1 1 3 0 0 2 0 0
fn=fseek
979 2 0 0 1 0 0 0 0 0
fn=ftell
979 2 1 1 0 0 0 0 0 0
980 8 1 1 3 0 0 2 0 0
fn=getdelim
979 168 2 1 84 0 0 0 0 0
980 672 0 0 252 0 0 168 0 0
fn=rewind
979 1 0 0 0 0 0 0 0 0
980 8 1 1 3 0 0 2 0 0
fl=./libio/./libio/rewind.c
fn=rewind
32 5 1 1 0 0 0 5 0 0
34 14 3 3 4 0 0 2 0 0
35 5 1 1 0 0 0 0 0 0
36 3 0 0 1 0 0 1 0 0
38 4 0 0 5 0 0 0 0 0
fl=./libio/./libio/vsnprintf.c
fn=__vsnprintf_internal
63 1257 0 0 0 0 0 0 0 0
66 1257 0 0 0 0 0 1257 4 2
75 3771 0 0 2514 0 0 0 0 0
76 1257 0 0 0 0 0 1257 0 0
87 2514 0 0 0 0 0 0 0 0
93 16341 1344 48 2514 1 0 5028 13 3
96 7542 24 24 2514 0 0 2514 57 2
98 13827 44 24 7542 0 0 0 0 0
fl=./libio/./libio/vtables.c
fn=check_stdfiles_vtables
545 2 0 0 0 0 0 2 0 0
546 8 1 1 2 1 0 0 0 0
547 5 1 1 2 1 0 0 0 0
548 6 0 0 2 1 0 0 0 0
550 2 0 0 2 0 0 0 0 0
fl=./locale/../iconv/gconv_charset.h
fn=_nl_find_locale
58 12 0 0 0 0 0 0 0 0
60 144 6 1 72 0 0 0 0 0
62 396 6 1 72 1 0 0 0 0
63 570 6 1 0 0 0 0 0 0
64 240 0 0 60 5 4 60 0 0
74 36 12 2 0 0 0 0 0 0
75 84 0 0 0 0 0 0 0 0
77 12 0 0 0 0 0 12 0 0
78 6 0 0 0 0 0 0 0 0
85 504 10 2 198 1 1 96 0 0
fl=./locale/../string/bits/string_fortified.h
fn=_nl_find_locale
29 24 0 0 0 0 0 0 0 0
fn=_nl_intern_locale_data
59 11 0 0 0 0 0 2 0 0
fn=_nl_load_locale_from_archive
29 24 0 0 0 0 0 0 0 0
fl=./locale/../sysdeps/unix/sysv/linux/not-cancel.h
fn=_nl_load_locale
75 2 0 0 0 0 0 0 0 0
fl=./locale/./locale/findlocale.c
fn=_nl_find_locale
65 162 0 0 8 0 0 0 0 0
74 18 0 0 0 0 0 0 0 0
77 12 0 0 0 0 0 0 0 0
81 42 4 1 0 0 0 0 0 0
84 12 0 0 0 0 0 0 0 0
86 6 0 0 0 0 0 0 0 0
87 42 0 0 12 0 0 0 0 0
95 30 0 0 0 0 0 0 0 0
103 901 6 2 106 0 0 583 0 0
106 106 0 0 53 0 0 53 0 0
114 106 0 0 53 0 0 0 0 0
118 200 5 1 0 0 0 50 0 0
120 150 0 0 0 0 0 50 0 0
122 184 0 0 0 0 0 46 0 0
123 4 1 0 4 0 0 0 0 0
124 230 1 1 0 0 0 46 0 0
131 220 4 1 4 0 0 0 0 0
132 30 0 0 0 0 0 0 0 0
136 94 0 0 0 0 0 47 0 0
137 188 5 1 47 3 1 0 0 0
145 12 0 0 6 0 0 6 0 0
149 6 0 0 0 0 0 0 0 0
152 18 0 0 0 0 0 0 0 0
153 6 0 0 0 0 0 0 0 0
158 18 6 1 6 0 0 6 0 0
159 6 6 1 0 0 0 0 0 0
167 12 0 0 0 0 0 0 0 0
168 6 0 0 0 0 0 0 0 0
178 18 0 0 6 0 0 6 0 0
181 84 6 1 0 0 0 6 0 0
196 42 3 1 0 0 0 0 0 0
198 12 0 0 0 0 0 0 0 0
204 90 0 0 30 0 0 18 0 0
210 6 0 0 0 0 0 0 0 0
214 15 1 1 5 0 0 3 0 0
219 1 0 0 0 0 0 0 0 0
225 6 0 0 0 0 0 0 0 0
226 18 4 1 6 0 0 0 0 0
228 12 3 1 6 0 0 0 0 0
231 12 0 0 6 0 0 0 0 0
234 26 4 1 7 0 0 0 0 0
236 14 0 0 7 0 0 0 0 0
237 6 0 0 0 0 0 0 0 0
238 21 0 0 14 0 0 0 0 0
243 6 0 0 0 0 0 6 0 0
244 12 0 0 0 0 0 0 0 0
256 12 0 0 6 0 0 0 0 0
279 6 0 0 0 0 0 0 0 0
280 18 0 0 12 2 1 0 0 0
281 12 0 0 0 0 0 0 0 0
282 6 0 0 0 0 0 0 0 0
285 84 3 1 0 0 0 6 0 0
288 84 6 1 0 0 0 6 0 0
291 24 0 0 0 0 0 0 0 0
301 18 0 0 12 0 0 0 0 0
305 4 1 1 1 0 0 0 0 0
306 1 0 0 0 0 0 0 0 0
307 18 0 0 6 0 0 0 0 0
308 5 0 0 0 0 0 0 0 0
310 4 0 0 0 0 0 1 0 0
314 12 6 1 6 0 0 0 0 0
316 12 6 1 6 0 0 0 0 0
319 18 0 0 6 0 0 0 0 0
321 3 0 0 0 0 0 1 0 0
324 742 6 2 689 0 0 0 0 0
fl=./locale/./locale/freelocale.c
fn=freelocale
36 84 21 3 0 0 0 0 0 0
51 21 21 4 0 0 0 0 0 0
fl=./locale/./locale/lc-ctype.c
fn=_nl_postload_ctype
33 18 1 1 0 0 0 18 0 0
38 27 1 1 9 0 0 0 0 0
57 9 0 0 0 0 0 0 0 0
58 9 0 0 0 0 0 18 1 0
59 18 0 0 9 0 0 0 0 0
60 9 0 0 0 0 0 9 0 0
61 18 0 0 18 1 0 0 0 0
65 54 0 0 18 6 0 0 0 0
67 27 1 1 9 1 0 9 0 0
69 27 0 0 9 0 0 9 0 0
71 27 0 0 9 1 0 9 0 0
112 18 0 0 18 0 0 0 0 0
fl=./locale/./locale/loadarchive.c
fn=_nl_load_locale_from_archive
134 90 3 1 12 0 0 84 0 0
135 6 3 1 6 0 0 0 0 0
153 12 0 0 0 0 0 0 0 0
159 24 0 0 6 4 0 0 0 0
169 18 4 1 0 0 0 0 0 0
170 30 0 0 6 0 0 0 0 0
172 30 1 1 0 0 0 0 0 0
173 30 0 0 0 0 0 0 0 0
174 6 1 1 0 0 0 0 0 0
175 12 1 1 0 0 0 0 0 0
176 24 0 0 0 0 0 0 0 0
181 18 0 0 0 0 0 0 0 0
182 18 0 0 0 0 0 0 0 0
183 90 3 2 0 0 0 6 0 0
184 48 0 0 0 0 0 0 0 0
187 6 0 0 0 0 0 0 0 0
189 18 1 1 0 0 0 0 0 0
194 24 2 1 6 0 0 0 0 0
202 2 0 0 0 0 0 1 0 0
205 5 0 0 0 0 0 0 0 0
206 1 0 0 0 0 0 0 0 0
265 10 0 0 5 0 0 0 0 0
499 90 2 1 90 0 0 0 0 0
fl=./locale/./locale/loadlocale.c
fn=_nl_intern_locale_data
69 1 0 0 1 0 0 0 0 0
72 1 0 0 0 0 0 0 0 0
74 33 1 1 6 0 0 0 0 0
76 10 0 0 10 0 0 0 0 0
79 60 2 2 20 0 0 0 0 0
81 1 0 0 0 0 0 0 0 0
86 10 0 0 0 0 0 0 0 0
87 10 0 0 0 0 0 10 0 0
88 10 0 0 0 0 0 0 0 0
89 1 0 0 0 0 0 1 0 0
90 27 0 0 9 0 0 0 0 0
99 3 1 1 0 0 0 0 0 0
112 1 0 0 0 0 0 0 0 0
115 2 0 0 0 0 0 0 0 0
123 3 1 1 0 0 0 4 0 0
133 7 1 1 0 0 0 4 0 0
134 12 1 1 1 1 1 0 0 0
141 8 0 0 2 1 1 2 0 0
143 2 0 0 0 0 0 0 0 0
144 1 0 0 0 0 0 0 0 0
152 1 0 0 0 0 0 0 0 0
153 1 0 0 0 0 0 0 0 0
156 4 1 1 0 0 0 0 0 0
157 1 0 0 0 0 0 0 0 0
161 1 0 0 0 0 0 2 1 1
166 2 0 0 0 0 0 1 0 0
169 1 1 1 0 0 0 1 0 0
171 2 0 0 1 0 0 1 0 0
172 270 0 0 0 0 0 0 0 0
174 176 1 1 89 5 5 0 0 0
175 179 1 1 1 0 0 0 0 0
186 7 1 1 0 0 0 0 0 0
206 1 0 0 0 0 0 0 0 0
210 174 0 0 0 0 0 0 0 0
213 430 1 1 86 6 6 0 0 0
214 207 1 1 69 0 0 69 9 9
217 40 0 0 0 0 0 0 0 0
219 20 0 0 0 0 0 20 2 2
220 40 0 0 40 5 5 0 0 0
228 4 0 0 4 0 0 0 0 0
fn=_nl_load_locale
232 30 2 2 4 0 0 26 0 0
240 4 0 0 0 0 0 2 0 0
241 2 0 0 0 0 0 2 0 0
243 6 0 0 2 0 0 0 0 0
244 2 0 0 0 0 0 0 0 0
248 5 1 1 0 0 0 0 0 0
254 4 0 0 1 0 0 0 0 0
279 4 0 0 2 0 0 0 0 0
289 8 1 1 1 0 0 0 0 0
291 2 0 0 0 0 0 0 0 0
328 1 0 0 0 0 0 0 0 0
332 4 0 0 1 0 0 0 0 0
333 2 0 0 0 0 0 0 0 0
344 1 0 0 0 0 0 1 0 0
345 1 0 0 0 0 0 1 0 0
347 1 0 0 0 0 0 1 0 0
348 30 2 2 30 0 0 0 0 0
fl=./locale/./locale/localeinfo.h
fn=_nl_find_locale
222 286 8 2 56 3 1 0 0 0
fn=new_composite_name
222 84 0 0 72 0 0 0 0 0
fl=./locale/./locale/localename.c
fn=__current_locale_name
24 2624 656 210 0 0 0 2624 244 0
25 6560 656 209 2624 0 0 0 0 0
26 3936 0 0 3936 0 0 0 0 0
fl=./locale/./locale/newlocale.c
fn=newlocale
43 352 44 10 44 12 1 286 0 0
55 44 0 0 0 0 0 0 0 0
56 1 0 0 0 0 0 0 0 0
59 63 0 0 0 0 0 0 0 0
63 22 1 1 0 0 0 0 0 0
66 88 1 1 0 0 0 0 0 0
72 84 21 3 0 0 0 0 0 0
73 146 39 7 42 20 3 0 0 0
75 42 21 3 0 0 0 0 0 0
277 352 22 4 330 0 0 0 0 0
fl=./locale/./locale/nl_langinfo.c
fn=nl_langinfo
30 10 5 3 0 0 0 10 0 0
31 25 0 0 10 2 1 0 0 0
32 5 0 0 10 0 0 0 0 0
fn=nl_langinfo_l
31 5 5 3 0 0 0 10 0 0
fl=./locale/./locale/nl_langinfo_l.c
fn=nl_langinfo_l
31 5 0 0 0 0 0 0 0 0
32 5 0 0 0 0 0 0 0 0
36 15 0 0 0 0 0 0 0 0
42 20 0 0 0 0 0 0 0 0
58 5 0 0 5 2 1 0 0 0
61 15 2 2 5 2 1 0 0 0
66 10 0 0 5 4 2 0 0 0
67 10 0 0 10 0 0 0 0 0
fl=./locale/./locale/setlocale.c
fn=new_composite_name
139 108 9 2 0 0 0 108 0 0
144 9 0 0 0 0 0 0 0 0
146 756 4 1 0 0 0 0 0 0
150 312 2 1 48 0 0 0 0 0
151 203 2 1 60 1 0 0 0 0
152 324 0 0 0 0 0 0 0 0
153 441 0 0 108 0 0 0 0 0
154 318 0 0 48 0 0 0 0 0
158 9 0 0 0 0 0 0 0 0
161 21 0 0 3 0 0 0 0 0
170 18 3 1 0 0 0 0 0 0
171 12 0 0 0 0 0 0 0 0
174 432 0 0 0 0 0 0 0 0
179 216 4 1 36 0 0 0 0 0
180 129 2 1 36 0 0 0 0 0
181 144 0 0 0 0 0 0 0 0
182 84 0 0 0 0 0 72 0 0
183 216 0 0 0 0 0 0 0 0
184 144 0 0 0 0 0 72 0 0
186 6 0 0 0 0 0 6 0 0
188 72 0 0 108 0 0 0 0 0
fn=setlocale
195 205 1 1 62 0 0 0 0 0
198 60 1 0 0 0 0 0 0 0
199 8 0 0 0 0 0 0 0 0
201 30 2 1 0 0 0 14 0 0
210 106 0 0 48 0 0 53 3 0
211 168 0 0 53 7 1 0 0 0
212 9 0 0 0 0 0 0 0 0
218 150 11 2 30 5 0 75 0 0
225 30 0 0 0 0 0 0 0 0
230 45 0 0 0 0 0 30 0 0
231 36 3 2 18 2 0 0 0 0
234 36 0 0 0 0 0 0 0 0
236 81 8 1 9 0 0 36 0 0
250 9 0 0 0 0 0 18 0 0
252 36 0 0 0 0 0 0 0 0
253 9 0 0 0 0 0 0 0 0
265 34 6 1 0 0 0 12 0 0
277 160 1 1 0 0 0 0 0 0
278 96 0 0 0 0 0 0 0 0
279 48 0 0 0 0 0 48 1 0
281 20 0 0 0 0 0 4 0 0
327 176 1 1 0 0 0 0 0 0
334 104 0 0 0 0 0 0 0 0
335 96 0 0 0 0 0 0 0 0
337 336 3 1 96 0 0 48 0 0
341 48 0 0 0 0 0 0 0 0
355 144 0 0 48 17 2 0 0 0
359 240 5 1 48 0 0 0 0 0
361 21 0 0 3 1 0 0 0 0
363 4 0 0 0 0 0 2 0 0
366 3 1 1 0 0 0 1 0 0
367 1 0 0 0 0 0 0 0 0
375 16 4 0 0 0 0 0 0 0
376 12 0 0 0 0 0 0 0 0
379 204 6 1 0 0 0 0 0 0
380 96 0 0 0 0 0 0 0 0
382 96 4 1 0 0 0 0 0 0
383 96 0 0 48 0 0 0 0 0
389 20 4 1 8 0 0 4 0 0
398 8 0 0 0 0 0 0 0 0
401 8 0 0 4 0 0 0 0 0
402 8 0 0 4 0 0 0 0 0
404 20 0 0 32 0 0 0 0 0
409 5 0 0 0 0 0 5 0 0
414 30 5 1 10 0 0 0 0 0
416 5 0 0 0 0 0 0 0 0
424 15 1 1 5 1 0 0 0 0
425 2 0 0 0 0 0 1 0 0
429 25 0 0 5 0 0 0 0 0
431 6 0 0 0 0 0 3 0 0
432 3 0 0 0 0 0 0 0 0
437 20 0 0 0 0 0 0 0 0
438 5 3 1 0 0 0 0 0 0
452 5 0 0 5 0 0 0 0 0
457 25 5 1 10 2 1 5 0 0
461 10 0 0 0 0 0 0 0 0
464 10 0 0 5 0 0 0 0 0
466 25 0 0 35 0 0 0 0 0
468 180 6 0 105 4 0 0 0 0
fl=./locale/./locale/uselocale.c
fn=uselocale
30 3942 0 0 0 0 0 2628 0 0
31 5256 657 211 2628 1 1 0 0 0
33 1314 0 0 0 0 0 0 0 0
36 3942 0 0 0 0 0 0 0 0
37 1314 0 0 0 0 0 1314 0 0
65 3942 0 0 1314 0 0 1314 0 0
66 5256 0 0 3942 1615 414 1314 0 0
68 5256 657 211 2628 551 205 1314 0 0
72 2628 0 0 0 0 0 0 0 0
73 3942 0 0 2628 0 0 0 0 0
fl=./malloc/../string/bits/string_fortified.h
fn=_int_realloc
29 4851 0 0 0 0 0 0 0 0
fn=calloc
59 4790 179 93 4788 0 0 0 0 0
fn=tcache_init.part.0
59 4 0 0 0 0 0 0 0 0
fl=./malloc/../sysdeps/unix/sysv/linux/not-cancel.h
fn=ptmalloc_init.part.0
97 6 0 0 0 0 0 0 0 0
fl=./malloc/./malloc/alloc_buffer_alloc_array.c
fn=__libc_alloc_buffer_alloc_array
25 18 1 1 0 0 0 12 0 0
26 6 0 0 6 0 0 0 0 0
28 24 1 1 0 0 0 0 0 0
30 24 0 0 0 0 0 0 0 0
31 6 0 0 0 0 0 0 0 0
32 6 0 0 0 0 0 0 0 0
33 12 0 0 0 0 0 0 0 0
34 24 0 0 0 0 0 0 0 0
35 18 0 0 6 0 0 0 0 0
38 12 1 1 0 0 0 6 0 0
45 12 0 0 12 0 0 0 0 0
fl=./malloc/./malloc/arena.c
fn=calloc
153 1602 0 0 801 0 0 0 0 0
fn=free
153 5910280 129191 3120 0 0 0 0 0 0
fn=malloc
153 1100052 0 0 550026 0 0 0 0 0
264 1 1 1 0 0 0 0 0 0
fn=ptmalloc_init.part.0
262 10 2 2 2 1 0 7 0 0
267 4 0 0 0 0 0 1 0 0
274 6 2 2 1 0 0 0 0 0
292 3 0 0 1 0 0 0 0 0
296 8 1 1 1 1 0 1 1 0
300 5 0 0 0 0 0 0 0 0
301 5 0 0 0 0 0 0 0 0
302 5 1 1 0 0 0 0 0 0
303 5 0 0 0 0 0 0 0 0
304 5 0 0 0 0 0 0 0 0
305 5 1 1 0 0 0 0 0 0
306 5 0 0 0 0 0 0 0 0
308 5 0 0 0 0 0 0 0 0
309 5 0 0 0 0 0 0 0 0
310 5 1 1 0 0 0 0 0 0
313 5 0 0 0 0 0 0 0 0
314 5 1 1 0 0 0 0 0 0
316 4 0 0 1 1 1 0 0 0
326 12 0 0 9 0 0 0 0 0
fn=realloc
153 31464 0 0 3933 0 0 0 0 0
fl=./malloc/./malloc/malloc.c
fn=_int_free
1792 882615 0 0 882615 6276 91 0 0 0
1992 25641 0 0 8547 0 0 0 0 0
3163 2394192 125523 2727 598548 0 0 1197096 0 0
3165 1197096 82335 1843 598548 126997 1382 0 0 0
3166 598548 0 0 0 0 0 598548 0 0
3167 1197096 0 0 0 0 0 598548 0 0
4495 8886978 127581 2353 0 0 0 8886978 9947 123
4499 2962326 0 0 1481163 19 0 0 0 0
4505 5924652 0 0 0 0 0 2962326 7 0
4506 2962326 0 0 0 0 0 0 0 0
4510 5924652 125915 2183 0 0 0 0 0 0
4517 2962326 0 0 0 0 0 0 0 0
4518 17773956 129792 782 4443489 28860 580 0 0 0
4521 1418624 0 0 0 0 0 0 0 0
4527 8574283 0 0 2837248 140288 1917 0 0 0
4547 7093120 0 0 2837248 135024 25253 0 0 0
4550 598548 0 0 0 0 0 0 0 0
4561 1765230 0 0 0 0 0 0 0 0
4572 34188 287 182 8547 2425 1203 0 0 0
4574 34188 0 0 8547 135 5 0 0 0
4593 8547 0 0 0 0 0 0 0 0
4595 25641 0 0 0 0 0 8547 160 11
4596 8547 0 0 0 0 0 0 0 0
4600 8547 0 0 8547 4 1 0 0 0
4602 42735 298 189 8547 105 3 0 0 0
4606 17094 0 0 0 0 0 0 0 0
4608 17094 0 0 0 0 0 8547 0 0
4609 8547 0 0 0 0 0 8547 0 0
4628 34188 0 0 0 0 0 0 0 0
4629 30 6 0 10 7 0 0 0 0
4637 1748136 49453 1099 874068 0 0 0 0 0
4640 2622204 0 0 874068 13028 55 0 0 0
4643 874068 0 0 0 0 0 0 0 0
4646 4370340 48931 687 1748136 0 0 0 0 0
4658 5657679 82216 2310 10101168 0 0 0 0 0
fn=_int_free_create_chunk
4713 6992544 53307 45125 0 0 0 5244408 2349 38
4714 2622204 0 0 874068 0 0 0 0 0
4717 1739666 49941 39558 869833 665353 307827 0 0 0
4720 869833 0 0 0 0 0 0 0 0
4721 635538 44112 35066 0 0 0 0 0 0
4722 635538 0 0 0 0 0 0 0 0
4724 2208256 0 0 552064 0 0 552064 0 0
4732 869833 0 0 0 0 0 0 0 0
4733 869833 0 0 869833 8259 1014 0 0 0
4734 2609499 0 0 869833 6357 575 0 0 0
4737 869833 0 0 0 0 0 1739666 2339 289
4738 1739666 0 0 0 0 0 0 0 0
4740 97034 0 0 0 0 0 194068 7094 827
4743 869833 0 0 0 0 0 869833 0 0
4744 869833 4305 1680 0 0 0 869833 0 0
4746 1739666 0 0 0 0 0 869833 0 0
4747 869833 0 0 0 0 0 869833 0 0
4756 4235 3344 1338 0 0 0 0 0 0
4757 8470 0 0 0 0 0 4235 0 0
4758 4235 0 0 0 0 0 4235 0 0
4763 3496272 3787 2434 5244408 0 0 0 0 0
fn=_int_free_maybe_consolidate.part.0
4769 43040 7431 2152 8608 7207 945 21520 0 0
4778 12912 0 0 4304 0 0 0 0 0
4779 18 16 15 0 0 0 0 0 0
4781 17216 0 0 0 0 0 0 0 0
4784 34432 3585 1030 12912 4384 1532 0 0 0
4785 774 83 54 344 0 0 0 0 0
4798 46656 3543 574 29870 13 1 0 0 0
fn=_int_free_merge_chunk
1992 2622204 0 0 874068 0 0 0 0 0
4665 5244408 51189 1856 0 0 0 6118476 11 0
4666 874068 0 0 0 0 0 0 0 0
4670 2622204 0 0 874068 40569 29276 0 0 0
4673 5209446 0 0 874068 50625 2059 0 0 0
4675 2569761 88987 10512 856587 50192 17701 0 0 0
4678 1748136 52532 6162 874068 328281 12665 0 0 0
4681 874068 0 0 0 0 0 0 0 0
4682 1748136 0 0 0 0 0 0 0 0
4683 2622204 0 0 874068 18837 485 0 0 0
4689 1748136 0 0 874068 0 0 0 0 0
4691 102828 0 0 102828 0 0 0 0 0
4692 102828 0 0 0 0 0 0 0 0
4693 102828 0 0 0 0 0 0 0 0
4694 411312 798 46 102828 14482 3770 0 0 0
4696 205656 0 0 0 0 0 0 0 0
4700 5244408 51347 36332 0 0 0 0 0 0
4702 4374644 7638 1248 6118476 0 0 0 0 0
4776 2622204 0 0 0 0 0 0 0 0
fn=_int_malloc
1326 552462 0 0 0 0 0 0 0 0
1336 5524620 51584 32355 552462 53 1 3314772 44932 268
1345 2209848 0 0 0 0 0 0 0 0
1794 552112 0 0 552112 0 0 0 0 0
1985 2463836 47962 7742 3051477 1036 0 0 0 0
3159 327981 0 0 0 0 0 0 0 0
3163 1112287 3860 3378 353681 0 0 707276 0 0
3165 707534 3 2 353767 5223 31 86 0 0
3166 353681 329 321 0 0 0 353681 0 0
3167 1035515 0 0 86 0 0 353681 0 0
3168 327981 0 0 0 0 0 0 0 0
3178 45376 0 0 22688 10 0 0 0 0
3182 45376 0 0 0 0 0 0 0 0
3186 113440 3964 2817 22688 9 0 22688 0 0
3190 68064 3801 2667 22688 6 1 22688 0 0
3191 22688 0 0 0 0 0 22688 0 0
3199 45376 4588 3113 22688 2 0 0 0 0
3846 1657386 52818 36482 0 0 0 2209848 124877 701
3887 552462 124 33 0 0 0 0 0 0
3914 1107024 240 27 350 0 0 700 0 0
3916 14810 0 0 0 0 0 0 0 0
3917 19 0 0 0 0 0 0 0 0
3919 15160 0 0 7755 391 146 0 0 0
3921 7755 0 0 0 0 0 0 0 0
3923 38 1 1 0 0 0 0 0 0
3926 57 0 0 19 0 0 0 0 0
3927 76 0 0 19 14 8 19 0 0
3930 38680 517 240 15472 0 0 0 0 0
3932 19 7 4 19 1 1 0 0 0
3933 38 0 0 0 0 0 0 0 0
3934 164472 5141 1842 0 0 0 0 0 0
3939 38 0 0 0 0 0 0 0 0
3940 209 0 0 57 0 0 0 0 0
3945 277 0 0 105 0 0 0 0 0
3946 495 13 7 195 3 1 0 0 0
3948 172 0 0 0 0 0 0 0 0
3950 354 0 0 172 0 0 32 0 0
3951 430 0 0 86 78 37 86 0 0
3977 1089414 54229 8510 0 0 0 0 0 0
3979 1943694 530 307 0 0 0 14810 0 0
3980 979914 44237 36582 0 0 0 0 0 0
3982 1469871 0 0 489957 26136 3112 0 0 0
3984 54279 0 0 54279 34478 14143 0 0 0
3985 162837 0 0 54279 42064 16698 0 0 0
3987 217116 0 0 54279 44015 19941 54279 0 0
3988 54279 0 0 0 0 0 54279 0 0
3989 54279 0 0 0 0 0 54279 0 0
3991 217116 39454 35280 0 0 0 0 0 0
3997 108558 0 0 0 0 0 0 0 0
3998 651348 39447 34760 162837 7 0 0 0 0
4003 927357 0 0 108558 40770 10002 0 0 0
4004 1795101 39439 9486 343527 0 0 0 0 0
4006 327981 0 0 0 0 0 0 0 0
4008 327981 0 0 327981 0 0 0 0 0
4009 1311924 36073 8307 327981 231173 76793 327981 0 0
4010 983943 39061 6974 0 0 0 0 0 0
4012 655962 5170 4133 0 0 0 327981 0 0
4013 327981 0 0 0 0 0 327981 227320 53612
4020 54279 0 0 0 0 0 0 0 0
4039 517055 6292 1915 0 0 0 124972 0 0
4040 187458 0 0 62486 51106 6967 0 0 0
4041 588 138 106 0 0 0 0 0 0
4058 1494490 0 0 0 0 0 0 0 0
4059 996328 0 0 0 0 0 0 0 0
4060 3985310 53163 6165 1494491 532 0 0 0 0
4069 877006 0 0 0 0 0 0 0 0
4070 5764663 139473 42472 1428485 70211 36493 0 0 0
4072 1071264 0 0 1071264 14265 3348 0 0 0
4073 2142528 0 0 1071264 170873 92327 0 0 0
4074 1071264 0 0 0 0 0 0 0 0
4076 2142528 0 0 0 0 0 0 0 0
4077 3213792 0 0 1071264 58486 284 0 0 0
4079 1071264 0 0 1071264 643443 277862 0 0 0
4080 3213792 0 0 0 0 0 0 0 0
4081 871356 6685 597 0 0 0 871356 0 0
4082 4285056 51353 1559 1071264 0 0 0 0 0
4084 3213792 0 0 1071264 577749 266057 0 0 0
4085 3213792 0 0 1071264 0 0 0 0 0
4087 1071264 0 0 0 0 0 0 0 0
4098 3213792 0 0 0 0 0 0 0 0
4099 1139625 13483 9658 379875 16222 7758 0 0 0
4100 719530 2698 636 0 0 0 0 0 0
4101 359765 0 0 0 0 0 0 0 0
4104 140260 0 0 0 0 0 0 0 0
4105 140260 3437 1728 0 0 0 0 0 0
4106 140260 0 0 0 0 0 280520 0 0
4107 140260 0 0 0 0 0 140260 0 0
4108 140260 0 0 0 0 0 280520 128007 95675
4109 280520 0 0 0 0 0 0 0 0
4111 70168 0 0 0 0 0 140336 16865 10983
4115 981820 3386 1724 0 0 0 140260 0 0
4117 280520 0 0 0 0 0 140260 31724 23771
4118 140260 0 0 0 0 0 140260 0 0
4121 166558 0 0 0 0 0 0 0 0
4122 420780 0 0 0 0 0 0 0 0
4127 931004 0 0 0 0 0 931004 0 0
4128 931004 51486 2422 0 0 0 931004 0 0
4132 1862008 0 0 0 0 0 0 0 0
4134 52596 3832 3378 0 0 0 26298 0 0
4135 105192 3969 3463 0 0 0 0 0 0
4140 26298 0 0 0 0 0 0 0 0
4141 206800 81 2 77550 3762 42 0 0 0
4144 7168 0 0 0 0 0 0 0 0
4161 1809421 0 0 0 0 0 0 0 0
4163 824066 5960 3407 0 0 0 0 0 0
4164 3296264 0 0 0 0 0 0 0 0
4165 824066 0 0 824066 81723 60394 0 0 0
4169 862086 35181 17765 0 0 0 0 0 0
4170 155345 46433 32865 0 0 0 0 0 0
4171 80640 45957 34494 80640 72702 20203 0 0 0
4174 161280 0 0 0 0 0 0 0 0
4177 5935 0 0 0 0 0 0 0 0
4179 17805 0 0 11870 4539 2077 0 0 0
4180 11870 0 0 0 0 0 0 0 0
4187 6786 0 0 3393 1936 1030 6786 355 125
4188 10179 0 0 0 0 0 6786 171 79
4192 5084 1841 968 2542 200 81 0 0 0
4193 5618 0 0 0 0 0 0 0 0
4195 267 0 0 267 58 15 0 0 0
4196 534 0 0 267 9 4 0 0 0
4199 2542 0 0 0 0 0 0 0 0
4202 1948 546 501 974 211 79 0 0 0
4206 3136 0 0 1568 544 365 3136 268 80
4207 4704 1078 825 1568 27 10 0 0 0
4209 1568 0 0 0 0 0 1568 0 0
4210 4704 0 0 1568 0 0 1568 0 0
4212 2542 512 466 2542 3 0 0 0 0
4213 7626 0 0 2542 0 0 0 0 0
4218 149410 43969 33501 0 0 0 149410 18938 10024
4221 5428236 93956 68439 904706 67165 1234 904706 0 0
4222 904706 0 0 0 0 0 1809412 0 0
4224 904706 0 0 0 0 0 904706 71522 34354
4225 904706 0 0 0 0 0 904706 1 0
4230 1809412 0 0 0 0 0 0 0 0
4231 904706 0 0 0 0 0 0 0 0
4232 24408 0 0 12204 0 0 0 0 0
4233 36612 0 0 0 0 0 0 0 0
4240 3618824 100492 71319 0 0 0 0 0 0
4246 275529 0 0 0 0 0 0 0 0
4248 113440 4442 2981 181504 80 0 0 0 0
4257 669066 2970 87 0 0 0 0 0 0
4259 186114 0 0 0 0 0 0 0 0
4262 248152 0 0 62038 41104 19187 0 0 0
4263 24801 0 0 8267 5500 3254 0 0 0
4266 3605 3342 1609 3605 586 387 0 0 0
4267 19989 0 0 4096 261 152 0 0 0
4269 491 0 0 491 77 51 0 0 0
4273 10815 0 0 3605 0 0 0 0 0
4274 557 0 0 557 14 12 0 0 0
4275 557 0 0 557 1 0 0 0 0
4276 1114 0 0 0 0 0 0 0 0
4278 3605 0 0 0 0 0 0 0 0
4279 7210 3343 3081 0 0 0 0 0 0
4282 7210 0 0 0 0 0 0 0 0
4284 2484 600 498 621 0 0 621 0 0
4285 2484 0 0 0 0 0 0 0 0
4291 2984 0 0 0 0 0 0 0 0
4295 2984 0 0 2984 0 0 0 0 0
4296 8952 0 0 2984 0 0 0 0 0
4298 2984 0 0 0 0 0 5968 2926 1859
4300 2984 0 0 0 0 0 2984 0 0
4301 2984 0 0 0 0 0 2984 0 0
4302 5968 0 0 0 0 0 0 0 0
4304 384 0 0 0 0 0 768 102 84
4307 20888 2775 2605 0 0 0 2984 0 0
4309 5968 0 0 0 0 0 2984 741 600
4310 2984 0 0 0 0 0 2984 0 0
4313 3605 571 471 0 0 0 0 0 0
4314 10815 0 0 0 0 0 0 0 0
4330 330928 0 0 0 0 0 0 0 0
4331 1654640 54006 35627 0 0 0 0 0 0
4332 330928 0 0 0 0 0 0 0 0
4333 992784 0 0 330928 5439 47 0 0 0
4334 661856 0 0 0 0 0 0 0 0
4339 1434250 0 0 0 0 0 0 0 0
4343 189306 0 0 0 0 0 0 0 0
4346 179277 0 0 52431 0 0 0 0 0
4348 152235 17671 3876 0 0 0 0 0 0
4349 60894 0 0 0 0 0 0 0 0
4353 4101742 724 151 0 0 0 0 0 0
4355 1630527 0 0 0 0 0 0 0 0
4356 1630527 0 0 0 0 0 0 0 0
4357 1630527 0 0 0 0 0 0 0 0
4361 420344 0 0 420344 47689 16580 0 0 0
4364 840688 0 0 0 0 0 0 0 0
4366 400348 0 0 0 0 0 100087 0 0
4367 100087 0 0 0 0 0 0 0 0
4368 100087 0 0 0 0 0 0 0 0
4373 640514 47767 36392 320257 103269 43192 0 0 0
4376 640514 0 0 0 0 0 0 0 0
4378 320257 0 0 0 0 0 0 0 0
4381 640514 0 0 0 0 0 0 0 0
4384 640514 0 0 0 0 0 0 0 0
4386 157504 11230 3773 39376 0 0 39376 0 0
4387 157504 0 0 0 0 0 0 0 0
4394 280881 47293 34950 0 0 0 0 0 0
4399 280881 0 0 280881 0 0 0 0 0
4400 842643 0 0 280881 0 0 0 0 0
4402 280881 0 0 0 0 0 561762 209940 145261
4404 280881 0 0 0 0 0 280881 0 0
4405 280881 0 0 0 0 0 280881 0 0
4408 561762 0 0 0 0 0 0 0 0
4409 228988 0 0 0 0 0 228988 1335 81
4410 561762 0 0 0 0 0 0 0 0
4412 47447 0 0 0 0 0 94894 9281 5747
4415 1966167 47672 33144 0 0 0 280881 0 0
4417 561762 0 0 0 0 0 280881 79127 47633
4418 280881 0 0 0 0 0 280881 0 0
4421 320257 0 0 0 0 0 0 0 0
4443 10671 0 0 10671 5208 1762 0 0 0
4444 21342 0 0 10671 5655 1164 0 0 0
4446 32013 5495 1613 10671 3039 32 0 0 0
4449 32013 0 0 0 0 0 0 0 0
4451 10582 0 0 0 0 0 0 0 0
4452 10582 0 0 0 0 0 0 0 0
4453 10582 0 0 0 0 0 10582 0 0
4454 74074 5854 1327 0 0 0 10582 0 0
4456 21164 0 0 0 0 0 10582 9687 7237
4459 10582 6251 931 0 0 0 0 0 0
4460 21164 0 0 0 0 0 0 0 0
4466 356 0 0 89 4 2 178 0 0
4468 2 0 0 0 0 0 0 0 0
4470 3 1 0 2 0 0 0 0 0
4471 1 0 0 0 0 0 0 0 0
4481 352 82 61 0 0 0 0 0 0
4482 88 0 0 0 0 0 0 0 0
4483 927386 6642 2511 1236280 84 0 0 0 0
4487 2318406 9109 1223 2426964 0 0 0 0 0
fn=_int_realloc
441 6237 0 0 2137 0 0 0 0 0
461 8085 0 0 1617 2 0 1617 1 0
1461 6948 751 557 2316 0 0 0 0 0
4914 19665 1606 1120 0 0 0 23598 382 26
4925 11799 0 0 3933 0 0 0 0 0
4926 19665 1574 1130 3933 2375 7 0 0 0
4927 11799 0 0 0 0 0 0 0 0
4933 11799 0 0 0 0 0 15732 39 4
4935 3933 0 0 0 0 0 0 0 0
4936 7866 0 0 3933 0 0 0 0 0
4938 15732 0 0 0 0 0 0 0 0
4941 11799 1521 1073 0 0 0 0 0 0
4951 9319 1700 1006 2987 1568 62 0 0 0
4952 179 95 65 0 0 0 0 0 0
4953 179 0 0 0 0 0 0 0 0
4955 9980 0 0 0 0 0 179 0 0
4956 358 0 0 0 0 0 179 0 0
4957 537 82 67 0 0 0 179 179 174
4959 179 0 0 0 0 0 0 0 0
4963 2808 0 0 0 0 0 0 0 0
4964 11232 0 0 2808 1906 420 0 0 0
4965 5190 1333 428 0 0 0 0 0 0
4969 2382 0 0 0 0 0 0 0 0
4975 6468 0 0 0 0 0 0 0 0
4976 1617 0 0 0 0 0 0 0 0
4979 1617 0 0 0 0 0 0 0 0
4980 3234 643 476 1617 9 6 0 0 0
4985 3234 0 0 0 0 0 0 0 0
4992 1617 0 0 0 0 0 0 0 0
4993 9702 0 0 1617 2 0 0 0 0
4997 6468 602 467 0 0 0 0 0 0
4999 1617 0 0 1617 12 0 0 0 0
5006 1191 0 0 0 0 0 0 0 0
5008 2137 0 0 0 0 0 0 0 0
5010 4274 0 0 0 0 0 0 0 0
5012 3007 111 73 174 0 0 174 0 0
5013 696 0 0 174 0 0 174 0 0
5017 1963 1434 940 0 0 0 0 0 0
5020 9815 0 0 1963 0 0 1963 0 0
5021 5889 0 0 0 0 0 1963 1256 1079
5024 7852 0 0 1963 0 0 1963 0 0
5025 7852 741 530 0 0 0 0 0 0
5029 2137 0 0 0 0 0 0 0 0
5030 27531 0 0 39330 48 1 0 0 0
fn=alloc_perturb
1984 309070 12611 6849 0 0 0 309070 798 93
1985 463605 12295 5841 154535 4 0 0 0 0
1987 309070 0 0 309070 0 0 0 0 0
fn=calloc
461 4812 397 138 1604 0 0 0 0 0
463 801 0 0 0 0 0 0 0 0
3699 2409 410 133 0 0 0 3212 90 42
3709 4818 0 0 0 0 0 0 0 0
3717 5621 413 101 803 55 2 4818 0 0
3720 4818 0 0 1606 294 1 0 0 0
3722 2409 0 0 803 64 2 0 0 0
3732 2409 250 162 803 110 9 0 0 0
3733 2409 425 160 803 175 26 0 0 0
3754 3212 0 0 0 0 0 0 0 0
3756 6416 365 108 803 12 10 0 0 0
3759 1606 1 1 803 0 0 0 0 0
3784 1604 514 138 803 0 0 0 0 0
3787 803 0 0 0 0 0 0 0 0
3789 1620 0 0 827 0 0 0 0 0
3796 1602 445 117 0 0 0 0 0 0
3799 2403 466 160 0 0 0 0 0 0
3807 801 0 0 0 0 0 0 0 0
3809 1602 0 0 0 0 0 0 0 0
3811 1602 0 0 0 0 0 0 0 0
3816 6 0 0 0 0 0 3 0 0
3818 3 0 0 0 0 0 3 0 0
3819 6 0 0 0 0 0 0 0 0
3821 3 0 0 0 0 0 3 0 0
3823 6 0 0 0 0 0 0 0 0
3825 1 0 0 0 0 0 1 0 0
3827 2 0 0 0 0 0 0 0 0
3829 2 0 0 0 0 0 1 0 0
3830 3 0 0 6 0 0 0 0 0
3837 1616 0 0 3212 0 0 0 0 0
fn=free
3359 7387925 0 0 0 0 0 10343095 30737 27
3363 2644008 846813 11072 0 0 0 0 0 0
3368 5910340 128573 5447 1477585 10906 99 0 0 0
3371 5910340 0 0 2955170 239687 2152 0 0 0
3373 1477585 0 0 0 0 0 0 0 0
3375 2955170 0 0 1477585 729066 97684 0 0 0
3379 60 9 4 15 9 5 0 0 0
3381 75 0 0 15 11 10 0 0 0
3383 24 4 3 0 0 0 12 0 0
3384 24 0 0 0 0 0 12 0 0
3385 1166447 753271 52575 0 0 0 0 0 0
3388 30 0 0 0 0 0 0 0 0
3392 7387850 258024 28327 2955140 55036 270 0 0 0
3395 4432710 0 0 1477570 0 0 0 0 0
3398 4432710 0 0 0 0 0 0 0 0
3401 1477585 0 0 0 0 0 1477585 2 0
3402 7387925 0 0 10343095 10 1 0 0 0
fn=malloc
461 1650123 0 0 550041 0 0 0 0 0
1326 1479150 0 0 0 0 0 0 0 0
1336 5916600 0 0 1479150 111203 3253 0 0 0
1345 1479150 0 0 0 0 0 0 0 0
1461 4437450 101105 38862 1479150 56 0 0 0 0
3178 1858218 0 0 929109 213521 106794 0 0 0
3182 1858218 0 0 0 0 0 0 0 0
3186 2787327 0 0 929109 576095 262555 929109 0 0
3190 1858218 0 0 0 0 0 929109 0 0
3191 929109 0 0 0 0 0 929109 0 0
3248 3 1 1 1 0 0 0 0 0
3294 8874900 115329 801 0 0 0 11833200 138710 855
3301 5916600 111589 2578 1479150 122386 6782 0 0 0
3311 7395750 117331 7521 0 0 0 0 0 0
3313 8874900 0 0 2958300 237207 50849 0 0 0
3316 5916600 0 0 1479150 115654 53999 0 0 0
3317 2836244 108759 37876 1 0 0 0 0 0
3318 2836242 0 0 1418121 156699 5617 0 0 0
3326 1650123 0 0 550041 33993 1621 0 0 0
3328 2750205 65447 6313 0 0 0 0 0 0
3329 2200164 0 0 550041 7598 5073 0 0 0
3354 8874900 114400 10479 11833200 1422 0 0 0 0
fn=malloc_consolidate
4811 1290 202 187 0 0 0 1720 145 18
4826 430 0 0 0 0 0 215 0 0
4828 215 0 0 0 0 0 0 0 0
4839 215 0 0 0 0 0 0 0 0
4841 7254 0 0 0 0 0 536 0 0
4842 2150 0 0 0 0 0 0 0 0
4845 10876 206 186 0 0 0 0 0 0
4849 10876 0 0 5438 3617 575 0 0 0
4850 27190 206 188 0 0 0 0 0 0
4855 21752 0 0 5438 908 140 0 0 0
4858 5438 0 0 0 0 0 0 0 0
4859 5438 0 0 0 0 0 0 0 0
4860 10876 0 0 5438 1625 228 0 0 0
4862 5438 0 0 0 0 0 0 0 0
4863 1921 0 0 1921 0 0 0 0 0
4864 1921 14 14 0 0 0 0 0 0
4865 1921 0 0 0 0 0 0 0 0
4866 7684 0 0 1921 831 138 0 0 0
4868 7684 0 0 1921 0 0 1921 0 0
4871 16314 191 180 5438 103 39 0 0 0
4872 10872 0 0 5436 3693 1442 0 0 0
4874 5436 0 0 0 0 0 0 0 0
4875 1870 0 0 0 0 0 0 0 0
4876 9350 44 42 1870 0 0 1870 0 0
4878 7132 0 0 0 0 0 3566 0 0
4880 5436 0 0 5436 131 50 0 0 0
4881 5436 0 0 0 0 0 5436 0 0
4882 5436 0 0 0 0 0 5436 93 29
4884 10872 0 0 0 0 0 0 0 0
4885 408 0 0 0 0 0 816 35 6
4889 5436 0 0 0 0 0 0 0 0
4890 5436 0 0 0 0 0 5436 0 0
4891 5436 0 0 0 0 0 10872 0 0
4892 5436 0 0 0 0 0 5436 0 0
4896 2 0 0 0 0 0 0 0 0
4897 4 0 0 0 0 0 2 0 0
4898 2 0 0 0 0 0 2 0 0
4901 16850 159 156 1072 5 0 0 0 0
4904 6450 170 157 0 0 0 0 0 0
4905 1343 32 29 1720 2 0 536 0 0
fn=munmap_chunk
3024 60 8 3 0 0 0 75 3 3
3025 45 0 0 30 20 20 0 0 0
3026 15 0 0 15 0 0 0 0 0
3028 15 11 10 0 0 0 0 0 0
3030 15 0 0 0 0 0 0 0 0
3031 45 0 0 15 0 0 0 0 0
3032 15 0 0 0 0 0 0 0 0
3038 45 0 0 0 0 0 0 0 0
3039 75 0 0 0 0 0 0 0 0
3042 75 12 11 0 0 0 0 0 0
3043 45 0 0 0 0 0 0 0 0
3048 45 0 0 0 0 0 0 0 0
3049 45 0 0 75 0 0 0 0 0
fn=ptmalloc_init.part.0
1946 382 0 0 0 0 0 0 0 0
1949 127 0 0 0 0 0 254 32 32
1957 2 0 0 0 0 0 1 0 0
1958 3 1 1 0 0 0 1 1 0
1960 2 0 0 0 0 0 1 1 1
3143 2 0 0 0 0 0 0 0 0
fn=realloc
461 11827 1553 1042 3953 33 0 0 0 0
463 4840 0 0 0 0 0 0 0 0
1326 3937 0 0 0 0 0 0 0 0
1336 19685 0 0 3937 0 0 0 0 0
1345 19685 0 0 0 0 0 0 0 0
2008 28 0 0 8 4 4 0 0 0
3056 12 4 4 8 0 0 0 0 0
3057 4 0 0 4 0 0 0 0 0
3058 4 0 0 0 0 0 0 0 0
3063 8 4 4 0 0 0 8 0 0
3064 4 0 0 0 0 0 0 0 0
3065 4 0 0 0 0 0 0 0 0
3066 16 0 0 0 0 0 0 0 0
3067 24 0 0 0 0 0 0 0 0
3071 16 0 0 0 0 0 8 0 0
3074 8 4 4 0 0 0 0 0 0
3077 20 0 0 0 0 0 0 0 0
3080 8 0 0 0 0 0 0 0 0
3085 4 4 4 0 0 0 0 0 0
3087 12 0 0 0 0 0 0 0 0
3089 12 0 0 4 0 0 0 0 0
3090 12 0 0 0 0 0 4 0 0
3093 24 4 4 0 0 0 0 0 0
3095 16 0 0 4 0 0 0 0 0
3407 33922 3090 1475 0 0 0 38768 290 11
3413 19384 3202 1413 4846 1685 13 0 0 0
3417 14538 0 0 0 0 0 0 0 0
3424 4846 0 0 0 0 0 0 0 0
3425 12 0 0 0 0 0 0 0 0
3429 19360 0 0 4840 1945 9 9680 0 0
3433 4840 0 0 0 0 0 0 0 0
3441 10583 4288 1116 1806 0 0 0 0 0
3443 1853 0 0 0 0 0 0 0 0
3444 3706 0 0 0 0 0 0 0 0
3445 1976 868 638 979 10 8 0 0 0
3446 903 0 0 0 0 0 0 0 0
3450 6931 0 0 2987 0 0 0 0 0
3452 2987 0 0 0 0 0 0 0 0
3453 4 2 2 0 0 0 0 0 0
3456 23598 2094 471 7866 3963 15 0 0 0
3464 11811 2590 1049 0 0 0 0 0 0
3465 7874 0 0 0 0 0 0 0 0
3475 3937 3380 1008 0 0 0 0 0 0
3506 11799 0 0 3933 1883 32 0 0 0
3508 23598 2373 1097 0 0 0 0 0 0
3509 23598 0 0 3933 24 0 0 0 0
3538 32997 1618 1054 46634 57 1 0 0 0
5238 9680 0 0 4840 2199 201 0 0 0
5239 4851 11 8 0 0 0 0 0 0
5240 14487 3155 1212 4829 1432 191 0 0 0
5241 33803 4192 1479 4829 0 0 0 0 0
fn=sysmalloc
2008 302 0 0 60 0 0 0 0 0
2532 1232 170 164 176 115 57 792 68 20
2552 264 0 0 176 80 77 0 0 0
2553 213 0 0 0 0 0 355 12 2
2563 88 0 0 0 0 0 0 0 0
2564 352 85 83 88 83 74 0 0 0
2565 51 14 12 34 0 0 0 0 0
2568 85 14 13 17 0 0 0 0 0
2576 85 0 0 0 0 0 17 1 0
2577 34 0 0 0 0 0 0 0 0
2588 142 0 0 71 0 0 0 0 0
2589 142 0 0 71 0 0 0 0 0
2590 71 0 0 0 0 0 0 0 0
2599 562 70 69 0 0 0 0 0 0
2605 213 1 1 0 0 0 0 0 0
2608 284 0 0 0 0 0 0 0 0
2669 284 71 69 71 0 0 0 0 0
2677 71 0 0 71 0 0 0 0 0
2678 213 0 0 0 0 0 0 0 0
2691 142 71 69 71 0 0 0 0 0
2695 1 1 1 0 0 0 0 0 0
2699 355 0 0 0 0 0 71 0 0
2707 142 0 0 0 0 0 0 0 0
2709 284 71 70 0 0 0 142 0 0
2710 142 0 0 142 0 0 0 0 0
2711 59 0 0 0 0 0 0 0 0
2712 71 71 70 0 0 0 0 0 0
2715 71 0 0 0 0 0 0 0 0
2727 48 0 0 12 0 0 0 0 0
2732 108 12 12 0 0 0 24 0 0
2734 36 0 0 24 0 0 0 0 0
2738 24 12 12 12 0 0 0 0 0
2742 12 0 0 0 0 0 0 0 0
2744 330 0 0 71 0 0 0 0 0
2745 3 1 1 0 0 0 1 0 0
2746 343 12 12 130 0 0 71 0 0
2752 189 59 57 0 0 0 0 0 0
2753 228 0 0 0 0 0 57 0 0
2755 45 2 2 14 0 0 0 0 0
2782 13 0 0 0 0 0 0 0 0
2783 3 0 0 0 0 0 0 0 0
2789 1 0 0 0 0 0 0 0 0
2795 2 0 0 0 0 0 0 0 0
2817 2 1 1 0 0 0 0 0 0
2818 7 0 0 0 0 0 0 0 0
2820 1 0 0 0 0 0 0 0 0
2821 4 0 0 0 0 0 2 0 0
2833 2 1 1 2 0 0 0 0 0
2847 26 12 12 0 0 0 0 0 0
2866 13 0 0 0 0 0 0 0 0
2868 4 1 1 0 0 0 0 0 0
2873 5 0 0 0 0 0 0 0 0
2875 28 0 0 0 0 0 14 0 0
2876 56 14 14 0 0 0 14 14 14
2877 42 0 0 14 0 0 14 0 0
2888 14 0 0 0 0 0 0 0 0
2895 26 0 0 0 0 0 0 0 0
2896 26 0 0 0 0 0 13 0 0
2904 39 0 0 0 0 0 13 12 12
2906 13 0 0 0 0 0 13 0 0
2911 26 13 13 0 0 0 0 0 0
2913 52 0 0 0 0 0 0 0 0
2921 239 71 70 84 0 0 0 0 0
2922 71 0 0 0 0 0 71 0 0
2926 70 0 0 70 0 0 0 0 0
2927 142 0 0 71 0 0 0 0 0
2930 142 71 70 0 0 0 0 0 0
2932 71 0 0 0 0 0 0 0 0
2933 71 0 0 0 0 0 0 0 0
2934 71 0 0 0 0 0 71 0 0
2935 426 0 0 0 0 0 71 0 0
2936 142 0 0 0 0 0 71 71 71
2938 213 0 0 284 0 0 0 0 0
2944 1144 71 70 968 0 0 0 0 0
fn=sysmalloc_mmap.isra.0
2008 85 28 26 17 0 0 0 0 0
2400 68 13 12 0 0 0 102 9 5
2413 68 13 12 0 0 0 0 0 0
2418 34 0 0 0 0 0 0 0 0
2421 204 12 11 17 0 0 0 0 0
2424 34 0 0 0 0 0 0 0 0
2428 51 0 0 0 0 0 51 0 0
2432 85 13 12 0 0 0 0 0 0
2448 51 0 0 0 0 0 0 0 0
2467 34 0 0 0 0 0 34 17 16
2471 102 0 0 0 0 0 0 0 0
2472 104 14 13 17 0 0 0 0 0
2475 85 0 0 0 0 0 0 0 0
2476 158 0 0 17 0 0 0 0 0
2481 119 0 0 153 0 0 0 0 0
fn=sysmalloc_mmap_fallback.constprop.0
2008 60 12 12 12 0 0 0 0 0
2490 84 12 12 0 0 0 96 0 0
2494 12 0 0 12 0 0 0 0 0
2497 60 0 0 12 0 0 0 0 0
2498 6 1 1 0 0 0 0 0 0
2502 48 11 11 0 0 0 0 0 0
2505 24 0 0 0 0 0 0 0 0
2506 12 0 0 0 0 0 0 0 0
2508 132 12 12 12 0 0 0 0 0
2511 24 0 0 0 0 0 0 0 0
2515 12 0 0 0 0 0 0 0 0
2519 60 0 0 0 0 0 0 0 0
2524 48 0 0 12 0 0 12 0 0
2526 12 0 0 0 0 0 12 0 0
2528 72 0 0 96 0 0 0 0 0
fn=systrim.constprop.0
2957 344 84 48 0 0 0 516 0 0
2966 430 75 51 172 0 0 0 0 0
2968 86 0 0 0 0 0 0 0 0
2969 172 0 0 0 0 0 0 0 0
2970 83 0 0 0 0 0 0 0 0
2974 258 0 0 86 0 0 0 0 0
2975 86 0 0 0 0 0 0 0 0
2978 430 0 0 172 71 53 0 0 0
2980 86 0 0 0 0 0 0 0 0
2987 225 0 0 0 0 0 0 0 0
2988 375 59 43 75 0 0 0 0 0
3000 6 0 0 0 0 0 0 0 0
3001 6 0 0 0 0 0 0 0 0
3003 3 0 0 0 0 0 0 0 0
3005 3 0 0 0 0 0 0 0 0
3009 6 0 0 0 0 0 0 0 0
3012 9 0 0 3 0 0 3 0 0
3013 12 0 0 3 0 0 3 0 0
3015 6 0 0 0 0 0 0 0 0
3020 344 11 11 516 0 0 0 0 0
fn=tcache_init.part.0
3242 4 1 1 0 0 0 6 0 0
3251 10 1 1 2 0 0 0 0 0
3252 4 0 0 0 0 0 0 0 0
3253 1 0 0 0 0 0 0 0 0
3261 5 1 1 0 0 0 0 0 0
3270 2 0 0 0 0 0 1 0 0
3274 3 0 0 6 0 0 0 0 0
fn=unlink_chunk.isra.0
1608 1498882 55448 37440 0 0 0 1498882 8529 371
1610 3747205 65645 36616 1498882 236071 103439 0 0 0
1614 749441 0 0 1498882 37507 9016 0 0 0
1616 4496646 0 0 1498882 418648 97944 0 0 0
1619 749441 0 0 0 0 0 749441 0 0
1620 749441 0 0 0 0 0 749441 0 0
1621 1776936 0 0 139027 9488 3054 0 0 0
1623 239199 48890 35093 79733 679 294 0 0 0
1624 318932 0 0 159466 79 19 0 0 0
1627 159466 0 0 79733 18186 7247 0 0 0
1629 152 0 0 0 0 0 0 0 0
1630 128 57 56 0 0 0 128 0 0
1634 12 0 0 0 0 0 24 0 0
1635 12 11 11 0 0 0 12 0 0
1636 36 0 0 12 0 0 12 0 0
1641 79657 0 0 0 0 0 79657 0 0
1642 79657 0 0 0 0 0 79657 0 0
1645 1498882 8155 1483 1498882 0 0 0 0 0
fl=./malloc/./malloc/morecore.c
fn=__glibc_morecore
25 308 0 0 0 0 0 308 9 3
26 462 145 104 154 0 0 0 0 0
27 12 0 0 0 0 0 0 0 0
29 154 0 0 0 0 0 0 0 0
30 308 71 71 0 0 0 0 0 0
34 308 0 0 308 0 0 0 0 0
fl=./malloc/./malloc/scratch_buffer_set_array_size.c
fn=__libc_scratch_buffer_set_array_size
30 56 9 8 0 0 0 56 0 0
31 14 0 0 0 0 0 0 0 0
34 14 0 0 0 0 0 0 0 0
35 42 9 8 0 0 0 0 0 0
45 42 0 0 14 0 0 0 0 0
46 14 9 8 0 0 0 0 0 0
63 42 0 0 56 0 0 0 0 0
fl=./math/../sysdeps/aarch64/fpu/fenv_private.h
fn=fetestexcept
107 2434640 0 0 0 0 0 0 0 0
108 2434640 0 0 0 0 0 0 0 0
fl=./math/../sysdeps/aarch64/fpu/ftestexcept.c
fn=fetestexcept
24 4869280 884609 4004 0 0 0 4869280 5187 0
26 7303920 0 0 4869280 0 0 0 0 0
fl=./math/../sysdeps/aarch64/fpu/math_private.h
fn=exp@@GLIBC_2.29
31 1 0 0 0 0 0 0 0 0
37 1 0 0 0 0 0 0 0 0
fn=pow@@GLIBC_2.29
31 1106 0 0 0 0 0 0 0 0
37 1106 0 0 0 0 0 0 0 0
fn=powf@@GLIBC_2.27
31 2 0 0 0 0 0 0 0 0
37 2 0 0 0 0 0 0 0 0
fl=./math/../sysdeps/ieee754/dbl-64/e_exp.c
fn=exp@@GLIBC_2.29
98 2 0 0 0 0 0 2 0 0
104 1 0 0 0 0 0 0 0 0
105 3 0 0 0 0 0 0 0 0
129 4 0 0 1 1 1 0 0 0
139 3 0 0 2 0 0 0 0 0
141 1 0 0 0 0 0 0 0 0
143 1 0 0 0 0 0 0 0 0
145 3 0 0 1 0 0 0 0 0
148 1 0 0 0 0 0 0 0 0
151 8 2 2 4 1 1 0 0 0
152 1 0 0 0 0 0 0 0 0
157 1 0 0 0 0 0 0 0 0
158 2 0 0 2 0 0 0 0 0
fl=./math/../sysdeps/ieee754/dbl-64/e_log.c
fn=log@@GLIBC_2.29
49 10 0 0 0 0 0 10 0 0
61 35 0 0 0 0 0 0 0 0
85 20 4 4 0 0 0 0 0 0
102 10 0 0 0 0 0 0 0 0
104 5 0 0 0 0 0 0 0 0
105 10 0 0 0 0 0 0 0 0
106 30 0 0 0 0 0 0 0 0
114 20 0 0 5 5 5 0 0 0
119 5 0 0 0 0 0 0 0 0
122 15 0 0 10 4 4 0 0 0
123 5 0 0 0 0 0 0 0 0
124 15 4 4 0 0 0 0 0 0
127 5 0 0 0 0 0 0 0 0
130 50 4 4 30 0 0 0 0 0
132 10 0 0 10 0 0 0 0 0
fl=./math/../sysdeps/ieee754/dbl-64/e_log10.c
fn=__log10_finite@GLIBC_2.17
59 3 0 0 0 0 0 3 0 0
64 1 1 1 0 0 0 0 0 0
66 1 1 1 0 0 0 0 0 0
67 3 0 0 0 0 0 0 0 0
78 3 0 0 0 0 0 0 0 0
80 3 0 0 0 0 0 0 0 0
81 1 0 0 0 0 0 0 0 0
82 2 0 0 0 0 0 0 0 0
83 2 1 1 0 0 0 0 0 0
87 9 0 0 2 1 1 0 0 0
88 3 0 0 1 0 0 0 0 0
89 3 1 1 3 0 0 0 0 0
fl=./math/../sysdeps/ieee754/dbl-64/e_pow.c
fn=pow@@GLIBC_2.29
45 2212 0 0 0 0 0 0 0 0
62 3318 0 0 0 0 0 0 0 0
64 1106 0 0 0 0 0 0 0 0
65 2212 0 0 0 0 0 0 0 0
67 1106 0 0 0 0 0 0 0 0
70 1106 0 0 0 0 0 0 0 0
72 4424 8 8 1106 0 0 0 0 0
77 4424 0 0 1106 278 8 0 0 0
88 3318 8 8 2212 53 8 0 0 0
89 1106 0 0 0 0 0 0 0 0
90 2212 0 0 1106 0 0 0 0 0
91 2212 0 0 0 0 0 0 0 0
95 2212 0 0 1106 0 0 0 0 0
96 1106 0 0 0 0 0 0 0 0
97 1106 0 0 0 0 0 0 0 0
100 1106 0 0 0 0 0 0 0 0
101 1106 8 8 0 0 0 0 0 0
102 2212 0 0 0 0 0 0 0 0
112 9954 0 0 6636 53 8 0 0 0
113 4424 0 0 0 0 0 0 0 0
114 1106 0 0 0 0 0 0 0 0
115 2212 0 0 0 0 0 0 0 0
193 1106 0 0 0 0 0 0 0 0
194 3318 0 0 0 0 0 0 0 0
218 4424 0 0 1106 188 7 0 0 0
229 3318 8 8 2212 0 0 0 0 0
231 1106 0 0 0 0 0 0 0 0
233 1106 0 0 0 0 0 0 0 0
234 1106 0 0 0 0 0 0 0 0
235 1106 0 0 0 0 0 0 0 0
237 3318 0 0 1106 0 0 0 0 0
240 1106 0 0 0 0 0 0 0 0
243 8848 8 8 4424 234 7 0 0 0
244 1106 0 0 0 0 0 0 0 0
249 1106 0 0 0 0 0 0 0 0
283 3318 0 0 0 0 0 2212 184 0
284 1106 0 0 0 0 0 0 0 0
292 7742 0 0 0 0 0 0 0 0
369 1106 0 0 0 0 0 0 0 0
370 2212 0 0 0 0 0 0 0 0
380 2212 0 0 2212 0 0 0 0 0
fl=./math/../sysdeps/ieee754/dbl-64/math_config.h
fn=exp@@GLIBC_2.29
85 1 1 1 0 0 0 0 0 0
97 2 0 0 1 1 1 0 0 0
fn=log@@GLIBC_2.29
85 5 4 4 0 0 0 0 0 0
fn=pow@@GLIBC_2.29
85 3318 16 16 0 0 0 0 0 0
97 2212 0 0 1106 188 8 0 0 0
fl=./math/../sysdeps/ieee754/dbl-64/s_frexp.c
fn=frexp
36 958224 0 0 0 0 0 958224 0 0
38 479112 235958 16524 0 0 0 0 0 0
39 479112 0 0 0 0 0 0 0 0
42 1916448 0 0 0 0 0 0 0 0
45 479112 0 0 0 0 0 0 0 0
46 479112 0 0 0 0 0 0 0 0
56 958224 0 0 0 0 0 0 0 0
62 479112 0 0 0 0 0 479112 0 0
64 1437336 0 0 958224 0 0 0 0 0
fl=./math/../sysdeps/ieee754/dbl-64/s_scalbn.c
fn=__scalbn
30 9 0 0 0 0 0 6 0 0
33 3 3 2 0 0 0 0 0 0
34 3 0 0 0 0 0 0 0 0
35 3 0 0 0 0 0 0 0 0
41 6 0 0 0 0 0 0 0 0
42 9 0 0 0 0 0 0 0 0
44 18 3 2 0 0 0 0 0 0
49 6 0 0 0 0 0 0 0 0
50 9 0 0 0 0 0 0 0 0
57 6 0 0 6 0 0 0 0 0
fl=./math/../sysdeps/ieee754/flt-32/e_exp2f.c
fn=exp2f@@GLIBC_2.27
49 10 0 0 0 0 0 10 0 0
55 5 0 0 0 0 0 0 0 0
56 5 5 1 0 0 0 0 0 0
57 10 0 0 0 0 0 0 0 0
75 15 0 0 0 0 0 0 0 0
77 5 0 0 0 0 0 0 0 0
78 5 0 0 0 0 0 0 0 0
81 10 0 0 5 5 1 0 0 0
82 5 0 0 0 0 0 0 0 0
84 10 0 0 10 4 2 0 0 0
85 5 4 2 0 0 0 0 0 0
86 15 0 0 10 5 2 0 0 0
87 5 0 0 0 0 0 0 0 0
88 10 0 0 0 0 0 0 0 0
89 5 0 0 0 0 0 0 0 0
90 10 0 0 10 0 0 0 0 0
fl=./math/../sysdeps/ieee754/flt-32/e_log10f.c
fn=__log10f_finite@GLIBC_2.17
28 6 2 1 0 0 0 6 0 0
32 2 2 1 0 0 0 0 0 0
34 2 2 1 0 0 0 0 0 0
35 6 0 0 0 0 0 0 0 0
43 6 0 0 0 0 0 0 0 0
44 6 0 0 0 0 0 0 0 0
45 2 0 0 0 0 0 0 0 0
46 4 0 0 0 0 0 0 0 0
47 4 0 0 0 0 0 0 0 0
51 22 2 1 0 0 0 0 0 0
52 8 0 0 0 0 0 0 0 0
53 6 0 0 6 0 0 0 0 0
fl=./math/../sysdeps/ieee754/flt-32/e_logf.c
fn=logf@@GLIBC_2.27
41 4 0 0 0 0 0 4 0 0
50 6 2 1 0 0 0 0 0 0
53 8 0 0 0 0 0 0 0 0
70 4 0 0 0 0 0 0 0 0
72 2 0 0 0 0 0 0 0 0
73 4 0 0 0 0 0 0 0 0
75 12 0 0 2 0 0 0 0 0
76 4 2 1 0 0 0 0 0 0
79 6 0 0 2 2 1 0 0 0
80 4 0 0 0 0 0 0 0 0
83 2 0 0 0 0 0 0 0 0
84 4 0 0 4 2 1 0 0 0
85 4 0 0 4 2 1 0 0 0
86 4 0 0 0 0 0 0 0 0
87 2 0 0 0 0 0 0 0 0
88 4 2 1 4 0 0 0 0 0
fl=./math/../sysdeps/ieee754/flt-32/e_powf.c
fn=powf@@GLIBC_2.27
55 4 0 0 0 0 0 0 0 0
57 2 0 0 0 0 0 0 0 0
58 2 0 0 0 0 0 0 0 0
59 2 2 1 0 0 0 0 0 0
61 12 0 0 2 0 0 0 0 0
62 4 0 0 0 0 0 0 0 0
65 6 0 0 2 2 2 0 0 0
66 4 0 0 0 0 0 0 0 0
69 2 0 0 0 0 0 0 0 0
70 4 0 0 4 0 0 0 0 0
71 4 0 0 4 2 2 0 0 0
72 2 0 0 0 0 0 0 0 0
73 4 0 0 2 0 0 0 0 0
74 2 0 0 0 0 0 0 0 0
75 2 2 1 0 0 0 0 0 0
108 2 0 0 0 0 0 0 0 0
111 8 0 0 2 2 1 0 0 0
112 2 0 0 0 0 0 0 0 0
113 2 0 0 0 0 0 0 0 0
115 4 0 0 4 0 0 0 0 0
116 2 0 0 0 0 0 0 0 0
117 6 2 1 2 2 2 0 0 0
118 2 0 0 0 0 0 0 0 0
119 4 0 0 0 0 0 0 0 0
143 4 0 0 0 0 0 0 0 0
148 6 0 0 0 0 0 4 0 0
149 2 2 1 0 0 0 0 0 0
154 12 0 0 0 0 0 0 0 0
158 2 0 0 0 0 0 0 0 0
206 4 0 0 0 0 0 0 0 0
207 10 0 0 0 0 0 0 0 0
230 2 0 0 0 0 0 0 0 0
231 4 0 0 4 0 0 0 0 0
fl=./math/../sysdeps/ieee754/flt-32/math_config.h
fn=exp2f@@GLIBC_2.27
67 5 5 1 0 0 0 0 0 0
89 5 0 0 0 0 0 0 0 0
fn=logf@@GLIBC_2.27
67 2 2 1 0 0 0 0 0 0
fn=powf@@GLIBC_2.27
67 4 2 1 0 0 0 0 0 0
fl=./math/../sysdeps/ieee754/flt-32/s_nextafterf.c
fn=nextafterf
27 3 0 0 0 0 0 2 0 0
30 1 0 0 0 0 0 0 0 0
31 1 1 1 0 0 0 0 0 0
33 2 0 0 0 0 0 0 0 0
35 4 0 0 0 0 0 0 0 0
38 3 1 1 0 0 0 0 0 0
39 1 0 0 0 0 0 0 0 0
41 3 1 1 0 0 0 0 0 0
42 1 0 0 0 0 0 0 0 0
43 1 0 0 0 0 0 0 0 0
73 2 0 0 2 0 0 0 0 0
fl=./math/../sysdeps/ieee754/ldbl-128/e_log10l.c
fn=__log10l_finite@GLIBC_2.17
151 21 3 3 3 0 0 0 0 0
154 75 0 0 30 6 6 0 0 0
156 33 0 0 0 0 0 0 0 0
169 24 0 0 6 0 0 0 0 0
172 75 0 0 30 6 4 0 0 0
174 36 0 0 0 0 0 0 0 0
182 27 3 3 6 3 1 12 2 1
189 3 0 0 6 0 0 0 0 0
190 9 3 3 0 0 0 0 0 0
192 3 0 0 0 0 0 0 0 0
194 9 0 0 0 0 0 0 0 0
197 15 0 0 3 3 0 0 0 0
198 3 0 0 0 0 0 0 0 0
205 21 3 2 3 0 0 18 0 0
211 12 0 0 3 0 0 0 0 0
213 18 3 3 6 3 2 0 0 0
215 3 0 0 0 0 0 0 0 0
216 15 3 3 3 3 3 3 0 0
217 15 3 3 6 0 0 0 0 0
223 18 3 3 3 0 0 0 0 0
225 12 0 0 3 0 0 3 0 0
226 6 0 0 0 0 0 3 0 0
227 24 3 3 9 0 0 3 0 0
228 3 0 0 0 0 0 0 0 0
252 21 3 3 3 3 3 6 0 0
253 24 0 0 9 0 0 3 0 0
254 33 3 3 6 0 0 6 0 0
255 27 3 3 9 0 0 3 0 0
256 27 0 0 9 0 0 3 0 0
257 30 0 0 24 3 3 0 0 0
258 3 0 0 0 0 0 0 0 0
259 30 3 3 15 0 0 0 0 0
fl=./math/../sysdeps/ieee754/ldbl-128/e_powl.c
fn=__powl_finite@GLIBC_2.17
151 33 3 3 9 0 0 30 4 0
162 3 3 3 0 0 0 0 0 0
166 12 0 0 0 0 0 0 0 0
170 6 0 0 0 0 0 0 0 0
175 15 3 3 3 3 0 0 0 0
177 36 3 3 6 3 1 0 0 0
182 9 3 3 0 0 0 0 0 0
183 3 0 0 0 0 0 0 0 0
185 12 0 0 0 0 0 0 0 0
186 9 3 3 0 0 0 0 0 0
195 3 0 0 0 0 0 0 0 0
196 3 0 0 0 0 0 0 0 0
214 3 0 0 0 0 0 0 0 0
226 9 0 0 0 0 0 0 0 0
233 9 3 3 0 0 0 0 0 0
237 12 0 0 0 0 0 0 0 0
242 6 0 0 0 0 0 6 0 0
244 15 3 3 6 0 0 0 0 0
246 21 6 6 0 0 0 0 0 0
265 12 3 3 0 0 0 0 0 0
269 12 0 0 3 0 0 3 0 0
270 9 0 0 0 0 0 0 0 0
271 12 0 0 3 0 0 3 1 0
276 12 3 3 0 0 0 0 0 0
293 15 3 3 3 0 0 0 0 0
294 21 3 3 6 3 2 0 0 0
299 9 3 3 0 0 0 0 0 0
306 12 3 3 0 0 0 0 0 0
309 3 0 0 0 0 0 0 0 0
310 9 0 0 0 0 0 0 0 0
312 9 0 0 0 0 0 0 0 0
321 3 3 3 6 0 0 0 0 0
322 3 0 0 0 0 0 0 0 0
323 6 0 0 0 0 0 0 0 0
326 12 0 0 3 0 0 6 0 0
327 33 3 3 9 0 0 3 0 0
328 12 0 0 3 0 0 3 0 0
331 9 0 0 0 0 0 3 0 0
332 3 0 0 0 0 0 0 0 0
333 12 3 3 0 0 0 0 0 0
334 6 0 0 0 0 0 0 0 0
337 6 0 0 0 0 0 0 0 0
338 3 0 0 0 0 0 0 0 0
339 15 0 0 3 0 0 0 0 0
340 6 3 3 0 0 0 0 0 0
341 21 0 0 9 0 0 0 0 0
342 57 3 2 12 0 0 12 0 0
344 12 0 0 3 0 0 3 0 0
345 81 6 5 24 3 2 3 0 0
346 87 6 6 30 6 4 0 0 0
347 33 0 0 9 0 0 6 0 0
348 24 3 3 12 0 0 3 0 0
349 15 0 0 3 0 0 3 0 0
350 21 3 3 6 3 1 0 0 0
351 6 0 0 0 0 0 0 0 0
352 3 0 0 0 0 0 0 0 0
353 12 0 0 0 0 0 0 0 0
354 6 0 0 0 0 0 0 0 0
355 30 0 0 12 0 0 0 0 0
357 15 3 3 3 0 0 6 0 0
358 33 3 3 12 0 0 3 0 0
360 12 0 0 3 0 0 3 0 0
361 6 0 0 0 0 0 0 0 0
362 3 0 0 0 0 0 0 0 0
363 12 3 3 0 0 0 0 0 0
364 6 0 0 0 0 0 0 0 0
365 21 3 3 9 0 0 0 0 0
366 21 0 0 3 0 0 6 0 0
367 51 3 3 15 0 0 6 0 0
369 9 0 0 0 0 0 3 0 0
370 21 0 0 12 0 0 0 0 0
371 6 0 0 0 0 0 0 0 0
372 3 0 0 0 0 0 0 0 0
373 12 0 0 0 0 0 0 0 0
374 6 0 0 0 0 0 0 0 0
375 33 6 6 12 0 0 3 0 0
379 3 0 0 6 0 0 0 0 0
380 3 0 0 0 0 0 0 0 0
381 9 3 3 0 0 0 0 0 0
382 3 0 0 0 0 0 6 0 0
383 39 3 3 15 0 0 6 0 0
384 18 0 0 6 0 0 3 0 0
385 9 0 0 3 0 0 3 0 0
387 3 0 0 3 0 0 0 0 0
388 12 0 0 0 0 0 0 0 0
399 12 0 0 0 0 0 0 0 0
414 3 0 0 0 0 0 0 0 0
415 54 6 3 9 3 2 9 0 0
417 24 3 3 6 3 0 0 0 0
418 3 0 0 0 0 0 0 0 0
419 18 3 3 3 0 0 3 0 0
421 9 0 0 3 0 0 3 0 0
422 3 0 0 6 0 0 0 0 0
423 3 0 0 0 0 0 0 0 0
424 12 3 2 3 0 0 0 0 0
425 6 0 0 0 0 0 0 0 0
426 18 0 0 3 3 3 6 0 0
427 63 3 3 21 3 0 3 0 0
428 15 3 2 3 0 0 6 0 0
429 21 0 0 6 0 0 3 0 0
431 12 0 0 3 0 0 3 0 0
432 78 6 4 24 3 3 0 0 0
433 69 6 4 24 3 3 0 0 0
434 30 0 0 9 0 0 3 0 0
435 72 3 2 24 3 3 9 0 0
436 27 3 3 6 0 0 0 0 0
438 3 0 0 0 0 0 0 0 0
439 6 0 0 0 0 0 0 0 0
440 9 0 0 0 0 0 0 0 0
448 3 0 0 0 0 0 0 0 0
449 6 3 3 0 0 0 0 0 0
451 15 0 0 3 0 0 3 0 0
452 18 3 0 27 0 0 0 0 0
fl=./math/../sysdeps/ieee754/ldbl-128/s_floorl.c
fn=floorl
34 6 3 1 0 0 0 0 0 0
42 15 0 0 0 0 0 0 0 0
43 6 0 0 0 0 0 0 0 0
45 3 0 0 0 0 0 0 0 0
60 6 0 0 0 0 0 0 0 0
61 9 3 1 0 0 0 0 0 0
62 6 0 0 0 0 0 0 0 0
64 15 0 0 0 0 0 0 0 0
95 12 0 0 0 0 0 0 0 0
98 6 0 0 0 0 0 0 0 0
fl=./math/../sysdeps/ieee754/ldbl-128/s_frexpl.c
fn=frexpl
37 36 6 0 6 0 0 24 3 0
40 6 0 0 0 0 0 0 0 0
42 36 6 3 6 0 0 0 0 0
43 18 0 0 0 0 0 0 0 0
49 18 0 0 0 0 0 6 0 0
50 6 6 3 0 0 0 0 0 0
51 24 0 0 6 0 0 0 0 0
53 18 0 0 18 0 0 0 0 0
fl=./math/../sysdeps/ieee754/ldbl-128/s_nextafterl.c
fn=nextafterl
33 27 6 6 12 0 0 24 0 0
40 3 0 0 0 0 0 0 0 0
42 19 2 2 0 0 0 0 0 0
45 13 3 2 7 0 0 0 0 0
46 4 0 0 0 0 0 0 0 0
48 10 0 0 0 0 0 2 0 0
49 4 0 0 0 0 0 0 0 0
50 4 0 0 0 0 0 0 0 0
52 2 0 0 2 0 0 0 0 0
54 1 0 0 0 0 0 0 0 0
55 2 0 0 0 0 0 0 0 0
64 1 0 0 0 0 0 0 0 0
65 1 0 0 0 0 0 0 0 0
71 1 0 0 0 0 0 0 0 0
72 3 0 0 0 0 0 0 0 0
77 1 0 0 0 0 0 0 0 0
82 2 1 1 0 0 0 0 0 0
84 15 2 2 18 0 0 0 0 0
fl=./math/../sysdeps/ieee754/ldbl-128/s_scalbnl.c
fn=__scalbnl
37 98 11 2 0 0 0 42 3 0
40 14 0 0 0 0 0 0 0 0
41 14 11 2 0 0 0 0 0 0
47 42 11 2 0 0 0 0 0 0
48 42 11 2 0 0 0 0 0 0
49 98 0 0 0 0 0 0 0 0
54 28 0 0 0 0 0 0 0 0
55 70 8 3 0 0 0 0 0 0
61 56 0 0 42 0 0 0 0 0
fl=./math/./e_exp2_template.c
fn=__exp2l_finite@GLIBC_2.17
26 24 0 0 0 0 0 24 0 0
27 88 16 3 24 5 1 0 0 0
29 96 0 0 32 0 0 0 0 0
32 32 8 3 8 0 0 8 0 0
33 40 0 0 8 0 0 8 0 0
35 88 8 3 32 8 1 16 0 0
36 64 8 3 16 8 1 8 0 0
39 56 8 3 24 8 3 0 0 0
54 24 0 0 24 0 0 0 0 0
fl=./math/./math/s_nextafter.c
fn=nextafter
36 14 2 1 0 0 0 4 0 0
40 4 2 1 0 0 0 0 0 0
43 2 0 0 0 0 0 0 0 0
45 10 2 1 0 0 0 0 0 0
48 6 0 0 0 0 0 0 0 0
49 4 2 1 0 0 0 0 0 0
51 12 0 0 0 0 0 0 0 0
52 2 0 0 0 0 0 0 0 0
53 2 0 0 0 0 0 0 0 0
87 4 0 0 4 0 0 0 0 0
fl=./math/./math/w_exp2l_compat.c
fn=exp2l
13 24 8 2 0 0 0 24 0 0
14 16 0 0 0 0 0 8 0 0
15 176 16 4 56 0 0 16 0 0
21 24 0 0 24 0 0 0 0 0
fl=./math/./math/w_log10_compat.c
fn=log10
30 2 1 1 0 0 0 0 0 0
44 1 1 1 0 0 0 0 0 0
fl=./math/./math/w_log10f_compat.c
fn=log10f
30 4 2 1 0 0 0 0 0 0
44 2 2 2 0 0 0 0 0 0
fl=./math/./math/w_log10l_compat.c
fn=log10l
29 9 0 0 0 0 0 9 0 0
30 24 6 6 3 0 0 0 0 0
44 6 0 0 3 0 0 0 0 0
45 3 0 0 6 0 0 0 0 0
fl=./math/./math/w_pow_compat.c
fn=pow@GLIBC_2.17
30 5520 6 6 0 0 0 4416 46 0
31 1104 0 0 0 0 0 0 0 0
32 5520 0 0 0 0 0 0 0 0
56 2208 6 6 0 0 0 0 0 0
63 3312 0 0 4416 0 0 0 0 0
fl=./math/./math/w_powl_compat.c
fn=powl
28 12 3 3 0 0 0 12 0 0
29 6 3 0 0 0 0 3 0 0
30 54 3 3 18 0 0 6 0 0
54 12 0 0 3 0 0 0 0 0
61 9 0 0 9 0 0 0 0 0
fl=./math/./s_ldexp_template.c
fn=ldexp
22 12 3 2 0 0 0 9 0 0
23 21 3 2 0 0 0 0 0 0
24 3 0 0 0 0 0 0 0 0
25 15 0 0 0 0 0 0 0 0
27 9 0 0 9 0 0 0 0 0
fn=ldexpl
22 30 6 6 0 0 0 24 0 0
23 132 3 3 42 0 0 12 0 0
24 24 3 2 6 0 0 6 0 0
25 132 3 2 42 0 0 12 0 0
27 24 0 0 24 0 0 0 0 0
fl=./misc/../sysdeps/unix/syscall-template.S
fn=epoll_create1
120 5 1 1 0 0 0 0 0 0
122 1 0 0 0 0 0 0 0 0
fn=mprotect
120 370 56 24 0 0 0 0 0 0
122 74 0 0 0 0 0 0 0 0
fn=munmap
120 590 64 39 0 0 0 0 0 0
122 118 0 0 0 0 0 0 0 0
fl=./misc/../sysdeps/unix/sysv/linux/aarch64/ioctl.S
fn=ioctl
22 1 1 1 0 0 0 0 0 0
23 1 0 0 0 0 0 0 0 0
24 1 0 0 0 0 0 0 0 0
25 1 0 0 0 0 0 0 0 0
26 1 0 0 0 0 0 0 0 0
27 1 0 0 0 0 0 0 0 0
28 1 0 0 0 0 0 0 0 0
fl=./misc/../sysdeps/unix/sysv/linux/aarch64/syscall.S
fn=syscall
29 2 2 2 0 0 0 0 0 0
30 2 0 0 0 0 0 0 0 0
31 2 0 0 0 0 0 0 0 0
32 2 0 0 0 0 0 0 0 0
33 2 0 0 0 0 0 0 0 0
34 2 0 0 0 0 0 0 0 0
35 2 0 0 0 0 0 0 0 0
36 2 0 0 0 0 0 0 0 0
37 2 0 0 0 0 0 0 0 0
38 2 0 0 0 0 0 0 0 0
39 2 0 0 0 0 0 0 0 0
40 2 0 0 0 0 0 0 0 0
41 2 0 0 0 0 0 0 0 0
fl=./misc/../sysdeps/unix/sysv/linux/brk.c
fn=brk
36 225 74 72 0 0 0 150 8 3
37 225 0 0 75 0 0 75 0 0
38 150 0 0 0 0 0 0 0 0
40 60 0 0 12 4 1 12 4 2
41 24 0 0 0 0 0 0 0 0
44 63 0 0 0 0 0 0 0 0
45 150 0 0 150 0 0 0 0 0
fl=./misc/../sysdeps/unix/sysv/linux/brk_call.h
fn=brk
24 150 74 72 0 0 0 0 0 0
fl=./misc/../sysdeps/unix/sysv/linux/getclktck.c
fn=__getclktck
29 2 0 0 0 0 0 2 0 0
30 5 1 1 2 0 0 0 0 0
31 3 1 1 2 0 0 0 0 0
fl=./misc/../sysdeps/unix/sysv/linux/getpagesize.c
fn=getpagesize
28 36 7 2 18 1 1 0 0 0
30 9 0 0 0 0 0 0 0 0
fl=./misc/../sysdeps/unix/sysv/linux/mmap64.c
fn=mmap
47 418 90 77 0 0 0 418 13 11
50 418 0 0 0 0 0 0 0 0
58 1463 66 53 0 0 0 0 0 0
60 418 30 23 418 0 0 0 0 0
fl=./misc/../sysdeps/unix/sysv/linux/mremap.c
fn=mremap
26 36 4 4 8 4 4 16 0 0
30 8 0 0 0 0 0 0 0 0
37 24 4 4 0 0 0 0 0 0
39 40 0 0 20 0 0 0 0 0
fl=./misc/../sysdeps/unix/sysv/linux/setvmaname.c
fn=__set_vma_name
33 298 50 48 58 0 0 153 20 7
35 124 0 0 31 28 27 0 0 0
40 18 2 2 2 0 0 4 0 0
47 4 2 2 0 0 0 2 0 0
48 3 0 0 4 0 0 0 0 0
49 325 25 24 211 0 0 0 0 0
fl=./misc/./misc/getauxval.c
fn=__getauxval2
25 2 1 1 0 0 0 2 0 0
30 2 0 0 0 0 0 0 0 0
32 2 0 0 1 0 0 0 0 0
33 2 1 1 0 0 0 0 0 0
37 1 0 0 0 0 0 1 0 0
51 2 0 0 2 0 0 0 0 0
fn=getauxval
30 28 0 0 0 0 0 0 0 0
32 33 8 6 22 9 0 0 0 0
35 6 0 0 0 0 0 0 0 0
37 6 1 1 4 2 0 0 0 0
42 45 0 0 23 8 7 0 0 0
43 40 0 0 0 0 0 0 0 0
56 30 10 8 0 0 0 30 0 0
59 3 0 0 0 0 0 0 0 0
60 1 1 1 1 0 0 0 0 0
62 5 1 1 1 0 0 1 0 0
63 1 0 0 0 0 0 0 0 0
64 30 0 0 30 0 0 0 0 0
fl=./misc/./misc/init-misc.c
fn=__init_misc
30 4 1 1 0 0 0 4 0 0
31 3 1 1 1 0 0 0 0 0
33 3 0 0 0 0 0 0 0 0
37 4 0 0 1 1 0 0 0 0
38 5 0 0 2 0 0 2 1 0
40 3 1 1 4 0 0 0 0 0
fl=./misc/./misc/sbrk.c
fn=sbrk
37 770 134 114 0 0 0 770 26 7
40 462 0 0 308 277 215 0 0 0
43 462 0 0 154 106 36 0 0 0
50 12 0 0 0 0 0 0 0 0
58 154 139 107 0 0 0 0 0 0
59 3 1 1 0 0 0 0 0 0
62 308 0 0 0 0 0 0 0 0
63 2 0 0 1 0 0 0 0 0
66 225 0 0 0 0 0 0 0 0
68 3 3 3 0 0 0 0 0 0
74 148 70 68 0 0 0 0 0 0
78 770 60 57 770 0 0 0 0 0
fl=./misc/./misc/tsearch.c
fn=maybe_split_for_insert.isra.0
204 8 0 0 0 0 0 8 0 0
207 4 2 1 0 0 0 0 0 0
211 4 0 0 8 0 0 0 0 0
213 4 0 0 0 0 0 0 0 0
216 8 0 0 0 0 0 0 0 0
217 6 2 1 0 0 0 0 0 0
220 4 0 0 0 0 0 2 0 0
221 2 0 0 0 0 0 0 0 0
223 4 0 0 0 0 0 0 0 0
228 10 2 1 4 0 0 0 0 0
284 8 2 1 8 0 0 0 0 0
fn=tfind
372 1980 659 204 0 0 0 2640 0 0
376 660 0 0 0 0 0 0 0 0
377 659 0 0 0 0 0 0 0 0
382 4623 0 0 662 0 0 660 0 0
384 3 3 2 0 0 0 0 0 0
387 9 0 0 3 1 0 0 0 0
388 7 0 0 1 0 0 0 0 0
391 8 0 0 0 0 0 0 0 0
394 3299 659 205 3299 0 0 0 0 0
fn=tsearch
291 24 6 4 0 0 0 12 0 0
302 9 3 2 0 0 0 6 0 0
306 20 0 0 3 0 0 18 0 0
307 6 0 0 0 0 0 0 0 0
308 6 0 0 2 0 0 2 0 0
313 6 3 2 0 0 0 0 0 0
315 3 0 0 0 0 0 0 0 0
316 9 0 0 2 0 0 0 0 0
317 2 0 0 0 0 0 0 0 0
320 14 0 0 2 0 0 0 0 0
325 7 0 0 2 0 0 0 0 0
326 4 0 0 0 0 0 0 0 0
329 2 0 0 0 0 0 0 0 0
333 2 1 0 0 0 0 0 0 0
337 9 2 2 0 0 0 0 0 0
338 3 0 0 0 0 0 0 0 0
349 13 0 0 5 0 0 3 0 0
350 4 0 0 2 0 0 3 0 0
352 10 1 1 5 3 2 3 0 0
353 1 0 0 2 0 0 0 0 0
355 4 2 1 0 0 0 0 0 0
358 16 0 0 6 0 0 0 0 0
362 18 2 1 24 0 0 0 0 0
fl=./nptl/../string/bits/string_fortified.h
fn=pthread_cond_init@@GLIBC_2.17
59 6 0 0 0 0 0 12 1 0
fn=pthread_mutex_init@@GLIBC_2.17
59 9 2 2 0 0 0 18 5 5
fn=pthread_rwlock_init@@GLIBC_2.34
59 240 0 0 0 0 0 240 0 0
fl=./nptl/../sysdeps/nptl/futex-internal.h
fn=__pthread_once_slow
209 160 7 4 0 0 0 0 0 0
fn=pthread_rwlock_wrlock@@GLIBC_2.34
213 210 43 6 0 0 0 0 0 0
fl=./nptl/../sysdeps/unix/sysv/linux/sigsetops.h
fn=pthread_sigmask@@GLIBC_2.32
96 2 0 0 2 0 0 0 0 0
fl=./nptl/./nptl/cleanup_compat.c
fn=_pthread_cleanup_pop@@GLIBC_2.34
40 40 0 0 0 0 0 40 0 0
41 20 2 0 0 0 0 0 0 0
43 60 13 4 20 4 0 20 4 0
47 20 0 0 0 0 0 0 0 0
49 40 0 0 40 0 0 0 0 0
fn=_pthread_cleanup_push@@GLIBC_2.34
25 40 0 0 0 0 0 40 0 0
26 20 6 4 0 0 0 0 0 0
29 20 0 0 0 0 0 40 0 0
30 60 0 0 20 5 1 20 0 0
32 20 0 0 0 0 0 20 0 0
33 40 0 0 40 0 0 0 0 0
fl=./nptl/./nptl/libc-cleanup.c
fn=__libc_cleanup_pop_restore
54 96 14 8 0 0 0 120 0 0
55 24 0 0 0 0 0 0 0 0
57 72 0 0 24 0 0 24 0 0
59 48 0 0 24 0 0 0 0 0
60 48 0 0 24 0 0 0 0 0
61 24 0 0 0 0 0 0 0 0
77 96 13 8 120 0 0 0 0 0
fn=__libc_cleanup_push_defer
24 120 14 8 0 0 0 144 2 1
25 24 0 0 0 0 0 0 0 0
27 72 0 0 24 8 4 24 0 0
29 48 0 0 24 0 0 0 0 0
32 24 0 0 0 0 0 0 0 0
44 24 0 0 0 0 0 24 0 0
46 24 0 0 0 0 0 0 0 0
48 24 0 0 0 0 0 24 0 0
49 96 14 8 144 0 0 0 0 0
fl=./nptl/./nptl/pthread_cond_init.c
fn=pthread_cond_init@@GLIBC_2.17
27 4 1 1 0 0 0 4 0 0
38 6 0 0 2 0 0 0 0 0
44 2 0 0 0 0 0 0 0 0
45 6 0 0 2 0 0 2 0 0
47 2 0 0 0 0 0 0 0 0
50 6 0 0 4 0 0 0 0 0
fl=./nptl/./nptl/pthread_cond_signal.c
fn=pthread_cond_signal@@GLIBC_2.17
35 4706020 477838 7465 0 0 0 5647224 21210 113
36 941204 0 0 0 0 0 0 0 0
41 1882408 0 0 941204 434814 7546 0 0 0
42 1882408 0 0 0 0 0 0 0 0
96 4706020 879647 3217 5647224 0 0 0 0 0
fl=./nptl/./nptl/pthread_condattr_init.c
fn=pthread_condattr_init
24 3 1 1 0 0 0 2 0 0
31 1 0 0 0 0 0 1 0 0
34 3 0 0 2 0 0 0 0 0
fl=./nptl/./nptl/pthread_condattr_setclock.c
fn=pthread_condattr_setclock@@GLIBC_2.34
28 2 0 0 0 0 0 2 0 0
30 2 0 0 0 0 0 0 0 0
38 1 0 0 0 0 0 0 0 0
40 3 0 0 1 0 0 1 0 0
41 1 1 1 0 0 0 0 0 0
43 1 0 0 0 0 0 0 0 0
44 2 0 0 2 0 0 0 0 0
fl=./nptl/./nptl/pthread_getspecific.c
fn=pthread_getspecific@@GLIBC_2.34
24 663 76 7 0 0 0 442 0 0
29 442 0 0 0 0 0 0 0 0
30 884 0 0 0 0 0 0 0 0
36 288 41 4 0 0 0 0 0 0
54 221 0 0 221 90 12 0 0 0
55 221 0 0 0 0 0 0 0 0
59 539 50 4 154 36 6 0 0 0
64 442 40 3 442 0 0 0 0 0
fl=./nptl/./nptl/pthread_key_create.c
fn=pthread_key_create@@GLIBC_2.34
25 72 4 3 0 0 0 64 1 0
27 120 3 2 0 0 0 0 0 0
29 36 0 0 36 10 7 0 0 0
31 144 0 0 0 0 0 0 0 0
33 48 1 1 0 0 0 0 0 0
37 24 0 0 0 0 0 8 0 0
40 8 0 0 0 0 0 8 3 3
43 8 0 0 0 0 0 0 0 0
48 40 4 3 64 0 0 0 0 0
fl=./nptl/./nptl/pthread_key_delete.c
fn=pthread_key_delete@@GLIBC_2.34
25 24 2 1 0 0 0 24 0 0
28 16 2 1 0 0 0 0 0 0
30 40 0 0 8 6 1 0 0 0
32 8 0 0 0 0 0 0 0 0
33 48 0 0 0 0 0 0 0 0
36 8 0 0 0 0 0 0 0 0
40 24 0 0 24 0 0 0 0 0
fl=./nptl/./nptl/pthread_mutex_conf.c
fn=__pthread_tunables_init
55 9 1 1 2 0 0 4 0 0
56 6 0 0 0 0 0 0 0 0
58 5 1 1 0 0 0 0 0 0
60 5 0 0 0 0 0 0 0 0
62 11 1 1 6 0 0 0 0 0
fl=./nptl/./nptl/pthread_mutex_destroy.c
fn=pthread_mutex_destroy@@GLIBC_2.17
26 10 1 1 0 0 0 10 0 0
27 5 0 0 0 0 0 0 0 0
31 15 0 0 5 0 0 0 0 0
33 10 0 0 5 0 0 0 0 0
34 5 0 0 0 0 0 0 0 0
39 10 0 0 0 0 0 5 0 0
41 5 0 0 0 0 0 0 0 0
42 10 0 0 10 0 0 0 0 0
fl=./nptl/./nptl/pthread_mutex_init.c
fn=pthread_mutex_init@@GLIBC_2.17
53 33 2 2 6 2 0 21 0 0
65 9 2 2 0 0 0 0 0 0
92 6 0 0 0 0 0 0 0 0
94 3 0 0 0 0 0 0 0 0
105 21 2 2 0 0 0 0 0 0
134 3 2 2 0 0 0 0 0 0
136 9 0 0 0 0 0 0 0 0
140 6 0 0 0 0 0 3 0 0
149 3 0 0 0 0 0 0 0 0
151 3 0 0 0 0 0 0 0 0
152 36 0 0 27 0 0 0 0 0
fl=./nptl/./nptl/pthread_mutex_lock.c
fn=pthread_mutex_lock@@GLIBC_2.17
44 1412100 0 0 1412100 0 0 0 0 0
45 9884700 919668 66968 2824200 426125 991 0 0 0
46 4236016 0 0 0 0 0 1412100 0 0
77 4236303 440762 6397 0 0 0 5648404 229 31
80 5648404 441748 70838 1412101 839194 6283 0 0 0
82 1412101 0 0 0 0 0 0 0 0
84 2824202 0 0 0 0 0 0 0 0
88 4236303 0 0 0 0 0 2824202 0 0
94 2823632 0 0 1411816 0 0 0 0 0
108 1140 155 5 285 0 0 0 0 0
112 2824202 176 27 0 0 0 0 0 0
115 1140 0 0 570 156 3 0 0 0
118 3 0 0 1 0 0 0 0 0
122 2 0 0 0 0 0 1 0 0
124 1412102 1 0 0 0 0 0 0 0
130 284 0 0 0 0 0 0 0 0
131 852 0 0 0 0 0 284 0 0
182 1412100 0 0 1412100 478072 892 0 0 0
184 4236300 153 6 1412100 0 0 2824200 0 0
187 1412100 0 0 0 0 0 0 0 0
190 5648404 0 0 8472606 0 0 0 0 0
fl=./nptl/./nptl/pthread_mutex_unlock.c
fn=__pthread_mutex_unlock_usercnt
39 1412100 0 0 1412100 0 0 0 0 0
40 7060500 481651 654 1412100 16 1 0 0 0
41 1412100 0 0 0 0 0 1412100 0 0
48 7060505 0 0 0 0 0 5648404 1 0
51 5648404 443503 849 1412101 43 9 0 0 0
52 2824202 0 0 0 0 0 0 0 0
57 1412101 0 0 0 0 0 0 0 0
62 1412100 0 0 0 0 0 1412100 0 0
63 1412100 0 0 0 0 0 0 0 0
65 5648400 479849 746 1412100 0 0 1412100 0 0
70 1412100 0 0 0 0 0 0 0 0
72 1412101 1 0 0 0 0 0 0 0
74 570 152 6 0 0 0 0 0 0
80 1140 131 26 285 0 0 0 0 0
84 1710 0 0 570 21 1 0 0 0
87 1424 126 27 285 0 0 285 0 0
104 4236303 0 0 5648404 0 0 0 0 0
fn=pthread_mutex_unlock@@GLIBC_2.17
367 2824202 441644 681 0 0 0 2824202 22 4
368 2824202 0 0 0 0 0 0 0 0
369 1412101 439647 854 2824202 0 0 0 0 0
fl=./nptl/./nptl/pthread_once.c
fn=__pthread_once_slow
68 240 14 8 40 3 0 140 1 0
76 20 0 0 20 0 0 0 0 0
80 20 0 0 0 0 0 0 0 0
88 60 6 4 20 7 4 0 0 0
92 140 0 0 0 0 0 0 0 0
101 80 7 4 0 0 0 0 0 0
114 300 16 9 0 0 0 160 1 0
116 20 0 0 0 0 0 0 0 0
118 60 3 0 0 0 0 0 0 0
124 40 0 0 0 0 0 20 4 0
132 260 2 0 180 7 0 0 0 0
fn=pthread_once@@GLIBC_2.34
136 2380 211 9 0 0 0 2380 21 2
139 1190 0 0 1190 94 14 0 0 0
140 1190 0 0 0 0 0 0 0 0
143 20 0 0 0 0 0 0 0 0
144 3530 7 4 2380 0 0 0 0 0
fl=./nptl/./nptl/pthread_rwlock_common.c
fn=pthread_rwlock_rdlock@@GLIBC_2.34
298 22463 674 214 6418 1931 639 0 0 0
310 9627 0 0 3209 512 213 0 0 0
353 12836 0 0 0 0 0 0 0 0
370 3209 0 0 0 0 0 0 0 0
390 3209 0 0 0 0 0 0 0 0
391 3209 0 0 0 0 0 0 0 0
396 285 44 5 0 0 0 0 0 0
402 665 0 0 0 0 0 0 0 0
413 475 48 5 0 0 0 0 0 0
fn=pthread_rwlock_unlock@@GLIBC_2.34
221 18880 725 220 4720 0 0 0 0 0
232 3209 0 0 3209 0 0 0 0 0
236 3209 0 0 0 0 0 0 0 0
240 6418 0 0 0 0 0 0 0 0
243 9627 738 213 0 0 0 0 0 0
244 6418 0 0 0 0 0 0 0 0
254 25672 0 0 0 0 0 0 0 0
259 3209 0 0 0 0 0 0 0 0
275 6418 669 209 0 0 0 0 0 0
531 1511 0 0 0 0 0 1511 0 0
535 6044 0 0 0 0 0 0 0 0
536 1511 0 0 0 0 0 0 0 0
538 3022 43 6 1511 20 4 0 0 0
559 1511 0 0 1511 0 0 0 0 0
561 15110 0 0 0 0 0 0 0 0
569 3022 0 0 0 0 0 0 0 0
582 1511 80 7 0 0 0 0 0 0
fn=pthread_rwlock_wrlock@@GLIBC_2.34
603 10577 0 0 3022 66 13 0 0 0
622 7555 0 0 0 0 0 3022 0 0
624 3022 0 0 0 0 0 0 0 0
778 4533 61 7 0 0 0 1511 0 0
783 3022 0 0 0 0 0 0 0 0
789 420 0 0 0 0 0 0 0 0
795 1470 0 0 0 0 0 0 0 0
802 315 29 2 0 0 0 105 0 0
947 3022 48 4 1511 0 0 1511 0 0
949 3022 0 0 3022 0 0 0 0 0
fl=./nptl/./nptl/pthread_rwlock_destroy.c
fn=pthread_rwlock_destroy@@GLIBC_2.34
24 92 2 2 0 0 0 92 0 0
25 46 0 0 0 0 0 0 0 0
29 138 2 1 92 0 0 0 0 0
fl=./nptl/./nptl/pthread_rwlock_init.c
fn=pthread_rwlock_init@@GLIBC_2.34
34 180 25 1 0 0 0 120 0 0
46 240 0 0 0 0 0 0 0 0
50 120 1 1 120 27 2 60 0 0
53 180 0 0 0 0 0 60 0 0
56 180 0 0 120 0 0 0 0 0
fl=./nptl/./nptl/pthread_rwlock_rdlock.c
fn=pthread_rwlock_rdlock@@GLIBC_2.34
23 12836 670 211 0 0 0 12836 542 0
24 3209 0 0 0 0 0 0 0 0
27 3209 0 0 0 0 0 0 0 0
29 12836 878 210 12836 0 0 0 0 0
fl=./nptl/./nptl/pthread_rwlock_unlock.c
fn=pthread_rwlock_unlock@@GLIBC_2.34
30 28320 674 213 0 0 0 37760 169 1
31 4720 0 0 0 0 0 0 0 0
38 23600 0 0 9440 54 0 0 0 0
39 9440 0 0 0 0 0 0 0 0
44 28320 14 5 37760 0 0 0 0 0
fl=./nptl/./nptl/pthread_rwlock_wrlock.c
fn=pthread_rwlock_wrlock@@GLIBC_2.34
23 7555 667 11 0 0 0 9066 5 0
24 1511 0 0 0 0 0 0 0 0
27 1511 0 0 0 0 0 0 0 0
29 7555 0 0 9066 0 0 0 0 0
fl=./nptl/./nptl/pthread_self.c
fn=pthread_self
24 1156449 1077959 720 0 0 0 0 0 0
25 2312898 0 0 0 0 0 0 0 0
fl=./nptl/./nptl/pthread_setspecific.c
fn=pthread_setspecific@@GLIBC_2.34
25 48 3 3 0 0 0 48 0 0
32 8 0 0 0 0 0 0 0 0
36 16 0 0 0 0 0 0 0 0
39 48 0 0 8 3 1 0 0 0
41 8 0 0 0 0 0 0 0 0
43 24 3 3 0 0 0 0 0 0
46 8 0 0 0 0 0 0 0 0
47 15 0 0 0 0 0 5 2 2
66 8 0 0 0 0 0 0 0 0
87 8 0 0 0 0 0 16 0 0
90 32 0 0 48 0 0 0 0 0
fl=./nptl/./nptl/pthread_sigmask.c
fn=pthread_sigmask@@GLIBC_2.32
25 20 1 1 4 0 0 6 0 0
30 2 0 0 0 0 0 0 0 0
32 4 1 1 0 0 0 0 0 0
40 10 0 0 0 0 0 0 0 0
45 4 0 0 0 0 0 0 0 0
46 20 1 1 10 0 0 0 0 0
fl=./nptl/./nptl/pthread_testcancel.c
fn=pthread_testcancel@@GLIBC_2.34
24 582 133 81 0 0 0 582 8 3
25 194 0 0 0 0 0 0 0 0
26 582 0 0 194 125 82 0 0 0
27 776 0 0 0 0 0 0 0 0
32 582 0 0 582 0 0 0 0 0
fl=./nptl/./nptl/sem_destroy.c
fn=sem_destroy@@GLIBC_2.34
25 5594 1830 1649 0 0 0 5594 1 0
30 8391 0 0 5594 0 0 0 0 0
fl=./nptl/./nptl/sem_init.c
fn=sem_init@@GLIBC_2.34
28 5610 1837 1805 0 0 0 5610 0 0
32 5610 0 0 0 0 0 0 0 0
50 5610 0 0 0 0 0 2805 0 0
58 2805 0 0 0 0 0 2805 0 0
59 8415 1838 1829 0 0 0 0 0 0
61 2805 0 0 0 0 0 0 0 0
62 5610 0 0 5610 0 0 0 0 0
fl=./nptl/./nptl/sem_post.c
fn=sem_post@@GLIBC_2.34
33 63390 10244 1662 0 0 0 76068 296 0
35 12678 0 0 12678 2652 6 0 0 0
43 12678 0 0 12678 0 0 0 0 0
46 38034 0 0 0 0 0 0 0 0
52 88746 10824 1588 0 0 0 0 0 0
55 25356 0 0 0 0 0 0 0 0
76 12678 0 0 0 0 0 0 0 0
77 50712 0 0 76068 0 0 0 0 0
fl=./nptl/./nptl/sem_wait.c
fn=sem_trywait@@GLIBC_2.34
78 49940 9405 1803 0 0 0 49940 0 0
82 12484 0 0 0 0 0 0 0 0
83 5 0 0 1 1 0 1 1 0
84 2 0 0 0 0 0 0 0 0
85 37455 0 0 49940 0 0 0 0 0
fn=sem_wait@@GLIBC_2.34
25 776 130 77 0 0 0 776 0 0
37 194 0 0 0 0 0 0 0 0
44 776 126 17 776 0 0 0 0 0
fl=./nptl/./nptl/sem_waitcommon.c
fn=sem_trywait@@GLIBC_2.34
136 12485 0 0 12485 6782 2428 0 0 0
139 12485 0 0 0 0 0 0 0 0
141 87391 9570 1366 0 0 0 0 0 0
fn=sem_wait@@GLIBC_2.34
136 194 0 0 194 134 91 0 0 0
139 194 0 0 0 0 0 0 0 0
141 1164 0 0 0 0 0 0 0 0
fl=./posix/../malloc/dynarray-skeleton.c
fn=__unregister_atfork
243 70 0 0 35 1 1 0 0 0
fl=./posix/../sysdeps/posix/sysconf.c
fn=sysconf
60 160 19 8 10 3 2 0 0 0
83 3 2 1 0 0 0 0 0 0
221 27 4 2 0 0 0 0 0 0
fl=./posix/../sysdeps/unix/syscall-template.S
fn=getegid
91 3 1 1 0 0 0 0 0 0
93 1 0 0 0 0 0 0 0 0
fn=geteuid
91 3 1 1 0 0 0 0 0 0
93 1 0 0 0 0 0 0 0 0
fn=getgid
91 3 1 1 0 0 0 0 0 0
93 1 0 0 0 0 0 0 0 0
fn=getuid
91 3 1 1 0 0 0 0 0 0
93 1 0 0 0 0 0 0 0 0
fn=uname
120 15 3 3 0 0 0 0 0 0
122 3 0 0 0 0 0 0 0 0
fl=./posix/../sysdeps/unix/sysv/linux/_exit.c
fn=_Exit
27 3 1 1 0 0 0 2 0 0
30 6 0 0 1 0 0 0 0 0
fl=./posix/../sysdeps/unix/sysv/linux/aarch64/sysconf.c
fn=sysconf
29 110 9 3 22 2 0 55 1 0
39 44 0 0 0 0 0 0 0 0
50 121 0 0 77 0 0 0 0 0
fl=./posix/../sysdeps/unix/sysv/linux/sysconf-sigstksz.h
fn=sysconf
24 3 1 1 2 1 0 0 0 0
25 1 0 0 0 0 0 0 0 0
28 3 0 0 0 0 0 0 0 0
31 1 0 0 0 0 0 0 0 0
fl=./posix/../sysdeps/unix/sysv/linux/sysconf.c
fn=sysconf
49 96 17 6 0 0 0 0 0 0
91 1 0 0 0 0 0 0 0 0
fl=./posix/./posix/confstr.c
fn=confstr
33 20 2 2 4 3 0 10 0 0
41 12 3 3 0 0 0 0 0 0
253 3 1 1 0 0 0 0 0 0
254 1 0 0 0 0 0 0 0 0
259 3 2 2 0 0 0 0 0 0
260 1 0 0 0 0 0 0 0 0
280 6 2 2 0 0 0 0 0 0
282 4 0 0 0 0 0 0 0 0
283 8 1 1 0 0 0 0 0 0
291 24 2 2 14 0 0 0 0 0
fl=./posix/./posix/register-atfork.c
fn=__unregister_atfork
71 35 0 0 0 0 0 0 0 0
82 175 1 1 0 0 0 175 0 0
83 245 1 1 0 0 0 0 0 0
109 210 1 1 0 0 0 0 0 0
110 140 0 0 175 0 0 0 0 0
fl=./resource/../sysdeps/unix/sysv/linux/getrlimit64.c
fn=getrlimit
38 2 1 1 0 0 0 2 0 0
39 8 0 0 0 0 0 0 0 0
40 2 0 0 2 0 0 0 0 0
fl=./setjmp/../sysdeps/aarch64/setjmp.S
fn=__sigsetjmp
36 326 170 30 0 0 0 0 0 0
40 327 1 1 0 0 0 654 1 0
41 327 0 0 0 0 0 654 46 15
42 327 0 0 0 0 0 654 5 3
43 327 0 0 0 0 0 654 16 4
44 327 0 0 0 0 0 654 16 2
47 982 0 0 328 149 23 0 0 0
48 327 0 0 0 0 0 654 42 19
55 327 0 0 0 0 0 0 0 0
56 327 0 0 0 0 0 654 31 6
57 327 0 0 0 0 0 654 1 0
58 327 0 0 0 0 0 654 41 19
59 327 0 0 0 0 0 654 2 1
61 327 1 1 0 0 0 0 0 0
62 982 170 28 328 0 0 0 0 0
63 327 0 0 0 0 0 327 0 0
70 326 0 0 0 0 0 0 0 0
71 326 0 0 0 0 0 0 0 0
73 1 0 0 0 0 0 0 0 0
fn=_setjmp
30 1 1 1 0 0 0 0 0 0
31 1 0 0 0 0 0 0 0 0
32 1 0 0 0 0 0 0 0 0
fl=./setjmp/./setjmp/sigjmp.c
fn=__sigjmp_save
28 4 0 0 0 0 0 3 0 0
29 1 0 0 0 0 0 1 0 0
30 1 0 0 0 0 0 0 0 0
34 4 1 1 3 0 0 0 0 0
fl=./signal/../string/bits/string_fortified.h
fn=__libc_sigaction
29 657 7 7 584 0 0 584 2 0
fl=./signal/../sysdeps/unix/sysv/linux/internal-signals.h
fn=sigaction
53 70 0 0 0 0 0 0 0 0
fn=sigdelset
53 5 0 0 0 0 0 0 0 0
fl=./signal/../sysdeps/unix/sysv/linux/libc_sigaction.c
fn=__libc_sigaction
43 612 4 3 136 5 2 204 0 0
48 68 0 0 0 0 0 0 0 0
50 12 0 0 6 0 0 0 0 0
52 18 0 0 6 0 0 12 0 0
53 6 0 0 0 0 0 0 0 0
58 555 6 5 0 0 0 0 0 0
63 204 0 0 0 0 0 0 0 0
65 201 0 0 67 0 0 67 0 0
67 67 0 0 0 0 0 67 0 0
68 134 0 0 134 0 0 67 0 0
71 680 3 3 340 0 0 0 0 0
fl=./signal/../sysdeps/unix/sysv/linux/sigprocmask.c
fn=sigprocmask
24 4 1 1 0 0 0 4 0 0
25 2 0 0 0 0 0 0 0 0
26 2 0 0 0 0 0 0 0 0
30 4 0 0 4 0 0 0 0 0
fl=./signal/../sysdeps/unix/sysv/linux/sigsetops.h
fn=sigdelset
110 10 0 0 0 0 0 0 0 0
112 15 0 0 5 0 0 5 0 0
fn=sigemptyset
54 4 0 0 0 0 0 4 0 0
fn=sigfillset
112 2 0 0 0 0 0 1 0 0
fl=./signal/./signal/allocrtsig.c
fn=__libc_current_sigrtmax
46 2 1 0 0 0 0 2 0 0
48 1 0 0 0 0 0 0 0 0
52 3 0 0 3 1 0 0 0 0
fn=__libc_current_sigrtmin
34 2 1 1 0 0 0 2 0 0
36 1 0 0 0 0 0 0 0 0
40 3 1 1 3 1 1 0 0 0
fl=./signal/./signal/sigaction.c
fn=sigaction
26 140 4 3 0 0 0 140 0 0
27 350 4 4 0 0 0 0 0 0
29 10 0 0 2 1 0 2 1 0
33 68 0 0 0 0 0 0 0 0
34 74 0 0 140 0 0 0 0 0
fl=./signal/./signal/sigdelset.c
fn=sigdelset
26 15 1 1 0 0 0 10 0 0
27 20 1 1 0 0 0 0 0 0
28 10 0 0 0 0 0 0 0 0
35 5 0 0 0 0 0 0 0 0
36 10 0 0 10 0 0 0 0 0
fl=./signal/./signal/sigempty.c
fn=sigemptyset
26 8 3 3 0 0 0 8 0 0
27 8 0 0 0 0 0 0 0 0
34 4 0 0 0 0 0 0 0 0
35 8 0 0 8 0 0 0 0 0
fl=./signal/./signal/sigfillset.c
fn=sigfillset
26 2 1 1 0 0 0 2 0 0
27 2 0 0 0 0 0 0 0 0
35 1 0 0 0 0 0 0 0 0
36 2 0 0 2 0 0 0 0 0
fl=./stdio-common/../include/printf_buffer.h
fn=__printf_buffer
148 54 15 1 36 0 0 0 0 0
149 87 0 0 0 0 0 36 0 0
163 505934 55474 37952 0 0 0 0 0 0
164 72 9 2 18 0 0 18 0 0
fl=./stdio-common/../string/bits/string_fortified.h
fn=__printf_buffer_pad_1
59 27 0 0 0 0 0 0 0 0
fn=__printf_buffer_write
29 387501 0 0 0 0 0 0 0 0
fl=./stdio-common/./stdio-common/Xprintf_buffer_done.c
fn=__printf_buffer_done
25 255494 54530 39501 0 0 0 255494 0 0
26 255494 0 0 127747 0 0 0 0 0
31 255494 0 0 255494 0 0 0 0 0
33 1149723 55496 52748 127747 0 0 0 0 0
40 255494 0 0 255494 0 0 0 0 0
fl=./stdio-common/./stdio-common/Xprintf_buffer_pad_1.c
fn=__printf_buffer_pad_1
24 36 9 1 0 0 0 36 0 0
25 18 0 0 9 0 0 0 0 0
33 72 9 1 18 0 0 18 0 0
35 9 9 1 18 0 0 0 0 0
36 9 0 0 0 0 0 0 0 0
37 18 0 0 0 0 0 0 0 0
40 27 0 0 9 0 0 9 0 0
43 18 0 0 0 0 0 0 0 0
44 27 0 0 36 0 0 0 0 0
fl=./stdio-common/./stdio-common/Xprintf_buffer_write.c
fn=__printf_buffer_write
27 1533556 54405 51170 0 0 0 1533556 28582 1260
28 1533556 55601 20459 383389 0 0 766778 0 0
31 641723 0 0 0 0 0 0 0 0
33 775002 56728 37977 258334 0 0 0 0 0
35 383389 54547 1308 766778 0 0 0 0 0
36 129167 0 0 0 0 0 0 0 0
37 258334 0 0 0 0 0 0 0 0
40 387501 0 0 129167 0 0 129167 0 0
41 129167 0 0 0 0 0 0 0 0
44 1150167 0 0 1533556 0 0 0 0 0
fl=./stdio-common/./stdio-common/_itoa.c
fn=_itoa_word
169 505932 55471 5149 0 0 0 252966 0 0
172 758898 0 0 0 0 0 0 0 0
174 293218 18423 2016 0 0 0 0 0 0
183 1277224 71759 38074 106451 35879 34251 106451 0 0
184 120756 18423 17857 20126 18422 114 20126 0 0
192 252966 0 0 252966 0 0 0 0 0
fl=./stdio-common/./stdio-common/errlist.c
fn=__get_errlist
27 1312 656 210 0 0 0 1312 0 0
29 3936 0 0 656 553 208 0 0 0
30 1968 0 0 656 656 207 0 0 0
31 656 0 0 0 0 0 0 0 0
32 1312 0 0 1312 0 0 0 0 0
fl=./stdio-common/./stdio-common/flockfile.c
fn=flockfile
24 1285 206 1 0 0 0 1285 8 1
25 2827 413 3 771 190 0 514 0 0
26 1028 0 0 1285 0 0 0 0 0
fl=./stdio-common/./stdio-common/funlockfile.c
fn=funlockfile
25 771 207 1 0 0 0 771 0 0
26 2056 207 1 771 0 0 514 0 0
27 771 207 2 771 0 0 0 0 0
fl=./stdio-common/./stdio-common/printf-parse.h
fn=__printf_buffer
82 1150019 0 0 127747 0 0 127747 0 0
fn=read_int
52 315 80 61 0 0 0 210 0 0
53 420 0 0 210 0 0 0 0 0
55 1515 0 0 270 0 0 270 0 0
56 165 80 61 0 0 0 0 0 0
58 538 0 0 0 0 0 0 0 0
59 104 0 0 0 0 0 0 0 0
64 330 0 0 0 0 0 0 0 0
65 269 0 0 0 0 0 0 0 0
68 495 0 0 0 0 0 0 0 0
73 210 80 63 210 0 0 0 0 0
fl=./stdio-common/./stdio-common/vfprintf-internal.c
fn=__printf_buffer
600 2299446 109848 29650 383241 0 0 1405217 139237 78
627 1021976 0 0 255494 103458 12 638735 75291 1885
631 127747 0 0 0 0 0 127747 0 0
634 766482 0 0 0 0 0 638735 0 0
638 894229 54325 1204 638735 0 0 510988 99146 1368
642 127747 0 0 0 0 0 0 0 0
649 255494 0 0 0 0 0 127747 40831 73
653 510988 0 0 0 0 0 0 0 0
655 255494 54347 9306 127747 0 0 0 0 0
659 255494 0 0 127747 0 0 0 0 0
663 1532964 0 0 383241 55421 13661 383241 0 0
683 127821 0 0 0 0 0 127821 0 0
684 127821 0 0 0 0 0 127821 0 0
685 127821 0 0 0 0 0 127821 0 0
686 127821 0 0 0 0 0 127821 0 0
687 127821 0 0 0 0 0 0 0 0
690 127821 0 0 0 0 0 0 0 0
691 127821 0 0 0 0 0 0 0 0
692 127821 0 0 0 0 0 0 0 0
693 127821 0 0 0 0 0 0 0 0
694 127821 0 0 0 0 0 127821 0 0
695 127821 0 0 0 0 0 0 0 0
698 127821 0 0 0 0 0 0 0 0
699 255642 0 0 0 0 0 127821 0 0
705 2939291 221110 139356 766926 144110 89476 511062 33942 533
714 36 0 0 0 0 0 18 0 0
715 306 36 2 90 0 0 18 0 0
813 315 160 128 105 0 0 105 0 0
814 315 0 0 105 22 22 0 0 0
840 315 0 0 0 0 0 0 0 0
842 525 160 91 0 0 0 210 0 0
846 210 0 0 0 0 0 0 0 0
854 105 0 0 0 0 0 0 0 0
855 1890 80 63 735 84 66 0 0 0
870 70512 0 0 0 0 0 0 0 0
871 1198704 70552 69339 352560 35272 1833 70512 0 0
883 35 35 0 0 0 0 0 0 0
891 35 0 0 0 0 0 0 0 0
892 35 0 0 0 0 0 0 0 0
893 595 35 34 175 70 35 35 0 0
1018 127821 0 0 0 0 0 0 0 0
1024 383463 54388 50542 127821 0 0 127821 0 0
1028 511284 54366 52336 0 0 0 0 0 0
1031 1150019 0 0 894377 0 0 0 0 0
1044 1532964 55601 35064 1149723 0 0 0 0 0
fl=./stdio-common/./stdio-common/vfprintf-process-arg.c
fn=__printf_buffer
35 319071 15 1 0 0 0 106357 0 0
48 106357 0 0 0 0 0 0 0 0
49 882374 106465 72045 388545 0 0 70547 0 0
50 35810 35808 10883 0 0 0 0 0 0
52 35810 35808 34479 0 0 0 0 0 0
53 393910 107422 74104 143240 0 0 35810 0 0
57 106357 0 0 0 0 0 0 0 0
58 106372 0 0 0 0 0 0 0 0
78 40252 18452 16338 0 0 0 20126 0 0
79 20126 18431 2784 0 0 0 0 0 0
92 20126 0 0 0 0 0 0 0 0
93 20126 18452 6023 0 0 0 20126 0 0
126 20126 0 0 0 0 0 0 0 0
127 20126 0 0 20126 0 0 0 0 0
128 20126 0 0 0 0 0 0 0 0
130 20126 18424 1489 0 0 0 0 0 0
131 221386 38039 17561 80504 0 0 20126 0 0
136 379431 35876 8953 0 0 0 0 0 0
138 252930 0 0 0 0 0 0 0 0
147 18 0 0 0 0 0 0 0 0
155 1517796 54311 2564 252966 0 0 505932 0 0
161 885381 54299 51001 126483 0 0 0 0 0
166 379449 0 0 252966 0 0 0 0 0
170 126483 0 0 0 0 0 0 0 0
186 632415 54274 35473 0 0 0 0 0 0
187 922479 108376 46727 181010 0 0 0 0 0
195 505986 18 1 0 0 0 18 0 0
197 252966 0 0 126483 0 0 0 0 0
199 505932 55441 5186 126483 0 0 0 0 0
201 758898 108647 103987 252966 0 0 146609 0 0
206 126483 0 0 0 0 0 0 0 0
208 632415 0 0 252966 0 0 0 0 0
209 18 0 0 0 0 0 0 0 0
211 379449 54282 7741 126483 0 0 0 0 0
217 18 18 3 0 0 0 0 0 0
219 6 0 0 3 0 0 0 0 0
224 126483 15 3 0 0 0 0 0 0
233 126483 0 0 0 0 0 0 0 0
236 126483 0 0 0 0 0 0 0 0
240 632415 55427 21035 126483 0 0 0 0 0
403 16056 1729 260 6690 0 0 1338 0 0
408 1338 0 0 0 0 0 0 0 0
422 5352 98 66 0 0 0 0 0 0
430 2676 0 0 0 0 0 0 0 0
433 348 0 0 0 0 0 0 0 0
435 3753 117 4 0 0 0 0 0 0
455 6690 235 125 1338 0 0 0 0 0
461 4 0 0 2 0 0 0 0 0
463 5352 0 0 0 0 0 0 0 0
464 1338 0 0 0 0 0 0 0 0
fl=./stdlib/../include/rounding-mode.h
fn=round_and_return
46 68 0 0 0 0 0 0 0 0
52 17 0 0 0 0 0 0 0 0
fl=./stdlib/../include/scratch_buffer.h
fn=realpath@@GLIBC_2.17
77 5 1 1 0 0 0 2 2 2
78 4 0 0 0 0 0 4 1 1
85 9 1 1 3 0 0 0 0 0
101 7 0 0 0 0 0 3 0 0
fl=./stdlib/../stdlib/gmp.h
fn=str_to_mpn.part.0.constprop.0
452 17 0 0 0 0 0 0 0 0
fl=./stdlib/../stdlib/strtol.c
fn=__isoc23_strtol
125 33092 16521 11592 0 0 0 33092 0 0
126 115822 0 0 33092 33054 3491 0 0 0
128 16546 0 0 33092 0 0 0 0 0
fl=./stdlib/../stdlib/strtol_l.c
fn=____strtol_l_internal
238 148914 16521 1199 0 0 0 148914 0 0
252 16546 0 0 16546 16521 16509 0 0 0
257 16546 0 0 0 0 0 0 0 0
258 16546 0 0 0 0 0 0 0 0
264 16546 0 0 0 0 0 0 0 0
292 16546 0 0 0 0 0 0 0 0
295 49638 0 0 0 0 0 0 0 0
298 80 0 0 0 0 0 0 0 0
301 16546 0 0 0 0 0 0 0 0
304 82730 16521 1117 49638 33050 17726 0 0 0
306 16546 0 0 0 0 0 0 0 0
310 16546 0 0 0 0 0 0 0 0
311 49638 16518 1152 0 0 0 33092 0 0
317 49638 0 0 0 0 0 0 0 0
320 49638 0 0 16546 0 0 0 0 0
335 16546 0 0 0 0 0 0 0 0
342 33092 16521 1202 0 0 0 0 0 0
345 82730 0 0 0 0 0 0 0 0
393 16546 0 0 0 0 0 0 0 0
394 16546 0 0 0 0 0 0 0 0
449 33012 0 0 16506 0 0 0 0 0
451 115702 16532 1136 0 0 0 0 0 0
453 66184 16544 1180 0 0 0 0 0 0
460 40 0 0 0 0 0 0 0 0
477 33212 0 0 16586 16541 16514 0 0 0
478 49798 0 0 16586 18 6 0 0 0
481 33092 16533 1150 0 0 0 0 0 0
484 66024 0 0 0 0 0 0 0 0
489 16546 0 0 0 0 0 0 0 0
490 16506 0 0 0 0 0 0 0 0
495 33092 0 0 0 0 0 0 0 0
500 16506 0 0 0 0 0 0 0 0
501 16506 0 0 0 0 0 16506 0 0
506 16506 0 0 0 0 0 0 0 0
507 33012 0 0 33012 0 0 0 0 0
509 33012 0 0 0 0 0 0 0 0
533 40 16 3 0 0 0 0 0 0
535 120 0 0 0 0 0 0 0 0
537 40 22 3 80 0 0 0 0 0
542 40 0 0 0 0 0 40 0 0
546 99276 0 0 148914 0 0 0 0 0
fl=./stdlib/../string/bits/string_fortified.h
fn=__add_to_environ
29 4 0 0 0 0 0 0 0 0
fn=msort_with_tmp.part.0
29 22701 4 3 7828 0 0 0 0 0
fn=realpath@@GLIBC_2.17
79 4 0 0 1 0 0 0 0 0
fl=./stdlib/../sysdeps/aarch64/fpu/get-rounding-mode.h
fn=round_and_return
34 17 0 0 0 0 0 0 0 0
35 17 0 0 0 0 0 0 0 0
fl=./stdlib/../sysdeps/ieee754/ldbl-128/mpn2ldbl.c
fn=__mpn_construct_long_double
30 34 17 1 0 0 0 34 0 0
34 85 0 0 0 0 0 0 0 0
42 68 17 2 17 0 0 0 0 0
43 17 0 0 0 0 0 0 0 0
44 34 0 0 17 0 0 0 0 0
45 34 0 0 0 0 0 0 0 0
51 34 0 0 0 0 0 0 0 0
52 34 0 0 34 0 0 0 0 0
fl=./stdlib/../sysdeps/unix/sysv/linux/getrandom.c
fn=getrandom
28 102 34 22 0 0 0 136 0 0
29 340 0 0 34 0 0 0 0 0
30 136 34 34 136 0 0 0 0 0
fl=./stdlib/./stdlib/canonicalize.c
fn=realpath@@GLIBC_2.17
118 14 0 0 3 0 0 0 0 0
122 2 0 0 0 0 0 0 0 0
123 6 0 0 2 0 0 0 0 0
125 8 0 0 0 0 0 0 0 0
195 1 0 0 0 0 0 0 0 0
205 6 0 0 1 0 0 2 0 0
213 1 0 0 0 0 0 0 0 0
221 2 0 0 0 0 0 0 0 0
223 3 0 0 0 0 0 0 0 0
225 5 1 1 1 0 0 0 0 0
234 3 2 2 0 0 0 0 0 0
252 20 2 2 8 0 0 2 0 0
255 17 2 2 2 0 0 1 0 0
259 181 0 0 35 0 0 2 0 0
266 9 0 0 3 0 0 0 0 0
268 6 1 1 0 0 0 0 0 0
270 9 0 0 0 0 0 0 0 0
283 9 1 1 3 0 0 0 0 0
284 12 0 0 0 0 0 3 0 0
286 9 0 0 3 0 0 0 0 0
287 12 1 1 0 0 0 0 0 0
296 18 1 1 3 0 0 3 0 0
297 3 0 0 0 0 0 3 0 0
303 3 0 0 3 0 0 0 0 0
305 21 0 0 3 0 0 3 0 0
306 9 0 0 3 0 0 0 0 0
311 3 1 1 0 0 0 0 0 0
343 1 0 0 0 0 0 2 0 0
372 21 1 1 6 0 0 0 0 0
378 6 1 1 1 0 0 0 0 0
386 2 0 0 0 0 0 1 0 0
387 2 0 0 1 0 0 0 0 0
392 3 0 0 0 0 0 0 0 0
395 1 0 0 0 0 0 0 0 0
426 13 2 2 2 1 0 11 2 2
436 14 0 0 11 0 0 0 0 0
fl=./stdlib/./stdlib/cxa_atexit.c
fn=__cxa_atexit
67 108 3 3 0 0 0 108 0 0
68 162 0 0 0 0 0 0 0 0
69 54 3 3 108 0 0 0 0 0
fn=__internal_atexit
36 216 3 3 0 0 0 324 0 0
41 54 0 0 0 0 0 0 0 0
43 540 3 3 54 1 0 0 0 0
44 162 0 0 0 0 0 0 0 0
46 54 0 0 0 0 0 0 0 0
52 216 0 0 108 5 3 0 0 0
53 54 0 0 0 0 0 108 0 0
55 54 0 0 0 0 0 108 15 14
56 54 0 0 0 0 0 0 0 0
57 324 3 3 54 0 0 0 0 0
58 54 0 0 0 0 0 0 0 0
59 216 0 0 324 0 0 0 0 0
fn=__new_exitfn
80 216 3 3 0 0 0 216 0 0
81 54 0 0 0 0 0 0 0 0
86 162 0 0 54 3 3 0 0 0
91 219 0 0 55 3 3 0 0 0
93 161 3 3 54 3 2 0 0 0
94 266 0 0 53 1 1 0 0 0
101 1 0 0 0 0 0 1 0 0
104 106 2 2 0 0 0 0 0 0
108 1 0 0 0 0 0 0 0 0
112 4 1 1 0 0 0 0 0 0
113 1 0 0 0 0 0 0 0 0
115 1 0 0 0 0 0 1 0 0
116 1 0 0 0 0 0 1 0 0
122 2 0 0 0 0 0 0 0 0
123 4 1 1 0 0 0 2 0 0
129 104 0 0 0 0 0 0 0 0
130 104 0 0 0 0 0 52 0 0
134 2 0 0 0 0 0 0 0 0
136 108 0 0 0 0 0 54 1 1
137 216 1 1 54 0 0 54 0 0
141 162 0 0 216 0 0 0 0 0
fl=./stdlib/./stdlib/cxa_finalize.c
fn=__cxa_finalize
30 280 0 0 0 0 0 420 0 0
33 210 2 2 35 0 0 0 0 0
36 175 1 1 70 1 0 0 0 0
40 210 0 0 35 3 0 0 0 0
43 35 0 0 0 0 0 0 0 0
78 70 0 0 35 3 1 0 0 0
81 70 0 0 35 0 0 0 0 0
93 175 0 0 70 0 0 0 0 0
97 210 1 1 35 1 1 0 0 0
104 35 0 0 0 0 0 0 0 0
105 70 0 0 0 0 0 0 0 0
106 210 1 1 35 0 0 0 0 0
107 245 0 0 420 0 0 0 0 0
fl=./stdlib/./stdlib/cxa_thread_atexit_impl.c
fn=__call_tls_dtors
148 4 1 1 0 0 0 6 1 1
149 5 0 0 2 0 0 0 0 0
165 4 2 2 6 0 0 0 0 0
fl=./stdlib/./stdlib/exit.c
fn=__run_exit_handlers
38 10 2 2 0 0 0 12 1 1
40 1 0 0 0 0 0 0 0 0
41 2 1 1 0 0 0 0 0 0
43 6 0 0 1 0 0 0 0 0
54 2 0 0 2 1 1 0 0 0
56 2 0 0 0 0 0 0 0 0
60 3 0 0 0 0 0 1 1 1
64 112 3 1 56 1 1 0 0 0
66 108 0 0 0 0 0 54 0 0
67 55 0 0 54 1 1 0 0 0
69 324 0 0 54 26 26 0 0 0
91 2 0 0 1 1 1 0 0 0
94 2 0 0 1 0 0 0 0 0
101 54 0 0 0 0 0 54 0 0
103 54 2 1 108 1 0 0 0 0
104 108 1 1 54 1 1 0 0 0
107 270 0 0 0 0 0 0 0 0
108 162 0 0 0 0 0 0 0 0
109 270 2 0 0 0 0 0 0 0
113 162 3 1 54 1 0 0 0 0
119 4 1 1 2 0 0 2 0 0
120 2 0 0 0 0 0 0 0 0
123 2 0 0 0 0 0 0 0 0
126 6 1 0 1 0 0 0 0 0
128 1 0 0 0 0 0 0 0 0
129 2 1 0 0 0 0 0 0 0
131 2 0 0 0 0 0 0 0 0
fn=exit
137 2 1 1 0 0 0 2 0 0
138 5 1 1 0 0 0 0 0 0
fl=./stdlib/./stdlib/getenv.c
fn=getenv
24 657 0 0 0 0 0 876 1 0
25 1971 33 20 657 62 41 657 0 0
28 438 0 0 0 0 0 0 0 0
29 7328 0 0 3664 43 30 0 0 0
31 10353 0 0 3451 139 87 0 0 0
32 3838 14 6 6 0 0 0 0 0
33 24 0 0 18 0 0 0 0 0
37 1302 19 13 1515 0 0 0 0 0
fl=./stdlib/./stdlib/grouping.c
fn=__correctly_grouped_prefixmb
54 21 3 1 0 0 0 21 6 4
55 3 0 0 0 0 0 0 0 0
56 3 3 2 0 0 0 3 0 0
185 15 0 0 21 0 0 0 0 0
fl=./stdlib/./stdlib/lshift.c
fn=__mpn_lshift
37 34 0 0 0 0 0 34 0 0
63 17 0 0 0 0 0 0 0 0
64 34 0 0 0 0 0 0 0 0
66 34 17 1 17 0 0 0 0 0
67 17 0 0 0 0 0 0 0 0
69 34 0 0 0 0 0 0 0 0
75 34 17 1 0 0 0 17 0 0
78 34 0 0 34 0 0 0 0 0
fl=./stdlib/./stdlib/mbstowcs.c
fn=mbstowcs
28 13032 1318 423 2896 1 0 5792 0 0
31 1448 0 0 0 0 0 1448 0 0
33 4344 0 0 0 0 0 0 0 0
34 14480 659 210 7240 0 0 0 0 0
fl=./stdlib/./stdlib/qsort.c
fn=msort_with_tmp.part.0
196 39140 48 36 0 0 0 50882 471 162
201 28278 0 0 0 0 0 0 0 0
204 3914 0 0 0 0 0 0 0 0
205 3914 0 0 0 0 0 0 0 0
206 3914 13 8 3914 16 0 0 0 0
207 7828 0 0 3914 0 0 0 0 0
212 3914 0 0 3914 0 0 0 0 0
213 3914 0 0 3914 0 0 0 0 0
215 3914 0 0 7828 0 0 0 0 0
216 23484 48 28 3914 0 0 0 0 0
237 60766 0 0 0 0 0 0 0 0
239 114132 8 8 0 0 0 0 0 0
241 9944 0 0 9944 0 0 0 0 0
243 19888 0 0 0 0 0 0 0 0
247 9078 0 0 9078 0 0 0 0 0
249 28100 0 0 0 0 0 19022 281 56
273 2400 0 0 0 0 0 0 0 0
275 4634 11 9 0 0 0 0 0 0
277 1845 0 0 0 0 0 0 0 0
278 615 10 8 0 0 0 0 0 0
279 615 0 0 0 0 0 0 0 0
283 2080 0 0 0 0 0 0 0 0
284 47 0 0 0 0 0 0 0 0
285 47 0 0 0 0 0 0 0 0
291 3914 0 0 0 0 0 0 0 0
293 3914 14 9 0 0 0 0 0 0
294 23484 24 12 46968 69 0 0 0 0
fn=qsort
404 96 22 15 0 0 0 96 0 0
405 96 0 0 0 0 0 0 0 0
406 48 0 0 96 0 0 0 0 0
fn=qsort_r
132 288 0 0 0 0 0 0 0 0
134 96 0 0 0 0 0 0 0 0
135 48 23 19 0 0 0 0 0 0
136 96 0 0 0 0 0 0 0 0
140 207 0 0 0 0 0 0 0 0
201 48 0 0 0 0 0 0 0 0
344 528 22 16 96 62 6 288 22 4
345 432 20 17 0 0 0 192 0 0
350 48 0 0 0 0 0 0 0 0
353 240 0 0 0 0 0 96 0 0
356 96 0 0 0 0 0 0 0 0
357 96 22 17 0 0 0 0 0 0
360 6 2 2 2 2 0 2 0 0
361 2 0 0 0 0 0 0 0 0
362 1 0 0 0 0 0 1 0 0
363 4 0 0 2 0 0 0 0 0
385 192 0 0 0 0 0 240 44 20
396 96 17 12 0 0 0 0 0 0
397 290 0 0 288 17 0 0 0 0
398 528 22 16 336 61 0 0 0 0
fl=./stdlib/./stdlib/secure-getenv.c
fn=secure_getenv
28 8 0 0 0 0 0 8 0 0
29 20 3 2 8 5 1 0 0 0
30 4 0 0 8 0 0 0 0 0
fl=./stdlib/./stdlib/setenv.c
fn=__add_to_environ
118 44 4 2 0 0 0 52 0 0
128 8 4 2 0 0 0 0 0 0
130 4 0 0 0 0 0 0 0 0
131 16 8 4 4 0 0 4 0 0
133 28 0 0 0 0 0 0 0 0
137 12 0 0 8 5 2 0 0 0
139 68 4 2 0 0 0 0 0 0
140 4 0 0 0 0 0 0 0 0
142 134 0 0 67 7 3 0 0 0
143 323 0 0 1 0 0 0 0 0
146 63 0 0 0 0 0 0 0 0
155 9 0 0 3 0 0 3 0 0
156 15 3 2 0 0 0 0 0 0
157 3 0 0 0 0 0 0 0 0
158 6 0 0 3 0 0 0 0 0
164 9 0 0 3 0 0 0 0 0
165 3 0 0 0 0 0 0 0 0
168 6 0 0 0 0 0 6 0 0
172 9 3 2 0 0 0 6 0 0
174 16 1 0 4 0 0 0 0 0
179 4 0 0 0 0 0 0 0 0
183 4 0 0 0 0 0 0 0 0
185 16 4 2 4 0 0 0 0 0
186 4 0 0 0 0 0 0 0 0
192 40 0 0 8 0 0 4 0 0
200 30 5 3 1 0 0 0 0 0
201 1 0 0 0 0 0 0 0 0
208 18 0 0 0 0 0 0 0 0
212 3 0 0 0 0 0 0 0 0
216 4 0 0 0 0 0 4 0 0
219 24 0 0 0 0 0 0 0 0
221 4 0 0 0 0 0 0 0 0
222 28 0 0 48 0 0 0 0 0
fn=setenv
226 20 0 0 0 0 0 16 0 0
227 32 8 4 4 1 1 4 0 0
233 24 0 0 4 0 0 0 0 0
234 8 0 0 16 0 0 0 0 0
fn=unsetenv
238 12 3 2 0 0 0 12 0 0
242 18 3 2 3 0 0 0 0 0
248 15 0 0 0 0 0 9 0 0
250 21 3 2 0 0 0 0 0 0
252 9 0 0 6 3 2 0 0 0
253 3 0 0 0 0 0 0 0 0
254 108 3 2 54 4 3 0 0 0
256 261 0 0 2 0 0 0 0 0
259 2 0 0 0 0 0 0 0 0
262 6 2 1 3 0 0 3 0 0
263 5 0 0 0 0 0 0 0 0
267 49 0 0 0 0 0 0 0 0
270 21 0 0 6 0 0 0 0 0
272 6 0 0 3 0 0 0 0 0
273 9 0 0 12 0 0 0 0 0
fl=./stdlib/./stdlib/srand48.c
fn=srand48
23 6 3 3 0 0 0 6 0 0
24 9 0 0 0 0 0 0 0 0
25 3 3 3 6 0 0 0 0 0
fl=./stdlib/./stdlib/srand48_r.c
fn=srand48_r
23 9 0 0 0 0 0 6 0 0
29 3 3 3 0 0 0 3 0 0
30 6 0 0 0 0 0 3 3 3
32 12 0 0 0 0 0 3 0 0
33 9 0 0 0 0 0 3 3 3
37 9 0 0 6 0 0 0 0 0
fl=./stdlib/./stdlib/wcstombs.c
fn=wcstombs
28 45 10 2 10 4 1 20 0 0
31 5 0 0 0 0 0 5 0 0
34 15 0 0 0 0 0 0 0 0
35 50 5 1 25 0 0 0 0 0
fl=./stdlib/./strtod_l.c
fn=____strtold_l_internal
378 17 17 1 0 0 0 17 5 3
379 204 17 1 0 0 0 0 0 0
508 360 32 2 40 0 0 280 20 5
514 26 0 0 0 0 0 0 0 0
553 20 0 0 0 0 0 0 0 0
561 20 0 0 20 20 8 0 0 0
563 20 0 0 0 0 0 0 0 0
587 20 0 0 0 0 0 0 0 0
595 20 0 0 20 16 1 0 0 0
596 60 0 0 0 0 0 0 0 0
597 20 0 0 0 0 0 0 0 0
601 20 0 0 0 0 0 20 20 5
602 12 0 0 0 0 0 12 0 0
607 20 0 0 0 0 0 0 0 0
610 40 0 0 20 0 0 0 0 0
611 80 16 2 40 29 6 0 0 0
614 40 0 0 0 0 0 0 0 0
616 24 0 0 0 0 0 8 0 0
617 16 8 1 8 0 0 0 0 0
619 24 0 0 0 0 0 0 0 0
632 100 0 0 20 0 0 0 0 0
633 60 16 1 20 0 0 0 0 0
641 80 0 0 0 0 0 0 0 0
685 3 3 0 0 0 0 6 0 0
689 52 6 4 6 3 1 0 0 0
708 74 0 0 0 0 0 0 0 0
709 6 0 0 0 0 0 0 0 0
710 3 0 0 3 0 0 0 0 0
723 34 15 2 0 0 0 0 0 0
732 29 0 0 23 0 0 0 0 0
733 18 0 0 0 0 0 0 0 0
734 21 3 2 0 0 0 0 0 0
739 18 6 5 0 0 0 0 0 0
740 9 3 0 3 0 0 0 0 0
752 3 0 0 0 0 0 0 0 0
760 21 6 6 0 0 0 6 5 4
765 27 0 0 9 0 0 3 0 0
773 38 17 2 0 0 0 0 0 0
775 203 15 3 0 0 0 0 0 0
776 34 0 0 0 0 0 0 0 0
779 76 17 2 0 0 0 0 0 0
788 17 0 0 0 0 0 0 0 0
801 76 0 0 38 0 0 0 0 0
804 51 0 0 0 0 0 0 0 0
846 51 0 0 0 0 0 0 0 0
855 17 0 0 0 0 0 0 0 0
856 68 17 3 17 0 0 0 0 0
874 17 0 0 0 0 0 0 0 0
880 51 0 0 34 13 2 0 0 0
881 119 0 0 0 0 0 0 0 0
882 51 17 1 0 0 0 0 0 0
980 17 17 1 0 0 0 0 0 0
1013 34 0 0 0 0 0 0 0 0
1023 85 17 2 17 0 0 0 0 0
1042 17 0 0 0 0 0 0 0 0
1043 17 0 0 0 0 0 17 0 0
1048 17 17 3 0 0 0 0 0 0
1072 34 0 0 17 0 0 0 0 0
1081 34 17 3 0 0 0 0 0 0
1175 68 34 6 0 0 0 0 0 0
1176 17 0 0 0 0 0 0 0 0
1177 34 0 0 0 0 0 17 0 0
1180 68 0 0 0 0 0 0 0 0
1192 51 0 0 0 0 0 0 0 0
1195 17 0 0 0 0 0 0 0 0
1204 34 0 0 0 0 0 0 0 0
1224 17 0 0 34 0 0 0 0 0
1248 51 17 2 17 0 0 0 0 0
1249 34 0 0 0 0 0 0 0 0
1253 34 0 0 0 0 0 0 0 0
1259 34 0 0 0 0 0 0 0 0
1291 34 0 0 0 0 0 0 0 0
1294 85 17 2 0 0 0 0 0 0
1296 34 0 0 0 0 0 0 0 0
1302 68 0 0 0 0 0 17 0 0
1304 34 0 0 0 0 0 0 0 0
1306 153 17 3 0 0 0 0 0 0
1310 34 0 0 0 0 0 0 0 0
1325 170 47 6 17 0 0 17 3 2
1770 340 20 2 320 0 0 0 0 0
fn=round_and_return
215 187 17 1 0 0 0 187 0 0
218 51 0 0 0 0 0 0 0 0
226 17 0 0 0 0 0 0 0 0
236 17 0 0 17 0 0 0 0 0
313 51 17 3 0 0 0 0 0 0
316 34 0 0 0 0 0 0 0 0
319 102 17 2 0 0 0 0 0 0
320 17 0 0 0 0 0 0 0 0
350 17 0 0 0 0 0 0 0 0
355 102 0 0 0 0 0 0 0 0
356 102 17 3 187 0 0 0 0 0
fn=str_to_mpn.part.0.constprop.0
365 255 34 3 0 0 0 221 26 9
374 17 0 0 0 0 0 0 0 0
375 17 0 0 0 0 0 0 0 0
382 76 17 2 0 0 0 0 0 0
387 17 0 0 0 0 0 0 0 0
392 51 17 1 0 0 0 0 0 0
413 190 0 0 38 0 0 0 0 0
426 190 0 0 0 0 0 0 0 0
427 38 0 0 0 0 0 0 0 0
429 76 0 0 0 0 0 0 0 0
431 68 17 1 34 0 0 0 0 0
438 51 0 0 34 23 7 0 0 0
440 34 17 1 17 0 0 0 0 0
442 17 0 0 0 0 0 17 3 0
443 34 0 0 0 0 0 17 0 0
458 136 17 1 204 0 0 0 0 0
fn=strtold_l
1782 60 16 3 0 0 0 40 0 0
1783 40 0 0 0 0 0 0 0 0
1784 20 16 3 40 0 0 0 0 0
fl=./string/../include/rtld-malloc.h
fn=strdup
56 152 32 23 38 30 0 0 0 0
fl=./string/../string/bits/string_fortified.h
fn=memmem
59 72 3 1 6 1 0 96 0 0
fn=strcspn
59 60 6 1 0 0 0 96 0 0
fn=strdup
29 40 0 0 0 0 0 0 0 0
fn=strndup
29 4 0 0 0 0 0 0 0 0
fl=./string/../sysdeps/aarch64/memcmp.S
fn=bcmp
46 2168964 982116 2494 0 0 0 0 0 0
51 2168964 0 0 0 0 0 0 0 0
52 2168964 0 0 0 0 0 0 0 0
53 926943 0 0 1853886 7976 3706 0 0 0
54 926943 0 0 1853886 373 166 0 0 0
55 926943 0 0 0 0 0 0 0 0
56 926943 0 0 0 0 0 0 0 0
57 926943 0 0 0 0 0 0 0 0
59 547976 0 0 0 0 0 0 0 0
60 547976 0 0 0 0 0 0 0 0
61 547976 0 0 0 0 0 0 0 0
62 547976 0 0 0 0 0 0 0 0
63 6567 0 0 0 0 0 0 0 0
64 6567 0 0 0 0 0 0 0 0
65 10096 0 0 0 0 0 0 0 0
69 7187 4821 2805 14374 179 54 0 0 0
70 7187 0 0 14374 162 68 0 0 0
71 7187 0 0 0 0 0 0 0 0
72 7187 0 0 0 0 0 0 0 0
73 7187 0 0 0 0 0 0 0 0
74 7187 0 0 0 0 0 0 0 0
75 7187 0 0 0 0 0 0 0 0
77 2739 0 0 5478 412 56 0 0 0
78 2739 0 0 5478 418 126 0 0 0
79 2739 0 0 0 0 0 0 0 0
80 2739 0 0 0 0 0 0 0 0
81 2739 0 0 0 0 0 0 0 0
82 2739 0 0 0 0 0 0 0 0
83 2739 0 0 0 0 0 0 0 0
85 4257 759 3 0 0 0 0 0 0
86 4257 0 0 0 0 0 0 0 0
90 547975 506086 12139 1095950 2104 997 0 0 0
91 547975 0 0 1095950 124 76 0 0 0
93 2060244 377388 14 0 0 0 0 0 0
94 2060244 0 0 0 0 0 0 0 0
95 2060244 0 0 0 0 0 0 0 0
100 2081397 0 0 0 0 0 0 0 0
101 2081397 0 0 0 0 0 0 0 0
103 2081397 0 0 0 0 0 0 0 0
104 2081397 0 0 0 0 0 0 0 0
105 2081397 0 0 0 0 0 0 0 0
106 2081397 0 0 0 0 0 0 0 0
110 1242021 158685 609 0 0 0 0 0 0
111 1242021 0 0 0 0 0 0 0 0
112 1242021 0 0 0 0 0 0 0 0
113 261383 0 0 261383 10490 211 0 0 0
114 261383 17227 376 261383 2005 1309 0 0 0
115 261383 0 0 261383 15294 909 0 0 0
116 261383 0 0 261383 1209 909 0 0 0
117 261383 0 0 0 0 0 0 0 0
121 980638 146946 38451 0 0 0 0 0 0
122 871919 0 0 871919 5102 1635 0 0 0
123 871919 0 0 871919 839 701 0 0 0
124 871919 0 0 871919 0 0 0 0 0
125 871919 0 0 871919 0 0 0 0 0
126 871919 0 0 0 0 0 0 0 0
129 108719 0 0 0 0 0 0 0 0
130 39238 0 0 39238 5 1 0 0 0
131 39238 0 0 39238 417 400 0 0 0
132 39238 0 0 0 0 0 0 0 0
133 39238 0 0 0 0 0 0 0 0
135 87566 0 0 0 0 0 0 0 0
136 87566 74368 1620 0 0 0 0 0 0
137 81488 0 0 81488 1132 305 0 0 0
138 81488 0 0 81488 485 180 0 0 0
139 81488 0 0 0 0 0 0 0 0
141 87566 0 0 0 0 0 0 0 0
144 1519 760 3 3038 0 0 0 0 0
145 1519 0 0 3038 0 0 0 0 0
146 1519 0 0 0 0 0 0 0 0
147 1519 0 0 0 0 0 0 0 0
148 1519 0 0 0 0 0 0 0 0
151 1519 0 0 0 0 0 0 0 0
152 1519 0 0 0 0 0 0 0 0
153 1519 0 0 0 0 0 0 0 0
154 1519 0 0 0 0 0 0 0 0
155 1519 0 0 0 0 0 0 0 0
156 1519 0 0 0 0 0 0 0 0
160 4555 761 4 4555 0 0 0 0 0
161 4555 0 0 4555 0 0 0 0 0
162 4555 0 0 0 0 0 0 0 0
163 4555 0 0 4555 0 0 0 0 0
164 4555 0 0 4555 0 0 0 0 0
165 4555 0 0 0 0 0 0 0 0
166 4555 0 0 0 0 0 0 0 0
167 4555 0 0 4555 1 0 0 0 0
168 4555 0 0 4555 0 0 0 0 0
169 4555 0 0 0 0 0 0 0 0
170 4555 0 0 4555 0 0 0 0 0
171 4555 0 0 4555 1 0 0 0 0
172 4555 0 0 0 0 0 0 0 0
173 4555 0 0 0 0 0 0 0 0
174 4555 0 0 0 0 0 0 0 0
175 4555 0 0 0 0 0 0 0 0
176 4555 762 4 0 0 0 0 0 0
177 4555 0 0 0 0 0 0 0 0
178 4555 0 0 0 0 0 0 0 0
179 4555 0 0 0 0 0 0 0 0
182 1519 0 0 0 0 0 0 0 0
183 1519 0 0 0 0 0 0 0 0
189 1 0 0 0 0 0 0 0 0
190 1 0 0 0 0 0 0 0 0
191 1 0 0 0 0 0 0 0 0
192 1 0 0 0 0 0 0 0 0
193 1 0 0 1 0 0 0 0 0
194 1 0 0 1 0 0 0 0 0
196 1 0 0 0 0 0 0 0 0
197 1 0 0 0 0 0 0 0 0
199 1 0 0 0 0 0 0 0 0
200 1 0 0 0 0 0 0 0 0
201 1 1 1 0 0 0 0 0 0
202 1 0 0 0 0 0 0 0 0
fl=./string/../sysdeps/aarch64/memrchr.S
fn=memrchr
57 21366 20387 1015 0 0 0 0 0 0
60 21366 0 0 0 0 0 0 0 0
61 21366 0 0 0 0 0 0 0 0
62 21366 0 0 0 0 0 0 0 0
63 21366 0 0 0 0 0 0 0 0
64 21366 0 0 21366 2099 28 0 0 0
65 21366 0 0 0 0 0 0 0 0
66 21366 0 0 0 0 0 0 0 0
67 21366 0 0 0 0 0 0 0 0
68 21366 0 0 0 0 0 0 0 0
69 21366 0 0 0 0 0 0 0 0
70 21366 0 0 0 0 0 0 0 0
71 21366 0 0 0 0 0 0 0 0
73 2213 0 0 0 0 0 0 0 0
74 2213 0 0 0 0 0 0 0 0
75 2213 0 0 0 0 0 0 0 0
76 2213 2211 294 0 0 0 0 0 0
77 2213 0 0 0 0 0 0 0 0
81 19153 19152 1481 0 0 0 0 0 0
82 19153 0 0 0 0 0 0 0 0
85 19153 0 0 0 0 0 0 0 0
86 19153 0 0 0 0 0 0 0 0
87 1226 0 0 0 0 0 0 0 0
91 1230 0 0 1230 83 0 0 0 0
92 1230 0 0 0 0 0 0 0 0
93 1230 0 0 0 0 0 0 0 0
94 1230 0 0 0 0 0 0 0 0
95 1230 0 0 0 0 0 0 0 0
98 17948 0 0 17948 3 0 0 0 0
99 17948 0 0 0 0 0 0 0 0
100 17948 0 0 0 0 0 0 0 0
101 17948 17937 779 0 0 0 0 0 0
102 17948 0 0 0 0 0 0 0 0
103 17948 0 0 0 0 0 0 0 0
104 17948 0 0 0 0 0 0 0 0
106 17944 0 0 0 0 0 0 0 0
108 19153 1195 296 0 0 0 0 0 0
109 19153 0 0 0 0 0 0 0 0
111 19153 0 0 0 0 0 0 0 0
115 19153 0 0 0 0 0 0 0 0
116 19153 0 0 0 0 0 0 0 0
117 19153 0 0 0 0 0 0 0 0
118 19153 0 0 0 0 0 0 0 0
119 19153 0 0 0 0 0 0 0 0
fl=./string/../sysdeps/aarch64/multiarch/../memchr.S
fn=__GI_memchr
59 21005 19748 17557 0 0 0 0 0 0
62 21005 0 0 0 0 0 0 0 0
63 21005 0 0 0 0 0 0 0 0
64 20991 0 0 20991 30 2 0 0 0
65 20991 0 0 0 0 0 0 0 0
66 20991 0 0 0 0 0 0 0 0
67 20991 0 0 0 0 0 0 0 0
68 20991 0 0 0 0 0 0 0 0
69 20991 0 0 0 0 0 0 0 0
70 20991 0 0 0 0 0 0 0 0
71 20991 0 0 0 0 0 0 0 0
73 19329 0 0 0 0 0 0 0 0
74 19329 0 0 0 0 0 0 0 0
75 19329 0 0 0 0 0 0 0 0
76 19329 0 0 0 0 0 0 0 0
77 19329 0 0 0 0 0 0 0 0
78 19329 18991 12229 0 0 0 0 0 0
82 1662 907 352 0 0 0 0 0 0
83 1662 0 0 0 0 0 0 0 0
84 1662 0 0 0 0 0 0 0 0
85 1662 0 0 0 0 0 0 0 0
88 1627 0 0 0 0 0 0 0 0
89 1071 0 0 0 0 0 0 0 0
92 10509 0 0 10509 292 100 0 0 0
93 10509 0 0 0 0 0 0 0 0
94 10509 0 0 0 0 0 0 0 0
95 10509 0 0 0 0 0 0 0 0
96 10509 0 0 0 0 0 0 0 0
99 10445 0 0 10445 3706 69 0 0 0
100 10445 0 0 0 0 0 0 0 0
101 10445 0 0 0 0 0 0 0 0
102 10445 615 200 0 0 0 0 0 0
103 10445 0 0 0 0 0 0 0 0
104 10445 0 0 0 0 0 0 0 0
105 10445 0 0 0 0 0 0 0 0
107 1007 0 0 0 0 0 0 0 0
109 1627 310 258 0 0 0 0 0 0
110 1627 0 0 0 0 0 0 0 0
111 1627 0 0 0 0 0 0 0 0
112 1627 0 0 0 0 0 0 0 0
114 1627 0 0 0 0 0 0 0 0
116 1627 0 0 0 0 0 0 0 0
117 1627 0 0 0 0 0 0 0 0
118 1627 0 0 0 0 0 0 0 0
119 1627 0 0 0 0 0 0 0 0
120 1627 0 0 0 0 0 0 0 0
123 49 44 22 0 0 0 0 0 0
124 49 45 29 0 0 0 0 0 0
fl=./string/../sysdeps/aarch64/multiarch/../memcpy.S
fn=__GI_memcpy
72 8982688 868971 871 0 0 0 0 0 0
77 8982688 0 0 0 0 0 0 0 0
78 8982688 0 0 0 0 0 0 0 0
79 8982688 0 0 0 0 0 0 0 0
80 8982688 0 0 0 0 0 0 0 0
81 7795962 0 0 0 0 0 0 0 0
82 7795962 0 0 0 0 0 0 0 0
85 7574015 0 0 0 0 0 0 0 0
86 7574015 0 0 0 0 0 0 0 0
87 4857588 0 0 4857588 360781 10745 0 0 0
88 4857588 0 0 4857588 1296 572 0 0 0
89 4857588 0 0 0 0 0 4857588 867263 471825
90 4857588 0 0 0 0 0 4857588 35829 34282
91 4857588 0 0 0 0 0 0 0 0
95 2736074 5421 0 0 0 0 0 0 0
96 1981525 0 0 1981525 70329 15657 0 0 0
97 1981525 476481 2005 1981525 1084 1059 0 0 0
98 1981525 0 0 0 0 0 1981525 348044 33927
99 1981525 0 0 0 0 0 1981525 177 113
100 1981525 0 0 0 0 0 0 0 0
104 754549 177742 631 0 0 0 0 0 0
105 264285 0 0 264285 629 473 0 0 0
106 264285 0 0 264285 57 57 0 0 0
107 264285 0 0 0 0 0 264285 386 243
108 264285 0 0 0 0 0 264285 642 597
109 264285 0 0 0 0 0 0 0 0
113 490264 0 0 0 0 0 0 0 0
114 480666 0 0 0 0 0 0 0 0
115 480666 0 0 480666 1346 854 0 0 0
116 480666 0 0 480666 143 140 0 0 0
117 480666 0 0 480666 0 0 0 0 0
118 480666 0 0 0 0 0 480666 336 192
119 480666 168561 35137 0 0 0 480666 25 24
120 480666 0 0 0 0 0 480666 14 13
122 490264 2749 23 0 0 0 0 0 0
127 309503 43550 250 619006 11662 6440 0 0 0
128 309503 0 0 619006 11922 6889 0 0 0
129 309503 0 0 0 0 0 0 0 0
130 309503 0 0 0 0 0 0 0 0
131 113519 0 0 0 0 0 227038 17152 2124
132 113519 0 0 0 0 0 227038 1301 360
133 113519 0 0 0 0 0 0 0 0
138 195984 0 0 391968 33 1 0 0 0
139 195984 0 0 0 0 0 0 0 0
140 195984 0 0 0 0 0 0 0 0
141 49705 0 0 99410 0 0 0 0 0
142 49705 13707 58 0 0 0 99410 13684 8683
144 195984 139889 1803 0 0 0 391968 34045 5208
145 195984 0 0 0 0 0 391968 27116 8281
146 195984 0 0 0 0 0 391968 10740 2615
147 195984 0 0 0 0 0 0 0 0
155 1186764 96482 640 1186764 323433 52453 0 0 0
156 1186764 0 0 0 0 0 0 0 0
157 1186764 0 0 0 0 0 0 0 0
158 1186764 0 0 0 0 0 0 0 0
159 1186764 0 0 0 0 0 0 0 0
160 1186764 0 0 2373528 261788 45891 0 0 0
161 1186764 0 0 0 0 0 1186764 17759 5304
162 1186764 0 0 2373528 288713 11176 0 0 0
163 1186764 0 0 0 0 0 0 0 0
164 1186764 0 0 0 0 0 0 0 0
166 4385913 71039 36691 0 0 0 8771826 2383523 1625578
167 4385913 0 0 8771826 2548758 1620721 0 0 0
168 4385913 0 0 0 0 0 8771826 1948438 1323961
169 4385913 0 0 8771826 1182488 854944 0 0 0
170 4385913 0 0 0 0 0 0 0 0
171 4385913 0 0 0 0 0 0 0 0
172 4385913 0 0 0 0 0 0 0 0
173 4385913 0 0 0 0 0 0 0 0
177 1186764 40769 15808 2373528 253464 11606 0 0 0
178 1186764 0 0 0 0 0 2373528 612380 395860
179 1186764 0 0 2373528 239726 9000 0 0 0
180 1186764 0 0 0 0 0 2373528 351602 222496
181 1186764 0 0 0 0 0 2373528 217837 95376
182 1186764 0 0 0 0 0 2373528 171013 116821
183 1186764 0 0 0 0 0 0 0 0
fn=__GI_memmove
189 204921 6735 2064 0 0 0 0 0 0
194 204921 0 0 0 0 0 0 0 0
195 204921 0 0 0 0 0 0 0 0
196 204921 0 0 0 0 0 0 0 0
197 204921 0 0 0 0 0 0 0 0
198 134460 0 0 0 0 0 0 0 0
199 134460 0 0 0 0 0 0 0 0
202 46904 0 0 0 0 0 0 0 0
203 46904 0 0 0 0 0 0 0 0
204 27257 0 0 27257 53 3 0 0 0
205 27257 0 0 27257 2 1 0 0 0
206 27257 0 0 0 0 0 27257 0 0
207 27257 0 0 0 0 0 27257 0 0
208 27257 0 0 0 0 0 0 0 0
212 70461 0 0 0 0 0 0 0 0
213 70461 0 0 0 0 0 0 0 0
214 70461 5586 1308 0 0 0 0 0 0
215 70461 0 0 0 0 0 0 0 0
220 70423 0 0 70423 0 0 0 0 0
221 70423 0 0 0 0 0 0 0 0
222 70423 0 0 0 0 0 0 0 0
223 70423 0 0 0 0 0 0 0 0
224 70423 0 0 140846 0 0 0 0 0
225 70423 0 0 0 0 0 70423 0 0
226 70423 0 0 140846 0 0 0 0 0
227 70423 0 0 0 0 0 0 0 0
228 70423 0 0 0 0 0 0 0 0
229 70423 0 0 0 0 0 0 0 0
232 96825 0 0 0 0 0 96825 0 0
233 96825 0 0 0 0 0 96825 0 0
234 96825 0 0 193650 0 0 0 0 0
235 96825 0 0 0 0 0 96825 0 0
236 96825 418 418 0 0 0 96825 0 0
237 96825 0 0 193650 0 0 0 0 0
238 96825 0 0 0 0 0 0 0 0
239 96825 0 0 0 0 0 0 0 0
240 96825 0 0 0 0 0 0 0 0
244 70423 5143 1739 140846 0 0 0 0 0
245 70423 0 0 0 0 0 140846 0 0
246 70423 0 0 140846 0 0 0 0 0
247 70423 0 0 0 0 0 140846 0 0
248 70423 0 0 0 0 0 140846 0 0
249 70423 0 0 0 0 0 140846 0 0
251 70423 0 0 0 0 0 0 0 0
fn=memcpy
72 257 43 24 0 0 0 0 0 0
77 257 0 0 0 0 0 0 0 0
78 257 0 0 0 0 0 0 0 0
79 257 0 0 0 0 0 0 0 0
80 257 0 0 0 0 0 0 0 0
81 257 0 0 0 0 0 0 0 0
82 257 0 0 0 0 0 0 0 0
85 129 0 0 0 0 0 0 0 0
86 129 0 0 0 0 0 0 0 0
87 54 0 0 54 1 0 0 0 0
88 54 0 0 54 0 0 0 0 0
89 54 0 0 0 0 0 54 3 3
90 54 0 0 0 0 0 54 2 2
91 54 0 0 0 0 0 0 0 0
95 75 0 0 0 0 0 0 0 0
96 55 0 0 55 2 1 0 0 0
97 55 10 10 55 0 0 0 0 0
98 55 0 0 0 0 0 55 15 14
99 55 0 0 0 0 0 55 0 0
100 55 0 0 0 0 0 0 0 0
104 20 5 3 0 0 0 0 0 0
113 20 0 0 0 0 0 0 0 0
114 1 0 0 0 0 0 0 0 0
115 1 0 0 1 1 1 0 0 0
116 1 0 0 1 0 0 0 0 0
117 1 0 0 1 0 0 0 0 0
118 1 0 0 0 0 0 1 1 1
119 1 1 1 0 0 0 1 0 0
120 1 0 0 0 0 0 1 0 0
122 20 2 2 0 0 0 0 0 0
127 128 22 22 256 0 0 0 0 0
128 128 0 0 256 0 0 0 0 0
129 128 0 0 0 0 0 0 0 0
130 128 0 0 0 0 0 0 0 0
131 61 0 0 0 0 0 122 11 9
132 61 0 0 0 0 0 122 10 10
133 61 0 0 0 0 0 0 0 0
138 67 0 0 134 0 0 0 0 0
139 67 0 0 0 0 0 0 0 0
140 67 0 0 0 0 0 0 0 0
144 67 22 22 0 0 0 134 12 11
145 67 0 0 0 0 0 134 12 9
146 67 0 0 0 0 0 134 12 12
147 67 0 0 0 0 0 0 0 0
fl=./string/../sysdeps/aarch64/multiarch/../strlen.S
fn=__GI_strlen
50 4592 836 261 0 0 0 0 0 0
52 4592 0 0 0 0 0 0 0 0
53 4592 0 0 4592 847 286 0 0 0
54 4592 0 0 0 0 0 0 0 0
55 4592 0 0 0 0 0 0 0 0
56 4592 0 0 0 0 0 0 0 0
57 4592 0 0 0 0 0 0 0 0
58 4592 0 0 0 0 0 0 0 0
59 4592 0 0 0 0 0 0 0 0
61 3588 0 0 0 0 0 0 0 0
62 3588 0 0 0 0 0 0 0 0
63 3588 0 0 0 0 0 0 0 0
64 3588 0 0 0 0 0 0 0 0
68 1013 682 218 1013 37 15 0 0 0
69 1013 0 0 0 0 0 0 0 0
70 1013 0 0 0 0 0 0 0 0
71 1013 0 0 0 0 0 0 0 0
72 1013 0 0 0 0 0 0 0 0
73 17 0 0 17 3 2 0 0 0
74 17 0 0 0 0 0 0 0 0
75 17 0 0 0 0 0 0 0 0
76 17 0 0 0 0 0 0 0 0
77 17 0 0 0 0 0 0 0 0
78 8 0 0 0 0 0 0 0 0
80 1004 0 0 0 0 0 0 0 0
81 1004 0 0 0 0 0 0 0 0
82 1004 0 0 0 0 0 0 0 0
84 1004 0 0 0 0 0 0 0 0
86 1004 0 0 0 0 0 0 0 0
87 1004 673 218 0 0 0 0 0 0
88 1004 0 0 0 0 0 0 0 0
89 1004 0 0 0 0 0 0 0 0
fn=strlen
50 145 23 23 0 0 0 0 0 0
52 145 0 0 0 0 0 0 0 0
53 145 0 0 145 10 6 0 0 0
54 145 0 0 0 0 0 0 0 0
55 145 0 0 0 0 0 0 0 0
56 145 0 0 0 0 0 0 0 0
57 145 0 0 0 0 0 0 0 0
58 145 0 0 0 0 0 0 0 0
59 145 0 0 0 0 0 0 0 0
61 9 0 0 0 0 0 0 0 0
62 9 0 0 0 0 0 0 0 0
63 9 0 0 0 0 0 0 0 0
64 9 0 0 0 0 0 0 0 0
68 248 23 23 248 4 0 0 0 0
69 248 0 0 0 0 0 0 0 0
70 248 0 0 0 0 0 0 0 0
71 248 0 0 0 0 0 0 0 0
72 248 0 0 0 0 0 0 0 0
73 178 0 0 178 3 0 0 0 0
74 178 0 0 0 0 0 0 0 0
75 178 0 0 0 0 0 0 0 0
76 178 0 0 0 0 0 0 0 0
77 178 0 0 0 0 0 0 0 0
78 66 0 0 0 0 0 0 0 0
80 136 0 0 0 0 0 0 0 0
81 136 0 0 0 0 0 0 0 0
82 136 0 0 0 0 0 0 0 0
84 136 0 0 0 0 0 0 0 0
86 136 0 0 0 0 0 0 0 0
87 136 23 23 0 0 0 0 0 0
88 136 0 0 0 0 0 0 0 0
89 136 0 0 0 0 0 0 0 0
fl=./string/../sysdeps/aarch64/multiarch/memchr.c
fn=memchr
34 84 12 12 28 13 2 14 4 0
fl=./string/../sysdeps/aarch64/multiarch/memcpy.c
fn=memcpy
41 75 17 17 50 24 6 0 0 0
43 50 0 0 25 19 3 0 0 0
46 50 0 0 25 0 0 0 0 0
48 25 0 0 0 0 0 0 0 0
53 50 0 0 0 0 0 0 0 0
56 50 17 17 0 0 0 0 0 0
59 50 17 17 0 0 0 0 0 0
62 100 17 17 50 0 0 50 4 2
fl=./string/../sysdeps/aarch64/multiarch/memmove.c
fn=memmove
41 72 18 18 48 11 0 0 0 0
43 48 0 0 24 10 1 0 0 0
46 48 0 0 24 0 0 0 0 0
48 24 18 18 0 0 0 0 0 0
53 48 0 0 0 0 0 0 0 0
56 48 0 0 0 0 0 0 0 0
59 48 0 0 0 0 0 0 0 0
62 96 18 18 48 0 0 48 3 0
fl=./string/../sysdeps/aarch64/multiarch/memset.c
fn=memset
41 84 15 15 63 19 0 0 0 0
43 42 0 0 21 16 0 0 0 0
46 42 0 0 21 0 0 0 0 0
48 63 0 0 0 0 0 0 0 0
52 42 0 0 0 0 0 0 0 0
55 84 15 15 0 0 0 0 0 0
61 126 0 0 0 0 0 0 0 0
64 84 0 0 42 0 0 42 3 0
fl=./string/../sysdeps/aarch64/multiarch/strlen.c
fn=strlen
34 182 20 18 56 5 0 28 3 0
fl=./string/../sysdeps/aarch64/multiarch/strlen_asimd.S
fn=__strlen_asimd
89 326248 175267 52829 0 0 0 0 0 0
91 326248 0 0 0 0 0 0 0 0
92 326248 0 0 0 0 0 0 0 0
93 326248 0 0 0 0 0 0 0 0
96 326066 0 0 652132 212888 121579 0 0 0
97 326066 0 0 0 0 0 0 0 0
107 326066 0 0 0 0 0 0 0 0
108 326066 0 0 0 0 0 0 0 0
109 326066 0 0 0 0 0 0 0 0
110 326066 0 0 0 0 0 0 0 0
111 326066 0 0 0 0 0 0 0 0
112 326066 0 0 0 0 0 0 0 0
113 326066 0 0 0 0 0 0 0 0
114 326066 0 0 0 0 0 0 0 0
118 197283 0 0 0 0 0 0 0 0
119 197283 0 0 0 0 0 0 0 0
120 197283 79288 3478 0 0 0 0 0 0
121 197283 0 0 0 0 0 0 0 0
122 197283 0 0 0 0 0 0 0 0
123 197283 0 0 0 0 0 0 0 0
124 197283 0 0 0 0 0 0 0 0
128 128783 114329 34726 257566 1076 719 0 0 0
133 128783 0 0 0 0 0 0 0 0
134 128783 0 0 0 0 0 0 0 0
135 128783 0 0 0 0 0 0 0 0
136 128783 0 0 0 0 0 0 0 0
137 128783 0 0 0 0 0 0 0 0
138 128783 0 0 0 0 0 0 0 0
139 128783 0 0 0 0 0 0 0 0
140 128783 0 0 0 0 0 0 0 0
144 11668 0 0 0 0 0 0 0 0
145 11668 0 0 0 0 0 0 0 0
146 11668 5771 505 0 0 0 0 0 0
147 11668 0 0 0 0 0 0 0 0
148 11668 0 0 0 0 0 0 0 0
149 11668 0 0 0 0 0 0 0 0
150 11668 0 0 0 0 0 0 0 0
151 11668 0 0 0 0 0 0 0 0
155 117115 110512 5382 0 0 0 0 0 0
159 146576 15 1 293152 43753 41918 0 0 0
160 146576 0 0 0 0 0 0 0 0
161 146576 0 0 0 0 0 0 0 0
162 146576 0 0 0 0 0 0 0 0
163 146576 0 0 0 0 0 0 0 0
164 146576 0 0 0 0 0 0 0 0
167 117173 0 0 0 0 0 0 0 0
168 117173 0 0 0 0 0 0 0 0
169 117173 111105 2803 0 0 0 0 0 0
170 108768 0 0 0 0 0 0 0 0
171 108768 0 0 0 0 0 0 0 0
174 117173 0 0 0 0 0 0 0 0
175 117173 0 0 0 0 0 0 0 0
177 117173 0 0 0 0 0 0 0 0
179 117173 0 0 0 0 0 0 0 0
180 117173 0 0 0 0 0 0 0 0
181 117173 0 0 0 0 0 0 0 0
184 182 81 24 0 0 0 0 0 0
185 182 0 0 0 0 0 0 0 0
186 182 0 0 0 0 0 0 0 0
187 182 0 0 364 15 6 0 0 0
188 182 0 0 0 0 0 0 0 0
189 182 0 0 0 0 0 0 0 0
190 182 0 0 0 0 0 0 0 0
191 182 135 112 0 0 0 0 0 0
192 182 0 0 0 0 0 0 0 0
193 182 0 0 0 0 0 0 0 0
194 182 0 0 0 0 0 0 0 0
195 182 0 0 0 0 0 0 0 0
196 182 0 0 0 0 0 0 0 0
197 182 0 0 0 0 0 0 0 0
198 182 0 0 0 0 0 0 0 0
200 124 0 0 0 0 0 0 0 0
201 124 0 0 0 0 0 0 0 0
202 124 0 0 0 0 0 0 0 0
203 124 0 0 0 0 0 0 0 0
fl=./string/../sysdeps/aarch64/nptl/../memset.S
fn=__GI_memset
32 13271012 1762929 685 0 0 0 0 0 0
37 13271012 0 0 0 0 0 0 0 0
38 13271012 0 0 0 0 0 0 0 0
40 13271012 0 0 0 0 0 0 0 0
41 13271012 0 0 0 0 0 0 0 0
42 12811906 0 0 0 0 0 0 0 0
43 12811906 0 0 0 0 0 0 0 0
44 3405596 0 0 0 0 0 0 0 0
47 3405596 0 0 0 0 0 0 0 0
48 3347027 0 0 0 0 0 3347027 1108298 13618
49 3347027 0 0 0 0 0 3347027 514 134
50 3347027 0 0 0 0 0 0 0 0
52 58569 0 0 0 0 0 0 0 0
53 2164 0 0 0 0 0 2164 1 1
54 2164 0 0 0 0 0 2164 1 0
55 2164 2056 1 0 0 0 0 0 0
56 56405 35278 2 0 0 0 0 0 0
57 36203 0 0 0 0 0 36203 8 5
58 36203 0 0 0 0 0 0 0 0
59 77 0 0 0 0 0 77 0 0
60 56405 0 0 0 0 0 0 0 0
64 9406310 3058050 2541 0 0 0 9406310 3149147 192923
65 9406310 0 0 0 0 0 0 0 0
66 6325637 0 0 0 0 0 6325637 778325 60296
67 6325637 0 0 0 0 0 0 0 0
68 828204 0 0 0 0 0 828204 0 0
69 828204 0 0 0 0 0 828204 0 0
70 6325637 0 0 0 0 0 0 0 0
76 3080673 2253391 1133 0 0 0 3080673 795195 75107
77 3080673 0 0 0 0 0 6161346 1190907 97563
78 3080673 0 0 0 0 0 6161346 280349 51663
79 3080673 0 0 0 0 0 0 0 0
84 459106 109554 1032 0 0 0 0 0 0
85 459106 0 0 0 0 0 0 0 0
86 459106 0 0 0 0 0 459106 19398 7904
87 459106 0 0 0 0 0 0 0 0
88 459106 0 0 0 0 0 0 0 0
89 459106 0 0 0 0 0 0 0 0
91 459106 0 0 0 0 0 0 0 0
92 459106 0 0 0 0 0 0 0 0
93 459106 0 0 0 0 0 0 0 0
94 869091 0 0 0 0 0 1738182 191381 91011
95 869091 0 0 0 0 0 1738182 295536 178012
97 869091 0 0 0 0 0 0 0 0
98 869091 0 0 0 0 0 0 0 0
99 459106 0 0 0 0 0 918212 250148 4516
100 459106 0 0 0 0 0 918212 115134 42445
101 918212 437377 36313 0 0 0 0 0 0
106 459106 0 0 0 0 0 0 0 0
107 459106 0 0 0 0 0 0 0 0
fn=memset
32 49 27 27 0 0 0 0 0 0
37 49 0 0 0 0 0 0 0 0
38 49 0 0 0 0 0 0 0 0
40 49 0 0 0 0 0 0 0 0
41 49 0 0 0 0 0 0 0 0
42 24 0 0 0 0 0 0 0 0
43 24 0 0 0 0 0 0 0 0
44 17 0 0 0 0 0 0 0 0
47 17 0 0 0 0 0 0 0 0
48 13 0 0 0 0 0 13 13 13
49 13 0 0 0 0 0 13 0 0
50 13 0 0 0 0 0 0 0 0
52 4 0 0 0 0 0 0 0 0
53 4 0 0 0 0 0 4 0 0
54 4 0 0 0 0 0 4 0 0
55 4 1 1 0 0 0 0 0 0
64 7 6 5 0 0 0 7 5 5
65 7 0 0 0 0 0 0 0 0
66 7 0 0 0 0 0 7 3 3
67 7 0 0 0 0 0 0 0 0
68 3 0 0 0 0 0 3 0 0
69 3 0 0 0 0 0 3 0 0
70 7 0 0 0 0 0 0 0 0
84 25 23 17 0 0 0 0 0 0
85 25 0 0 0 0 0 0 0 0
86 25 0 0 0 0 0 25 22 22
87 25 0 0 0 0 0 0 0 0
88 25 0 0 0 0 0 0 0 0
89 25 0 0 0 0 0 0 0 0
91 25 0 0 0 0 0 0 0 0
92 25 0 0 0 0 0 0 0 0
93 25 0 0 0 0 0 0 0 0
94 427 0 0 0 0 0 854 362 362
95 427 0 0 0 0 0 854 59 59
97 427 0 0 0 0 0 0 0 0
98 427 0 0 0 0 0 0 0 0
99 25 0 0 0 0 0 50 7 7
100 25 0 0 0 0 0 50 7 7
101 50 23 17 0 0 0 0 0 0
106 25 0 0 0 0 0 0 0 0
107 25 0 0 0 0 0 0 0 0
fl=./string/../sysdeps/aarch64/strchr.S
fn=index
54 166455 129612 4635 0 0 0 0 0 0
56 166455 0 0 0 0 0 0 0 0
57 166455 0 0 0 0 0 0 0 0
58 166455 0 0 166455 130253 74231 0 0 0
59 166455 0 0 0 0 0 0 0 0
60 166455 0 0 0 0 0 0 0 0
61 166455 0 0 0 0 0 0 0 0
62 166455 0 0 0 0 0 0 0 0
63 166455 0 0 0 0 0 0 0 0
64 166455 0 0 0 0 0 0 0 0
65 166455 0 0 0 0 0 0 0 0
66 166455 0 0 0 0 0 0 0 0
67 166455 0 0 0 0 0 0 0 0
69 149394 0 0 0 0 0 0 0 0
70 149394 0 0 0 0 0 0 0 0
73 149394 0 0 0 0 0 0 0 0
74 149394 79668 5046 0 0 0 0 0 0
75 149394 0 0 0 0 0 0 0 0
76 149394 0 0 0 0 0 0 0 0
80 17226 16750 1387 17226 41 26 0 0 0
81 17226 0 0 0 0 0 0 0 0
82 17226 0 0 0 0 0 0 0 0
83 17226 0 0 0 0 0 0 0 0
84 17226 0 0 0 0 0 0 0 0
85 17226 0 0 0 0 0 0 0 0
86 231 0 0 231 5 2 0 0 0
87 231 0 0 0 0 0 0 0 0
88 231 0 0 0 0 0 0 0 0
89 231 0 0 0 0 0 0 0 0
90 231 0 0 0 0 0 0 0 0
91 231 0 0 0 0 0 0 0 0
92 66 41 28 0 0 0 0 0 0
100 17061 16700 1615 0 0 0 0 0 0
101 17061 0 0 0 0 0 0 0 0
102 17061 0 0 0 0 0 0 0 0
103 17061 0 0 0 0 0 0 0 0
105 17061 0 0 0 0 0 0 0 0
106 17061 0 0 0 0 0 0 0 0
108 17061 0 0 0 0 0 0 0 0
109 17061 0 0 0 0 0 0 0 0
110 17061 0 0 0 0 0 0 0 0
111 17061 0 0 0 0 0 0 0 0
fl=./string/../sysdeps/aarch64/strchrnul.S
fn=strchrnul
53 255574 54364 7912 0 0 0 0 0 0
55 255574 0 0 0 0 0 0 0 0
56 255574 0 0 0 0 0 0 0 0
57 255574 0 0 255574 89553 48651 0 0 0
58 255574 0 0 0 0 0 0 0 0
59 255574 0 0 0 0 0 0 0 0
60 255574 0 0 0 0 0 0 0 0
61 255574 0 0 0 0 0 0 0 0
62 255574 0 0 0 0 0 0 0 0
63 255574 0 0 0 0 0 0 0 0
64 255574 0 0 0 0 0 0 0 0
66 254336 0 0 0 0 0 0 0 0
67 254336 0 0 0 0 0 0 0 0
68 254336 0 0 0 0 0 0 0 0
69 254336 0 0 0 0 0 0 0 0
73 1238 22 4 1238 0 0 0 0 0
74 1238 0 0 0 0 0 0 0 0
75 1238 0 0 0 0 0 0 0 0
76 1238 0 0 0 0 0 0 0 0
77 1238 0 0 0 0 0 0 0 0
78 1238 0 0 0 0 0 0 0 0
87 1238 0 0 0 0 0 0 0 0
88 1238 0 0 0 0 0 0 0 0
89 1238 0 0 0 0 0 0 0 0
91 1238 75 3 0 0 0 0 0 0
93 1238 0 0 0 0 0 0 0 0
94 1238 0 0 0 0 0 0 0 0
95 1238 0 0 0 0 0 0 0 0
fl=./string/../sysdeps/aarch64/strcmp.S
fn=strcmp
64 4690160 778272 2597 0 0 0 0 0 0
67 4690160 0 0 0 0 0 0 0 0
68 4690160 0 0 0 0 0 0 0 0
69 4690160 0 0 0 0 0 0 0 0
70 4690160 0 0 0 0 0 0 0 0
71 4690160 0 0 0 0 0 0 0 0
72 9357425 0 0 0 0 0 0 0 0
77 9362835 0 0 9362835 656517 52133 0 0 0
78 9362835 0 0 9362835 1979 1174 0 0 0
85 9366476 0 0 0 0 0 0 0 0
86 9366476 0 0 0 0 0 0 0 0
88 9366476 0 0 0 0 0 0 0 0
89 9366476 0 0 0 0 0 0 0 0
90 9366476 0 0 0 0 0 0 0 0
94 4680533 0 0 0 0 0 0 0 0
95 4680533 1173071 1641 0 0 0 0 0 0
98 4686928 153 29 0 0 0 0 0 0
99 4686928 0 0 0 0 0 0 0 0
100 4686928 0 0 0 0 0 0 0 0
102 4686928 0 0 0 0 0 0 0 0
107 4686928 0 0 0 0 0 0 0 0
108 4686928 0 0 0 0 0 0 0 0
111 4686928 0 0 0 0 0 0 0 0
112 4686928 0 0 0 0 0 0 0 0
113 4686928 0 0 0 0 0 0 0 0
121 3641 7 3 0 0 0 0 0 0
122 3641 0 0 3641 608 22 0 0 0
123 3641 0 0 3641 601 383 0 0 0
124 3641 0 0 0 0 0 0 0 0
125 3641 6 3 0 0 0 0 0 0
126 3641 0 0 0 0 0 0 0 0
127 3641 0 0 0 0 0 0 0 0
128 3641 0 0 0 0 0 0 0 0
129 3641 0 0 0 0 0 0 0 0
134 9627 205 58 0 0 0 0 0 0
136 25400 0 0 25400 3770 2435 0 0 0
137 25400 0 0 25400 961 80 0 0 0
138 25400 0 0 0 0 0 0 0 0
139 25400 0 0 0 0 0 0 0 0
140 25400 0 0 0 0 0 0 0 0
141 22168 0 0 0 0 0 0 0 0
142 22168 0 0 0 0 0 0 0 0
145 6395 0 0 0 0 0 0 0 0
146 6395 0 0 0 0 0 0 0 0
147 6395 0 0 6395 259 220 0 0 0
151 6395 205 63 0 0 0 0 0 0
152 6395 0 0 0 0 0 0 0 0
153 6395 0 0 0 0 0 0 0 0
154 6395 0 0 0 0 0 0 0 0
155 6395 0 0 0 0 0 0 0 0
156 6395 0 0 0 0 0 0 0 0
158 11136 0 0 0 0 0 0 0 0
163 8343 0 0 8343 126 56 0 0 0
164 8343 0 0 8343 0 0 0 0 0
168 8343 0 0 0 0 0 0 0 0
169 8343 0 0 0 0 0 0 0 0
170 8343 0 0 8343 1103 918 0 0 0
171 8343 0 0 0 0 0 0 0 0
172 8343 0 0 0 0 0 0 0 0
173 8343 0 0 0 0 0 0 0 0
175 5568 162 45 0 0 0 0 0 0
179 5568 0 0 0 0 0 0 0 0
180 5568 0 0 0 0 0 0 0 0
181 5568 0 0 0 0 0 0 0 0
183 2407 40 13 2407 264 189 0 0 0
184 2407 0 0 0 0 0 0 0 0
185 2407 0 0 0 0 0 0 0 0
186 2407 0 0 0 0 0 0 0 0
191 2407 0 0 0 0 0 0 0 0
192 2407 0 0 0 0 0 0 0 0
193 2407 0 0 0 0 0 0 0 0
196 3232 31 4 0 0 0 0 0 0
197 3232 0 0 0 0 0 0 0 0
fl=./string/../sysdeps/aarch64/strcpy.S
fn=stpcpy
71 829 660 212 0 0 0 0 0 0
74 829 0 0 0 0 0 0 0 0
75 829 0 0 829 0 0 0 0 0
76 829 0 0 0 0 0 0 0 0
77 829 0 0 0 0 0 0 0 0
78 829 0 0 0 0 0 0 0 0
79 829 0 0 0 0 0 0 0 0
80 829 0 0 0 0 0 0 0 0
81 829 0 0 0 0 0 0 0 0
83 37 0 0 37 6 1 0 0 0
84 37 0 0 0 0 0 0 0 0
85 37 0 0 0 0 0 0 0 0
86 37 0 0 0 0 0 0 0 0
87 37 0 0 0 0 0 0 0 0
90 36 0 0 0 0 0 0 0 0
92 36 0 0 0 0 0 0 0 0
93 36 0 0 0 0 0 0 0 0
94 36 0 0 0 0 0 0 0 0
95 36 0 0 0 0 0 0 0 0
96 6 0 0 0 0 0 0 0 0
97 6 0 0 6 0 0 0 0 0
98 6 0 0 6 0 0 0 0 0
99 6 0 0 0 0 0 6 0 0
100 6 0 0 0 0 0 6 0 0
101 6 0 0 0 0 0 0 0 0
102 6 0 0 0 0 0 0 0 0
105 792 658 210 0 0 0 0 0 0
106 792 0 0 0 0 0 0 0 0
107 792 0 0 0 0 0 0 0 0
109 822 0 0 0 0 0 0 0 0
110 710 0 0 0 0 0 0 0 0
111 710 0 0 710 0 0 0 0 0
112 710 656 212 710 0 0 0 0 0
113 710 0 0 0 0 0 710 1 1
114 710 0 0 0 0 0 710 1 1
115 710 0 0 0 0 0 0 0 0
116 710 0 0 0 0 0 0 0 0
120 112 3 1 0 0 0 0 0 0
121 112 0 0 0 0 0 0 0 0
122 34 0 0 34 0 0 0 0 0
123 34 0 0 34 0 0 0 0 0
124 34 0 0 0 0 0 34 2 1
125 34 0 0 0 0 0 34 1 1
126 34 0 0 0 0 0 0 0 0
127 34 0 0 0 0 0 0 0 0
130 78 2 1 0 0 0 0 0 0
131 78 0 0 78 0 0 0 0 0
132 78 0 0 0 0 0 78 3 0
134 78 0 0 0 0 0 78 0 0
135 78 0 0 0 0 0 0 0 0
136 78 0 0 0 0 0 0 0 0
140 1 1 1 0 0 0 0 0 0
141 1 0 0 1 0 0 0 0 0
142 1 0 0 0 0 0 0 0 0
143 1 0 0 0 0 0 1 0 0
145 1 0 0 0 0 0 1 0 0
146 1 0 0 1 0 0 0 0 0
147 1 0 0 0 0 0 0 0 0
148 1 0 0 0 0 0 0 0 0
149 1 1 1 0 0 0 0 0 0
150 1 0 0 0 0 0 0 0 0
151 1 0 0 0 0 0 1 1 1
152 1 0 0 1 0 0 0 0 0
153 1 0 0 0 0 0 0 0 0
154 1 0 0 0 0 0 0 0 0
155 1 0 0 0 0 0 0 0 0
156 1 0 0 0 0 0 0 0 0
157 1 0 0 0 0 0 0 0 0
159 1 0 0 0 0 0 0 0 0
160 1 0 0 0 0 0 0 0 0
161 1 0 0 0 0 0 0 0 0
163 1 0 0 0 0 0 0 0 0
165 1 0 0 0 0 0 0 0 0
166 1 0 0 0 0 0 0 0 0
167 1 0 0 0 0 0 0 0 0
168 1 1 1 1 0 0 0 0 0
169 1 0 0 0 0 0 1 0 0
170 1 0 0 0 0 0 0 0 0
171 1 0 0 0 0 0 0 0 0
fn=strcpy
71 2191 334 49 0 0 0 0 0 0
74 2191 0 0 0 0 0 0 0 0
75 2191 0 0 2191 35 35 0 0 0
76 2191 0 0 0 0 0 0 0 0
77 2191 0 0 0 0 0 0 0 0
78 2191 0 0 0 0 0 0 0 0
79 2191 0 0 0 0 0 0 0 0
80 2191 0 0 0 0 0 0 0 0
81 2191 0 0 0 0 0 0 0 0
83 1814 0 0 1814 0 0 0 0 0
84 1814 0 0 0 0 0 0 0 0
85 1814 0 0 0 0 0 0 0 0
86 1814 0 0 0 0 0 0 0 0
87 1814 0 0 0 0 0 0 0 0
90 1147 0 0 0 0 0 0 0 0
92 1147 0 0 0 0 0 0 0 0
93 1147 84 3 0 0 0 0 0 0
94 1147 0 0 0 0 0 0 0 0
95 1147 0 0 0 0 0 0 0 0
96 715 0 0 0 0 0 0 0 0
97 715 0 0 715 0 0 0 0 0
98 715 0 0 715 0 0 0 0 0
99 715 0 0 0 0 0 715 1 1
100 715 0 0 0 0 0 715 4 1
102 715 0 0 0 0 0 0 0 0
105 377 223 47 0 0 0 0 0 0
106 377 0 0 0 0 0 0 0 0
107 377 0 0 0 0 0 0 0 0
109 809 0 0 0 0 0 0 0 0
110 497 0 0 0 0 0 0 0 0
111 497 0 0 497 0 0 0 0 0
112 497 0 0 497 0 0 0 0 0
113 497 75 3 0 0 0 497 0 0
114 497 0 0 0 0 0 497 0 0
116 497 0 0 0 0 0 0 0 0
120 312 167 48 0 0 0 0 0 0
121 312 0 0 0 0 0 0 0 0
122 138 0 0 138 0 0 0 0 0
123 138 0 0 138 0 0 0 0 0
124 138 0 0 0 0 0 138 0 0
125 138 0 0 0 0 0 138 0 0
127 138 0 0 0 0 0 0 0 0
130 174 0 0 0 0 0 0 0 0
131 174 0 0 174 0 0 0 0 0
132 174 0 0 0 0 0 174 0 0
134 174 0 0 0 0 0 174 0 0
136 174 0 0 0 0 0 0 0 0
140 667 74 4 0 0 0 0 0 0
141 667 0 0 667 0 0 0 0 0
142 667 0 0 0 0 0 0 0 0
143 667 0 0 0 0 0 667 1 1
145 673 0 0 0 0 0 673 5 4
146 673 0 0 673 0 0 0 0 0
147 673 0 0 0 0 0 0 0 0
148 673 0 0 0 0 0 0 0 0
149 673 0 0 0 0 0 0 0 0
150 673 0 0 0 0 0 0 0 0
151 11 0 0 0 0 0 11 0 0
152 11 0 0 11 0 0 0 0 0
153 11 0 0 0 0 0 0 0 0
154 11 0 0 0 0 0 0 0 0
155 11 0 0 0 0 0 0 0 0
156 11 0 0 0 0 0 0 0 0
157 5 4 0 0 0 0 0 0 0
159 667 76 4 0 0 0 0 0 0
160 667 0 0 0 0 0 0 0 0
161 667 0 0 0 0 0 0 0 0
163 667 0 0 0 0 0 0 0 0
165 667 0 0 0 0 0 0 0 0
166 667 0 0 0 0 0 0 0 0
167 667 0 0 0 0 0 0 0 0
168 667 0 0 667 0 0 0 0 0
169 667 0 0 0 0 0 667 4 1
171 667 0 0 0 0 0 0 0 0
fl=./string/../sysdeps/aarch64/strncmp.S
fn=strncmp
72 4785 632 120 0 0 0 0 0 0
73 4785 0 0 0 0 0 0 0 0
74 4785 0 0 0 0 0 0 0 0
75 4785 0 0 0 0 0 0 0 0
76 4785 0 0 0 0 0 0 0 0
77 4785 0 0 0 0 0 0 0 0
78 4785 0 0 0 0 0 0 0 0
79 1409 449 82 0 0 0 0 0 0
86 1406 0 0 1406 469 278 0 0 0
87 1406 0 0 1406 16 5 0 0 0
89 1443 0 0 0 0 0 0 0 0
90 1443 0 0 0 0 0 0 0 0
91 1443 0 0 0 0 0 0 0 0
92 1443 0 0 0 0 0 0 0 0
93 1443 0 0 0 0 0 0 0 0
94 1443 0 0 0 0 0 0 0 0
95 1443 0 0 0 0 0 0 0 0
96 1443 0 0 0 0 0 0 0 0
101 1464 8 1 0 0 0 0 0 0
102 1464 0 0 0 0 0 0 0 0
106 1528 9 8 0 0 0 0 0 0
107 1528 0 0 0 0 0 0 0 0
108 1528 0 0 0 0 0 0 0 0
109 1528 472 88 0 0 0 0 0 0
110 1528 0 0 0 0 0 0 0 0
111 1528 0 0 0 0 0 0 0 0
112 1528 0 0 0 0 0 0 0 0
115 1528 0 0 0 0 0 0 0 0
116 1528 0 0 0 0 0 0 0 0
117 1528 0 0 0 0 0 0 0 0
118 1528 0 0 0 0 0 0 0 0
175 37 1 1 0 0 0 0 0 0
176 37 0 0 0 0 0 0 0 0
177 37 0 0 37 0 0 0 0 0
178 37 0 0 0 0 0 0 0 0
179 37 0 0 37 0 0 0 0 0
180 37 0 0 0 0 0 0 0 0
181 37 0 0 0 0 0 0 0 0
183 37 0 0 0 0 0 0 0 0
184 37 7 2 0 0 0 0 0 0
185 37 0 0 0 0 0 0 0 0
186 37 0 0 0 0 0 0 0 0
187 37 0 0 0 0 0 0 0 0
192 3376 419 97 0 0 0 0 0 0
193 3376 0 0 0 0 0 0 0 0
197 5352 0 0 5352 946 317 0 0 0
198 5352 0 0 5352 67 22 0 0 0
199 5352 0 0 0 0 0 0 0 0
200 5352 0 0 0 0 0 0 0 0
201 5352 0 0 0 0 0 0 0 0
202 5352 0 0 0 0 0 0 0 0
204 3257 0 0 0 0 0 0 0 0
205 3257 0 0 0 0 0 0 0 0
209 190 0 0 0 0 0 0 0 0
211 89 0 0 0 0 0 0 0 0
212 89 0 0 0 0 0 0 0 0
213 89 0 0 0 0 0 0 0 0
216 99 0 0 99 28 16 0 0 0
217 99 0 0 99 0 0 0 0 0
218 99 7 3 0 0 0 0 0 0
219 99 0 0 0 0 0 0 0 0
220 99 0 0 0 0 0 0 0 0
221 28 0 0 0 0 0 0 0 0
222 28 0 0 0 0 0 0 0 0
241 119 14 10 0 0 0 0 0 0
242 119 0 0 0 0 0 0 0 0
243 119 0 0 0 0 0 0 0 0
244 119 0 0 0 0 0 0 0 0
245 119 0 0 119 9 0 0 0 0
246 119 0 0 238 0 0 0 0 0
247 119 0 0 0 0 0 0 0 0
248 119 0 0 0 0 0 0 0 0
250 119 0 0 0 0 0 0 0 0
254 65 0 0 0 0 0 0 0 0
255 65 0 0 0 0 0 0 0 0
256 65 11 6 0 0 0 0 0 0
257 65 0 0 0 0 0 0 0 0
258 65 0 0 0 0 0 0 0 0
259 65 0 0 0 0 0 0 0 0
260 65 0 0 0 0 0 0 0 0
261 65 0 0 0 0 0 0 0 0
262 65 0 0 0 0 0 0 0 0
263 65 0 0 0 0 0 0 0 0
264 65 0 0 0 0 0 0 0 0
266 10 0 0 10 0 0 0 0 0
269 73 10 7 0 0 0 0 0 0
279 73 0 0 0 0 0 0 0 0
280 73 0 0 0 0 0 0 0 0
281 73 0 0 0 0 0 0 0 0
282 73 0 0 0 0 0 0 0 0
286 73 0 0 0 0 0 0 0 0
287 73 18 11 0 0 0 0 0 0
288 73 0 0 0 0 0 0 0 0
289 73 0 0 0 0 0 0 0 0
290 73 0 0 0 0 0 0 0 0
293 28 0 0 56 2 2 0 0 0
294 28 0 0 0 0 0 0 0 0
295 28 0 0 0 0 0 0 0 0
296 28 0 0 0 0 0 0 0 0
297 28 0 0 0 0 0 0 0 0
298 28 0 0 0 0 0 0 0 0
299 28 0 0 0 0 0 0 0 0
300 28 0 0 0 0 0 0 0 0
302 9 0 0 9 2 0 0 0 0
303 9 0 0 0 0 0 0 0 0
304 9 0 0 0 0 0 0 0 0
fl=./string/../sysdeps/aarch64/strnlen.S
fn=strnlen
51 77381 18728 1006 0 0 0 0 0 0
54 77381 0 0 0 0 0 0 0 0
55 77381 0 0 0 0 0 0 0 0
56 77366 0 0 77366 30439 3450 0 0 0
57 77366 0 0 0 0 0 0 0 0
58 77366 0 0 0 0 0 0 0 0
59 77366 0 0 0 0 0 0 0 0
60 77366 0 0 0 0 0 0 0 0
61 77366 0 0 0 0 0 0 0 0
62 77366 0 0 0 0 0 0 0 0
64 69034 0 0 0 0 0 0 0 0
65 69034 0 0 0 0 0 0 0 0
66 69034 0 0 0 0 0 0 0 0
67 69034 0 0 0 0 0 0 0 0
68 69034 0 0 0 0 0 0 0 0
69 69034 0 0 0 0 0 0 0 0
72 1986 4 2 0 0 0 0 0 0
73 1986 0 0 0 0 0 0 0 0
76 8332 5232 1006 0 0 0 0 0 0
77 8332 0 0 0 0 0 0 0 0
78 8332 0 0 0 0 0 0 0 0
79 8332 0 0 0 0 0 0 0 0
82 6361 0 0 0 0 0 0 0 0
83 73 0 0 0 0 0 0 0 0
86 121 0 0 121 15 3 0 0 0
87 121 0 0 0 0 0 0 0 0
88 121 0 0 0 0 0 0 0 0
89 121 0 0 0 0 0 0 0 0
90 121 0 0 0 0 0 0 0 0
92 6367 0 0 6367 3162 955 0 0 0
93 6367 0 0 0 0 0 0 0 0
94 6367 0 0 0 0 0 0 0 0
95 6367 3421 967 0 0 0 0 0 0
96 6367 0 0 0 0 0 0 0 0
97 6367 0 0 0 0 0 0 0 0
98 6367 0 0 0 0 0 0 0 0
100 6319 0 0 0 0 0 0 0 0
102 6361 41 37 0 0 0 0 0 0
103 6361 0 0 0 0 0 0 0 0
104 6361 0 0 0 0 0 0 0 0
106 6361 0 0 0 0 0 0 0 0
108 6361 0 0 0 0 0 0 0 0
109 6361 0 0 0 0 0 0 0 0
110 6361 0 0 0 0 0 0 0 0
111 6361 0 0 0 0 0 0 0 0
112 6361 0 0 0 0 0 0 0 0
fl=./string/../sysdeps/aarch64/strrchr.S
fn=rindex
57 2640 1065 619 0 0 0 0 0 0
59 2640 0 0 0 0 0 0 0 0
60 2640 0 0 0 0 0 0 0 0
61 2640 0 0 0 0 0 0 0 0
62 2640 0 0 2640 1084 764 0 0 0
63 2640 0 0 0 0 0 0 0 0
64 2640 0 0 0 0 0 0 0 0
65 2640 0 0 0 0 0 0 0 0
66 2640 0 0 0 0 0 0 0 0
67 2640 0 0 0 0 0 0 0 0
68 2640 0 0 0 0 0 0 0 0
69 2640 0 0 0 0 0 0 0 0
70 2640 0 0 0 0 0 0 0 0
71 2640 0 0 0 0 0 0 0 0
72 2640 0 0 0 0 0 0 0 0
73 2396 0 0 0 0 0 0 0 0
77 132 117 21 132 22 15 0 0 0
78 132 0 0 0 0 0 0 0 0
79 132 0 0 0 0 0 0 0 0
80 132 0 0 0 0 0 0 0 0
81 132 0 0 0 0 0 0 0 0
82 132 0 0 0 0 0 0 0 0
83 1 0 0 1 1 0 0 0 0
84 1 0 0 0 0 0 0 0 0
85 1 0 0 0 0 0 0 0 0
86 1 0 0 0 0 0 0 0 0
87 1 0 0 0 0 0 0 0 0
88 1 0 0 0 0 0 0 0 0
89 1 0 0 0 0 0 0 0 0
91 132 0 0 0 0 0 0 0 0
92 132 0 0 0 0 0 0 0 0
99 132 0 0 0 0 0 0 0 0
100 132 93 13 0 0 0 0 0 0
101 132 0 0 0 0 0 0 0 0
103 132 0 0 0 0 0 0 0 0
104 132 0 0 0 0 0 0 0 0
106 370 154 20 0 0 0 0 0 0
107 370 0 0 0 0 0 0 0 0
108 370 0 0 0 0 0 0 0 0
109 370 0 0 0 0 0 0 0 0
110 370 0 0 0 0 0 0 0 0
111 370 0 0 0 0 0 0 0 0
112 370 0 0 0 0 0 0 0 0
113 370 0 0 0 0 0 0 0 0
119 2270 816 586 0 0 0 0 0 0
120 2270 0 0 0 0 0 0 0 0
123 2310 856 606 0 0 0 0 0 0
124 2310 0 0 0 0 0 0 0 0
125 2310 0 0 0 0 0 0 0 0
126 2310 0 0 2310 105 42 0 0 0
127 2310 0 0 0 0 0 0 0 0
128 2310 0 0 0 0 0 0 0 0
129 2310 0 0 0 0 0 0 0 0
130 2310 0 0 0 0 0 0 0 0
131 2310 0 0 0 0 0 0 0 0
132 2310 0 0 0 0 0 0 0 0
133 2310 0 0 0 0 0 0 0 0
135 2270 0 0 0 0 0 0 0 0
136 2270 0 0 0 0 0 0 0 0
137 2270 0 0 0 0 0 0 0 0
138 2270 0 0 0 0 0 0 0 0
139 2270 0 0 0 0 0 0 0 0
140 2270 855 580 0 0 0 0 0 0
141 2270 0 0 0 0 0 0 0 0
142 2270 0 0 0 0 0 0 0 0
143 2270 0 0 0 0 0 0 0 0
144 2270 0 0 0 0 0 0 0 0
145 2270 0 0 0 0 0 0 0 0
146 2270 0 0 0 0 0 0 0 0
147 2270 0 0 0 0 0 0 0 0
fl=./string/./string/memmem.c
fn=memmem
55 60 4 1 12 0 0 30 0 0
59 36 3 1 0 0 0 24 0 0
61 12 0 0 0 0 0 0 0 0
65 12 0 0 0 0 0 0 0 0
66 18 0 0 24 0 0 0 0 0
68 12 0 0 0 0 0 0 0 0
70 12 0 0 0 0 0 0 0 0
79 18 0 0 0 0 0 12 0 0
84 6 0 0 0 0 0 0 0 0
85 6 0 0 0 0 0 0 0 0
88 42 4 1 0 0 0 0 0 0
89 72 0 0 12 0 0 12 0 0
92 42 0 0 18 0 0 0 0 0
93 6 0 0 0 0 0 6 0 0
95 36 6 1 12 0 0 0 0 0
100 12 6 1 0 0 0 0 0 0
101 60 0 0 36 0 0 0 0 0
103 36 0 0 0 0 0 0 0 0
107 6 0 0 0 0 0 0 0 0
108 12 0 0 0 0 0 0 0 0
119 6 0 0 0 0 0 0 0 0
126 66 6 1 42 0 0 0 0 0
fl=./string/./string/strcat.c
fn=strcat
29 770 76 41 0 0 0 616 0 0
30 616 0 0 0 0 0 0 0 0
32 616 0 0 616 0 0 0 0 0
fl=./string/./string/strcspn.c
fn=strcspn
32 64 13 3 12 5 1 27 1 1
33 14 0 0 7 7 2 0 0 0
34 14 0 0 7 0 0 0 0 0
39 4 0 0 0 0 0 4 0 0
40 9 0 0 0 0 0 4 1 1
41 9 1 1 0 0 0 4 1 1
42 9 0 0 0 0 0 4 1 1
47 49 0 0 21 0 0 21 0 0
48 21 0 0 0 0 0 0 0 0
51 28 0 0 14 4 0 0 0 0
52 28 7 2 14 0 0 0 0 0
53 28 0 0 14 0 0 0 0 0
54 4 0 0 2 0 0 0 0 0
56 1 0 0 0 0 0 0 0 0
62 24 0 0 24 0 0 0 0 0
63 12 0 0 12 0 0 0 0 0
64 24 0 0 24 0 0 0 0 0
65 12 0 0 12 0 0 0 0 0
67 84 1 1 24 0 0 0 0 0
69 1 0 0 0 0 0 0 0 0
70 6 0 0 0 0 0 0 0 0
71 69 6 1 39 0 0 0 0 0
fl=./string/./string/strdup.c
fn=strdup
40 192 30 28 0 0 0 192 1 1
41 96 0 0 0 0 0 0 0 0
42 20 0 0 0 0 0 0 0 0
44 48 0 0 0 0 0 0 0 0
47 114 0 0 0 0 0 0 0 0
48 96 8 5 192 0 0 0 0 0
fl=./string/./string/strerror.c
fn=strerror
23 1312 656 209 0 0 0 1312 0 0
24 3280 0 0 1312 553 207 0 0 0
25 656 0 0 1312 0 0 0 0 0
fl=./string/./string/strerror_l.c
fn=strerror_l
28 1968 656 209 0 0 0 0 0 0
29 3936 0 0 0 0 0 0 0 0
30 1312 0 0 0 0 0 0 0 0
38 4592 656 209 0 0 0 5248 0 0
39 2624 0 0 1312 0 0 0 0 0
40 656 0 0 0 0 0 0 0 0
41 656 0 0 0 0 0 0 0 0
57 656 0 0 0 0 0 0 0 0
59 656 0 0 0 0 0 656 0 0
61 3936 0 0 5248 0 0 0 0 0
fl=./string/./string/strncpy.c
fn=strncpy
28 535535 66837 541 0 0 0 459030 9729 191
29 306020 0 0 0 0 0 0 0 0
30 153010 65673 622 0 0 0 0 0 0
31 289348 0 0 0 0 0 0 0 0
32 306020 0 0 0 0 0 0 0 0
33 229515 0 0 459030 0 0 0 0 0
fl=./string/./string/strndup.c
fn=strndup
41 5 2 2 0 0 0 5 0 0
42 2 0 0 0 0 0 0 0 0
43 3 0 0 0 0 0 0 0 0
45 1 0 0 0 0 0 0 0 0
48 1 0 0 0 0 0 1 0 0
50 3 0 0 5 0 0 0 0 0
fl=./string/./string/strpbrk.c
fn=strpbrk
29 24 6 1 0 0 0 18 0 0
30 6 0 0 0 0 0 0 0 0
31 18 0 0 6 0 0 0 0 0
32 24 0 0 18 0 0 0 0 0
fl=./string/./string/strstr.c
fn=strstr
77 65 4 4 10 0 0 45 0 0
82 10 0 0 5 4 4 0 0 0
84 15 4 4 0 0 0 0 0 0
85 5 0 0 0 0 0 0 0 0
86 10 5 4 0 0 0 0 0 0
161 70 5 4 55 0 0 0 0 0
fl=./termios/../string/bits/string_fortified.h
fn=tcgetattr
59 18 0 0 0 0 0 18 0 0
fl=./termios/../sysdeps/unix/sysv/linux/tcgetattr.c
fn=tcgetattr
34 7875 875 636 1750 0 0 2625 0 0
38 11339 1744 1546 869 4 0 869 0 0
40 875 0 0 0 0 0 0 0 0
42 12 0 0 6 0 0 6 0 0
46 12 6 1 6 0 0 6 0 0
51 18 0 0 0 0 0 0 0 0
58 6 0 0 0 0 0 12 0 0
63 36 0 0 18 0 0 18 0 0
77 8750 875 756 4375 0 0 0 0 0
fl=./time/../bits/byteswap.h
fn=__tzfile_read
52 30 0 0 18 0 0 0 0 0
73 472 0 0 236 0 0 0 0 0
fl=./time/../include/alloc_buffer.h
fn=__tzfile_read
129 3 0 0 1 0 0 0 0 0
fl=./time/../include/stdio.h
fn=__tzfile_read
341 150 1 1 75 1 1 25 0 0
fl=./time/../string/bits/string_fortified.h
fn=__tzstring_len
29 40 1 1 0 0 0 0 0 0
fl=./time/../sysdeps/unix/sysv/linux/clock_gettime.c
fn=clock_gettime@@GLIBC_2.17
38 38058 10069 1185 25372 11746 2961 0 0 0
40 12686 0 0 0 0 0 0 0 0
44 25372 0 0 0 0 0 0 0 0
68 38058 9826 1134 0 0 0 0 0 0
69 12686 0 0 0 0 0 0 0 0
fl=./time/../sysdeps/unix/sysv/linux/dl-vdso.h
fn=gettimeofday
40 6 2 2 4 4 2 0 0 0
41 2 0 0 0 0 0 0 0 0
fl=./time/../sysdeps/unix/sysv/linux/gettimeofday.c
fn=gettimeofday
42 6 2 2 0 0 0 0 0 0
fl=./time/../sysdeps/unix/sysv/linux/time.c
fn=time
58 40 4 4 8 5 1 16 0 0
60 12 0 0 0 0 0 0 0 0
62 4 0 0 0 0 0 0 0 0
63 4 0 0 4 0 0 0 0 0
65 44 4 4 24 0 0 0 0 0
fl=./time/./time/localtime.c
fn=localtime_r
29 4 2 1 0 0 0 4 0 0
30 8 0 0 2 0 0 0 0 0
31 2 0 0 4 0 0 0 0 0
fl=./time/./time/offtime.c
fn=__offtime
30 8 0 0 0 0 0 12 0 0
34 14 1 1 0 0 0 0 0 0
35 6 0 0 0 0 0 0 0 0
37 4 0 0 0 0 0 0 0 0
42 6 1 1 0 0 0 0 0 0
47 16 2 2 0 0 0 2 0 0
48 10 0 0 0 0 0 0 0 0
49 12 1 1 0 0 0 2 0 0
50 12 1 1 0 0 0 2 0 0
52 26 0 0 0 0 0 2 0 0
54 4 0 0 0 0 0 0 0 0
55 6 0 0 0 0 0 0 0 0
60 56 1 1 0 0 0 0 0 0
63 32 1 1 0 0 0 0 0 0
66 6 0 0 0 0 0 0 0 0
67 89 3 3 0 0 0 0 0 0
68 83 1 1 0 0 0 0 0 0
69 3 0 0 0 0 0 0 0 0
71 4 0 0 0 0 0 2 0 0
72 6 0 0 0 0 0 0 0 0
78 2 0 0 0 0 0 2 0 0
79 14 0 0 0 0 0 0 0 0
80 33 1 1 7 1 1 0 0 0
82 2 0 0 0 0 0 0 0 0
83 2 0 0 0 0 0 4 0 0
84 2 0 0 0 0 0 0 0 0
85 2 0 0 0 0 0 0 0 0
86 16 2 2 12 0 0 0 0 0
fl=./time/./time/tzfile.c
fn=__tzfile_compute
586 16 1 1 0 0 0 14 0 0
589 2 0 0 0 0 0 0 0 0
591 8 0 0 2 0 0 8 0 0
592 2 1 1 0 0 0 4 0 0
594 16 1 1 6 0 0 0 0 0
624 8 0 0 2 0 0 0 0 0
660 2 0 0 0 0 0 0 0 0
661 2 0 0 0 0 0 0 0 0
668 16 1 1 0 0 0 0 0 0
669 4 0 0 0 0 0 0 0 0
671 4 0 0 0 0 0 0 0 0
672 8 0 0 2 0 0 0 0 0
674 12 1 1 2 0 0 0 0 0
677 8 1 1 2 0 0 0 0 0
681 2 0 0 0 0 0 0 0 0
711 2 0 0 2 0 0 0 0 0
712 28 3 3 12 0 0 4 0 0
714 6 1 1 2 0 0 0 0 0
717 6 0 0 4 0 0 0 0 0
718 2 0 0 2 0 0 0 0 0
720 4 0 0 2 0 0 0 0 0
722 8 1 1 2 0 0 2 0 0
724 14 0 0 6 0 0 4 0 0
731 4 0 0 2 0 0 0 0 0
734 4 0 0 8 0 0 0 0 0
737 8 0 0 4 0 0 0 0 0
738 10 0 0 4 0 0 2 0 0
739 10 1 1 4 0 0 2 0 0
741 2 0 0 0 0 0 0 0 0
748 4 0 0 2 0 0 0 0 0
751 6 0 0 4 0 0 2 1 0
752 18 1 1 6 0 0 0 0 0
753 4 0 0 2 0 0 4 0 0
754 8 0 0 10 0 0 0 0 0
758 4 0 0 0 0 0 2 1 0
759 4 0 0 0 0 0 2 0 0
762 2 0 0 0 0 0 0 0 0
764 4 0 0 0 0 0 0 0 0
766 2 0 0 4 0 0 0 0 0
783 8 0 0 12 0 0 0 0 0
fn=__tzfile_read
107 13 2 2 2 0 0 9 0 0
114 2 0 0 1 0 0 0 0 0
116 1 0 0 0 0 0 1 0 0
121 1 0 0 0 0 0 1 0 0
123 1 0 0 0 0 0 0 0 0
126 3 0 0 1 0 0 0 0 0
135 4 1 1 2 2 2 0 0 0
136 1 0 0 0 0 0 0 0 0
145 1 1 1 0 0 0 0 0 0
159 1 1 1 0 0 0 0 0 0
167 5 0 0 0 0 0 0 0 0
168 1 0 0 0 0 0 0 0 0
172 4 0 0 0 0 0 0 0 0
175 5 1 1 1 1 1 4 0 0
176 1 0 0 0 0 0 1 0 0
179 1 0 0 0 0 0 2 0 0
180 2 1 1 2 0 0 1 0 0
181 2 0 0 1 0 0 1 0 0
184 5 0 0 1 0 0 1 0 0
187 16 0 0 2 0 0 0 0 0
189 8 1 1 2 0 0 0 0 0
192 2 0 0 0 0 0 0 0 0
193 4 0 0 0 0 0 4 0 0
194 2 0 0 0 0 0 0 0 0
195 4 0 0 0 0 0 2 0 0
196 2 0 0 0 0 0 0 0 0
197 2 0 0 0 0 0 0 0 0
199 8 1 1 0 0 0 0 0 0
202 6 2 2 1 0 0 0 0 0
208 5 0 0 0 0 0 0 0 0
209 2 0 0 0 0 0 0 0 0
214 8 0 0 1 0 0 1 0 0
225 3 0 0 1 0 0 0 0 0
226 4 0 0 0 0 0 0 0 0
227 1 0 0 0 0 0 0 0 0
228 3 1 1 2 0 0 0 0 0
229 1 0 0 0 0 0 0 0 0
231 1 0 0 0 0 0 0 0 0
234 7 0 0 1 0 0 0 0 0
235 3 0 0 0 0 0 0 0 0
237 1 0 0 0 0 0 0 0 0
238 2 1 1 0 0 0 0 0 0
241 5 0 0 0 0 0 0 0 0
243 1 0 0 0 0 0 0 0 0
244 5 0 0 0 0 0 1 0 0
274 4 1 1 0 0 0 1 0 0
276 2 0 0 0 0 0 0 0 0
280 5 0 0 0 0 0 1 0 0
281 1 0 0 0 0 0 0 0 0
283 1 0 0 0 0 0 2 0 0
288 5 1 1 0 0 0 0 0 0
289 8 0 0 1 0 0 1 0 0
290 7 0 0 1 0 0 1 0 0
291 7 1 1 1 0 0 1 0 0
292 6 0 0 0 0 0 1 0 0
293 4 1 1 1 0 0 0 0 0
294 8 1 1 0 0 0 1 1 1
297 1 0 0 0 0 0 0 0 0
299 2 0 0 1 0 0 0 0 0
302 10 1 1 4 0 0 0 0 0
305 7 0 0 2 0 0 0 0 0
311 712 0 0 1 0 0 0 0 0
312 708 1 1 236 0 0 0 0 0
315 5 1 1 1 0 0 0 0 0
323 2 0 0 1 0 0 0 0 0
329 472 0 0 0 0 0 0 0 0
330 236 0 0 0 0 0 236 0 0
333 25 1 1 7 0 0 0 0 0
337 42 1 1 6 0 0 0 0 0
342 12 0 0 0 0 0 0 0 0
344 28 0 0 6 0 0 7 0 0
346 12 0 0 0 0 0 0 0 0
349 18 0 0 6 0 0 6 0 0
350 6 0 0 0 0 0 6 0 0
353 8 0 0 1 0 0 0 0 0
356 2 0 0 1 0 0 0 0 0
372 20 1 1 0 0 0 0 0 0
377 31 1 1 6 0 0 6 0 0
379 4 1 1 1 0 0 0 0 0
380 3 0 0 1 0 0 0 0 0
382 16 1 1 0 0 0 0 0 0
387 37 0 0 6 0 0 6 0 0
389 4 1 1 1 0 0 0 0 0
390 3 1 1 1 0 0 0 0 0
393 3 0 0 1 0 0 0 0 0
395 1 0 0 0 0 0 0 0 0
397 2 1 1 0 0 0 0 0 0
398 9 1 1 1 0 0 0 0 0
402 2 0 0 1 0 0 1 0 0
406 3 1 1 1 0 0 0 0 0
409 2 0 0 0 0 0 0 0 0
412 30 1 1 7 0 0 0 0 0
413 42 0 0 18 0 0 0 0 0
419 3 0 0 1 0 0 2 0 0
421 4 0 0 1 0 0 0 0 0
423 4 0 0 4 0 0 0 0 0
424 7 1 1 4 0 0 0 0 0
426 6 0 0 4 0 0 0 0 0
430 10 0 0 4 0 0 2 0 0
432 7 0 0 2 0 0 0 0 0
436 2 0 0 1 0 0 0 0 0
443 2 0 0 1 0 0 0 0 0
444 2 1 1 0 0 0 0 0 0
446 2 0 0 0 0 0 1 0 0
447 2 1 1 1 0 0 0 0 0
449 1 0 0 1 0 0 0 0 0
452 1 0 0 0 0 0 1 0 0
456 2 0 0 0 0 0 0 0 0
458 10 2 2 3 0 0 0 0 0
460 3 0 0 1 0 0 1 0 0
461 5 0 0 1 0 0 0 0 0
465 1 0 0 0 0 0 0 0 0
470 12 1 1 0 0 0 1 0 0
471 4 0 0 2 0 0 0 0 0
474 5 0 0 2 1 1 1 0 0
475 8 0 0 6 0 0 1 0 0
478 2 0 0 0 0 0 1 0 0
479 2 1 1 1 0 0 0 0 0
480 1 0 0 0 0 0 0 0 0
488 13 0 0 11 0 0 0 0 0
fl=./time/./time/tzset.c
fn=__tz_convert
568 28 3 2 4 0 0 16 0 0
572 14 0 0 0 0 0 0 0 0
577 12 0 0 0 0 0 0 0 0
579 6 2 1 2 0 0 0 0 0
580 14 0 0 0 0 0 0 0 0
592 14 0 0 0 0 0 0 0 0
594 2 1 1 0 0 0 0 0 0
596 2 0 0 0 0 0 0 0 0
603 14 0 0 4 0 0 0 0 0
604 8 0 0 4 0 0 2 0 0
610 28 1 1 20 1 0 0 0 0
fn=__tzstring
120 48 1 1 0 0 0 36 0 0
121 48 0 0 0 0 0 0 0 0
122 24 0 0 36 0 0 0 0 0
fn=__tzstring_len
83 84 2 2 0 0 0 96 0 0
89 78 1 1 33 0 0 0 0 0
90 84 0 0 28 0 0 0 0 0
92 106 0 0 0 0 0 0 0 0
93 140 0 0 0 0 0 0 0 0
98 20 1 1 0 0 0 0 0 0
99 5 0 0 0 0 0 0 0 0
103 5 0 0 0 0 0 10 0 0
104 5 0 0 0 0 0 0 0 0
105 10 0 0 0 0 0 5 0 0
108 4 0 0 0 0 0 4 0 0
110 1 0 0 0 0 0 1 0 0
113 72 1 1 96 0 0 0 0 0
fn=tzset_internal
368 8 2 2 0 0 0 12 0 0
372 16 0 0 2 0 0 0 0 0
374 2 0 0 0 0 0 1 0 0
377 4 0 0 0 0 0 0 0 0
378 1 0 0 0 0 0 0 0 0
397 1 0 0 0 0 0 1 1 1
398 1 0 0 0 0 0 1 1 1
401 2 1 1 1 0 0 0 0 0
402 6 0 0 0 0 0 1 0 0
405 4 1 1 0 0 0 0 0 0
406 3 0 0 1 0 0 0 0 0
424 8 2 2 12 1 0 0 0 0
fl=./wcsmbs/./wcsmbs/btowc.c
fn=btowc
32 2560 1 1 512 0 0 1280 0 0
37 1280 0 0 0 0 0 0 0 0
42 512 1 1 0 0 0 0 0 0
46 640 1 1 384 1 1 0 0 0
47 256 0 0 256 2 2 0 0 0
48 256 0 0 128 1 1 0 0 0
52 512 1 1 128 0 0 0 0 0
55 1920 1 1 640 0 0 0 0 0
94 1792 0 0 1408 0 0 0 0 0
fl=./wcsmbs/./wcsmbs/mbsrtowcs.c
fn=mbsrtowcs
27 2896 1318 426 0 0 0 2896 0 0
28 13032 0 0 2896 0 0 0 0 0
29 1448 0 0 2896 0 0 0 0 0
fl=./wcsmbs/./wcsmbs/mbsrtowcs_l.c
fn=__mbsrtowcs_l
41 23168 659 211 2896 0 0 17376 0 0
51 2896 0 0 0 0 0 1448 336 8
52 4344 659 211 1448 3 2 1448 7 0
53 1448 0 0 0 0 0 1448 0 0
56 1448 0 0 1448 554 208 0 0 0
59 1448 0 0 1448 654 208 0 0 0
60 1448 0 0 1448 1 0 0 0 0
61 2896 0 0 1448 451 195 0 0 0
65 1448 0 0 0 0 0 0 0 0
69 2108 0 0 1448 0 0 660 372 2
70 5280 1317 420 0 0 0 0 0 0
72 1980 0 0 1320 0 0 660 0 0
73 1320 0 0 0 0 0 660 0 0
75 660 0 0 0 0 0 0 0 0
76 1320 0 0 0 0 0 660 0 0
79 660 0 0 0 0 0 660 0 0
81 7260 659 207 0 0 0 0 0 0
84 1980 0 0 660 0 0 0 0 0
86 1320 0 0 0 0 0 0 0 0
88 1320 658 208 0 0 0 0 0 0
91 1320 0 0 660 0 0 0 0 0
93 660 0 0 0 0 0 0 0 0
101 788 0 0 0 0 0 788 0 0
105 1576 0 0 0 0 0 1576 0 0
109 3152 659 211 0 0 0 0 0 0
113 3152 0 0 0 0 0 0 0 0
115 8668 658 212 0 0 0 0 0 0
117 1576 659 209 0 0 0 0 0 0
118 788 0 0 0 0 0 0 0 0
120 2364 0 0 788 0 0 0 0 0
122 1320 0 0 660 0 0 0 0 0
125 788 0 0 788 0 0 0 0 0
129 788 0 0 0 0 0 788 0 0
131 2364 0 0 0 0 0 0 0 0
135 1576 0 0 0 0 0 0 0 0
136 1980 0 0 660 0 0 0 0 0
138 660 0 0 0 0 0 0 0 0
139 1980 0 0 1320 0 0 0 0 0
140 660 0 0 0 0 0 660 0 0
141 1320 0 0 0 0 0 0 0 0
147 384 1 1 0 0 0 0 0 0
153 256 1 1 0 0 0 0 0 0
155 128 0 0 0 0 0 0 0 0
156 640 0 0 128 0 0 128 0 0
159 128 0 0 0 0 0 0 0 0
160 23168 659 211 20272 0 0 0 0 0
fl=./wcsmbs/./wcsmbs/wcschr.c
fn=wcschr
28 16 2 2 0 0 0 16 0 0
43 784 0 0 160 0 0 0 0 0
46 16 0 0 16 0 0 0 0 0
fl=./wcsmbs/./wcsmbs/wcscmp.c
fn=wcscmp
29 2972 36 8 0 0 0 1486 1 0
34 6647 0 0 6647 39 10 0 0 0
35 6647 0 0 6647 90 18 0 0 0
36 6647 0 0 0 0 0 0 0 0
37 369 0 0 0 0 0 0 0 0
39 19203 36 8 0 0 0 0 0 0
41 748 0 0 0 0 0 0 0 0
42 1486 0 0 1486 0 0 0 0 0
fl=./wcsmbs/./wcsmbs/wcscpy.c
fn=wcscpy
29 250 23 2 0 0 0 200 0 0
31 350 0 0 0 0 0 0 0 0
49 100 22 2 200 0 0 0 0 0
fl=./wcsmbs/./wcsmbs/wcslen.c
fn=wcslen
27 1083 66 12 0 0 0 722 1 1
28 722 0 0 0 0 0 0 0 0
30 4219 0 0 1929 103 44 0 0 0
32 3736 61 12 1826 0 0 0 0 0
34 3906 0 0 1742 2 2 0 0 0
36 3836 0 0 1681 0 0 0 0 0
38 1568 0 0 0 0 0 0 0 0
42 722 0 0 722 0 0 0 0 0
fl=./wcsmbs/./wcsmbs/wcsmbsload.c
fn=__wcsmbs_load_conv
91 18 2 2 0 0 0 0 0 0
111 4 0 0 0 0 0 0 0 0
115 2 0 0 4 0 0 0 0 0
119 2 0 0 0 0 0 4 0 0
152 13 1 1 2 0 0 10 0 0
153 1 0 0 1 0 0 0 0 0
156 3 1 1 0 0 0 0 0 0
160 2 0 0 1 0 0 0 0 0
169 4 0 0 0 0 0 0 0 0
170 1 0 0 0 0 0 0 0 0
174 1 0 0 1 1 1 0 0 0
181 90 5 5 18 6 6 9 0 0
189 1 0 0 0 0 0 0 0 0
196 1 0 0 0 0 0 0 0 0
207 1 0 0 0 0 0 1 0 0
210 2 0 0 0 0 0 0 0 0
211 14 1 1 12 0 0 0 0 0
fl=./wcsmbs/./wcsmbs/wcsmbsload.h
fn=__mbsrtowcs_l
69 1448 0 0 1448 378 209 0 0 0
70 2896 0 0 1448 279 208 0 0 0
fl=./wcsmbs/./wcsmbs/wcsncpy.c
fn=wcsncpy
27 21 3 3 0 0 0 18 0 0
28 12 0 0 0 0 0 0 0 0
29 6 0 0 0 0 0 0 0 0
30 12 0 0 0 0 0 0 0 0
31 12 0 0 0 0 0 0 0 0
32 9 0 0 18 3 0 0 0 0
fl=./wcsmbs/./wcsmbs/wcsnlen.c
fn=wcsnlen
27 40 8 3 0 0 0 32 3 0
28 24 0 0 0 0 0 0 0 0
30 24 8 3 0 0 0 0 0 0
32 32 0 0 32 0 0 0 0 0
fl=./wcsmbs/./wcsmbs/wcsrchr.c
fn=wcsrchr
28 6 2 1 0 0 0 4 0 0
29 2 0 0 0 0 0 0 0 0
43 300 0 0 60 2 0 0 0 0
46 4 0 0 4 0 0 0 0 0
fl=./wcsmbs/./wcsmbs/wcsrtombs.c
fn=wcsrtombs
38 80 10 2 10 0 0 65 0 0
47 10 0 0 0 0 0 5 1 0
48 15 0 0 5 2 1 5 0 0
49 25 5 1 0 0 0 5 0 0
52 25 0 0 15 6 2 0 0 0
55 5 0 0 5 4 0 0 0 0
56 5 5 1 5 2 0 0 0 0
57 10 0 0 5 1 0 0 0 0
61 5 0 0 0 0 0 0 0 0
65 5 0 0 5 1 0 0 0 0
101 25 0 0 0 0 0 0 0 0
105 10 0 0 0 0 0 10 0 0
107 60 5 1 0 0 0 0 0 0
112 10 0 0 5 0 0 0 0 0
116 10 0 0 0 0 0 0 0 0
117 10 5 1 5 0 0 0 0 0
119 10 0 0 0 0 0 0 0 0
120 15 0 0 10 0 0 0 0 0
121 5 0 0 0 0 0 5 0 0
122 10 0 0 0 0 0 0 0 0
141 75 5 1 75 0 0 0 0 0
fl=./wcsmbs/./wcsmbs/wctob.c
fn=wctob
30 1280 2 2 256 2 0 640 0 0
39 256 0 0 0 0 0 0 0 0
44 256 0 0 0 0 0 0 0 0
45 128 0 0 0 0 0 0 0 0
79 1408 1 1 896 0 0 0 0 0
fl=./wcsmbs/./wcsmbs/wmemchr.c
fn=wmemchr
26 24 7 3 0 0 0 16 0 0
28 42 0 0 0 0 0 0 0 0
30 63 8 3 21 2 1 0 0 0
31 1 0 0 0 0 0 0 0 0
32 60 0 0 20 0 0 0 0 0
34 60 0 0 20 0 0 0 0 0
35 7 7 2 0 0 0 0 0 0
36 39 0 0 13 0 0 0 0 0
38 13 0 0 0 0 0 0 0 0
39 21 0 0 0 0 0 0 0 0
61 16 1 1 16 0 0 0 0 0
fl=./wcsmbs/./wcsmbs/wmemcpy.c
fn=wmemcpy
24 106 18 4 0 0 0 106 0 0
25 106 0 0 0 0 0 0 0 0
26 53 0 0 106 0 0 0 0 0
fl=./wcsmbs/./wcsmbs/wmemset.c
fn=wmemset
26 6 3 3 0 0 0 6 0 0
27 3 0 0 0 0 0 0 0 0
29 6138 3 3 0 0 0 0 0 0
32 3057 0 0 0 0 0 6114 257 218
34 3057 0 0 0 0 0 6114 508 451
35 3057 0 0 0 0 0 0 0 0
36 3057 0 0 0 0 0 0 0 0
39 3 0 0 0 0 0 0 0 0
41 2 0 0 0 0 0 2 1 0
43 4 0 0 0 0 0 0 0 0
45 2 0 0 0 0 0 2 0 0
47 4 0 0 0 0 0 0 0 0
48 1 0 0 0 0 0 1 0 0
53 6 0 0 6 3 0 0 0 0
fl=./wcsmbs/./wcsmbsload.h
fn=btowc
69 256 0 0 128 1 1 128 0 0
70 256 0 0 128 1 1 0 0 0
fn=wcsrtombs
69 5 0 0 5 5 1 0 0 0
70 10 0 0 5 2 0 0 0 0
71 2 1 1 0 0 0 0 0 0
72 2 0 0 1 0 0 0 0 0
fl=./wctype/./wctype/wctype_l.c
fn=wctype_l
26 70 1 1 0 0 0 80 0 0
29 20 0 0 0 0 0 0 0 0
32 20 0 0 20 1 1 0 0 0
33 68 0 0 0 0 0 0 0 0
35 174 1 1 0 0 0 0 0 0
37 361 0 0 0 0 0 0 0 0
40 96 0 0 0 0 0 0 0 0
41 96 0 0 48 0 0 0 0 0
45 20 0 0 10 1 1 0 0 0
46 20 1 1 10 2 2 0 0 0
47 50 0 0 80 0 0 0 0 0
fl=???
fn=(below main)
0 14 1 1 1 0 0 0 0 0
fn=???
0 9122101326 569977510 38653510 2583103424 129443435 18173188 1573563514 38157177 2139808
fn=ASN1_OBJECT_free
0 2840 97 2 710 18 0 568 0 0
fn=ASN1_add_oid_module
0 12 2 2 2 0 0 2 0 0
fn=ASN1_add_stable_module
0 12 2 2 2 0 0 2 0 0
fn=BIO_clear_flags
0 12 1 1 3 0 0 3 0 0
fn=BIO_ctrl
0 43 5 5 12 0 0 6 0 0
fn=BIO_free
0 51 6 5 8 0 0 3 0 0
fn=BIO_gets
0 26583 748 7 7429 12 0 3127 0 0
fn=BIO_meth_new
0 34 3 3 7 0 0 9 0 0
fn=BIO_meth_set_create
0 11 2 2 2 0 0 3 0 0
fn=BIO_meth_set_ctrl
0 11 1 1 2 0 0 3 0 0
fn=BIO_meth_set_destroy
0 11 1 1 2 0 0 3 0 0
fn=BIO_meth_set_gets
0 11 1 1 2 0 0 3 0 0
fn=BIO_meth_set_puts
0 11 1 1 2 0 0 3 0 0
fn=BIO_meth_set_read_ex
0 11 2 2 2 0 0 4 0 0
fn=BIO_meth_set_write_ex
0 11 2 2 2 0 0 4 0 0
fn=BIO_new
0 8 2 2 2 0 0 2 0 0
fn=BIO_new_ex
0 49 4 4 9 1 1 12 0 0
fn=BIO_new_file
0 39 3 3 6 0 0 6 0 0
fn=BIO_s_file
0 8 1 1 2 0 0 2 0 0
fn=BIO_snprintf
0 76618 574 5 11889 0 0 30383 0 0
fn=BIO_vsnprintf
0 60766 387 4 14531 0 0 9247 5 0
fn=BN_free
0 1600 148 3 0 0 0 0 0 0
fn=BUF_MEM_free
0 22 3 3 7 0 0 4 0 0
fn=BUF_MEM_grow
0 15490 363 4 3410 0 0 3118 0 0
fn=BUF_MEM_grow_clean
0 586 24 5 133 0 0 100 0 0
fn=BUF_MEM_new
0 3066 47 2 584 0 0 584 0 0
fn=CONF_get1_default_config_file
0 42 4 3 5 0 0 5 0 0
fn=CONF_imodule_get_value
0 7 1 1 3 0 0 2 0 0
fn=CONF_module_add
0 147 2 2 14 0 0 14 0 0
fn=CONF_modules_load
0 243 18 15 51 0 0 22 0 0
fn=CONF_modules_load_file_ex
0 66 12 8 9 1 1 8 0 0
fn=CONF_modules_unload
0 225 6 6 55 9 9 9 0 0
fn=CRYPTO_THREAD_cleanup_local
0 48 2 1 12 0 0 8 0 0
fn=CRYPTO_THREAD_get_local
0 1085 51 4 465 39 3 310 0 0
fn=CRYPTO_THREAD_init_local
0 48 1 1 8 0 0 8 0 0
fn=CRYPTO_THREAD_lock_free
0 768 2 2 138 0 0 138 0 0
fn=CRYPTO_THREAD_lock_new
0 1440 56 4 240 0 0 240 0 0
fn=CRYPTO_THREAD_read_lock
0 13651 30 5 2482 0 0 2482 0 0
fn=CRYPTO_THREAD_run_once
0 13992 35 7 2332 1 0 2332 31 0
fn=CRYPTO_THREAD_set_local
0 78 2 2 18 0 0 12 0 0
fn=CRYPTO_THREAD_unlock
0 30151 12 2 5482 0 0 5482 0 0
fn=CRYPTO_THREAD_write_lock
0 16500 6 6 3000 0 0 3000 0 0
fn=CRYPTO_atomic_load
0 583 57 5 159 0 0 159 1 0
fn=CRYPTO_atomic_or
0 84 6 2 16 0 0 20 0 0
fn=CRYPTO_clear_free
0 260 26 4 65 0 0 65 0 0
fn=CRYPTO_free
0 66443 202 4 20444 65 3 10222 0 0
fn=CRYPTO_free_ex_data
0 384 18 16 113 15 2 59 0 0
fn=CRYPTO_get_ex_data
0 4148 77 9 1464 2 0 976 0 0
fn=CRYPTO_malloc
0 94545 110 9 24880 104 4 9953 1 0
fn=CRYPTO_new_ex_data
0 22 4 1 4 0 0 4 0 0
fn=CRYPTO_realloc
0 2550 40 4 376 25 3 0 0 0
fn=CRYPTO_secure_malloc_done
0 22 3 3 5 1 0 5 0 0
fn=CRYPTO_set_ex_data
0 232 20 11 55 0 0 37 0 0
fn=CRYPTO_strdup
0 3724 257 3 665 0 0 665 0 0
fn=CRYPTO_strndup
0 34816 83 4 6528 0 0 7616 0 0
fn=CRYPTO_zalloc
0 16460 46 5 3292 0 0 3292 0 0
fn=CountVisitor::CountVisitor()
0 190225 38045 34426 38045 38045 18007 76090 0 0
fn=CountVisitor::visitData(SpatialIndex::IData const&)
0 12920 0 0 3230 0 0 3230 0 0
fn=CountVisitor::visitNode(SpatialIndex::INode const&)
0 39479 37551 35042 0 0 0 0 0 0
fn=CountVisitor::~CountVisitor()
0 380450 494 123 114135 0 0 114135 0 0
fn=DSO_free
0 56 2 2 0 0 0 0 0 0
fn=DataStream::DataStream(int (*)(long*, double**, double**, unsigned int*, unsigned char const**, unsigned long*))
0 14 2 2 2 2 2 8 1 0
fn=DataStream::getNext()
0 330 62 33 120 32 1 120 0 0
fn=DataStream::hasNext()
0 136 32 17 34 0 0 0 0 0
fn=DataStream::readData()
0 1278 128 68 402 48 16 350 35 17
fn=DataStream::~DataStream()
0 34 6 2 10 2 0 8 2 2
fn=ENGINE_add
0 51 7 7 14 0 0 11 0 0
fn=ENGINE_add_conf_module
0 12 1 1 2 0 0 2 0 0
fn=ENGINE_finish
0 360 24 2 96 0 0 96 0 0
fn=ENGINE_free
0 14 2 1 4 0 0 4 0 0
fn=ENGINE_get_digest_engine
0 144 24 3 24 0 0 24 0 0
fn=ENGINE_get_first
0 37 3 3 12 0 0 4 0 0
fn=ENGINE_get_next
0 28 3 3 9 0 0 5 0 0
fn=ENGINE_load_builtin_engines
0 8 1 1 2 0 0 2 0 0
fn=ENGINE_new
0 42 3 3 9 2 2 6 0 0
fn=ENGINE_register_DH
0 16 2 2 3 0 0 2 0 0
fn=ENGINE_register_DSA
0 16 2 2 3 0 0 2 0 0
fn=ENGINE_register_EC
0 16 2 2 3 0 0 2 0 0
fn=ENGINE_register_RAND
0 16 2 2 3 0 0 2 0 0
fn=ENGINE_register_RSA
0 16 2 2 3 0 0 2 0 0
fn=ENGINE_register_all_complete
0 23 2 2 4 0 0 3 0 0
fn=ENGINE_register_ciphers
0 30 3 3 8 0 0 3 0 0
fn=ENGINE_register_complete
0 29 2 2 3 0 0 3 0 0
fn=ENGINE_register_digests
0 30 3 3 8 0 0 3 0 0
fn=ENGINE_register_pkey_asn1_meths
0 30 3 3 8 0 0 3 0 0
fn=ENGINE_register_pkey_meths
0 30 3 3 8 0 0 3 0 0
fn=ENGINE_remove
0 51 5 5 12 2 2 6 0 0
fn=ENGINE_set_cmd_defns
0 11 0 0 2 0 0 3 0 0
fn=ENGINE_set_ctrl_function
0 11 1 1 2 0 0 3 0 0
fn=ENGINE_set_finish_function
0 11 1 1 2 0 0 3 0 0
fn=ENGINE_set_flags
0 11 1 1 2 0 0 3 0 0
fn=ENGINE_set_id
0 10 1 1 0 0 0 1 0 0
fn=ENGINE_set_init_function
0 11 1 1 2 0 0 3 0 0
fn=ENGINE_set_name
0 10 1 1 0 0 0 1 0 0
fn=ERR_get_next_error_library
0 31 4 4 8 1 0 5 0 0
fn=ERR_load_strings_const
0 544 2 2 102 0 0 102 0 0
fn=ERR_pop_to_mark
0 150 15 4 36 1 0 24 0 0
fn=ERR_reason_error_string
0 2278 6 6 578 0 0 272 0 0
fn=ERR_set_mark
0 114 7 2 24 3 0 12 0 0
fn=EVP_CIPHER_get_nid
0 1162 3 1 498 157 0 332 0 0
fn=EVP_CIPHER_get_type
0 5594 344 6 664 0 0 664 0 0
fn=EVP_DigestInit_ex
0 96 24 2 24 0 0 24 0 0
fn=EVP_MD_CTX_clear_flags
0 168 24 3 36 0 0 36 0 0
fn=EVP_MD_CTX_free
0 192 24 4 36 0 0 36 0 0
fn=EVP_MD_CTX_new
0 120 12 2 24 0 0 24 0 0
fn=EVP_MD_CTX_reset
0 360 24 4 48 0 0 48 0 0
fn=EVP_MD_CTX_set_flags
0 156 12 2 36 0 0 36 0 0
fn=EVP_MD_CTX_test_flags
0 108 12 2 36 0 0 24 0 0
fn=EVP_MD_do_all_provided
0 15 1 1 2 0 0 2 0 0
fn=EVP_MD_fetch
0 180 24 2 24 0 0 24 0 0
fn=EVP_MD_free
0 1974 71 6 320 21 20 240 0 0
fn=EVP_MD_get_flags
0 84 24 2 36 0 0 24 0 0
fn=EVP_MD_get_type
0 840 23 2 360 82 16 240 0 0
fn=EVP_MD_up_ref
0 1120 57 3 210 13 12 140 0 0
fn=EVP_PBE_cleanup
0 18 2 2 4 1 1 4 0 0
fn=EVP_PKEY_CTX_free
0 96 36 6 0 0 0 0 0 0
fn=EVP_PKEY_asn1_get0
0 256 25 1 48 3 2 32 0 0
fn=EVP_PKEY_asn1_get0_info
0 432 18 3 96 16 16 96 0 0
fn=EVP_PKEY_asn1_get_count
0 9 2 2 1 1 1 0 0 0
fn=EVP_add_alg_module
0 11 2 2 2 0 0 2 0 0
fn=EVP_add_cipher
0 2804 4 3 660 133 132 396 0 0
fn=EVP_add_digest
0 726 3 3 178 21 21 84 0 0
fn=EVP_aes_128_cbc
0 8 0 0 2 0 0 2 0 0
fn=EVP_aes_128_cbc_hmac_sha1
0 7 0 0 2 0 0 2 0 0
fn=EVP_aes_128_cbc_hmac_sha256
0 7 0 0 2 0 0 2 0 0
fn=EVP_aes_128_ccm
0 9 1 1 2 0 0 2 0 0
fn=EVP_aes_128_cfb1
0 9 0 0 2 0 0 2 0 0
fn=EVP_aes_128_cfb128
0 9 1 1 2 0 0 2 0 0
fn=EVP_aes_128_cfb8
0 9 1 1 2 0 0 2 0 0
fn=EVP_aes_128_ctr
0 9 1 1 2 0 0 2 0 0
fn=EVP_aes_128_ecb
0 9 2 2 2 0 0 2 0 0
fn=EVP_aes_128_gcm
0 9 2 2 2 0 0 2 0 0
fn=EVP_aes_128_ocb
0 9 2 2 2 0 0 2 0 0
fn=EVP_aes_128_ofb
0 9 0 0 2 0 0 2 0 0
fn=EVP_aes_128_wrap
0 9 2 2 2 0 0 2 0 0
fn=EVP_aes_128_wrap_pad
0 9 2 2 2 0 0 2 0 0
fn=EVP_aes_128_xts
0 9 2 2 2 0 0 2 0 0
fn=EVP_aes_192_cbc
0 9 1 0 2 0 0 2 0 0
fn=EVP_aes_192_ccm
0 9 0 0 2 0 0 2 0 0
fn=EVP_aes_192_cfb1
0 9 1 1 2 0 0 2 0 0
fn=EVP_aes_192_cfb128
0 9 1 1 2 0 0 2 0 0
fn=EVP_aes_192_cfb8
0 9 1 0 2 0 0 2 0 0
fn=EVP_aes_192_ctr
0 9 1 1 2 0 0 2 0 0
fn=EVP_aes_192_ecb
0 9 2 1 2 0 0 2 0 0
fn=EVP_aes_192_gcm
0 9 0 0 2 0 0 2 0 0
fn=EVP_aes_192_ocb
0 9 0 0 2 0 0 2 0 0
fn=EVP_aes_192_ofb
0 9 0 0 2 0 0 2 0 0
fn=EVP_aes_192_wrap
0 9 0 0 2 0 0 2 0 0
fn=EVP_aes_192_wrap_pad
0 9 1 0 2 0 0 2 0 0
fn=EVP_aes_256_cbc
0 9 0 0 2 0 0 2 0 0
fn=EVP_aes_256_cbc_hmac_sha1
0 7 1 1 2 0 0 2 0 0
fn=EVP_aes_256_cbc_hmac_sha256
0 7 1 1 2 0 0 2 0 0
fn=EVP_aes_256_ccm
0 9 0 0 2 0 0 2 0 0
fn=EVP_aes_256_cfb1
0 9 1 1 2 0 0 2 0 0
fn=EVP_aes_256_cfb128
0 8 1 1 2 0 0 2 0 0
fn=EVP_aes_256_cfb8
0 9 0 0 2 0 0 2 0 0
fn=EVP_aes_256_ctr
0 9 0 0 2 0 0 2 0 0
fn=EVP_aes_256_ecb
0 9 1 1 2 0 0 2 0 0
fn=EVP_aes_256_gcm
0 9 0 0 2 0 0 2 0 0
fn=EVP_aes_256_ocb
0 9 1 1 2 0 0 2 0 0
fn=EVP_aes_256_ofb
0 9 0 0 2 0 0 2 0 0
fn=EVP_aes_256_wrap
0 9 0 0 2 0 0 2 0 0
fn=EVP_aes_256_wrap_pad
0 8 0 0 2 0 0 2 0 0
fn=EVP_aes_256_xts
0 9 0 0 2 0 0 2 0 0
fn=EVP_aria_128_cbc
0 8 1 1 2 0 0 2 0 0
fn=EVP_aria_128_ccm
0 9 2 2 2 0 0 2 0 0
fn=EVP_aria_128_cfb1
0 8 1 1 2 0 0 2 0 0
fn=EVP_aria_128_cfb128
0 9 0 0 2 0 0 2 0 0
fn=EVP_aria_128_cfb8
0 9 1 1 2 0 0 2 0 0
fn=EVP_aria_128_ctr
0 9 1 1 2 0 0 2 0 0
fn=EVP_aria_128_ecb
0 9 2 2 2 0 0 2 0 0
fn=EVP_aria_128_gcm
0 9 2 2 2 0 0 2 0 0
fn=EVP_aria_128_ofb
0 9 0 0 2 0 0 2 0 0
fn=EVP_aria_192_cbc
0 9 0 0 2 0 0 2 0 0
fn=EVP_aria_192_ccm
0 9 0 0 2 0 0 2 0 0
fn=EVP_aria_192_cfb1
0 9 2 1 2 0 0 2 0 0
fn=EVP_aria_192_cfb128
0 9 1 1 2 0 0 2 0 0
fn=EVP_aria_192_cfb8
0 9 1 1 2 0 0 2 0 0
fn=EVP_aria_192_ctr
0 9 0 0 2 0 0 2 0 0
fn=EVP_aria_192_ecb
0 9 1 1 2 0 0 2 0 0
fn=EVP_aria_192_gcm
0 9 1 0 2 0 0 2 0 0
fn=EVP_aria_192_ofb
0 9 0 0 2 0 0 2 0 0
fn=EVP_aria_256_cbc
0 9 1 1 2 0 0 2 0 0
fn=EVP_aria_256_ccm
0 9 1 1 2 0 0 2 0 0
fn=EVP_aria_256_cfb1
0 9 1 0 2 0 0 2 0 0
fn=EVP_aria_256_cfb128
0 9 0 0 2 0 0 2 0 0
fn=EVP_aria_256_cfb8
0 9 0 0 2 0 0 2 0 0
fn=EVP_aria_256_ctr
0 9 0 0 2 0 0 2 0 0
fn=EVP_aria_256_ecb
0 9 2 1 2 0 0 2 0 0
fn=EVP_aria_256_gcm
0 9 0 0 2 0 0 2 0 0
fn=EVP_aria_256_ofb
0 9 0 0 2 0 0 2 0 0
fn=EVP_bf_cbc
0 8 1 1 2 0 0 2 0 0
fn=EVP_bf_cfb64
0 9 1 1 2 0 0 2 0 0
fn=EVP_bf_ecb
0 9 2 2 2 0 0 2 0 0
fn=EVP_bf_ofb
0 9 0 0 2 0 0 2 0 0
fn=EVP_blake2b512
0 8 1 1 2 0 0 2 0 0
fn=EVP_blake2s256
0 9 2 1 2 0 0 2 0 0
fn=EVP_camellia_128_cbc
0 8 0 0 2 0 0 2 0 0
fn=EVP_camellia_128_cfb1
0 9 0 0 2 0 0 2 0 0
fn=EVP_camellia_128_cfb128
0 9 1 1 2 0 0 2 0 0
fn=EVP_camellia_128_cfb8
0 9 1 1 2 0 0 2 0 0
fn=EVP_camellia_128_ctr
0 9 0 0 2 0 0 2 0 0
fn=EVP_camellia_128_ecb
0 9 2 2 2 0 0 2 0 0
fn=EVP_camellia_128_ofb
0 9 0 0 2 0 0 2 0 0
fn=EVP_camellia_192_cbc
0 9 0 0 2 0 0 2 0 0
fn=EVP_camellia_192_cfb1
0 9 1 1 2 0 0 2 0 0
fn=EVP_camellia_192_cfb128
0 9 1 1 2 0 0 2 0 0
fn=EVP_camellia_192_cfb8
0 9 0 0 2 0 0 2 0 0
fn=EVP_camellia_192_ctr
0 9 0 0 2 0 0 2 0 0
fn=EVP_camellia_192_ecb
0 9 2 2 2 0 0 2 0 0
fn=EVP_camellia_192_ofb
0 9 0 0 2 0 0 2 0 0
fn=EVP_camellia_256_cbc
0 9 1 1 2 0 0 2 0 0
fn=EVP_camellia_256_cfb1
0 9 1 1 2 0 0 2 0 0
fn=EVP_camellia_256_cfb128
0 8 1 1 2 0 0 2 0 0
fn=EVP_camellia_256_cfb8
0 9 1 1 2 0 0 2 0 0
fn=EVP_camellia_256_ctr
0 9 0 0 2 0 0 2 0 0
fn=EVP_camellia_256_ecb
0 9 1 1 2 0 0 2 0 0
fn=EVP_camellia_256_ofb
0 9 0 0 2 0 0 2 0 0
fn=EVP_cast5_cbc
0 8 0 0 2 0 0 2 0 0
fn=EVP_cast5_cfb64
0 9 1 1 2 0 0 2 0 0
fn=EVP_cast5_ecb
0 9 2 2 2 0 0 2 0 0
fn=EVP_cast5_ofb
0 9 0 0 2 0 0 2 0 0
fn=EVP_chacha20
0 8 1 1 2 0 0 2 0 0
fn=EVP_chacha20_poly1305
0 8 1 1 2 0 0 2 0 0
fn=EVP_des_cbc
0 8 1 0 2 0 0 2 0 0
fn=EVP_des_cfb1
0 9 2 2 2 0 0 2 0 0
fn=EVP_des_cfb64
0 9 2 2 2 0 0 2 0 0
fn=EVP_des_cfb8
0 9 0 0 2 0 0 2 0 0
fn=EVP_des_ecb
0 9 0 0 2 0 0 2 0 0
fn=EVP_des_ede
0 9 0 0 2 0 0 2 0 0
fn=EVP_des_ede3
0 9 1 1 2 0 0 2 0 0
fn=EVP_des_ede3_cbc
0 9 1 1 2 0 0 2 0 0
fn=EVP_des_ede3_cfb1
0 9 1 1 2 0 0 2 0 0
fn=EVP_des_ede3_cfb64
0 9 1 1 2 0 0 2 0 0
fn=EVP_des_ede3_cfb8
0 9 1 1 2 0 0 2 0 0
fn=EVP_des_ede3_ofb
0 9 1 1 2 0 0 2 0 0
fn=EVP_des_ede3_wrap
0 9 1 1 2 0 0 2 0 0
fn=EVP_des_ede_cbc
0 8 0 0 2 0 0 2 0 0
fn=EVP_des_ede_cfb64
0 9 2 2 2 0 0 2 0 0
fn=EVP_des_ede_ofb
0 9 0 0 2 0 0 2 0 0
fn=EVP_des_ofb
0 9 1 0 2 0 0 2 0 0
fn=EVP_desx_cbc
0 8 1 1 2 0 0 2 0 0
fn=EVP_md4
0 8 1 1 2 0 0 2 0 0
fn=EVP_md5
0 8 1 1 2 0 0 2 0 0
fn=EVP_md5_sha1
0 8 2 2 2 0 0 2 0 0
fn=EVP_rc2_40_cbc
0 9 1 1 2 0 0 2 0 0
fn=EVP_rc2_64_cbc
0 9 0 0 2 0 0 2 0 0
fn=EVP_rc2_cbc
0 8 0 0 2 0 0 2 0 0
fn=EVP_rc2_cfb64
0 9 2 2 2 0 0 2 0 0
fn=EVP_rc2_ecb
0 9 1 1 2 0 0 2 0 0
fn=EVP_rc2_ofb
0 9 0 0 2 0 0 2 0 0
fn=EVP_rc4
0 8 2 2 2 0 0 2 0 0
fn=EVP_rc4_40
0 9 0 0 2 0 0 2 0 0
fn=EVP_rc4_hmac_md5
0 8 2 2 2 0 0 2 0 0
fn=EVP_ripemd160
0 8 1 1 2 0 0 2 0 0
fn=EVP_seed_cbc
0 8 1 0 2 0 0 2 0 0
fn=EVP_seed_cfb128
0 9 1 1 2 0 0 2 0 0
fn=EVP_seed_ecb
0 9 2 2 2 0 0 2 0 0
fn=EVP_seed_ofb
0 9 0 0 2 0 0 2 0 0
fn=EVP_sha1
0 8 1 1 2 0 0 2 0 0
fn=EVP_sha224
0 9 1 1 2 0 0 2 0 0
fn=EVP_sha256
0 9 1 1 2 0 0 2 0 0
fn=EVP_sha384
0 9 2 2 2 0 0 2 0 0
fn=EVP_sha3_224
0 9 1 1 2 0 0 2 0 0
fn=EVP_sha3_256
0 9 0 0 2 0 0 2 0 0
fn=EVP_sha3_384
0 9 1 1 2 0 0 2 0 0
fn=EVP_sha3_512
0 9 1 1 2 0 0 2 0 0
fn=EVP_sha512
0 9 0 0 2 0 0 2 0 0
fn=EVP_sha512_224
0 9 0 0 2 0 0 2 0 0
fn=EVP_sha512_256
0 9 0 0 2 0 0 2 0 0
fn=EVP_shake128
0 9 0 0 2 0 0 2 0 0
fn=EVP_shake256
0 9 1 1 2 0 0 2 0 0
fn=EVP_sm3
0 8 1 1 2 0 0 2 0 0
fn=EVP_sm4_cbc
0 8 2 2 2 0 0 2 0 0
fn=EVP_sm4_cfb128
0 9 0 0 2 0 0 2 0 0
fn=EVP_sm4_ctr
0 9 0 0 2 0 0 2 0 0
fn=EVP_sm4_ecb
0 9 2 2 2 0 0 2 0 0
fn=EVP_sm4_ofb
0 9 0 0 2 0 0 2 0 0
fn=EVP_whirlpool
0 8 1 1 2 0 0 2 0 0
fn=Error_GetErrorCount
0 212976 35496 34204 70992 35495 18314 35496 0 0
fn=GetDefaults()
0 6660 495 272 1002 180 102 1326 25 12
fn=Index::CreateIndex()
0 119 12 11 24 2 0 26 0 0
fn=Index::CreateIndexBuffer(SpatialIndex::IStorageManager&)
0 36 3 3 15 0 0 12 0 0
fn=Index::CreateStorage()
0 309 36 36 66 6 4 57 5 0
fn=Index::GetIndexStorage()
0 456 12 12 96 3 2 96 0 0
fn=Index::GetIndexType()
0 59 4 4 12 1 0 12 0 0
fn=Index::GetResultSetLimit()
0 2268 1134 1134 1134 1134 1134 0 0 0
fn=Index::GetResultSetOffset()
0 2268 1134 1134 1134 0 0 0 0 0
fn=Index::Index(Tools::PropertySet const&)
0 60 4 3 16 3 0 14 1 1
fn=Index::Index(Tools::PropertySet const&, int (*)(long*, double**, double**, unsigned int*, unsigned char const**, unsigned long*))
0 52 10 10 18 6 4 14 2 2
fn=Index::Index(Tools::PropertySet const&, std::unique_ptr<SpatialIndex::IDataStream, std::default_delete<SpatialIndex::IDataStream> >)
0 444 32 32 92 16 12 96 7 4
fn=Index::Initialize()
0 16 2 1 3 1 0 6 0 0
fn=Index::Setup()
0 15 3 3 0 0 0 9 0 0
fn=Index::~Index()
0 69 6 5 36 19 8 9 0 0
fn=IndexItem_GetData
0 580440 49752 3910 165840 33168 13452 132672 36066 12
fn=IndexProperty_Create
0 66 12 6 18 0 0 18 0 0
fn=IndexProperty_Destroy
0 30 6 5 12 11 8 0 0 0
fn=IndexProperty_GetIndexCapacity
0 354 30 15 72 13 0 72 1 0
fn=IndexProperty_GetIndexType
0 177 15 15 36 9 0 36 1 0
fn=IndexProperty_GetLeafCapacity
0 354 36 18 72 15 0 72 2 0
fn=IndexProperty_GetNearMinimumOverlapFactor
0 354 30 15 78 18 0 78 2 1
fn=IndexProperty_SetDimension
0 183 18 18 36 5 0 42 1 0
fn=IndexProperty_SetIndexStorage
0 183 18 18 33 6 0 39 1 0
fn=Index_Create
0 14 3 1 4 0 0 4 0 0
fn=Index_CreateWithStream
0 32 6 6 8 0 0 8 0 0
fn=Index_Destroy
0 30 3 3 12 1 1 12 2 2
fn=Index_DestroyObjResults
0 166266 3402 3402 56556 19670 10764 6804 515 0
fn=Index_Free
0 33172 16586 16537 0 0 0 0 0 0
fn=Index_InsertData
0 31620 2557 2557 9180 4058 1623 4590 204 0
fn=Index_Intersects_count
0 1673980 114135 49363 608720 163676 56036 342405 69468 231
fn=Index_NearestNeighbors_obj
0 68040 5670 5178 22680 8886 1465 13608 337 0
fn=MD5_Init
0 20 2 2 3 1 1 8 0 0
fn=NCONF_default
0 8 1 1 2 0 0 2 0 0
fn=NCONF_free
0 10 1 1 4 1 0 2 0 0
fn=NCONF_get0_libctx
0 7 1 1 3 0 0 2 0 0
fn=NCONF_get_number_e
0 130 8 4 32 2 0 22 0 0
fn=NCONF_get_section
0 32 2 1 8 0 0 8 0 0
fn=NCONF_get_string
0 69 4 2 18 0 0 18 0 0
fn=NCONF_load
0 6 2 2 2 1 1 0 0 0
fn=NCONF_new_ex
0 23 2 2 5 1 1 5 0 0
fn=OBJ_NAME_add
0 23063 6 6 5835 16 0 5057 0 0
fn=OBJ_NAME_cleanup
0 124 4 4 42 1 1 31 0 0
fn=OBJ_NAME_do_all
0 80 7 3 16 0 0 12 0 0
fn=OBJ_NAME_get
0 19228 590 8 5556 77 3 3500 22 0
fn=OBJ_NAME_init
0 17043 212 5 3588 0 0 2691 1 0
fn=OBJ_NAME_remove
0 13320 5 5 3330 2 0 1998 1 0
fn=OBJ_get0_data
0 1136 109 1 426 10 1 284 0 0
fn=OBJ_nid2ln
0 16211 475 6 3770 3 1 1508 0 0
fn=OBJ_nid2obj
0 14406 632 3 3087 122 0 1372 0 0
fn=OBJ_nid2sn
0 15708 404 3 3740 243 149 1496 0 0
fn=OBJ_obj2txt
0 72404 964 15 5447 121 38 3212 0 0
fn=OBJ_sigid_free
0 22 2 2 6 0 0 6 0 0
fn=OPENSSL_LH_delete
0 19852 10 10 5819 0 0 3424 0 0
fn=OPENSSL_LH_doall
0 10510 5 5 3628 701 435 217 0 0
fn=OPENSSL_LH_doall_arg
0 59018 176 4 19815 5705 87 200 0 0
fn=OPENSSL_LH_error
0 3857 162 2 1653 0 0 1102 0 0
fn=OPENSSL_LH_flush
0 22498 8 7 4102 1393 598 1469 4 2
fn=OPENSSL_LH_free
0 617 4 3 145 0 0 116 0 0
fn=OPENSSL_LH_get_down_load
0 28 1 1 12 1 1 8 0 0
fn=OPENSSL_LH_insert
0 340088 740 18 98262 2068 2 61328 132 0
fn=OPENSSL_LH_new
0 1363 100 4 290 100 4 348 0 0
fn=OPENSSL_LH_num_items
0 176 2 1 66 0 0 44 0 0
fn=OPENSSL_LH_retrieve
0 43251 158 7 12776 97 13 3975 0 0
fn=OPENSSL_LH_set_down_load
0 72 3 2 16 0 0 24 0 0
fn=OPENSSL_LH_strhash
0 111678 189 6 8936 105 10 1448 0 0
fn=OPENSSL_cleanse
0 2639 26 5 0 0 0 618 8 2
fn=OPENSSL_cleanup
0 54 5 5 11 2 2 10 1 0
fn=OPENSSL_init_crypto
0 3118 128 24 829 14 3 477 0 0
fn=OPENSSL_load_builtin_modules
0 12 0 0 2 0 0 2 0 0
fn=OPENSSL_sk_deep_copy
0 35 4 3 8 0 0 13 0 0
fn=OPENSSL_sk_delete
0 256 3 3 56 0 0 40 0 0
fn=OPENSSL_sk_dup
0 520 52 10 156 12 1 117 0 0
fn=OPENSSL_sk_free
0 1708 22 5 415 0 0 332 0 0
fn=OPENSSL_sk_insert
0 6516 504 7 1448 0 0 1448 1 1
fn=OPENSSL_sk_new
0 98 14 3 28 0 0 28 0 0
fn=OPENSSL_sk_new_null
0 448 26 1 112 0 0 112 0 0
fn=OPENSSL_sk_new_reserve
0 1960 94 9 420 0 0 490 0 0
fn=OPENSSL_sk_num
0 3301 33 8 1231 61 12 824 0 0
fn=OPENSSL_sk_pop
0 45 6 4 12 1 1 8 0 0
fn=OPENSSL_sk_pop_free
0 1293 17 4 364 44 41 194 0 0
fn=OPENSSL_sk_push
0 1448 322 6 543 4 1 362 0 0
fn=OPENSSL_sk_set
0 288 8 4 84 0 0 60 0 0
fn=OPENSSL_sk_sort
0 338 26 5 78 0 0 52 0 0
fn=OPENSSL_sk_value
0 7664 17 3 2395 112 17 958 0 0
fn=OPENSSL_strcasecmp
0 167889 319 9 51192 73 11 8253 0 0
fn=OPENSSL_strlcpy
0 60472 139 3 9016 0 0 9016 0 0
fn=OPENSSL_strnlen
0 84499 69 4 16247 1 1 2182 0 0
fn=OPENSSL_thread_stop
0 29 3 3 5 1 1 4 0 0
fn=OSSL_CMP_log_close
0 8 1 1 2 0 0 2 0 0
fn=OSSL_LIB_CTX_get0_global_default
0 22 3 3 4 0 0 3 0 0
fn=OSSL_PARAM_construct_end
0 220 22 1 44 0 0 154 0 0
fn=OSSL_PARAM_construct_int
0 748 44 2 132 0 0 264 0 0
fn=OSSL_PARAM_construct_size_t
0 748 39 2 132 22 1 264 0 0
fn=OSSL_PARAM_locate
0 2772 42 3 572 0 0 352 0 0
fn=OSSL_PARAM_set_int
0 264 22 1 88 0 0 88 0 0
fn=OSSL_PARAM_set_int32
0 1320 66 3 220 0 0 264 0 0
fn=OSSL_PARAM_set_size_t
0 264 22 1 88 0 0 88 0 0
fn=OSSL_PARAM_set_uint64
0 1408 45 3 220 0 0 264 0 0
fn=OSSL_trace_set_channel
0 7 1 1 2 0 0 2 0 0
fn=ObjVisitor::ObjVisitor()
0 10206 2268 2268 1134 1134 1134 5670 308 260
fn=ObjVisitor::visitData(SpatialIndex::IData const&)
0 497520 3131 2268 165840 25832 2308 108732 1564 727
fn=ObjVisitor::visitNode(SpatialIndex::INode const&)
0 2335 1134 1134 0 0 0 0 0 0
fn=ObjVisitor::~ObjVisitor()
0 195324 2254 1134 78810 13289 0 9072 0 0
fn=Page_ResultSet_Obj(ObjVisitor&, SpatialIndex_IData***, long, long, unsigned long*)
0 305034 5670 5670 98796 25313 31 31326 5298 1954
fn=PyArg_ParseTuple
0 58378 5102 2123 8585 134 0 36057 1113 69
fn=PyArg_ParseTupleAndKeywords
0 1418347 121974 46014 166866 653 2 792604 37164 39
fn=PyArg_UnpackTuple
0 10824359 527617 148158 1623275 34683 10 5092005 90442 1894
fn=PyArg_ValidateKeywordArguments
0 208 32 24 64 0 0 32 0 0
fn=PyBool_FromLong
0 27587076 1298428 5431 5015832 0 0 5015832 804 185
fn=PyBuffer_FillInfo
0 589315 53717 37681 53207 0 0 266996 848 152
fn=PyBuffer_IsContiguous
0 22001 2004 1737 6601 0 0 3294 13 0
fn=PyBuffer_Release
0 438980 39994 6389 177933 12607 768 118712 3 0
fn=PyBuffer_ToContiguous
0 78 6 6 24 6 0 18 0 0
fn=PyByteArray_FromStringAndSize
0 15662 77 45 3270 0 0 5016 89 18
fn=PyByteArray_Resize
0 6929 489 118 1859 0 0 1859 132 29
fn=PyBytes_AsString
0 25515 1245 144 8506 311 3 6 0 0
fn=PyBytes_AsStringAndSize
0 330240 49536 4411 99072 33012 16506 82560 0 0
fn=PyBytes_FromObject
0 968 90 4 220 3 0 154 0 0
fn=PyBytes_FromString
0 1406 111 23 222 37 3 296 9 1
fn=PyBytes_FromStringAndSize
0 4955566 201014 57698 835786 46621 19618 1147107 55617 28982
fn=PyCFunction_GetFunction
0 51 6 6 18 6 6 9 0 0
fn=PyCMethod_New
0 34872407 1697289 57938 8433092 7883 65 10374318 203515 74658
fn=PyCallable_Check
0 28721 2387 49 10444 1905 51 5222 3 0
fn=PyCapsule_GetPointer
0 113601075 4346191 3238 27264258 2130 15 13632129 499 0
fn=PyCapsule_Import
0 70 7 7 10 1 1 10 0 0
fn=PyCapsule_IsValid
0 1496 41 20 340 54 40 136 0 0
fn=PyCapsule_New
0 3140 109 96 785 0 0 1413 7 0
fn=PyCell_New
0 560739 51475 4367 155700 4249 0 146169 4852 122
fn=PyCell_Set
0 11085 1662 902 2771 75 1 2217 0 0
fn=PyClassMethod_New
0 180 16 16 36 0 0 45 0 0
fn=PyCode_Addr2Line
0 2104 8 8 340 3 3 288 0 0
fn=PyCodec_LookupError
0 156 3 3 54 10 8 30 0 0
fn=PyCodec_Register
0 23 2 2 8 1 1 4 0 0
fn=PyCodec_RegisterError
0 208 2 2 72 0 0 40 0 0
fn=PyCompile_OpcodeStackEffectWithJump
0 70452 631 215 15256 289 86 13364 0 0
fn=PyComplex_FromCComplex
0 125 8 8 30 3 3 40 2 1
fn=PyConfig_Clear
0 395 30 24 115 14 11 120 1 1
fn=PyConfig_InitPythonConfig
0 81 4 2 18 4 1 36 0 0
fn=PyConfig_SetBytesArgv
0 13 1 1 2 0 0 6 0 0
fn=PyConfig_SetString
0 1672 17 6 455 4 2 650 0 0
fn=PyContextVar_Get
0 81790560 9427000 98798 24991560 3739169 4989 18175680 0 0
fn=PyContextVar_New
0 46 4 4 10 0 0 10 0 0
fn=PyDescr_IsData
0 24687310 1960785 1095 9874924 0 0 4937462 250 16
fn=PyDescr_NewClassMethod
0 2330 157 39 592 8 2 776 0 0
fn=PyDescr_NewGetSet
0 50656 2190 717 12704 52 0 17308 45 0
fn=PyDescr_NewMember
0 18279 392 109 4887 129 43 5790 4 0
fn=PyDescr_NewMethod
0 66886 2403 168 14730 38 0 18493 5 0
fn=PyDescr_NewWrapper
0 81866 603 106 21348 93 0 29682 0 0
fn=PyDictProxy_New
0 458289 28460 1597 129261 6112 8 105759 2835 27
fn=PyDict_Clear
0 569781 3953 250 174246 50609 39148 32284 31 12
fn=PyDict_Contains
0 1795888 136516 3695 374947 17846 2208 246900 75 1
fn=PyDict_Copy
0 1132395 49145 17736 340754 63020 4603 128793 1183 0
fn=PyDict_DelItem
0 640607 27287 5622 173937 7065 948 108134 15 1
fn=PyDict_DelItemString
0 50 3 3 10 0 0 10 0 0
fn=PyDict_GetItem
0 96593130 3285253 11773 24710412 2123076 4870 13478184 486385 14
fn=PyDict_GetItemString
0 3276 127 33 585 0 0 585 0 0
fn=PyDict_GetItemWithError
0 62726964 3159263 7089 21600634 887807 153522 9863928 130067 19064
fn=PyDict_Keys
0 4216001 21012 4420 1555828 58528 1920 233871 162 0
fn=PyDict_Merge
0 64 8 2 16 0 0 8 0 0
fn=PyDict_MergeFromSeq2
0 42254 1483 436 11898 183 1 6074 68 32
fn=PyDict_New
0 3143089 268624 79037 830419 139708 55557 920726 7685 156
fn=PyDict_Next
0 2516655 27045 5011 920083 12498 7277 340556 418 11
fn=PyDict_SetDefault
0 4752667 69742 12296 1510650 31513 2505 870917 9321 5182
fn=PyDict_SetItem
0 8780372 419708 127764 2622662 73266 26237 911893 540 76
fn=PyDict_SetItemString
0 115440 1367 292 35216 974 399 11993 1 0
fn=PyDict_Size
0 11508 216 159 4932 10 0 0 0 0
fn=PyDict_Update
0 156480 10379 272 41728 0 0 20864 0 0
fn=PyErr_CheckSignals
0 22463698 1953371 17919 7928364 691801 5629 3964182 1201 12
fn=PyErr_Clear
0 2050182 214941 6026 539550 9 0 431622 0 0
fn=PyErr_ExceptionMatches
0 6050362 288117 23143 2313293 1803 4 711748 3 0
fn=PyErr_Format
0 5854490 534351 157441 1277344 2121 0 3193300 13467 549
fn=PyErr_GetRaisedException
0 2207829 137723 7331 679332 136 4 509499 65 0
fn=PyErr_GivenExceptionMatches
0 3971067 165411 15455 1617707 3123 1220 588388 0 0
fn=PyErr_NewException
0 2157 179 62 369 65 21 275 2 0
fn=PyErr_NewExceptionWithDoc
0 45 4 3 9 1 0 9 0 0
fn=PyErr_Occurred
0 106491905 2044095 454 32767075 46193 168 16383102 283581 2
fn=PyErr_SetFromErrno
0 64 16 3 16 0 0 16 0 0
fn=PyErr_SetFromErrnoWithFilenameObject
0 44064 3240 1030 8424 25 0 6480 0 0
fn=PyErr_SetFromErrnoWithFilenameObjects
0 536 48 11 112 0 0 88 0 0
fn=PyErr_SetNone
0 17640 2940 2664 4410 0 0 2940 618 0
fn=PyErr_SetObject
0 5412 257 87 1353 0 0 902 0 0
fn=PyErr_SetRaisedException
0 2365468 9 1 675848 21 0 506886 328 0
fn=PyErr_SetString
0 2349 243 130 567 1 0 486 0 0
fn=PyEval_EvalCode
0 85077 9001 6731 19194 2110 309 25576 267 17
fn=PyEval_GetBuiltins
0 21959 2637 2387 8784 15 5 1758 0 0
fn=PyEval_GetGlobals
0 940931 76968 7553 376342 27500 179 75334 0 0
fn=PyEval_MergeCompilerFlags
0 2618 238 174 952 34 0 238 0 0
fn=PyEval_RestoreThread
0 5647212 440049 57086 1411803 0 0 1411803 0 0
fn=PyEval_SaveThread
0 17882838 1758089 71972 5647212 792579 1660 4706010 16529 16
fn=PyException_GetContext
0 3848 476 217 1443 92 1 962 0 0
fn=PyException_GetTraceback
0 1012660 116945 6118 379109 15 0 253165 0 0
fn=PyException_SetCause
0 121 11 7 33 0 0 44 0 0
fn=PyException_SetContext
0 4329 476 217 1443 1 0 1443 0 0
fn=PyException_SetTraceback
0 203925 18082 3862 50642 1 0 40761 0 0
fn=PyFile_NewStdPrinter
0 24 2 2 5 1 1 4 0 0
fn=PyFile_OpenCodeObject
0 31140 3460 2549 6920 2228 573 4325 0 0
fn=PyFile_WriteObject
0 7313 348 332 1352 164 140 1142 0 0
fn=PyFile_WriteString
0 8281 517 332 1690 44 0 1183 0 0
fn=PyFloat_AsDouble
0 1616418 79774 5954 484968 31503 1061 322932 0 0
fn=PyFloat_FromDouble
0 511456 18939 5020 136126 18590 5457 107520 4929 1668
fn=PyFloat_FromString
0 4231 165 161 938 2 0 1241 0 0
fn=PyFloat_GetInfo
0 61 4 4 3 0 0 14 0 0
fn=PyFloat_Unpack8
0 2511 80 52 558 129 41 0 0 0
fn=PyFrame_GetBack
0 43 3 3 16 6 5 3 0 0
fn=PyFrame_GetCode
0 354 16 8 160 23 2 66 0 0
fn=PyFrame_GetLineNumber
0 9 1 1 4 0 0 2 0 0
fn=PyFrozenSet_New
0 9342 992 537 2076 650 207 3460 1 0
fn=PyFunction_GetModule
0 1125 240 132 250 213 61 0 0 0
fn=PyFunction_New
0 3457990 132166 7863 977760 134578 53129 1162261 40668 19189
fn=PyGC_Collect
0 36 4 4 9 1 0 7 0 0
fn=PyGC_Disable
0 238 12 6 85 2 0 51 0 0
fn=PyGC_Enable
0 255 30 6 85 0 0 51 0 0
fn=PyGILState_Ensure
0 896 100 84 160 2 1 128 4 2
fn=PyGILState_Release
0 832 93 51 160 0 0 128 0 0
fn=PyHash_GetFuncDef
0 8 1 1 2 0 0 2 0 0
fn=PyImport_AddModule
0 500 24 24 115 0 0 115 0 0
fn=PyImport_AddModuleObject
0 851 36 31 161 0 0 138 0 0
fn=PyImport_GetImporter
0 118 10 7 23 7 3 15 0 0
fn=PyImport_GetMagicNumber
0 39 3 3 9 1 0 6 0 0
fn=PyImport_GetModule
0 1546 96 67 401 40 12 288 0 0
fn=PyImport_GetModuleDict
0 135 30 30 45 10 3 0 0 0
fn=PyImport_Import
0 4153590 333135 75454 927110 65866 223 704603 0 0
fn=PyImport_ImportFrozenModule
0 16 2 2 5 1 1 4 0 0
fn=PyImport_ImportFrozenModuleObject
0 70 6 6 14 2 2 9 0 0
fn=PyImport_ImportModule
0 46068 4213 1158 10475 55 7 10475 14 0
fn=PyImport_ImportModuleLevel
0 272 23 12 64 0 0 64 0 0
fn=PyImport_ImportModuleLevelObject
0 11808038 622386 80865 2617660 188465 41398 1809407 2404 101
fn=PyIndex_Check
0 693277 81490 3618 265381 74570 34742 122256 724 6
fn=PyInit__abc
0 8 1 1 2 0 0 2 0 0
fn=PyInit__ast
0 9 1 1 2 0 0 2 0 0
fn=PyInit__bisect
0 8 1 1 2 0 0 2 0 0
fn=PyInit__blake2
0 8 1 1 2 0 0 2 0 0
fn=PyInit__bounded_integers
0 8 1 1 2 0 0 2 0 0
fn=PyInit__bz2
0 8 1 1 2 0 0 2 0 0
fn=PyInit__codecs
0 8 1 1 2 0 0 2 0 0
fn=PyInit__collections
0 8 1 1 2 0 0 2 0 0
fn=PyInit__common
0 8 2 2 2 0 0 2 0 0
fn=PyInit__contextvars
0 8 2 2 2 0 0 2 0 0
fn=PyInit__csv
0 8 1 1 2 0 0 2 0 0
fn=PyInit__ctypes
0 395 45 24 38 12 1 48 27 15
fn=PyInit__datetime
0 553 41 33 53 12 2 72 7 5
fn=PyInit__decimal
0 1026 79 34 198 60 20 120 41 6
fn=PyInit__functools
0 8 1 1 2 0 0 2 0 0
fn=PyInit__generator
0 8 1 1 2 0 0 2 0 0
fn=PyInit__hashlib
0 8 1 1 2 0 0 2 0 0
fn=PyInit__imp
0 9 1 1 2 0 0 2 0 0
fn=PyInit__io
0 8 1 1 2 0 0 2 0 0
fn=PyInit__json
0 8 1 1 2 0 0 2 0 0
fn=PyInit__locale
0 8 1 1 2 0 0 2 0 0
fn=PyInit__lsprof
0 8 1 1 2 0 0 2 0 0
fn=PyInit__lzma
0 8 1 1 2 0 0 2 0 0
fn=PyInit__mt19937
0 9 1 1 2 0 0 2 0 0
fn=PyInit__multiarray_tests
0 70 7 5 15 3 2 9 1 1
fn=PyInit__multiarray_umath
0 8866 211 167 1101 82 60 1107 231 215
fn=PyInit__opcode
0 8 1 1 2 0 0 2 0 0
fn=PyInit__operator
0 8 1 1 2 0 0 2 0 0
fn=PyInit__pcg64
0 9 2 2 2 0 0 2 0 0
fn=PyInit__philox
0 9 0 0 2 0 0 2 0 0
fn=PyInit__pickle
0 8 1 1 2 0 0 2 0 0
fn=PyInit__pocketfft_internal
0 65 7 5 14 3 2 8 1 0
fn=PyInit__posixsubprocess
0 8 1 1 2 0 0 2 0 0
fn=PyInit__random
0 8 1 1 2 0 0 2 0 0
fn=PyInit__sfc64
0 9 1 1 2 0 0 2 0 0
fn=PyInit__sha2
0 8 1 1 2 0 0 2 0 0
fn=PyInit__signal
0 8 1 1 2 0 0 2 0 0
fn=PyInit__socket
0 8 2 2 2 0 0 2 0 0
fn=PyInit__sre
0 8 2 2 2 0 0 2 0 0
fn=PyInit__stat
0 8 1 1 2 0 0 2 0 0
fn=PyInit__statistics
0 8 2 2 2 0 0 2 0 0
fn=PyInit__string
0 9 1 1 2 0 0 2 0 0
fn=PyInit__struct
0 8 1 1 2 0 0 2 0 0
fn=PyInit__thread
0 8 2 2 2 0 0 2 0 0
fn=PyInit__tokenize
0 8 1 1 2 0 0 2 0 0
fn=PyInit__typing
0 8 1 1 2 0 0 2 0 0
fn=PyInit__umath_linalg
0 878 85 12 288 76 10 113 5 2
fn=PyInit__weakref
0 8 1 1 2 0 0 2 0 0
fn=PyInit_array
0 8 2 2 2 0 0 2 0 0
fn=PyInit_atexit
0 8 1 1 2 0 0 2 0 0
fn=PyInit_binascii
0 8 1 1 2 0 0 2 0 0
fn=PyInit_bit_generator
0 8 2 2 2 0 0 2 0 0
fn=PyInit_errno
0 8 1 1 2 0 0 2 0 0
fn=PyInit_fcntl
0 8 1 1 2 0 0 2 0 0
fn=PyInit_itertools
0 8 1 1 2 0 0 2 0 0
fn=PyInit_math
0 8 1 1 2 0 0 2 0 0
fn=PyInit_mtrand
0 9 2 2 2 0 0 2 0 0
fn=PyInit_posix
0 8 1 1 2 0 0 2 0 0
fn=PyInit_select
0 8 2 2 2 0 0 2 0 0
fn=PyInit_time
0 8 1 1 2 0 0 2 0 0
fn=PyInit_zlib
0 8 1 1 2 0 0 2 0 0
fn=PyInterpreterState_Delete
0 57 4 4 16 1 1 8 0 0
fn=PyInterpreterState_Get
0 450520 3879 1164 128720 0 0 64360 0 0
fn=PyInterpreterState_GetID
0 36 9 9 9 9 0 0 0 0
fn=PyInterpreterState_Main
0 8 2 2 3 0 0 2 0 0
fn=PyInterpreterState_New
0 49 4 4 13 2 0 11 0 0
fn=PyIter_Check
0 8905 1345 1274 2740 817 621 1370 0 0
fn=PyIter_Next
0 5791100 85759 72655 2453396 4983 11 1569088 13 0
fn=PyList_Append
0 3865986 84767 6104 1464136 10571 521 1045825 13955 8191
fn=PyList_AsTuple
0 19565 2708 627 11180 1096 9 0 0 0
fn=PyList_GetItem
0 138390 50 5 69195 303 23 19770 0 0
fn=PyList_Insert
0 10 2 2 4 4 2 0 0 0
fn=PyList_New
0 4936243 180855 37543 1681352 99894 6870 1569015 2417 34
fn=PyList_Reverse
0 11230 2126 1198 3339 288 0 100 0 0
fn=PyList_SetItem
0 171 18 16 72 1 1 27 0 0
fn=PyList_SetSlice
0 1620 579 406 648 169 0 0 0 0
fn=PyList_Size
0 9198 232 58 4599 208 11 0 0 0
fn=PyList_Sort
0 94112 10727 381 27680 206 2 11072 0 0
fn=PyLong_AsDouble
0 4202 393 152 1260 2 2 420 0 0
fn=PyLong_AsLong
0 5011051 220227 39216 1822183 86567 8238 911088 1111 0
fn=PyLong_AsLongAndOverflow
0 8351153 555914 102898 2435750 252066 20891 1391857 7295 1
fn=PyLong_AsLongLong
0 2261343 147541 42185 786480 44974 951 393252 48510 0
fn=PyLong_AsSsize_t
0 2267853 176996 1959 753094 33404 15045 250654 181 1
fn=PyLong_AsUnsignedLong
0 101585 405 150 30315 1390 59 9894 4 0
fn=PyLong_AsUnsignedLongMask
0 3937218 346436 7926 1369368 72200 60690 684624 2 0
fn=PyLong_AsVoidPtr
0 2310 210 17 630 102 3 315 0 0
fn=PyLong_FromDouble
0 161545 21673 19752 21805 17 0 25259 3853 1
fn=PyLong_FromLong
0 11925722 888070 4616 2362855 155 12 2388547 2468 531
fn=PyLong_FromLongLong
0 689987 22999 5101 111898 1 0 159007 2069 340
fn=PyLong_FromSize_t
0 197277 26066 5067 41532 0 0 41532 0 0
fn=PyLong_FromSsize_t
0 2539756 128202 74204 506368 704 3 514574 15050 5
fn=PyLong_FromString
0 377852 6267 864 65974 1010 276 15123 171 29
fn=PyLong_FromUnicodeObject
0 9271 551 63 2510 2 0 2156 42 2
fn=PyLong_FromUnsignedLong
0 1998660 254996 24474 422620 2600 10 453480 3763 873
fn=PyLong_FromUnsignedLongLong
0 108717 13587 3451 23777 0 0 30571 1040 199
fn=PyLong_FromVoidPtr
0 3187526 71066 5828 697271 11476 39 896489 15848 2404
fn=PyLong_GetInfo
0 27 2 2 3 0 0 7 0 0
fn=PyMapping_Check
0 186458 17152 4921 71653 25483 1204 28768 55 0
fn=PyMapping_GetItemString
0 140 4 4 25 0 0 25 0 0
fn=PyMapping_Items
0 12852 945 307 2646 398 144 1701 0 0
fn=PyMapping_Keys
0 693392 40859 3550 142793 5453 1613 91812 0 0
fn=PyMapping_SetItemString
0 2688 192 77 576 0 0 576 24 2
fn=PyMapping_Size
0 14963 1182 553 5755 67 1 2302 0 0
fn=PyMarshal_Init
0 8 2 2 2 0 0 2 0 0
fn=PyMarshal_ReadObjectFromString
0 33 4 3 6 3 0 11 0 0
fn=PyMem_Calloc
0 5636302 484547 80543 1528340 232911 24421 776003 7651 5779
fn=PyMem_Free
0 19443063 1149832 275220 5692711 577084 52007 2872296 42821 3742
fn=PyMem_Malloc
0 7049128 329272 14575 2242875 372038 79412 1063374 16540 6739
fn=PyMem_RawCalloc
0 72 6 4 16 0 0 8 0 0
fn=PyMem_RawFree
0 17669955 1513774 6602 4711988 312672 1956 2355994 5 1
fn=PyMem_RawMalloc
0 198720 7956 4463 49680 1605 2 24840 0 0
fn=PyMem_RawRealloc
0 2346 158 16 552 0 0 276 0 0
fn=PyMem_Realloc
0 3330895 199634 66395 933369 69296 2378 491820 3890 8
fn=PyMem_SetAllocator
0 291 24 18 98 0 0 73 0 0
fn=PyMember_GetOne
0 17358591 1283349 89237 5147719 464864 22410 1918350 0 0
fn=PyMember_SetOne
0 4875370 282382 7542 1695665 124807 14735 1059975 1 1
fn=PyMemoryView_FromBuffer
0 12780 845 792 4321 5 1 4700 263 117
fn=PyMethod_New
0 1878271 128855 7763 480491 8451 12 611522 5603 1
fn=PyModuleDef_Init
0 1088 124 110 280 68 56 292 0 0
fn=PyModule_AddFunctions
0 6452 38 21 1208 161 76 352 0 0
fn=PyModule_AddIntConstant
0 26831 83 64 5915 17 1 4437 0 0
fn=PyModule_AddObject
0 1539 39 31 343 5 1 268 0 0
fn=PyModule_AddObjectRef
0 5784 196 72 1446 38 1 1205 7 0
fn=PyModule_AddStringConstant
0 184 12 12 40 0 0 40 0 0
fn=PyModule_AddType
0 2762 269 73 564 81 0 470 24 0
fn=PyModule_Create2
0 140 14 14 42 0 0 28 5 2
fn=PyModule_ExecDef
0 4539 426 368 1281 220 20 407 0 0
fn=PyModule_FromDefAndSpec2
0 20865 898 790 3814 521 378 1482 1 0
fn=PyModule_GetDef
0 1424 148 121 445 8 1 267 0 0
fn=PyModule_GetDict
0 23664 373 116 7395 125 57 4437 14 0
fn=PyModule_GetFilenameObject
0 58 7 7 14 2 2 7 0 0
fn=PyModule_GetNameObject
0 320 30 24 100 0 0 40 0 0
fn=PyModule_GetState
0 4896 322 172 1530 76 9 918 6 1
fn=PyModule_New
0 200 19 15 50 0 0 50 0 0
fn=PyModule_NewObject
0 1654 135 106 207 0 0 252 0 0
fn=PyModule_SetDocString
0 130 15 13 25 0 0 25 0 0
fn=PyNumber_Add
0 2402198 245993 125077 931384 120179 35303 619433 2 0
fn=PyNumber_And
0 261001 12480 1680 90026 5279 1027 53966 1 0
fn=PyNumber_AsSsize_t
0 2649650 136557 52004 1002094 61938 48 598260 737 5
fn=PyNumber_Check
0 25770 1834 1486 7140 1778 877 1740 0 0
fn=PyNumber_Float
0 1701 134 27 493 25 6 371 4 0
fn=PyNumber_FloorDivide
0 23751 70 24 8190 56 4 4914 0 0
fn=PyNumber_InPlaceAdd
0 9145272 852224 74669 3224952 846447 29386 1895840 2 2
fn=PyNumber_InPlaceAnd
0 3456 281 54 1024 125 1 640 0 0
fn=PyNumber_InPlaceFloorDivide
0 198 15 6 78 5 1 48 0 0
fn=PyNumber_InPlaceLshift
0 2640 228 3 1040 104 3 640 0 0
fn=PyNumber_InPlaceOr
0 17420 1135 506 6385 407 94 3942 0 0
fn=PyNumber_InPlaceSubtract
0 60 5 2 12 0 0 12 0 0
fn=PyNumber_InPlaceXor
0 90 9 4 18 0 0 18 0 0
fn=PyNumber_Index
0 134049 11713 9766 44667 46 5 25572 0 0
fn=PyNumber_Invert
0 1215 120 26 405 9 0 0 0 0
fn=PyNumber_Long
0 2116419 158003 34724 634083 9351 7481 416875 3938 1
fn=PyNumber_Lshift
0 3045 181 65 1050 90 14 630 0 0
fn=PyNumber_Multiply
0 5849366 750606 90126 2095381 564914 115969 952592 26 0
fn=PyNumber_Negative
0 1233 183 62 411 110 56 0 0 0
fn=PyNumber_Or
0 9253 629 130 3184 139 41 1906 1 0
fn=PyNumber_Positive
0 90 2 2 30 0 0 0 0 0
fn=PyNumber_Remainder
0 15289 550 53 5333 270 36 3032 0 0
fn=PyNumber_Rshift
0 1682 104 17 580 40 5 348 0 0
fn=PyNumber_Subtract
0 9931056 828130 66144 3389536 479252 26988 1999921 0 0
fn=PyNumber_ToBase
0 6946 7 7 2056 0 0 1030 2 0
fn=PyNumber_TrueDivide
0 1647906 232235 53202 576804 131494 67812 329638 0 0
fn=PyNumber_Xor
0 16895 104 22 6540 4 1 4360 0 0
fn=PyOS_FSPath
0 97260 10695 741 30397 68 0 18235 670 12
fn=PyOS_double_to_string
0 241681 3408 60 41876 210 7 33493 11 0
fn=PyOS_getsig
0 768 1 1 192 0 0 128 0 0
fn=PyOS_setsig
0 84 6 6 16 0 0 20 0 0
fn=PyOS_snprintf
0 989 66 66 138 0 0 667 67 1
fn=PyOS_string_to_double
0 32808 2142 162 9668 0 0 7716 51 0
fn=PyOS_strtol
0 66677 1197 21 11870 148 6 3555 0 0
fn=PyOS_strtoul
0 918 48 6 136 20 5 34 0 0
fn=PyObject_Bytes
0 55401 1871 1476 15788 0 0 13153 0 0
fn=PyObject_Call
0 2158684 220819 140977 934119 31668 6156 496559 28 0
fn=PyObject_CallFinalizerFromDealloc
0 576079 41345 7093 222999 21249 9850 130088 1 0
fn=PyObject_CallFunction
0 4251450 354863 73123 1044386 118212 20715 1268420 19211 35
fn=PyObject_CallFunctionObjArgs
0 17569755 1532095 22147 2509965 89034 2 12047832 114421 18
fn=PyObject_CallMethod
0 19799 1845 424 3867 64 11 7184 57 0
fn=PyObject_CallMethodObjArgs
0 1824766 136524 26029 337780 2469 889 912006 3 0
fn=PyObject_CallObject
0 2232893 141705 5297 882723 126380 40119 415504 1 0
fn=PyObject_CallOneArg
0 33394873 695566 86596 11421699 1016845 287727 5782410 692 5
fn=PyObject_Calloc
0 67344 1735 328 16049 663 62 8626 173 132
fn=PyObject_CheckBuffer
0 6462514 1291419 2410 2585179 71991 7 1292156 7 0
fn=PyObject_ClearWeakRefs
0 4225312 141140 4850 2095125 134829 4352 1139013 1474 60
fn=PyObject_DelItem
0 27400 2623 1752 9590 1994 801 5480 0 0
fn=PyObject_Dir
0 223723 15255 2013 35595 4564 0 30509 0 0
fn=PyObject_Format
0 87651 3937 1344 26561 17 10 20666 41 0
fn=PyObject_Free
0 358789158 6461934 20129 103187577 9003452 193732 52188529 3735 1851
fn=PyObject_GC_Del
0 53263852 1454385 1124 15313200 186494 28023 5576276 184 5
fn=PyObject_GC_Track
0 7820191 225847 6058 2469534 989 26 1646356 33668 6
fn=PyObject_GC_UnTrack
0 78931908 3523901 610 26372772 514924 118835 26186364 1018767 66814
fn=PyObject_GenericGetAttr
0 20784 1886 588 5196 0 0 5196 0 0
fn=PyObject_GenericGetDict
0 50879 4041 605 20918 132 1 14483 0 0
fn=PyObject_GenericSetAttr
0 3093787 80230 2044 901163 9821 391 505876 0 0
fn=PyObject_GetAttr
0 82109403 3073264 76689 32404186 3674474 375646 19317870 42790 60
fn=PyObject_GetAttrString
0 291787 15333 2227 91908 6787 1195 49448 6 0
fn=PyObject_GetBuffer
0 157176 19500 17903 58941 25347 2934 0 0 0
fn=PyObject_GetItem
0 13289253 175755 6293 4649711 132015 27582 2656420 1771 8
fn=PyObject_GetIter
0 4761862 296146 32909 1516024 297711 117297 649578 95 1
fn=PyObject_Hash
0 46243896 2231456 5025 23121948 1269119 34024 15414632 325040 1603
fn=PyObject_HashNotImplemented
0 16 3 2 5 2 1 2 0 0
fn=PyObject_IS_GC
0 4692456 55603 156 1396035 286624 130617 53328 267 20
fn=PyObject_Init
0 14327781 765642 1922 3306411 0 0 3306411 0 0
fn=PyObject_IsInstance
0 35898548 1702210 89442 10592900 401340 59337 7630775 94352 126
fn=PyObject_IsSubclass
0 8544852 730423 57202 2136213 1 0 1424142 32 0
fn=PyObject_IsTrue
0 38786175 1811328 113931 4335359 596461 127549 1663844 209 176
fn=PyObject_LengthHint
0 1528402 226683 17222 546767 64234 37862 314914 29 1
fn=PyObject_Malloc
0 324342108 11991792 47483 104416105 8391853 1001200 50249392 3218944 447524
fn=PyObject_Realloc
0 9022593 638408 15892 2070612 80005 28824 776286 188 4
fn=PyObject_Repr
0 13335 177 62 4191 63 5 2286 0 0
fn=PyObject_RichCompare
0 14636668 1142432 60378 4450127 281512 2591 3165790 8182 7
fn=PyObject_RichCompareBool
0 143483426 3367898 86328 41637373 1867839 238457 28345318 63020 439
fn=PyObject_SelfIter
0 319980 37740 7780 95994 0 0 95994 0 0
fn=PyObject_SetAttr
0 14797272 749167 93328 5024709 278233 146556 2055450 2901 1026
fn=PyObject_SetAttrString
0 28560 322 152 8160 251 79 5100 0 0
fn=PyObject_SetItem
0 1151457 148894 76971 383819 96075 43614 218888 24 1
fn=PyObject_Size
0 754300 59597 1695 226290 97971 55592 0 0 0
fn=PyObject_Str
0 105732 7516 1767 29640 208 42 21103 32 0
fn=PyObject_Type
0 42774 1869 122 15552 96 4 7779 0 0
fn=PyObject_Vectorcall
0 61316785 2292299 72239 21596963 5717603 726612 8967868 310947 213
fn=PyObject_VectorcallDict
0 182283 14795 3339 70071 3937 123 43638 319 27
fn=PyObject_VectorcallMethod
0 1497444 38905 10333 518473 33478 7172 274608 129 2
fn=PyPreConfig_InitPythonConfig
0 28 1 1 6 1 1 10 0 0
fn=PyRun_StringFlags
0 2700 255 168 396 49 11 396 66 32
fn=PySeqIter_New
0 1245230 106400 79898 320202 33867 0 355780 4978 166
fn=PySequence_Check
0 9767674 1090181 6452 4186146 502367 21264 1395382 33228 0
fn=PySequence_Concat
0 13110 1380 93 4140 1023 43 2070 3 0
fn=PySequence_Contains
0 1214500 42338 980 364350 138341 7767 0 0 0
fn=PySequence_DelItem
0 735 70 62 280 70 12 175 0 0
fn=PySequence_Fast
0 27463846 2104305 42854 6337860 656 0 5280589 31 0
fn=PySequence_GetItem
0 6901041 195134 103105 2628968 1178 36 1643105 18 0
fn=PySequence_GetSlice
0 875 54 45 250 22 0 150 0 0
fn=PySequence_List
0 117075 11134 2272 27875 102 0 22300 0 0
fn=PySequence_SetItem
0 3240 300 6 1260 150 46 720 0 0
fn=PySequence_Size
0 17632485 446117 7915 6781725 28696 106 2712690 4 0
fn=PySequence_Tuple
0 3566014 304944 225488 782640 1361 65 475783 270 0
fn=PySet_Add
0 422634 12183 1923 135619 1371 91 91357 172 0
fn=PySet_Clear
0 928 116 32 232 44 21 174 0 0
fn=PySet_Contains
0 802304 43108 6284 267902 23394 6599 163605 0 0
fn=PySet_Discard
0 29020 162 156 11441 124 97 7319 4 4
fn=PySet_New
0 49894 1384 646 10236 517 187 17060 8 1
fn=PySet_Size
0 2669 239 82 942 0 0 628 0 0
fn=PySlice_AdjustIndices
0 1490920 143142 110003 294691 0 0 174180 0 0
fn=PySlice_New
0 170388 12069 7224 60154 3818 932 50655 278 1
fn=PySlice_Unpack
0 2235051 208739 164487 656780 0 0 585585 2160 78
fn=PyStaticMethod_New
0 1501 158 86 316 0 0 395 0 0
fn=PyStatus_Ok
0 8 2 2 2 0 0 6 1 0
fn=PyStructSequence_InitType2
0 216 13 7 40 10 8 38 10 10
fn=PyStructSequence_New
0 137120 10210 2493 17140 0 0 20568 0 0
fn=PyStructSequence_NewType
0 84 10 5 24 0 0 24 0 0
fn=PySymtable_Lookup
0 4710 431 174 1099 70 1 942 0 0
fn=PySys_Audit
0 4474820 173696 23074 639260 0 0 2940596 58717 143
fn=PySys_GetObject
0 33727 778 685 9304 107 1 5815 2 2
fn=PySys_SetObject
0 42 6 2 12 0 0 6 2 0
fn=PyThreadState_Clear
0 56 4 4 23 2 2 9 0 0
fn=PyThreadState_Get
0 70 10 10 10 0 0 0 0 0
fn=PyThreadState_GetDict
0 579 18 4 180 1 0 109 0 0
fn=PyThreadState_GetFrame
0 29 3 3 10 2 1 3 0 0
fn=PyThread_GetInfo
0 63 6 5 8 2 1 7 0 0
fn=PyThread_acquire_lock
0 289022 13568 1586 36152 0 0 36152 334 12
fn=PyThread_acquire_lock_timed
0 167491 14559 6726 29129 0 0 29128 0 0
fn=PyThread_allocate_lock
0 58907 4142 948 11220 224 2 8415 0 0
fn=PyThread_free_lock
0 39158 3667 2760 8391 0 0 8391 0 0
fn=PyThread_get_thread_ident
0 15033837 1549561 12032 4625796 578109 1384 3469347 3341 64
fn=PyThread_get_thread_native_id
0 26 4 4 6 0 0 4 0 0
fn=PyThread_init_thread
0 52 7 5 16 2 2 15 0 0
fn=PyThread_release_lock
0 101424 9695 1465 25356 0 0 25356 2 1
fn=PyThread_tss_create
0 36 1 1 8 1 1 8 0 0
fn=PyThread_tss_delete
0 28 2 2 10 0 0 8 0 0
fn=PyThread_tss_get
0 462 35 7 198 37 9 132 0 0
fn=PyThread_tss_is_created
0 28 0 0 12 0 0 8 0 0
fn=PyThread_tss_set
0 20 2 2 6 1 1 4 0 0
fn=PyTraceBack_Here
0 551319 36262 12837 131969 12 0 130732 14 1
fn=PyTraceMalloc_Track
0 43167240 6043775 6703 18175680 0 0 15903720 0 0
fn=PyTraceMalloc_Untrack
0 36351360 2259781 3920 13631760 1116 3 11359800 29 0
fn=PyTuple_GetItem
0 662175 32946 6979 264870 1579 217 88290 2 0
fn=PyTuple_GetSlice
0 4540547 153760 8214 1463232 46360 964 967842 163 0
fn=PyTuple_New
0 60187853 3407081 43357 19143782 3503405 188082 14642881 1354801 39287
fn=PyTuple_Pack
0 11358217 800049 102713 3218460 214232 46203 3670645 7832 17
fn=PyTuple_SetItem
0 8316 21 12 2646 2 1 1134 0 0
fn=PyTuple_Size
0 448824 53876 36429 224412 53517 7597 0 0 0
fn=PyType_FromMetaclass
0 112 16 4 32 0 0 32 1 0
fn=PyType_FromModuleAndSpec
0 924 99 37 154 0 0 154 3 0
fn=PyType_FromSpec
0 154 14 5 28 0 0 28 4 0
fn=PyType_FromSpecWithBases
0 143 26 10 26 0 0 26 0 0
fn=PyType_GenericAlloc
0 141582069 12872148 29453 40007110 740161 152806 25709842 2300963 145912
fn=PyType_GenericNew
0 663421 30069 4229 185971 3929 1870 134325 428 9
fn=PyType_GetModule
0 59235 10729 277 21540 2059 61 10770 2 0
fn=PyType_GetModuleByDef
0 15225 2007 1692 6090 1630 887 0 0 0
fn=PyType_GetSlot
0 1080 38 14 216 39 26 0 0 0
fn=PyType_IsSubtype
0 283502807 6495602 1519 68654790 4423328 499253 18556242 27221 8311
fn=PyType_Modified
0 3359 311 213 1209 156 115 955 65 21
fn=PyType_Ready
0 1567 206 51 378 65 37 356 0 0
fn=PyUnicode_Append
0 51353 2430 367 14237 79 5 7766 6 1
fn=PyUnicode_AppendAndDel
0 22 4 4 6 0 0 6 0 0
fn=PyUnicode_AsASCIIString
0 181797 33044 20427 66108 3 3 0 0 0
fn=PyUnicode_AsEncodedString
0 8804 436 288 2038 308 129 742 0 0
fn=PyUnicode_AsUCS4
0 9226 28 14 882 212 104 3386 837 835
fn=PyUnicode_AsUTF8
0 1794912 178705 20870 698021 135400 55160 299151 73 0
fn=PyUnicode_AsUTF8AndSize
0 7569254 977211 75045 2632784 1558 453 1316392 37669 526
fn=PyUnicode_AsUTF8String
0 160 20 3 40 0 0 40 0 0
fn=PyUnicode_AsWideCharString
0 8477 377 51 1896 22 2 1674 40 8
fn=PyUnicode_Compare
0 8640 1728 1604 3456 287 22 0 0 0
fn=PyUnicode_CompareWithASCIIString
0 19840 899 545 4960 469 117 3720 0 0
fn=PyUnicode_Concat
0 1970764 73444 10917 453682 13043 4341 362482 9880 2640
fn=PyUnicode_Contains
0 2600888 55517 6555 712056 33430 4501 255598 6 0
fn=PyUnicode_Decode
0 2820 151 93 596 48 28 247 0 0
fn=PyUnicode_DecodeASCII
0 2630 32 32 474 1 1 606 1 0
fn=PyUnicode_DecodeFSDefault
0 416 12 12 144 8 2 64 0 0
fn=PyUnicode_DecodeFSDefaultAndSize
0 110725 426 408 35435 367 3 1700 0 0
fn=PyUnicode_DecodeLocale
0 25584 2624 836 5248 0 0 3280 0 0
fn=PyUnicode_DecodeUTF8
0 919899 51269 1370 204422 0 0 204422 261 33
fn=PyUnicode_DecodeUTF8Stateful
0 261 52 7 58 0 0 58 0 0
fn=PyUnicode_EncodeFSDefault
0 294 42 38 105 42 1 0 0 0
fn=PyUnicode_FSConverter
0 236146 15427 2260 71728 8592 796 35876 590 1
fn=PyUnicode_FSDecoder
0 6384 504 144 1428 84 22 504 1 0
fn=PyUnicode_FindChar
0 3649848 177446 85941 572279 211 126 248252 186 170
fn=PyUnicode_Format
0 149816 3388 422 33694 188 25 25907 24 0
fn=PyUnicode_FromEncodedObject
0 396 31 20 144 11 2 90 4 0
fn=PyUnicode_FromFormat
0 519564 53720 5557 71664 1 0 429984 428 3
fn=PyUnicode_FromFormatV
0 82788284 3767086 836263 17454797 308100 62142 4315362 13887 892
fn=PyUnicode_FromKindAndData
0 17736924 79500 7976 2644656 148409 144626 1233666 20878 11689
fn=PyUnicode_FromOrdinal
0 13072 69 11 2136 358 298 1602 0 0
fn=PyUnicode_FromString
0 319065 18017 4912 63813 0 0 63813 316 85
fn=PyUnicode_FromStringAndSize
0 261251 42002 4977 47500 2 0 47498 261 83
fn=PyUnicode_FromWideChar
0 260683 9202 2709 43102 17 0 19827 534 16
fn=PyUnicode_GetLength
0 204 31 24 102 0 0 0 0 0
fn=PyUnicode_InternFromString
0 501470 9651 1461 123573 3171 904 60085 7 1
fn=PyUnicode_InternInPlace
0 15826536 470551 111146 6304129 160692 74255 3098219 3532 675
fn=PyUnicode_IsIdentifier
0 10222 165 125 2505 95 68 876 0 0
fn=PyUnicode_Join
0 504 36 13 162 0 0 90 0 0
fn=PyUnicode_New
0 358412 8586 2480 60259 228 9 91002 1349 371
fn=PyUnicode_Partition
0 9411 769 40 2541 134 2 1347 45 0
fn=PyUnicode_RPartition
0 3106985 214466 13772 626751 31191 1867 545030 39355 280
fn=PyUnicode_RichCompare
0 35635205 164395 48275 9935613 244565 140378 3218817 34642 0
fn=PyUnicode_Split
0 443560 67037 19127 204720 25620 17045 68240 0 0
fn=PyUnicode_Splitlines
0 33041 9 9 8922 66 2 362 48 40
fn=PyUnicode_Substring
0 2292580 195688 17875 389162 1746 257 361387 14118 3622
fn=PyUnicode_Tailmatch
0 30 3 3 9 0 0 7 0 0
fn=PyUnstable_Code_NewWithPosOnlyArgs
0 1968 27 27 708 2 0 575 3 0
fn=PyUnstable_InterpreterFrame_GetLine
0 11 1 1 4 0 0 2 0 0
fn=PyVectorcall_Call
0 328 27 14 112 16 5 64 0 0
fn=PyVectorcall_Function
0 52767 3024 629 28778 8292 2857 9594 0 0
fn=PyWeakref_GetObject
0 6365 186 102 2010 354 256 1005 0 0
fn=PyWeakref_NewProxy
0 2920 280 278 680 55 0 720 7 0
fn=PyWeakref_NewRef
0 747208 44754 7141 262767 17600 6016 163335 981 192
fn=Py_BuildValue
0 23910 1336 420 3188 0 0 19128 0 0
fn=Py_BytesMain
0 13 3 3 2 1 1 6 0 0
fn=Py_CompileStringObject
0 3444 504 87 756 98 1 672 0 0
fn=Py_DecodeLocale
0 843 40 15 172 3 1 99 0 0
fn=Py_EnterRecursiveCall
0 20604 1722 1705 3434 0 0 1717 0 0
fn=Py_FinalizeEx
0 88 13 9 21 7 7 11 4 3
fn=Py_GETENV
0 10 1 1 3 1 0 2 0 0
fn=Py_GenericAlias
0 2714 136 33 590 0 0 590 0 0
fn=Py_GetBuildInfo
0 30 3 2 4 0 0 4 0 0
fn=Py_GetCompiler
0 8 1 1 2 0 0 2 0 0
fn=Py_GetCopyright
0 8 1 1 2 0 0 2 0 0
fn=Py_GetPlatform
0 8 0 0 2 0 0 2 0 0
fn=Py_GetVersion
0 9 1 1 2 0 0 2 0 0
fn=Py_InitializeFromConfig
0 33 5 5 10 1 1 9 1 1
fn=Py_LeaveRecursiveCall
0 24038 862 852 6868 0 0 5151 1 0
fn=Py_MakePendingCalls
0 24 2 2 7 0 0 3 0 0
fn=Py_RunMain
0 212 21 19 46 17 7 18 5 3
fn=SHA1_Init
0 24 2 2 3 1 0 9 0 0
fn=SHA224_Init
0 24 3 3 4 1 1 10 0 0
fn=SHA256_Init
0 24 2 1 4 1 0 10 0 0
fn=SHA384_Init
0 25 3 3 7 2 2 9 0 0
fn=SHA512_Init
0 25 2 1 7 2 2 9 0 0
fn=SIDX_Version
0 314 24 24 90 12 12 90 3 0
fn=SpatialIndex::Point::Point()
0 16 1 1 2 1 0 8 0 0
fn=SpatialIndex::Point::Point(double const*, unsigned int)
0 9690 1020 1020 2040 510 510 4080 0 0
fn=SpatialIndex::Point::getDimension() const
0 1020 510 510 510 0 0 0 0 0
fn=SpatialIndex::Point::getMBR(SpatialIndex::Region&) const
0 11730 1020 1020 4590 1016 461 2550 509 0
fn=SpatialIndex::Point::makeDimension(unsigned int)
0 7158 14 14 3570 0 0 2862 0 0
fn=SpatialIndex::Point::~Point()
0 9216 1022 1022 2560 500 4 2560 0 0
fn=SpatialIndex::RTree::BulkLoader::bulkLoadUsingSTR(SpatialIndex::RTree::RTree*, SpatialIndex::IDataStream&, unsigned int, unsigned int, unsigned int, unsigned int)
0 1386 150 113 402 157 76 114 12 8
fn=SpatialIndex::RTree::BulkLoader::createLevel(SpatialIndex::RTree::RTree*, std::shared_ptr<SpatialIndex::RTree::ExternalSorter>, unsigned int, unsigned int, unsigned int, unsigned int, std::shared_ptr<SpatialIndex::RTree::ExternalSorter>, unsigned int, unsigned int)
0 622 24 22 176 9 2 108 2 0
fn=SpatialIndex::RTree::BulkLoader::createNode(SpatialIndex::RTree::RTree*, std::vector<SpatialIndex::RTree::ExternalSorter::Record*, std::allocator<SpatialIndex::RTree::ExternalSorter::Record*> >&, unsigned int)
0 646 8 8 316 38 1 42 0 0
fn=SpatialIndex::RTree::Data::Data(unsigned int, unsigned char*, SpatialIndex::Region&, long)
0 3911172 13164 10049 1078944 5611 3626 1618416 26801 15219
fn=SpatialIndex::RTree::Data::clone()
0 530688 1134 610 232176 38479 87 132672 0 0
fn=SpatialIndex::RTree::Data::getData(unsigned int&, unsigned char**) const
0 281928 33168 6048 116088 16584 9878 116088 0 0
fn=SpatialIndex::RTree::Data::~Data()
0 2456640 12208 6583 773934 86403 7677 773934 536 0
fn=SpatialIndex::RTree::ExternalSorter::ExternalSorter(unsigned int, unsigned int)
0 60 4 4 4 4 4 52 4 4
fn=SpatialIndex::RTree::ExternalSorter::Record::Record(SpatialIndex::Region const&, long, unsigned int, unsigned char*, unsigned int)
0 640 64 31 224 0 0 352 9 7
fn=SpatialIndex::RTree::ExternalSorter::Record::operator<(SpatialIndex::RTree::ExternalSorter::Record const&) const
0 1824 2 2 1140 69 46 0 0 0
fn=SpatialIndex::RTree::ExternalSorter::Record::~Record()
0 320 2 2 128 1 0 96 0 0
fn=SpatialIndex::RTree::ExternalSorter::getNextRecord()
0 736 8 8 318 6 6 188 0 0
fn=SpatialIndex::RTree::ExternalSorter::insert(SpatialIndex::RTree::ExternalSorter::Record*)
0 1008 120 108 492 63 3 360 19 9
fn=SpatialIndex::RTree::ExternalSorter::sort()
0 80 12 12 24 0 0 20 0 0
fn=SpatialIndex::RTree::ExternalSorter::~ExternalSorter()
0 434 14 14 86 8 0 68 0 0
fn=SpatialIndex::RTree::Index::Index(SpatialIndex::RTree::RTree*, long, unsigned int)
0 56 8 6 20 6 3 20 0 0
fn=SpatialIndex::RTree::Index::adjustTree(SpatialIndex::RTree::Node*, SpatialIndex::RTree::Node*, std::stack<long, std::deque<long, std::allocator<long> > >&, unsigned char*)
0 1287 45 45 464 16 5 150 0 0
fn=SpatialIndex::RTree::Index::adjustTree(SpatialIndex::RTree::Node*, std::stack<long, std::deque<long, std::allocator<long> > >&, bool)
0 24454 777 447 9026 214 71 2893 0 0
fn=SpatialIndex::RTree::Index::chooseSubtree(SpatialIndex::Region const&, unsigned int, std::stack<long, std::deque<long, std::allocator<long> > >&)
0 55091 5701 4090 19189 1608 409 12999 626 0
fn=SpatialIndex::RTree::Index::findLeastOverlap(SpatialIndex::Region const&) const
0 492308 9821 8381 162549 1107 577 122952 3504 2136
fn=SpatialIndex::RTree::Index::~Index()
0 60 2 2 16 1 1 20 0 0
fn=SpatialIndex::RTree::Leaf::Leaf(SpatialIndex::RTree::RTree*, long)
0 165 10 7 55 14 6 55 2 0
fn=SpatialIndex::RTree::Leaf::chooseSubtree(SpatialIndex::Region const&, unsigned int, std::stack<long, std::deque<long, std::allocator<long> > >&)
0 5760 511 511 720 0 0 2880 409 0
fn=SpatialIndex::RTree::Leaf::split(unsigned int, unsigned char*, SpatialIndex::Region&, long, Tools::PoolPointer<SpatialIndex::RTree::Node>&, Tools::PoolPointer<SpatialIndex::RTree::Node>&)
0 13624 126 121 9378 846 5 887 5 0
fn=SpatialIndex::RTree::Leaf::~Leaf()
0 138 16 13 35 5 2 46 0 0
fn=SpatialIndex::RTree::Node::Node(SpatialIndex::RTree::RTree*, long, unsigned int, unsigned int)
0 7905 79 54 210 33 16 3375 680 463
fn=SpatialIndex::RTree::Node::ReinsertEntry::compareReinsertEntry(void const*, void const*)
0 28488 14 14 14244 498 0 0 0 0
fn=SpatialIndex::RTree::Node::RstarSplitEntry::compareHigh(void const*, void const*)
0 126294 6 4 90210 4248 0 0 0 0
fn=SpatialIndex::RTree::Node::RstarSplitEntry::compareLow(void const*, void const*)
0 90160 12 12 64400 3330 0 0 0 0
fn=SpatialIndex::RTree::Node::insertData(unsigned int, unsigned char*, SpatialIndex::Region&, long, std::stack<long, std::deque<long, std::allocator<long> > >&, unsigned char*)
0 118556 4406 3299 44392 6131 86 23716 910 532
fn=SpatialIndex::RTree::Node::insertEntry(unsigned int, unsigned char*, SpatialIndex::Region&, long)
0 136071 4601 4110 55634 1920 1253 45790 474 391
fn=SpatialIndex::RTree::Node::loadFromByteArray(unsigned char const*)
0 111369851 484559 245979 47310920 1562085 888480 19950458 396121 220775
fn=SpatialIndex::RTree::Node::reinsertData(unsigned int, unsigned char*, SpatialIndex::Region&, long, std::vector<unsigned int, std::allocator<unsigned int> >&, std::vector<unsigned int, std::allocator<unsigned int> >&)
0 45761 149 149 16083 1274 28 5090 124 104
fn=SpatialIndex::RTree::Node::rstarSplit(unsigned int, unsigned char*, SpatialIndex::Region&, long, std::vector<unsigned int, std::allocator<unsigned int> >&, std::vector<unsigned int, std::allocator<unsigned int> >&)
0 477590 180 180 170161 30691 15 6198 652 67
fn=SpatialIndex::RTree::Node::storeToByteArray(unsigned char**, unsigned int&)
0 2010207 4369 3600 814137 97564 3 117486 9779 1200
fn=SpatialIndex::RTree::Node::~Node()
0 26142 60 53 7964 651 524 1274 49 48
fn=SpatialIndex::RTree::RTree::RTree(SpatialIndex::IStorageManager&, Tools::PropertySet&)
0 582 48 39 75 10 7 249 29 24
fn=SpatialIndex::RTree::RTree::deleteNode(SpatialIndex::RTree::Node*)
0 58 6 6 32 4 0 16 0 0
fn=SpatialIndex::RTree::RTree::initNew(Tools::PropertySet&)
0 1642 114 114 307 35 21 380 1 0
fn=SpatialIndex::RTree::RTree::insertData(unsigned int, unsigned char const*, SpatialIndex::IShape const&, long)
0 43860 4366 4086 15808 4614 2559 9179 484 3
fn=SpatialIndex::RTree::RTree::insertData_impl(unsigned int, unsigned char*, SpatialIndex::Region&, long)
0 44057 3519 3060 14891 3432 1496 9892 510 474
fn=SpatialIndex::RTree::RTree::insertData_impl(unsigned int, unsigned char*, SpatialIndex::Region&, long, unsigned int, unsigned char*)
0 183358 1514 69 78198 4077 1 5040 625 0
fn=SpatialIndex::RTree::RTree::intersectsWithQuery(SpatialIndex::IShape const&, SpatialIndex::IVisitor&)
0 836990 114135 105935 304360 76090 40742 190225 0 0
fn=SpatialIndex::RTree::RTree::nearestNeighborQuery(unsigned int, SpatialIndex::IShape const&, SpatialIndex::IVisitor&, SpatialIndex::INearestNeighborComparator&, double)
0 12818526 30583 26449 4879240 222919 4160 2521403 48428 26949
fn=SpatialIndex::RTree::RTree::nearestNeighborQuery(unsigned int, SpatialIndex::IShape const&, SpatialIndex::IVisitor&, double)
0 39690 3413 3402 14742 5509 1757 9072 0 0
fn=SpatialIndex::RTree::RTree::rangeQuery(SpatialIndex::RTree::RangeQueryType, SpatialIndex::IShape const&, SpatialIndex::IVisitor&)
0 17601578 430817 169273 6399864 424119 77537 1474752 251230 34384
fn=SpatialIndex::RTree::RTree::readNode(long)
0 3801142 287505 66367 1401004 380640 173065 1401046 146719 34716
fn=SpatialIndex::RTree::RTree::storeHeader()
0 501 37 30 177 33 16 137 5 4
fn=SpatialIndex::RTree::RTree::writeNode(SpatialIndex::RTree::Node*)
0 36408 3299 2585 17340 6246 24 6948 5 0
fn=SpatialIndex::RTree::RTree::~RTree()
0 6442 53 53 2561 421 324 449 4 2
fn=SpatialIndex::RTree::Statistics::Statistics()
0 45 6 6 12 3 3 21 9 6
fn=SpatialIndex::RTree::Statistics::reset()
0 36 3 3 6 0 0 21 0 0
fn=SpatialIndex::RTree::Statistics::~Statistics()
0 24 3 3 6 4 3 3 3 2
fn=SpatialIndex::RTree::createAndBulkLoadNewRTree(SpatialIndex::RTree::BulkLoadMethod, SpatialIndex::IDataStream&, SpatialIndex::IStorageManager&, Tools::PropertySet&, long&)
0 676 49 48 140 15 11 154 0 0
fn=SpatialIndex::RTree::createNewRTree(SpatialIndex::IStorageManager&, double, unsigned int, unsigned int, unsigned int, SpatialIndex::RTree::RTreeVariant, long&)
0 500 40 32 90 5 0 128 2 1
fn=SpatialIndex::RTree::returnRTree(SpatialIndex::IStorageManager&, Tools::PropertySet&)
0 45 9 6 12 0 0 12 0 0
fn=SpatialIndex::Region::Region()
0 3736 281 260 467 138 0 2335 197 76
fn=SpatialIndex::Region::Region(SpatialIndex::Region const&)
0 1349000 29159 10 539600 145181 82 674500 58576 41117
fn=SpatialIndex::Region::Region(double const*, double const*, unsigned int)
0 317752 79438 70458 39719 39718 431 198595 22536 12294
fn=SpatialIndex::Region::combineRegion(SpatialIndex::Region const&)
0 3926735 2536 2498 1014034 40711 19 221348 0 0
fn=SpatialIndex::Region::containsRegion(SpatialIndex::Region const&) const
0 30458 2157 1530 12904 1324 1 0 0 0
fn=SpatialIndex::Region::getArea() const
0 122178 1244 819 40726 0 0 0 0 0
fn=SpatialIndex::Region::getCenter(SpatialIndex::Point&) const
0 30702 22 21 10710 660 19 4284 7 7
fn=SpatialIndex::Region::getCombinedRegion(SpatialIndex::Region&, SpatialIndex::Region const&) const
0 127954 3178 2462 52588 3545 2096 16931 0 0
fn=SpatialIndex::Region::getDimension() const
0 80626 39179 35196 40313 0 0 0 0 0
fn=SpatialIndex::Region::getIntersectingArea(SpatialIndex::Region const&) const
0 103775 302 148 37086 48 0 0 0 0
fn=SpatialIndex::Region::getMargin() const
0 36432 13 13 12144 75 0 3312 14 0
fn=SpatialIndex::Region::getMinimumDistance(SpatialIndex::IShape const&) const
0 2452296 2853 2221 919611 7264 166 510895 0 0
fn=SpatialIndex::Region::getMinimumDistance(SpatialIndex::Region const&) const
0 4256210 4797 3402 1207080 2218 0 0 0 0
fn=SpatialIndex::Region::initialize(double const*, double const*, unsigned int)
0 3666999 79635 69760 1047714 0 0 1222333 540 3
fn=SpatialIndex::Region::intersectsRegion(SpatialIndex::Region const&) const
0 15285625 78018 23267 6746960 252822 0 0 0 0
fn=SpatialIndex::Region::intersectsShape(SpatialIndex::IShape const&) const
0 17877336 76090 69961 6704001 119953 105059 3724445 0 0
fn=SpatialIndex::Region::makeInfinite(unsigned int)
0 900 50 34 162 11 5 234 0 0
fn=SpatialIndex::Region::operator=(SpatialIndex::Region const&)
0 30525431 160848 108944 12948478 284595 177712 4626535 5321 349
fn=SpatialIndex::Region::touchesRegion(SpatialIndex::Region const&) const
0 4587 391 151 1424 2 0 0 0 0
fn=SpatialIndex::Region::~Region()
0 1931886 121395 33826 468876 93105 7962 468876 30879 1
fn=SpatialIndex::StorageManager::Buffer::Buffer(SpatialIndex::IStorageManager&, Tools::PropertySet&)
0 375 27 27 63 9 6 99 3 2
fn=SpatialIndex::StorageManager::Buffer::deleteByteArray(long)
0 92 6 6 38 2 0 18 0 0
fn=SpatialIndex::StorageManager::Buffer::flush()
0 343 12 11 140 49 8 32 0 0
fn=SpatialIndex::StorageManager::Buffer::loadByteArray(long, unsigned int&, unsigned char**)
0 2128733 198729 45326 974561 211032 149342 481591 38311 2
fn=SpatialIndex::StorageManager::Buffer::storeByteArray(long&, unsigned int, unsigned char const*)
0 68108 3558 3123 23717 6150 47 13050 672 0
fn=SpatialIndex::StorageManager::Buffer::~Buffer()
0 91 6 6 32 4 2 15 0 0
fn=SpatialIndex::StorageManager::MemoryStorageManager::MemoryStorageManager(Tools::PropertySet&)
0 129 12 12 27 2 0 78 6 5
fn=SpatialIndex::StorageManager::MemoryStorageManager::deleteByteArray(long)
0 58 6 6 20 5 0 16 2 0
fn=SpatialIndex::StorageManager::MemoryStorageManager::storeByteArray(long&, unsigned int, unsigned char const*)
0 1184 59 56 410 66 25 339 33 5
fn=SpatialIndex::StorageManager::MemoryStorageManager::~MemoryStorageManager()
0 272 15 10 90 19 8 27 0 0
fn=SpatialIndex::StorageManager::RandomEvictionsBuffer::RandomEvictionsBuffer(SpatialIndex::IStorageManager&, Tools::PropertySet&)
0 45 3 3 12 3 3 12 0 0
fn=SpatialIndex::StorageManager::RandomEvictionsBuffer::addEntry(long, SpatialIndex::StorageManager::Buffer::Entry*)
0 285 33 29 105 16 1 105 0 0
fn=SpatialIndex::StorageManager::RandomEvictionsBuffer::~RandomEvictionsBuffer()
0 42 6 4 12 4 4 12 0 0
fn=SpatialIndex::StorageManager::returnMemoryStorageManager(Tools::PropertySet&)
0 39 6 6 9 0 0 9 0 0
fn=SpatialIndex::StorageManager::returnRandomEvictionsBuffer(SpatialIndex::IStorageManager&, Tools::PropertySet&)
0 45 6 5 12 0 0 12 0 0
fn=Tools::EndOfStreamException::EndOfStreamException(std::string)
0 10 4 4 2 1 0 2 0 0
fn=Tools::EndOfStreamException::~EndOfStreamException()
0 32 2 2 12 2 0 8 0 0
fn=Tools::PoolPointer<SpatialIndex::RTree::Node>::release()
0 11051255 246917 153848 4479878 80824 42 1764022 19408 5
fn=Tools::PropertySet::PropertySet()
0 72 6 3 8 6 3 48 6 3
fn=Tools::PropertySet::getProperty(std::string) const
0 9365 124 22 2992 271 9 1010 0 0
fn=Tools::PropertySet::setProperty(std::string, Tools::Variant const&)
0 4845 34 8 1802 1 0 1444 0 0
fn=Tools::PropertySet::~PropertySet()
0 1291 53 34 297 76 33 117 1 0
fn=Tools::Variant::Variant()
0 249 30 2 0 0 0 83 2 0
fn=X509_get_default_cert_area
0 8 2 2 2 0 0 2 0 0
fn=_GLOBAL__sub_I_Ball.cc
0 15 1 1 4 0 0 3 0 0
fn=_GLOBAL__sub_I_BoundsQuery.cc
0 15 2 2 4 1 1 3 0 0
fn=_GLOBAL__sub_I_Buffer.cc
0 15 1 1 4 0 0 3 0 0
fn=_GLOBAL__sub_I_BulkLoader.cc
0 15 1 1 4 0 0 3 0 0
fn=_GLOBAL__sub_I_CountVisitor.cc
0 15 1 1 4 0 0 3 0 0
fn=_GLOBAL__sub_I_CustomStorage.cc
0 15 1 1 4 0 0 3 0 0
fn=_GLOBAL__sub_I_DataStream.cc
0 15 1 1 4 0 0 3 0 0
fn=_GLOBAL__sub_I_DiskStorageManager.cc
0 15 1 1 4 0 0 3 0 0
fn=_GLOBAL__sub_I_Error.cc
0 15 1 1 4 0 0 3 0 0
fn=_GLOBAL__sub_I_IdVisitor.cc
0 15 1 1 4 0 0 3 0 0
fn=_GLOBAL__sub_I_Index.cc
0 60 4 4 16 0 0 12 0 0
fn=_GLOBAL__sub_I_Leaf.cc
0 45 3 3 12 0 0 9 0 0
fn=_GLOBAL__sub_I_LeafQuery.cc
0 15 1 1 4 0 0 3 0 0
fn=_GLOBAL__sub_I_LineSegment.cc
0 15 1 1 4 0 0 3 0 0
fn=_GLOBAL__sub_I_MVRTree.cc
0 15 1 1 4 0 0 3 0 0
fn=_GLOBAL__sub_I_MemoryStorageManager.cc
0 15 1 1 4 0 0 3 0 0
fn=_GLOBAL__sub_I_MovingPoint.cc
0 15 1 1 4 0 0 3 0 0
fn=_GLOBAL__sub_I_MovingRegion.cc
0 15 1 1 4 0 0 3 0 0
fn=_GLOBAL__sub_I_Node.cc
0 45 3 3 12 0 0 9 0 0
fn=_GLOBAL__sub_I_ObjVisitor.cc
0 15 1 1 4 0 0 3 0 0
fn=_GLOBAL__sub_I_Point.cc
0 15 1 1 4 0 0 3 0 0
fn=_GLOBAL__sub_I_RTree.cc
0 15 1 1 4 0 0 3 0 0
fn=_GLOBAL__sub_I_RandomEvictionsBuffer.cc
0 15 1 1 4 0 0 3 0 0
fn=_GLOBAL__sub_I_Region.cc
0 15 1 1 4 0 0 3 0 0
fn=_GLOBAL__sub_I_SpatialIndexImpl.cc
0 15 1 1 4 0 0 3 0 0
fn=_GLOBAL__sub_I_Statistics.cc
0 45 3 3 12 0 0 9 0 0
fn=_GLOBAL__sub_I_TPRTree.cc
0 15 0 0 4 0 0 3 0 0
fn=_GLOBAL__sub_I_TimePoint.cc
0 15 1 1 4 0 0 3 0 0
fn=_GLOBAL__sub_I_TimeRegion.cc
0 15 1 1 4 0 0 3 0 0
fn=_GLOBAL__sub_I_Tools.cc
0 15 1 1 4 0 0 3 0 0
fn=_GLOBAL__sub_I_Utility.cc
0 15 1 1 4 0 0 3 0 0
fn=_GLOBAL__sub_I_sidx_api.cc
0 15 1 1 4 0 0 3 0 0
fn=_PyAST_Compile
0 26488 2620 1067 6048 1066 59 5492 38 0
fn=_PyArena_AddPyObject
0 129069 4474 132 45612 66 0 32887 0 0
fn=_PyArena_Free
0 3019 346 126 1078 474 76 633 0 0
fn=_PyArena_Malloc
0 585734 800 141 239078 173 0 133304 1350 459
fn=_PyArena_New
0 3630 363 169 484 0 0 1331 77 9
fn=_PyArg_ParseTupleAndKeywords_SizeT
0 4106342 246792 103103 483468 167 0 2294345 585 4
fn=_PyArg_ParseTuple_SizeT
0 3040348 238711 52903 447110 9059 12 1877862 43888 1557
fn=_PyArg_UnpackKeywords
0 56670 3946 3484 15714 2337 2166 8846 3 0
fn=_PyArg_UnpackKeywordsWithVararg
0 31337 2430 1481 6618 510 340 6404 18 0
fn=_PyArg_UnpackStack
0 31467 2317 441 3253 0 0 15469 3 0
fn=_PyArgv_AsWstrList
0 171 9 3 63 2 0 57 3 0
fn=_PyBytesWriter_Alloc
0 62 6 6 10 0 0 14 0 0
fn=_PyBytesWriter_Dealloc
0 15 2 2 4 0 0 4 0 0
fn=_PyBytesWriter_Finish
0 1153 101 15 209 23 1 231 3 1
fn=_PyBytesWriter_Init
0 243 27 5 54 0 0 189 24 2
fn=_PyBytesWriter_Prepare
0 550 50 6 150 0 0 125 0 0
fn=_PyBytesWriter_Resize
0 72 6 6 24 0 0 18 1 0
fn=_PyBytes_Repeat
0 48 9 9 15 3 3 12 0 0
fn=_PyBytes_Resize
0 77844 4854 4365 21956 406 4 17652 57 45
fn=_PyCode_ConstantKey
0 180802 1437 501 26872 1109 795 19633 55 1
fn=_PyCode_New
0 8572032 97326 28410 2092659 121493 11212 893967 44088 40086
fn=_PyCode_Validate
0 1968891 20173 8462 828995 12013 482 38748 3520 267
fn=_PyCodecInfo_GetIncrementalDecoder
0 40 5 5 10 0 0 10 0 0
fn=_PyCodecInfo_GetIncrementalEncoder
0 24 3 2 6 0 0 6 0 0
fn=_PyCodec_Lookup
0 197 18 18 51 9 4 25 2 2
fn=_PyCodec_LookupTextEncoding
0 608 40 30 160 15 11 80 0 0
fn=_PyConfig_AsDict
0 926 62 62 140 9 6 19 0 0
fn=_PyConfig_FromDict
0 552 35 35 51 3 0 7 0 0
fn=_PyConfig_InitCompatConfig
0 93 4 2 15 2 1 45 0 0
fn=_PyDict_Contains_KnownHash
0 59794 1193 201 8542 0 0 8542 0 0
fn=_PyDict_DelItemIf
0 152900 11120 6916 40310 690 0 27800 278 0
fn=_PyDict_DelItem_KnownHash
0 100954 7853 5599 31418 915 47 20743 0 0
fn=_PyDict_GetItemStringWithError
0 73626 2025 1640 17530 393 23 8765 160 133
fn=_PyDict_GetItemWithError
0 38100 4378 2198 13716 2546 497 6096 14 0
fn=_PyDict_GetItem_KnownHash
0 9229044 127088 21513 3845435 135440 41408 1538174 2792 52
fn=_PyDict_HasOnlyStringKeys
0 192 16 12 64 0 0 48 0 0
fn=_PyDict_MaybeUntrack
0 941925 101 101 304240 38662 37756 124397 305 27
fn=_PyDict_MergeEx
0 851936 65146 17672 212984 1 0 106492 11 0
fn=_PyDict_NewPresized
0 80 6 6 10 0 0 6 0 0
fn=_PyDict_Next
0 3345 66 40 1222 73 1 498 0 0
fn=_PyDict_SetItem_KnownHash
0 10392 1027 281 2520 235 9 708 0 0
fn=_PyErr_ChainExceptions1
0 2613 871 855 0 0 0 0 0 0
fn=_PyErr_ChainStackItem
0 12380 619 619 4333 0 0 2476 0 0
fn=_PyErr_CheckSignalsTstate
0 13 2 2 5 1 0 4 0 0
fn=_PyErr_Clear
0 14673 1955 1336 3914 1 0 3914 0 0
fn=_PyErr_ExceptionMatches
0 28324 2936 2314 11716 1 0 3904 0 0
fn=_PyErr_Format
0 58 6 6 8 0 0 44 1 0
fn=_PyErr_GetTopmostException
0 26 4 4 8 0 0 4 0 0
fn=_PyErr_SetKeyError
0 164304 11336 3563 41076 5646 1109 29340 0 0
fn=_PyErr_SetObject
0 10442710 1021356 160468 3902487 397767 72532 1734886 1 0
fn=_PyEval_EvalFrameDefault
0 1829397098 88189321 3336848 512566713 55459091 7372927 245017850 3233394 95356
fn=_PyEval_GetBuiltin
0 23 3 3 6 0 0 5 0 0
fn=_PyEval_MakePendingCalls
0 23 2 2 7 0 0 3 0 0
fn=_PyEval_SliceIndex
0 646465 19376 2808 178186 9373 1148 110465 506 0
fn=_PyFloat_FormatAdvancedWriter
0 108 12 4 15 0 0 12 0 0
fn=_PyFunction_Vectorcall
0 18462800 1053853 26511 4615700 1608745 245106 1846280 2256 21
fn=_PyGen_FetchStopIterationValue
0 88 12 12 24 0 0 20 0 0
fn=_PyGen_Finalize
0 267446 24713 11207 98686 7517 877 67290 0 0
fn=_PyImport_CheckSubinterpIncompatibleExtensionAllowed
0 108 12 7 24 6 3 18 0 0
fn=_PyImport_FixupBuiltin
0 60 6 3 12 0 0 10 0 0
fn=_PyImport_FixupExtensionObject
0 175 15 15 42 2 0 42 0 0
fn=_PyImport_GetModuleAttrString
0 37408 2609 2442 7830 30 3 7830 0 0
fn=_PyImport_IsInitialized
0 63 7 7 21 6 4 14 1 1
fn=_PyInterpreterState_Enable
0 14 1 1 4 0 0 8 0 0
fn=_PyInterpreterState_GetConfig
0 6062 290 24 1732 0 0 1732 6 1
fn=_PyInterpreterState_HasFeature
0 54 6 6 18 6 3 12 0 0
fn=_PyInterpreterState_SetNotRunningMain
0 8 2 2 2 0 0 3 1 1
fn=_PyInterpreterState_SetRunningMain
0 20 2 2 5 1 0 3 0 0
fn=_PyList_Extend
0 151344 19714 1374 50448 0 0 50448 0 0
fn=_PyLong_AsInt
0 1869291 115727 37491 554444 93842 3732 278092 33 0
fn=_PyLong_Format
0 4913 6 6 867 0 0 578 0 0
fn=_PyLong_FormatAdvancedWriter
0 7168 331 17 1632 2 2 928 4 0
fn=_PyLong_FormatWriter
0 1246 51 8 178 0 0 178 0 0
fn=_PyLong_Frexp
0 369 35 24 44 3 2 30 0 0
fn=_PyLong_FromBytes
0 7568 393 38 2064 0 0 2064 0 0
fn=_PyLong_FromTime_t
0 61074 3393 457 20358 0 0 20358 0 0
fn=_PyLong_FromUid
0 36 2 2 8 0 0 8 0 0
fn=_PyLong_GCD
0 204 19 10 44 0 0 22 0 0
fn=_PyLong_New
0 3808 230 52 595 12 0 833 10 5
fn=_PyLong_NumBits
0 3354 262 78 283 0 0 0 0 0
fn=_PyLong_Sign
0 7260 1170 549 2178 0 0 1452 0 0
fn=_PyMem_RawStrdup
0 120 5 3 35 1 0 25 0 0
fn=_PyMem_RawWcsdup
0 2272 32 12 426 0 0 284 0 0
fn=_PyMem_SetDefaultAllocator
0 364 19 13 100 2 1 74 0 0
fn=_PyMem_Strdup
0 1659050 66336 51952 497650 66302 9204 232371 31 31
fn=_PyModuleSpec_IsInitializing
0 1942638 103514 15417 506349 0 0 253620 0 0
fn=_PyModule_Add
0 168 6 4 48 0 0 48 0 0
fn=_PyModule_Clear
0 548844 16 14 131971 21994 9623 2310 2 0
fn=_PyModule_ClearDict
0 12484 9 7 2942 533 303 22 0 0
fn=_PyModule_CreateInitialized
0 467 40 34 120 30 13 84 0 0
fn=_PyNamespace_New
0 62 6 4 14 0 0 12 0 0
fn=_PyNumber_Index
0 129292 11384 4843 40962 1832 868 20060 300 75
fn=_PyOS_URandom
0 1312 128 101 352 32 7 352 3 1
fn=_PyOS_URandomNonblock
0 8 1 1 2 0 0 2 0 0
fn=_PyObject_CallFunction_SizeT
0 259882 17384 10624 62487 10842 5933 84813 125 1
fn=_PyObject_CallMethod
0 3087 267 192 729 55 22 876 1 0
fn=_PyObject_CallMethod_SizeT
0 1708 170 33 416 96 7 526 1 0
fn=_PyObject_Call_Prepend
0 1235883 99039 21937 365647 62207 25232 200312 3754 154
fn=_PyObject_ClearManagedDict
0 863559 357 333 341127 43078 16057 200126 117 20
fn=_PyObject_FastCall
0 46704 3336 1369 16680 6519 942 6672 0 0
fn=_PyObject_GC_New
0 77087730 1727778 49345 22488586 915195 329753 16589495 284556 61827
fn=_PyObject_GC_NewVar
0 4645241 134825 10777 1388170 62500 15023 1042682 26342 9467
fn=_PyObject_GC_Resize
0 50432 3079 1633 12608 28 0 7880 2 0
fn=_PyObject_GenericGetAttrWithDict
0 255408390 10194963 207155 84633228 4711454 573243 49896522 303643 1334
fn=_PyObject_GenericSetAttrWithDict
0 94100 6098 882 28562 1323 134 15700 116 0
fn=_PyObject_GetMethod
0 6822967 450232 57398 2322926 221656 52019 1646974 4668 98
fn=_PyObject_HasLen
0 132 22 20 55 0 0 22 0 0
fn=_PyObject_IsAbstract
0 102281 786 577 26894 1877 316 13656 0 0
fn=_PyObject_LookupAttr
0 26095904 1010266 12662 8644999 574480 54818 5778345 61430 430
fn=_PyObject_LookupSpecial
0 28169073 686995 245912 10523702 828797 200422 4685359 47117 125
fn=_PyObject_MakeTpCall
0 33913999 1542635 103540 9505128 421129 59510 7501209 2840 120
fn=_PyObject_New
0 737565 47913 7267 234470 54100 22344 201025 3 0
fn=_PyObject_NewVar
0 561875 2657 1381 174375 7576 1677 155000 6827 6380
fn=_PyObject_RealIsInstance
0 16030094 726244 80513 4841419 1 0 2555881 35959 9
fn=_PyObject_RealIsSubclass
0 2159682 227318 1869 925578 32753 32 308526 0 0
fn=_PyObject_VisitManagedDict
0 6333668 1925 1705 2148666 178975 110771 840532 2712 113
fn=_PyPathConfig_ClearGlobal
0 41 3 3 12 2 2 13 0 0
fn=_PyPreConfig_InitCompatConfig
0 96 3 1 12 0 0 66 2 1
fn=_PyRun_AnyFileObject
0 30 4 4 7 1 1 7 0 0
fn=_PyRun_SimpleFileObject
0 129 12 11 16 2 2 14 0 0
fn=_PyRuntimeState_Fini
0 224 3 3 50 4 2 40 0 0
fn=_PyRuntimeState_Init
0 176 6 6 36 3 2 49 8 4
fn=_PyRuntime_Finalize
0 11 1 1 2 0 0 3 0 0
fn=_PyRuntime_Initialize
0 22 4 2 4 1 1 7 0 0
fn=_PySet_NextEntry
0 23918 993 362 6125 156 130 3438 0 0
fn=_PySet_Update
0 2196 239 224 610 0 0 488 0 0
fn=_PySlice_FromIndices
0 700 54 48 175 0 0 125 0 0
fn=_PySlice_GetLongIndices
0 16425 1349 280 4950 175 1 3375 0 0
fn=_PyStack_AsDict
0 1548 129 29 387 0 0 258 0 0
fn=_PyStructSequence_NewType
0 1387 112 47 225 51 31 324 0 0
fn=_PySys_GetAttr
0 2418 180 170 651 1 1 465 0 0
fn=_PyThreadState_Bind
0 22 1 1 6 0 0 6 1 1
fn=_PyThreadState_DeleteExcept
0 29 3 3 14 0 0 9 0 0
fn=_PyThreadState_GetCurrent
0 274714 41070 3325 74922 0 0 49948 38 0
fn=_PyThreadState_New
0 6 0 0 2 0 0 2 0 0
fn=_PyThreadState_UncheckedGet
0 44922196 3069469 579 12251508 45 7 8167672 0 0
fn=_PyTime_Add
0 127566 17541 2571 25358 0 0 25358 0 0
fn=_PyTime_AsMicroseconds
0 72837 3640 2167 7282 0 0 7282 0 0
fn=_PyTime_AsSecondsDouble
0 120 11 9 16 0 0 16 0 0
fn=_PyTime_AsTimespec_clamp
0 240901 18145 2608 25358 0 0 50716 0 0
fn=_PyTime_FromMicrosecondsClamp
0 299640 14277 3005 24970 0 0 24970 306 6
fn=_PyTime_FromNanoseconds
0 1164 133 16 388 0 0 388 3 0
fn=_PyTime_FromSeconds
0 32778 7279 3093 7284 0 0 7284 279 1
fn=_PyTime_GetMonotonicClock
0 393049 34120 4423 50716 0 0 25358 275 10
fn=_PyTime_GetSystemClockWithInfo
0 72 9 9 21 0 0 15 0 0
fn=_PyTime_localtime
0 36 3 2 6 0 0 10 1 0
fn=_PyToken_OneChar
0 20616 708 93 5154 867 87 3436 0 0
fn=_PyToken_ThreeChars
0 36 4 3 4 0 0 4 0 0
fn=_PyToken_TwoChars
0 29740 2221 102 5136 297 50 3428 0 0
fn=_PyTrash_begin
0 40821230 1637801 1115 4082123 705719 27362 4082123 0 0
fn=_PyTrash_cond
0 40844980 1110594 1366 16337992 0 0 8168996 4 0
fn=_PyTrash_end
0 72945522 2797664 777 24315174 343 14 20410615 1578 111
fn=_PyTuple_MaybeUntrack
0 4194514 1498 1483 1268924 63586 18207 706492 504 61
fn=_PyTuple_Resize
0 169485 9854 4373 45590 245 2 26044 8 0
fn=_PyType_CalculateMetaclass
0 25129 2471 1345 7409 1921 585 0 0 0
fn=_PyType_GetDict
0 59288072 3575644 2894 23584809 2077549 274415 8920596 27469 662
fn=_PyType_GetDocFromInternalDoc
0 4581 206 72 819 7 6 345 0 0
fn=_PyType_Lookup
0 182825217 5328624 11352 57603465 4545514 904148 31097425 269800 4580
fn=_PyType_Name
0 1316 164 35 376 8 5 282 0 0
fn=_PyUnicodeWriter_Dealloc
0 32 3 1 12 0 0 8 0 0
fn=_PyUnicodeWriter_Finish
0 25545 1853 927 5525 306 11 3376 134 0
fn=_PyUnicodeWriter_Init
0 5964 8 4 994 0 0 3479 4 0
fn=_PyUnicodeWriter_PrepareInternal
0 10923087 749547 56384 2264322 34684 9 2259897 244512 90272
fn=_PyUnicodeWriter_WriteASCIIString
0 3825971 143176 29765 1275313 0 0 637668 0 0
fn=_PyUnicodeWriter_WriteChar
0 124074 2509 6 45942 0 0 27564 158 58
fn=_PyUnicodeWriter_WriteStr
0 550313 7845 395 188530 478 53 94185 0 0
fn=_PyUnicode_AsUTF8String
0 8 1 1 2 0 0 2 0 0
fn=_PyUnicode_DecodeUnicodeEscapeInternal
0 1255 65 13 338 1 1 299 0 0
fn=_PyUnicode_EQ
0 34282 3158 2446 9152 1045 743 2250 0 0
fn=_PyUnicode_Equal
0 821253 47783 9621 149564 8286 3000 27062 4 0
fn=_PyUnicode_EqualToASCIIString
0 2058705 55741 24590 778792 654 80 584094 42 7
fn=_PyUnicode_FormatAdvancedWriter
0 10217 546 271 3005 0 0 2404 53 0
fn=_PyUnicode_FormatLong
0 35078 60 21 6166 2 1 5509 13 0
fn=_PyUnicode_FromASCII
0 371395 6434 1827 57981 83 1 82435 1971 375
fn=_PyUnicode_InsertThousandsGrouping
0 4096 224 7 1056 0 0 800 0 0
fn=_PyUnicode_IsAlpha
0 299 4 4 65 11 10 26 0 0
fn=_PyUnicode_IsCased
0 49473 544 544 10755 0 0 4302 0 0
fn=_PyUnicode_IsDecimalDigit
0 138 11 8 30 6 3 12 0 0
fn=_PyUnicode_IsDigit
0 4462 228 6 970 185 5 388 20 0
fn=_PyUnicode_IsLowercase
0 487071 34 12 105885 87 25 42354 0 0
fn=_PyUnicode_IsNumeric
0 46 4 4 10 0 0 4 0 0
fn=_PyUnicode_IsPrintable
0 39376 3130 75 8560 896 118 3424 0 0
fn=_PyUnicode_IsTitlecase
0 481229 44 10 104615 0 0 41846 0 0
fn=_PyUnicode_IsUppercase
0 39284 5 5 8540 0 0 3416 0 0
fn=_PyUnicode_IsXidContinue
0 52647 101 72 11445 132 92 4578 0 0
fn=_PyUnicode_IsXidStart
0 7797 305 214 1695 309 162 678 0 0
fn=_PyUnicode_JoinArray
0 3016496 150337 23310 654908 6183 1364 262568 10835 3532
fn=_PyUnicode_ToDecimalDigit
0 12984 1096 484 2778 714 413 1082 90 3
fn=_PyUnicode_ToLowerFull
0 50517 538 535 11226 59 59 5613 0 0
fn=_PyUnicode_ToLowercase
0 10675 117 26 2562 206 59 854 0 0
fn=_PyUnicode_ToTitleFull
0 7560 816 806 1680 815 815 840 0 0
fn=_PyUnicode_ToUppercase
0 5330 144 29 1230 0 0 410 0 0
fn=_PyUnicode_TransformDecimalAndSpaceToASCII
0 5718 344 116 2344 8 1 1323 53 0
fn=_PyWarnings_Init
0 8 1 1 2 0 0 2 0 0
fn=_PyWeakref_ClearRef
0 77798 91 91 31207 4272 3912 23656 232 190
fn=_PyWideStringList_AsList
0 286 11 3 103 4 2 55 0 0
fn=_PyWideStringList_Clear
0 1122 31 19 468 23 15 372 1 0
fn=_PyWideStringList_Copy
0 616 10 6 202 6 0 174 1 0
fn=_PyWideStringList_Extend
0 38 2 2 14 0 0 20 0 0
fn=_Py_BuildValue_SizeT
0 50340 4864 1619 6712 0 0 40272 30 0
fn=_Py_CheckFunctionResult
0 9120289 909245 56477 2806275 15935 126 2104392 43556 67
fn=_Py_ClearArgcArgv
0 15 2 2 2 0 0 2 0 0
fn=_Py_ClearStandardStreamEncoding
0 40 4 4 10 1 1 6 0 0
fn=_Py_CoerceLegacyLocale
0 112 13 4 18 3 1 12 0 0
fn=_Py_Dealloc
0 63069957 1462194 942 28031092 2205333 165099 14015546 49971 417
fn=_Py_DecodeLocaleEx
0 17416 1980 626 5684 3 0 5344 0 0
fn=_Py_DecodeUTF8Ex
0 55278 147 89 6716 8 5 7954 29 19
fn=_Py_EncodeLocaleEx
0 448 83 10 140 20 4 168 16 0
fn=_Py_EncodeUTF8Ex
0 14441 457 73 2127 0 0 2237 19 14
fn=_Py_FdIsInteractive
0 15 2 2 4 0 0 3 0 0
fn=_Py_GetConfig
0 185679 1950 770 41262 4 3 0 0 0
fn=_Py_GetEnv
0 144 3 3 24 0 0 24 0 0
fn=_Py_GetLocaleEncoding
0 38 4 4 8 2 2 4 0 0
fn=_Py_GetLocaleEncodingObject
0 36 4 4 6 0 0 6 0 0
fn=_Py_HashBytes
0 26224481 728558 38771 1342017 98823 10762 0 0 0
fn=_Py_HashDouble
0 34494412 1417728 36778 1437333 0 0 958222 0 0
fn=_Py_HashPointer
0 23673177 1691171 2670 5260706 0 0 5260706 0 0
fn=_Py_LegacyLocaleDetected
0 20 2 1 2 0 0 2 0 0
fn=_Py_NewReference
0 127239015 2743706 6969 33930404 309274 7528 33930404 718662 88522
fn=_Py_NewReferenceNoTotal
0 1937490 183173 10896 516664 157 40 516664 11 1
fn=_Py_PreInitializeFromConfig
0 1518 4 4 552 9 0 690 2 0
fn=_Py_PreInitializeFromPyArgv
0 48 3 3 13 2 1 13 1 0
fn=_Py_ResetForceASCII
0 54 2 1 12 0 0 18 1 1
fn=_Py_SetLocaleFromEnv
0 28 4 2 6 1 0 6 0 0
fn=_Py_SourceAsString
0 3332 238 107 1190 1 0 952 0 0
fn=_Py_UniversalNewlineFgetsWithSize
0 147641 830 6 26746 304 129 19027 8 2
fn=_Py_VaBuildStack
0 522676 58141 5089 149336 0 0 149336 17156 13
fn=_Py_VaBuildStack_SizeT
0 38080 3694 1795 10880 0 0 10880 45 0
fn=_Py_convert_optional_to_ssize_t
0 81 9 6 24 8 3 15 0 0
fn=_Py_dg_dtoa
0 7756554 52363 418 1620412 1481 40 634884 858 10
fn=_Py_dg_freedtoa
0 50208 2377 7 12552 0 0 12552 0 0
fn=_Py_dg_strtod
0 236987 10976 386 35357 119 6 22261 87 1
fn=_Py_fopen_obj
0 59 5 5 11 0 0 8 0 0
fn=_Py_fstat_noraise
0 10428 1738 485 3476 0 0 3476 0 0
fn=_Py_get_env_flag
0 98 2 2 21 0 0 21 0 0
fn=_Py_get_xoption
0 225 9 4 105 1 0 90 0 0
fn=_Py_gitidentifier
0 8 2 2 2 0 0 2 0 0
fn=_Py_gitversion
0 8 0 0 2 0 0 2 0 0
fn=_Py_hashtable_destroy
0 62566 11 11 20719 3082 2043 12 0 0
fn=_Py_hashtable_get
0 2572808 17385 6298 1068133 147257 115691 502662 17 1
fn=_Py_hashtable_new_full
0 161 15 15 34 3 2 78 6 5
fn=_Py_hashtable_set
0 85482 98 82 26304 15 7 26280 6 5
fn=_Py_normpath
0 176 18 1 44 0 0 44 0 0
fn=_Py_parse_inf_or_nan
0 2438 153 153 640 153 151 120 0 0
fn=_Py_read
0 65930 2610 2488 17350 0 0 17350 7 0
fn=_Py_set_inheritable
0 15633 1738 1307 4341 868 861 3474 0 0
fn=_Py_string_to_number_with_underscores
0 3200 87 80 1024 0 0 1024 0 0
fn=_Py_wfopen
0 270 26 5 35 1 0 25 0 0
fn=_Py_wgetcwd
0 47 4 4 9 4 0 7 2 2
fn=_Py_wreadlink
0 144 8 7 26 3 0 22 4 3
fn=_Py_wrealpath
0 55 5 5 9 3 0 7 0 0
fn=_Py_write
0 3382 264 252 890 0 0 890 2 0
fn=_Unwind_DeleteException
0 14 2 2 2 0 0 0 0 0
fn=_Unwind_Find_FDE
0 3898 22 22 650 74 62 270 16 0
fn=_Unwind_GetCFA
0 24 2 2 8 0 0 0 0 0
fn=_Unwind_GetIPInfo
0 36 0 0 12 0 0 6 0 0
fn=_Unwind_GetLanguageSpecificData
0 18 2 2 6 0 0 0 0 0
fn=_Unwind_GetRegionStart
0 18 2 2 6 0 0 0 0 0
fn=_Unwind_RaiseException
0 264 16 16 64 2 0 52 8 0
fn=_Unwind_SetGR
0 68 2 2 16 0 0 4 0 0
fn=_Unwind_SetIP
0 6 0 0 0 0 0 2 0 0
fn=__aarch64_cas4_acq
0 47382 583 224 15794 374 20 0 0 0
fn=__aarch64_cas4_rel
0 28320 1352 11 9440 22 0 0 0 0
fn=__aarch64_cas8_acq
0 76254 19055 2562 25418 6786 1541 0 0 0
fn=__aarch64_cas8_rel
0 76068 21804 2709 25356 2534 0 0 0 0
fn=__aarch64_ldadd4_acq
0 19254 700 213 9627 472 10 0 0 0
fn=__aarch64_ldadd4_acq_rel
0 3366 54 10 1683 295 80 0 0 0
fn=__aarch64_ldadd4_relax
0 192 20 17 96 17 11 0 0 0
fn=__aarch64_ldadd8_relax
0 216 41 38 108 8 8 0 0 0
fn=__aarch64_ldset4_acq
0 9066 71 12 4533 3 1 0 0 0
fn=__aarch64_swp4_rel
0 45396 224 212 22698 0 0 0 0 0
fn=__aarch64_swp4_relax
0 9636 255 6 4818 15 0 0 0 0
fn=__aarch64_swp8_acq
0 12900 199 184 6450 219 73 0 0 0
fn=__addtf3
0 11791 230 57 237 0 0 237 0 0
fn=__arm_za_disable
0 10 4 4 2 2 2 0 0 0
fn=__cxa_allocate_exception
0 38 4 4 6 0 0 22 4 4
fn=__cxa_begin_catch
0 72 6 6 16 0 0 14 0 0
fn=__cxa_end_catch
0 48 6 6 12 0 0 6 0 0
fn=__cxa_free_exception
0 22 2 2 4 4 4 0 0 0
fn=__cxa_get_globals
0 72 6 6 18 3 3 12 0 0
fn=__cxa_get_globals_fast
0 24 2 2 6 0 0 4 0 0
fn=__cxa_init_primary_exception
0 48 2 2 6 0 0 20 0 0
fn=__cxa_throw
0 46 4 4 2 2 2 14 0 0
fn=__cxxabiv1::__class_type_info::__do_catch(std::type_info const*, void**, unsigned int) const
0 30 6 6 12 0 0 8 0 0
fn=__cxxabiv1::__si_class_type_info::__do_dyncast(long, __cxxabiv1::__class_type_info::__sub_kind, __cxxabiv1::__class_type_info const*, void const*, __cxxabiv1::__class_type_info const*, void const*, __cxxabiv1::__class_type_info::__dyncast_result&) const
0 1160880 34851 4452 431184 0 0 464352 1568 0
fn=__cxxabiv1::__vmi_class_type_info::__do_dyncast(long, __cxxabiv1::__class_type_info::__sub_kind, __cxxabiv1::__class_type_info const*, void const*, __cxxabiv1::__class_type_info const*, void const*, __cxxabiv1::__class_type_info::__dyncast_result&) const
0 4975200 48547 17011 1558896 7978 3411 1094544 1474 0
fn=__divtf3
0 2975 121 82 58 3 3 52 0 0
fn=__dynamic_cast
0 44907336 267711 212138 16956660 409363 75204 9715764 0 0
fn=__eqtf2
0 1283 114 14 0 0 0 0 0 0
fn=__extenddftf2
0 96 17 6 0 0 0 0 0 0
fn=__fixtfsi
0 374 44 4 33 0 0 33 0 0
fn=__fixunstfdi
0 126 15 15 9 0 0 9 0 0
fn=__floatditf
0 75 12 9 0 0 0 0 0 0
fn=__floatsitf
0 340 28 3 0 0 0 0 0 0
fn=__floatunditf
0 60 9 7 0 0 0 0 0 0
fn=__getf2
0 1439 108 17 0 0 0 0 0 0
fn=__gnu_cxx::stdio_sync_filebuf<char, std::char_traits<char> >::sync()
0 15 1 1 5 2 2 0 0 0
fn=__gnu_cxx::stdio_sync_filebuf<wchar_t, std::char_traits<wchar_t> >::sync()
0 15 0 0 5 2 2 0 0 0
fn=__gxx_personality_v0
0 2616 50 46 336 3 2 230 0 0
fn=__letf2
0 1772 146 19 0 0 0 0 0 0
fn=__multf3
0 26276 180 77 855 0 0 855 3 2
fn=__sfp_handle_exceptions
0 2634 16 3 0 0 0 0 0 0
fn=__subtf3
0 9461 296 116 90 0 0 90 0 0
fn=__unordtf2
0 1278 73 19 0 0 0 0 0 0
fn=call_weak_fn
0 4 2 2 1 1 1 0 0 0
fn=cblas_ddot
0 9458100 610200 101526 2440800 305100 31693 1830600 0 0
fn=cblas_sdot
0 31 2 2 8 1 1 6 0 0
fn=char* std::string::_S_construct<char const*>(char const*, char const*, std::allocator<char> const&, std::forward_iterator_tag)
0 130 18 17 20 5 1 24 0 0
fn=ddot_
0 12814200 1220400 15986 2745900 161202 0 610200 0 0
fn=ddotsub_
0 3356100 610200 52071 915300 0 0 1220400 0 0
fn=ffi_call
0 894600 203519 10113 255600 0 0 255600 0 0
fn=ffi_closure_alloc
0 415 29 29 49 7 7 68 13 13
fn=ffi_closure_free
0 12 2 0 4 0 0 4 0 0
fn=ffi_prep_cif
0 1405822 238997 7615 255604 0 0 255604 19 0
fn=ffi_prep_closure_loc
0 108 8 8 28 2 1 26 0 0
fn=init_have_lse_atomics
0 31 2 2 6 0 0 9 2 1
fn=npy_clear_floatstatus_barrier
0 14619864 1663557 2741 3654966 0 0 3654966 0 0
fn=npy_double_to_half
0 259 34 8 33 0 0 33 0 0
fn=npy_float_to_half
0 170 22 6 20 0 0 20 0 0
fn=npy_get_floatstatus_barrier
0 39680562 1800132 35590 8884401 66 0 8884401 0 0
fn=npy_half_eq_nonan
0 13 1 1 2 0 0 2 0 0
fn=npy_half_isinf
0 80 13 2 16 0 0 16 0 0
fn=npy_half_isnan
0 22 2 1 4 0 0 4 0 0
fn=npy_half_iszero
0 8 0 0 2 0 0 2 0 0
fn=npy_half_nextafter
0 34 4 4 5 0 0 5 0 0
fn=npy_half_to_double
0 133 21 4 14 0 0 14 1 0
fn=npy_half_to_float
0 90 8 2 10 0 0 10 0 0
fn=operator delete(void*)
0 2754608 57483 35215 0 0 0 0 0 0
fn=operator delete[](void*)
0 2121264 57416 51048 0 0 0 0 0 0
fn=operator new(unsigned long)
0 17904952 56346 51644 4131912 316 0 4131912 17511 112
fn=operator new[](unsigned long)
0 2121264 56757 4205 0 0 0 0 0 0
fn=sdot_
0 42 4 4 9 1 0 2 0 0
fn=sdotsub_
0 11 2 2 3 0 0 4 0 0
fn=std::_Deque_base<SpatialIndex::RTree::Node*, std::allocator<SpatialIndex::RTree::Node*> >::_M_initialize_map(unsigned long)
0 306 12 12 72 0 0 120 2 2
fn=std::_Deque_base<Tools::PoolPointer<SpatialIndex::RTree::Node>, std::allocator<Tools::PoolPointer<SpatialIndex::RTree::Node> > >::_M_initialize_map(unsigned long) [clone .constprop.0]
0 1065260 76090 15630 266315 0 0 608720 53791 1798
fn=std::_Deque_base<long, std::allocator<long> >::_M_initialize_map(unsigned long)
0 36720 2678 2044 8640 0 0 14400 553 7
fn=std::_Rb_tree<long, std::pair<long const, SpatialIndex::StorageManager::Buffer::Entry*>, std::_Select1st<std::pair<long const, SpatialIndex::StorageManager::Buffer::Entry*> >, std::less<long>, std::allocator<std::pair<long const, SpatialIndex::StorageManager::Buffer::Entry*> > >::_M_erase(std::_Rb_tree_node<std::pair<long const, SpatialIndex::StorageManager::Buffer::Entry*> >*)
0 78 8 6 30 3 0 18 0 0
fn=std::_Rb_tree<std::string, std::pair<std::string const, Tools::Variant>, std::_Select1st<std::pair<std::string const, Tools::Variant> >, std::less<std::string>, std::allocator<std::pair<std::string const, Tools::Variant> > >::_M_erase(std::_Rb_tree_node<std::pair<std::string const, Tools::Variant> >*)
0 6149 120 71 2189 232 137 954 8 0
fn=std::_Rb_tree_decrement(std::_Rb_tree_node_base*)
0 1024 28 14 404 2 1 0 0 0
fn=std::_Rb_tree_increment(std::_Rb_tree_node_base*)
0 161 6 4 53 21 2 0 0 0
fn=std::_Rb_tree_insert_and_rebalance(bool, std::_Rb_tree_node_base*, std::_Rb_tree_node_base*, std::_Rb_tree_node_base&)
0 7930 159 92 1925 11 2 2052 6 4
fn=std::_Rb_tree_node<std::pair<std::string const, Tools::Variant> >* std::_Rb_tree<std::string, std::pair<std::string const, Tools::Variant>, std::_Select1st<std::pair<std::string const, Tools::Variant> >, std::less<std::string>, std::allocator<std::pair<std::string const, Tools::Variant> > >::_M_copy<std::_Rb_tree<std::string, std::pair<std::string const, Tools::Variant>, std::_Select1st<std::pair<std::string const, Tools::Variant> >, std::less<std::string>, std::allocator<std::pair<std::string const, Tools::Variant> > >::_Alloc_node>(std::_Rb_tree_node<std::pair<std::string const, Tools::Variant> > const*, std::_Rb_tree_node_base*, std::_Rb_tree<std::string, std::pair<std::string const, Tools::Variant>, std::_Select1st<std::pair<std::string const, Tools::Variant> >, std::less<std::string>, std::allocator<std::pair<std::string const, Tools::Variant> > >::_Alloc_node&) [clone .isra.0]
0 2193 15 15 750 53 29 903 8 0
fn=std::_Rb_tree_rebalance_for_erase(std::_Rb_tree_node_base*, std::_Rb_tree_node_base&)
0 74 16 14 20 0 0 8 1 0
fn=std::_Sp_counted_ptr<SpatialIndex::RTree::ExternalSorter*, (__gnu_cxx::_Lock_policy)2>::_M_destroy()
0 4 2 2 0 0 0 0 0 0
fn=std::_Sp_counted_ptr<SpatialIndex::RTree::ExternalSorter*, (__gnu_cxx::_Lock_policy)2>::_M_dispose()
0 68 4 4 24 6 2 12 2 0
fn=std::__cxx11::messages<char>::messages(unsigned long)
0 20 2 2 4 1 1 7 0 0
fn=std::__cxx11::messages<wchar_t>::messages(unsigned long)
0 20 2 2 4 0 0 7 0 0
fn=std::__cxx11::moneypunct<char, false>::_M_initialize_moneypunct(__locale_struct*, char const*)
0 118 5 5 35 3 3 29 0 0
fn=std::__cxx11::moneypunct<char, true>::_M_initialize_moneypunct(__locale_struct*, char const*)
0 116 5 5 35 0 0 29 0 0
fn=std::__cxx11::moneypunct<wchar_t, false>::_M_initialize_moneypunct(__locale_struct*, char const*)
0 113 6 6 29 2 0 29 0 0
fn=std::__cxx11::moneypunct<wchar_t, true>::_M_initialize_moneypunct(__locale_struct*, char const*)
0 110 5 5 29 0 0 29 0 0
fn=std::__cxx11::numpunct<char>::_M_initialize_numpunct(__locale_struct*)
0 477 6 6 136 4 4 75 0 0
fn=std::__cxx11::numpunct<wchar_t>::_M_initialize_numpunct(__locale_struct*)
0 352 5 5 73 1 1 74 3 3
fn=std::__timepunct<char>::_M_initialize_timepunct(__locale_struct*)
0 127 10 10 7 0 0 53 0 0
fn=std::__timepunct<char>::__timepunct(std::__timepunct_cache<char>*, unsigned long)
0 22 2 2 4 0 0 8 1 1
fn=std::__timepunct<wchar_t>::_M_initialize_timepunct(__locale_struct*)
0 127 10 10 6 0 0 52 0 0
fn=std::__timepunct<wchar_t>::__timepunct(std::__timepunct_cache<wchar_t>*, unsigned long)
0 22 2 2 4 1 1 8 0 0
fn=std::basic_ios<char, std::char_traits<char> >::_M_cache_locale(std::locale const&)
0 264 9 6 128 13 7 56 0 0
fn=std::basic_ios<char, std::char_traits<char> >::init(std::basic_streambuf<char, std::char_traits<char> >*)
0 160 6 4 32 0 0 72 0 0
fn=std::basic_ios<wchar_t, std::char_traits<wchar_t> >::_M_cache_locale(std::locale const&)
0 132 3 3 64 1 0 28 0 0
fn=std::basic_ios<wchar_t, std::char_traits<wchar_t> >::init(std::basic_streambuf<wchar_t, std::char_traits<wchar_t> >*)
0 84 2 2 16 0 0 40 0 0
fn=std::basic_ostream<char, std::char_traits<char> >& std::__ostream_insert<char, std::char_traits<char> >(std::basic_ostream<char, std::char_traits<char> >&, char const*, long)
0 138 14 14 64 2 2 28 0 0
fn=std::basic_ostream<wchar_t, std::char_traits<wchar_t> >::flush()
0 217 4 4 95 7 7 24 0 0
fn=std::basic_ostream<wchar_t, std::char_traits<wchar_t> >::sentry::sentry(std::basic_ostream<wchar_t, std::char_traits<wchar_t> >&)
0 87 2 2 35 4 4 28 0 0
fn=std::basic_streambuf<char, std::char_traits<char> >::xsputn(char const*, long)
0 120 8 8 34 2 2 18 2 0
fn=std::basic_string<char, std::char_traits<char>, std::allocator<char> >::basic_string(char const*, std::allocator<char> const&)
0 115 10 8 25 0 0 30 0 0
fn=std::basic_string<char, std::char_traits<char>, std::allocator<char> >::basic_string(std::allocator<char> const&)
0 28 2 2 6 0 0 8 0 0
fn=std::basic_string<char, std::char_traits<char>, std::allocator<char> >::basic_string(std::string const&)
0 10603 78 19 3879 191 81 1811 20 5
fn=std::basic_stringbuf<char, std::char_traits<char>, std::allocator<char> >::_M_pbump(char*, char*, long)
0 20 2 2 0 0 0 6 0 0
fn=std::basic_stringbuf<char, std::char_traits<char>, std::allocator<char> >::_M_sync(char*, unsigned long, unsigned long)
0 54 8 8 16 0 0 14 0 0
fn=std::basic_stringbuf<char, std::char_traits<char>, std::allocator<char> >::overflow(int)
0 216 18 18 74 2 1 34 1 0
fn=std::codecvt<char, char, __mbstate_t>::codecvt(unsigned long)
0 18 2 2 5 1 1 7 1 1
fn=std::codecvt<wchar_t, char, __mbstate_t>::codecvt(unsigned long)
0 18 2 2 5 1 0 7 1 1
fn=std::ctype<char>::ctype(unsigned short const*, bool, unsigned long)
0 56 4 4 9 2 2 46 9 9
fn=std::ctype<wchar_t>::_M_convert_to_wmask(unsigned short) const
0 168 5 5 10 0 0 0 0 0
fn=std::ctype<wchar_t>::_M_initialize_ctype()
0 2705 4 4 9 0 0 417 20 20
fn=std::ctype<wchar_t>::ctype(unsigned long)
0 20 2 2 5 0 0 8 1 1
fn=std::deque<Tools::PoolPointer<SpatialIndex::RTree::Node>, std::allocator<Tools::PoolPointer<SpatialIndex::RTree::Node> > >::~deque()
0 1940295 266315 47462 1065260 38641 0 608720 0 0
fn=std::error_category::error_category()
0 12 1 1 2 0 0 2 0 0
fn=std::error_category::~error_category()
0 4 0 0 0 0 0 0 0 0
fn=std::future_category()
0 4 1 1 0 0 0 0 0 0
fn=std::get_terminate()
0 10 2 2 4 2 2 0 0 0
fn=std::get_unexpected()
0 10 2 2 4 4 4 0 0 0
fn=std::ios_base::Init::Init()
0 1025 22 19 381 15 13 346 16 15
fn=std::ios_base::Init::~Init()
0 774 3 3 258 8 8 126 0 0
fn=std::ios_base::_M_call_callbacks(std::ios_base::event)
0 20 4 4 10 0 0 8 0 0
fn=std::ios_base::_M_dispose_callbacks()
0 28 4 4 14 0 0 14 0 0
fn=std::ios_base::_M_init()
0 420 9 6 120 5 3 84 2 0
fn=std::ios_base::ios_base()
0 450 6 5 10 2 1 240 31 30
fn=std::ios_base::~ios_base()
0 44 4 4 10 0 0 8 0 0
fn=std::locale::_Impl::_Impl(unsigned long)
0 666 43 43 98 41 38 232 36 36
fn=std::locale::_Impl::_M_install_facet(std::locale::id const*, std::locale::facet const*)
0 10688 8 8 2144 1 0 416 0 0
fn=std::locale::facet::_S_create_c_locale(__locale_struct*&, char const*, __locale_struct*)
0 13 1 1 3 0 0 4 1 1
fn=std::locale::facet::_S_get_c_locale()
0 238 2 2 98 3 3 42 0 0
fn=std::locale::facet::_S_get_c_name()
0 28 1 1 7 1 1 0 0 0
fn=std::locale::id::_M_id() const
0 1704 6 5 584 18 15 390 0 0
fn=std::locale::locale()
0 660 9 6 270 2 1 210 2 0
fn=std::locale::locale(std::locale::_Impl*)
0 3 1 1 0 0 0 1 0 0
fn=std::locale::operator=(std::locale const&)
0 288 12 8 120 0 0 72 0 0
fn=std::locale::~locale()
0 240 6 5 96 0 0 48 0 0
fn=std::messages<char>::messages(unsigned long)
0 20 2 2 4 0 0 7 0 0
fn=std::messages<wchar_t>::messages(unsigned long)
0 20 2 2 4 0 0 7 0 0
fn=std::moneypunct<char, false>::_M_initialize_moneypunct(__locale_struct*, char const*)
0 118 5 5 35 0 0 29 0 0
fn=std::moneypunct<char, true>::_M_initialize_moneypunct(__locale_struct*, char const*)
0 116 5 5 35 0 0 29 0 0
fn=std::moneypunct<wchar_t, false>::_M_initialize_moneypunct(__locale_struct*, char const*)
0 113 6 6 29 0 0 29 0 0
fn=std::moneypunct<wchar_t, true>::_M_initialize_moneypunct(__locale_struct*, char const*)
0 110 5 5 29 0 0 29 0 0
fn=std::numpunct<char>::_M_initialize_numpunct(__locale_struct*)
0 477 6 6 136 0 0 75 0 0
fn=std::numpunct<wchar_t>::_M_initialize_numpunct(__locale_struct*)
0 352 5 5 73 0 0 74 2 0
fn=std::ostream::flush()
0 217 4 4 95 11 10 24 0 0
fn=std::ostream::sentry::sentry(std::ostream&)
0 127 6 6 51 2 2 42 2 0
fn=std::pair<std::_Rb_tree_iterator<std::pair<long const, SpatialIndex::StorageManager::Buffer::Entry*> >, bool> std::_Rb_tree<long, std::pair<long const, SpatialIndex::StorageManager::Buffer::Entry*>, std::_Select1st<std::pair<long const, SpatialIndex::StorageManager::Buffer::Entry*> >, std::less<long>, std::allocator<std::pair<long const, SpatialIndex::StorageManager::Buffer::Entry*> > >::_M_emplace_unique<std::pair<long, SpatialIndex::StorageManager::Buffer::Entry*> >(std::pair<long, SpatialIndex::StorageManager::Buffer::Entry*>&&)
0 790 58 51 278 31 10 165 12 3
fn=std::pair<std::_Rb_tree_iterator<std::pair<std::string const, Tools::Variant> >, bool> std::_Rb_tree<std::string, std::pair<std::string const, Tools::Variant>, std::_Select1st<std::pair<std::string const, Tools::Variant> >, std::less<std::string>, std::allocator<std::pair<std::string const, Tools::Variant> > >::_M_emplace_unique<std::pair<std::string, Tools::Variant> >(std::pair<std::string, Tools::Variant>&&)
0 22934 175 58 6144 120 0 3216 53 28
fn=std::string::_M_mutate(unsigned long, unsigned long, unsigned long)
0 128 14 14 42 0 0 32 0 0
fn=std::string::_M_replace_safe(unsigned long, unsigned long, char const*, unsigned long)
0 50 6 6 14 0 0 12 0 0
fn=std::string::_Rep::_M_clone(std::allocator<char> const&, unsigned long)
0 54 6 6 16 0 0 14 2 0
fn=std::string::_Rep::_M_destroy(std::allocator<char> const&)
0 568 42 7 0 0 0 0 0 0
fn=std::string::_Rep::_M_dispose(std::allocator<char> const&) [clone .part.0]
0 1252 18 9 355 0 0 284 0 0
fn=std::string::_Rep::_S_create(unsigned long, unsigned long, std::allocator<char> const&)
0 7384 117 24 852 0 0 1420 17 4
fn=std::string::_S_construct(unsigned long, char, std::allocator<char> const&)
0 28 2 2 4 2 1 0 0 0
fn=std::string::replace(unsigned long, unsigned long, char const*, unsigned long)
0 94 6 6 26 0 0 14 0 0
fn=std::string::reserve(unsigned long)
0 90 8 8 32 0 0 16 2 0
fn=std::string::swap(std::string&)
0 60 5 5 20 3 2 10 0 0
fn=std::type_info::__is_pointer_p() const
0 6 2 2 0 0 0 0 0 0
fn=std::uncaught_exception()
0 20 1 1 6 1 1 4 0 0
fn=void std::__adjust_heap<__gnu_cxx::__normal_iterator<SpatialIndex::RTree::RTree::NNEntry*, std::vector<SpatialIndex::RTree::RTree::NNEntry, std::allocator<SpatialIndex::RTree::RTree::NNEntry> > >, long, SpatialIndex::RTree::RTree::NNEntry, __gnu_cxx::__ops::_Iter_comp_iter<SpatialIndex::RTree::RTree::nearestNeighborQuery(unsigned int, SpatialIndex::IShape const&, SpatialIndex::IVisitor&, SpatialIndex::INearestNeighborComparator&, double)::{lambda(SpatialIndex::RTree::RTree::NNEntry const&, SpatialIndex::RTree::RTree::NNEntry const&)#1}> >(__gnu_cxx::__normal_iterator<SpatialIndex::RTree::RTree::NNEntry*, std::vector<SpatialIndex::RTree::RTree::NNEntry, std::allocator<SpatialIndex::RTree::RTree::NNEntry> > >, long, long, SpatialIndex::RTree::RTree::NNEntry, __gnu_cxx::__ops::_Iter_comp_iter<SpatialIndex::RTree::RTree::nearestNeighborQuery(unsigned int, SpatialIndex::IShape const&, SpatialIndex::IVisitor&, SpatialIndex::INearestNeighborComparator&, double)::{lambda(SpatialIndex::RTree::RTree::NNEntry const&, SpatialIndex::RTree::RTree::NNEntry const&)#1}>) [clone .constprop.0]
0 2752169 10838 7421 594932 26532 3 399481 0 0
fn=void std::__insertion_sort<__gnu_cxx::__normal_iterator<SpatialIndex::RTree::ExternalSorter::Record**, std::vector<SpatialIndex::RTree::ExternalSorter::Record*, std::allocator<SpatialIndex::RTree::ExternalSorter::Record*> > >, __gnu_cxx::__ops::_Iter_comp_iter<SpatialIndex::RTree::ExternalSorter::Record::SortAscending> >(__gnu_cxx::__normal_iterator<SpatialIndex::RTree::ExternalSorter::Record**, std::vector<SpatialIndex::RTree::ExternalSorter::Record*, std::allocator<SpatialIndex::RTree::ExternalSorter::Record*> > >, __gnu_cxx::__normal_iterator<SpatialIndex::RTree::ExternalSorter::Record**, std::vector<SpatialIndex::RTree::ExternalSorter::Record*, std::allocator<SpatialIndex::RTree::ExternalSorter::Record*> > >, __gnu_cxx::__ops::_Iter_comp_iter<SpatialIndex::RTree::ExternalSorter::Record::SortAscending>) [clone .isra.0]
0 1022 8 8 248 2 2 106 0 0
fn=void std::__introsort_loop<__gnu_cxx::__normal_iterator<SpatialIndex::RTree::ExternalSorter::Record**, std::vector<SpatialIndex::RTree::ExternalSorter::Record*, std::allocator<SpatialIndex::RTree::ExternalSorter::Record*> > >, long, __gnu_cxx::__ops::_Iter_comp_iter<SpatialIndex::RTree::ExternalSorter::Record::SortAscending> >(__gnu_cxx::__normal_iterator<SpatialIndex::RTree::ExternalSorter::Record**, std::vector<SpatialIndex::RTree::ExternalSorter::Record*, std::allocator<SpatialIndex::RTree::ExternalSorter::Record*> > >, __gnu_cxx::__normal_iterator<SpatialIndex::RTree::ExternalSorter::Record**, std::vector<SpatialIndex::RTree::ExternalSorter::Record*, std::allocator<SpatialIndex::RTree::ExternalSorter::Record*> > >, long, __gnu_cxx::__ops::_Iter_comp_iter<SpatialIndex::RTree::ExternalSorter::Record::SortAscending>)
0 20 4 4 8 0 0 8 2 0
fn=void std::deque<SpatialIndex::Region*, std::allocator<SpatialIndex::Region*> >::_M_push_back_aux<SpatialIndex::Region* const&>(SpatialIndex::Region* const&)
0 288 6 6 115 0 0 88 1 1
fn=void std::deque<Tools::PoolPointer<SpatialIndex::RTree::Node>, std::allocator<Tools::PoolPointer<SpatialIndex::RTree::Node> > >::emplace_back<Tools::PoolPointer<SpatialIndex::RTree::Node> >(Tools::PoolPointer<SpatialIndex::RTree::Node>&&)
0 46272 3856 3855 17352 1928 0 21208 3856 0
fn=void std::vector<SpatialIndex::IData*, std::allocator<SpatialIndex::IData*> >::_M_realloc_insert<SpatialIndex::IData* const&>(__gnu_cxx::__normal_iterator<SpatialIndex::IData**, std::vector<SpatialIndex::IData*, std::allocator<SpatialIndex::IData*> > >, SpatialIndex::IData* const&)
0 199164 4704 4361 51492 0 0 55170 1300 695
fn=void std::vector<SpatialIndex::RTree::ExternalSorter::Record*, std::allocator<SpatialIndex::RTree::ExternalSorter::Record*> >::_M_realloc_insert<SpatialIndex::RTree::ExternalSorter::Record* const&>(__gnu_cxx::__normal_iterator<SpatialIndex::RTree::ExternalSorter::Record**, std::vector<SpatialIndex::RTree::ExternalSorter::Record*, std::allocator<SpatialIndex::RTree::ExternalSorter::Record*> > >, SpatialIndex::RTree::ExternalSorter::Record* const&)
0 1196 70 33 308 0 0 330 7 6
fn=void std::vector<SpatialIndex::RTree::RTree::NNEntry, std::allocator<SpatialIndex::RTree::RTree::NNEntry> >::_M_realloc_insert<SpatialIndex::RTree::RTree::NNEntry>(__gnu_cxx::__normal_iterator<SpatialIndex::RTree::RTree::NNEntry*, std::vector<SpatialIndex::RTree::RTree::NNEntry, std::allocator<SpatialIndex::RTree::RTree::NNEntry> > >, SpatialIndex::RTree::RTree::NNEntry&&)
0 661224 6362 5720 237504 14965 3 238488 27721 16201
fn=void std::vector<SpatialIndex::StorageManager::MemoryStorageManager::Entry*, std::allocator<SpatialIndex::StorageManager::MemoryStorageManager::Entry*> >::_M_realloc_insert<SpatialIndex::StorageManager::MemoryStorageManager::Entry* const&>(__gnu_cxx::__normal_iterator<SpatialIndex::StorageManager::MemoryStorageManager::Entry**, std::vector<SpatialIndex::StorageManager::MemoryStorageManager::Entry*, std::allocator<SpatialIndex::StorageManager::MemoryStorageManager::Entry*> > >, SpatialIndex::StorageManager::MemoryStorageManager::Entry* const&)
0 486 30 30 126 0 0 135 8 0
fn=void std::vector<unsigned int, std::allocator<unsigned int> >::_M_realloc_insert<unsigned int const&>(__gnu_cxx::__normal_iterator<unsigned int*, std::vector<unsigned int, std::allocator<unsigned int> > >, unsigned int const&)
0 10036 65 42 2548 75 0 2730 52 36
fn=void std::vector<unsigned int, std::allocator<unsigned int> >::_M_realloc_insert<unsigned int>(__gnu_cxx::__normal_iterator<unsigned int*, std::vector<unsigned int, std::allocator<unsigned int> > >, unsigned int&&)
0 318 30 19 84 0 0 90 0 0
fn=zlibVersion
0 8 1 1 2 0 0 2 0 0
summary: 17056978716 891605551 55994828 4825356296 290007531 42855555 2910623257 72891873 9508594
